word1,word2,word3,word4,label,meta_category,original_category
curses,fudge,blast,crud,1,Idioms & Slang,"""aw, heck!"" "
wet,blast,crud,curses,0,Idioms & Slang,Hard Distractor
blast,fudge,blueprint,curses,0,Idioms & Slang,Random Distractor
choral,jazz,rap,americana,1,Fill-in-the-Blank,"""best ___ performance"" grammy award "
americana,rap,choral,romance,0,Fill-in-the-Blank,Hard Distractor
rap,americana,choral,speak,0,Fill-in-the-Blank,Random Distractor
lord,please,sheesh,brother,1,Idioms & Slang,"""give me a break!"""
brother,lord,sheesh,fruit,0,Idioms & Slang,Hard Distractor
please,clearance,lord,sheesh,0,Idioms & Slang,Random Distractor
heavens,gracious,mercy,dear,1,Idioms & Slang,"""my goodness!"""
dear,heavens,bully,mercy,0,Idioms & Slang,Hard Distractor
backdoor,dear,heavens,mercy,0,Idioms & Slang,Random Distractor
piece of cake,no sweat,easy,child’s play,1,Idioms & Slang,"""nothing to it!"""
no sweat,stretch,easy,child’s play,0,Idioms & Slang,Hard Distractor
child’s play,mesh shirt,piece of cake,easy,0,Idioms & Slang,Random Distractor
bumper,rubber,baby,buggy,1,Idioms & Slang,"""rubber baby buggy bumper"""
baby,buggy,nut,rubber,0,Idioms & Slang,Hard Distractor
buggy,rubber,haystack,baby,0,Idioms & Slang,Random Distractor
faster,go,move,hurry,1,Idioms & Slang,"""step on it!"""
go,hurry,dwell,move,0,Idioms & Slang,Hard Distractor
go,move,hurry,yahoo,0,Idioms & Slang,Random Distractor
of course,absolutely,okey-doke,sure thing,1,Idioms & Slang,"""you bet"""
stoop,of course,okey-doke,sure thing,0,Idioms & Slang,Hard Distractor
sure thing,of course,okey-doke,sis,0,Idioms & Slang,Random Distractor
shame,tut tut,tsk,bad,1,Idioms & Slang,"""you should know better!"""
shame,tsk,lottery,bad,0,Idioms & Slang,Hard Distractor
shame,tut tut,tsk,rapids,0,Idioms & Slang,Random Distractor
macho,iron,piano,rocket,1,Fill-in-the-Blank,"""___ man"" songs from the '70s"
iron,laundry,macho,piano,0,Fill-in-the-Blank,Hard Distractor
new york,iron,piano,macho,0,Fill-in-the-Blank,Random Distractor
abracadabra,centerfold,mickey,physical,1,Trivia/Pop Culture,#1 songs from 1982
plum,mickey,physical,abracadabra,0,Trivia/Pop Culture,Hard Distractor
physical,brainstorm,mickey,abracadabra,0,Trivia/Pop Culture,Random Distractor
byrd,beatle,monkee,beach boy,1,Trivia/Pop Culture,'60s band members
pickles,monkee,beatle,beach boy,0,Trivia/Pop Culture,Hard Distractor
monkee,beatle,beach boy,dank,0,Trivia/Pop Culture,Random Distractor
headband,mullet,spandex,neon,1,Trivia/Pop Culture,'80s fashion trends
headband,film series,neon,mullet,0,Trivia/Pop Culture,Hard Distractor
headband,spandex,octopus,mullet,0,Trivia/Pop Culture,Random Distractor
psych,chill,radical,word,1,Trivia/Pop Culture,'80s slang
psych,radical,finale,word,0,Trivia/Pop Culture,Hard Distractor
chill,word,nice,radical,0,Trivia/Pop Culture,Random Distractor
drummer,lady,ring,swan,1,Trivia/Pop Culture,12 days of christmas
drummer,carpenter,ring,lady,0,Trivia/Pop Culture,Hard Distractor
bazaar,swan,ring,drummer,0,Trivia/Pop Culture,Random Distractor
sphere,cone,pyramid,cube,1,Noun/Concept Synonyms,3-d shapes
cube,cone,harmony,sphere,0,Noun/Concept Synonyms,Hard Distractor
sphere,cube,pyramid,aurora,0,Noun/Concept Synonyms,Random Distractor
certain,various,a few,some,1,Descriptor/Adjective Synonyms,a handful of
certain,a few,some,incensed,0,Descriptor/Adjective Synonyms,Hard Distractor
a few,certain,some,vault,0,Descriptor/Adjective Synonyms,Random Distractor
rat,creep,skunk,heel,1,Noun/Concept Synonyms,a real jerk
heel,bumper,skunk,creep,0,Noun/Concept Synonyms,Hard Distractor
skunk,for,rat,heel,0,Noun/Concept Synonyms,Random Distractor
ok,list,rod,plus,1,Fill-in-the-Blank,a-___
bite,rod,list,ok,0,Fill-in-the-Blank,Hard Distractor
irate,list,ok,plus,0,Fill-in-the-Blank,Random Distractor
maroon,strand,dump,desert,1,Noun/Concept Synonyms,abandon
freezing,strand,dump,maroon,0,Noun/Concept Synonyms,Hard Distractor
desert,strand,dump,waterfall,0,Noun/Concept Synonyms,Random Distractor
midsection,trunk,torso,core,1,Noun/Concept Synonyms,abdominal area
swift,core,midsection,torso,0,Noun/Concept Synonyms,Hard Distractor
trunk,torso,clue,core,0,Noun/Concept Synonyms,Random Distractor
facility,gift,knack,flair,1,Idioms & Slang,ability to do something well
facility,knack,ring,flair,0,Idioms & Slang,Hard Distractor
gift,mastodon,knack,flair,0,Idioms & Slang,Random Distractor
utter,pure,sheer,total,1,Noun/Concept Synonyms,absolute
present,pure,utter,total,0,Noun/Concept Synonyms,Hard Distractor
kat,utter,sheer,total,0,Noun/Concept Synonyms,Random Distractor
spare,excuse,save,pardon,1,Noun/Concept Synonyms,absolve
save,spare,scale,pardon,0,Noun/Concept Synonyms,Hard Distractor
excuse,pardon,spare,ire,0,Noun/Concept Synonyms,Random Distractor
pull,wick,suck,draw,1,Noun/Concept Synonyms,absorb using capillary action
reverse,pull,draw,wick,0,Noun/Concept Synonyms,Hard Distractor
canopy,pull,draw,suck,0,Noun/Concept Synonyms,Random Distractor
handy,ready,nearby,available,1,Descriptor/Adjective Synonyms,accessible
nearby,ready,available,could,0,Descriptor/Adjective Synonyms,Hard Distractor
handy,nearby,ready,storm,0,Descriptor/Adjective Synonyms,Random Distractor
tie,bracelet,belt,watch,1,Noun/Concept Synonyms,accessories
halter,belt,watch,bracelet,0,Noun/Concept Synonyms,Hard Distractor
teller,watch,bracelet,belt,0,Noun/Concept Synonyms,Random Distractor
lead,halter,collar,harness,1,Noun/Concept Synonyms,accessories for dog walking
screen,lead,collar,harness,0,Noun/Concept Synonyms,Hard Distractor
lead,collar,glob,halter,0,Noun/Concept Synonyms,Random Distractor
top hat,cane,spat,monocle,1,Noun/Concept Synonyms,accessories for mr. peanut
desert,spat,monocle,top hat,0,Noun/Concept Synonyms,Hard Distractor
psych,monocle,spat,cane,0,Noun/Concept Synonyms,Random Distractor
pick,drumstick,bow,mallet,1,Idioms & Slang,accessories for playing an instrument
bow,drumstick,mallet,fix,0,Idioms & Slang,Hard Distractor
bow,pick,license,mallet,0,Idioms & Slang,Random Distractor
pin,button,badge,brooch,1,Idioms & Slang,accessory with a pointy fastener
board,brooch,badge,pin,0,Idioms & Slang,Hard Distractor
button,badge,brooch,push-up,0,Idioms & Slang,Random Distractor
room,chairs,capacity,seating,1,Noun/Concept Synonyms,accommodation
chairs,capacity,bumper,room,0,Noun/Concept Synonyms,Hard Distractor
tulip,seating,chairs,capacity,0,Noun/Concept Synonyms,Random Distractor
log,ledger,register,record,1,Noun/Concept Synonyms,account book
log,ledger,record,buck,0,Noun/Concept Synonyms,Hard Distractor
affix,register,record,ledger,0,Noun/Concept Synonyms,Random Distractor
best,worst,beat,take,1,Noun/Concept Synonyms,achieve victory over
best,cornichon,take,worst,0,Noun/Concept Synonyms,Hard Distractor
take,faze,best,worst,0,Noun/Concept Synonyms,Random Distractor
goat,bogo,fomo,yolo,1,Noun/Concept Synonyms,acronyms
yolo,bogo,fomo,council,0,Noun/Concept Synonyms,Hard Distractor
fomo,bogo,wendy,yolo,0,Noun/Concept Synonyms,Random Distractor
laser,scuba,radar,spam,1,Noun/Concept Synonyms,acronyms
spam,scuba,fie,radar,0,Noun/Concept Synonyms,Hard Distractor
hour,scuba,spam,laser,0,Noun/Concept Synonyms,Random Distractor
ram,pin,mia,omg,1,Noun/Concept Synonyms,acronyms/initialisms
pin,mia,omg,warrior,0,Noun/Concept Synonyms,Hard Distractor
ram,omg,pin,myrrh,0,Noun/Concept Synonyms,Random Distractor
martial arts,buddy,disaster,superhero,1,Members of a Set/Entities,action film subgenres
martial arts,buddy,superhero,chain,0,Members of a Set/Entities,Hard Distractor
superhero,martial arts,brooklyn bridge,buddy,0,Members of a Set/Entities,Random Distractor
bay,scott,carpenter,woo,1,Trivia/Pop Culture,action movie directors
carpenter,scott,bay,game,0,Trivia/Pop Culture,Hard Distractor
scott,crown,woo,bay,0,Trivia/Pop Culture,Random Distractor
play,discard,draw,pass,1,Noun/Concept Synonyms,actions in card games
discard,island,pass,draw,0,Noun/Concept Synonyms,Hard Distractor
discard,play,pass,killer,0,Noun/Concept Synonyms,Random Distractor
draft,trade,bench,start,1,Members of a Set/Entities,actions in fantasy sports
bench,start,chinatown,draft,0,Members of a Set/Entities,Hard Distractor
start,smoker,draft,bench,0,Members of a Set/Entities,Random Distractor
poker,origami,laundry,baking,1,Noun/Concept Synonyms,activities that involve folding
laundry,heyday,baking,origami,0,Noun/Concept Synonyms,Hard Distractor
truth,poker,baking,origami,0,Noun/Concept Synonyms,Random Distractor
chevy chase,geoffrey rush,christoph waltz,tom cruise,1,Trivia/Pop Culture,actors whose last names are also verbs
princess,christoph waltz,tom cruise,chevy chase,0,Trivia/Pop Culture,Hard Distractor
chevy chase,christoph waltz,soda can,tom cruise,0,Trivia/Pop Culture,Random Distractor
west,ant,scott,driver,1,Noun/Concept Synonyms,adams
ant,west,scott,crisp,0,Noun/Concept Synonyms,Hard Distractor
west,scott,driver,jam,0,Noun/Concept Synonyms,Random Distractor
fashion,tailor,shape,mold,1,Idioms & Slang,adapt to fit one's needs
tailor,melting,mold,shape,0,Idioms & Slang,Hard Distractor
tailor,mold,fashion,waffle iron,0,Idioms & Slang,Random Distractor
extra,bonus,frosting,gravy,1,Noun/Concept Synonyms,additional benefit
bonus,kind,gravy,extra,0,Noun/Concept Synonyms,Hard Distractor
fight,extra,frosting,gravy,0,Noun/Concept Synonyms,Random Distractor
extra,bonus,perk,icing,1,Noun/Concept Synonyms,additional benefit
icing,bonus,perk,sub,0,Noun/Concept Synonyms,Hard Distractor
perk,bonus,curl,extra,0,Noun/Concept Synonyms,Random Distractor
icing,extra,gravy,bonus,1,Noun/Concept Synonyms,additional perk
bonus,gravy,check,extra,0,Noun/Concept Synonyms,Hard Distractor
extra,medicine,icing,gravy,0,Noun/Concept Synonyms,Random Distractor
plaster,stick,fix,paste,1,Noun/Concept Synonyms,adhere
stick,fix,plaster,numbers,0,Noun/Concept Synonyms,Hard Distractor
snickerdoodle,paste,stick,plaster,0,Noun/Concept Synonyms,Random Distractor
pretty,rather,real,awful,1,Descriptor/Adjective Synonyms,adjective intensifiers
pretty,real,utensils,awful,0,Descriptor/Adjective Synonyms,Hard Distractor
awful,opinion,pretty,real,0,Descriptor/Adjective Synonyms,Random Distractor
cold,dark,musty,dank,1,Noun/Concept Synonyms,adjectives for a basement
cold,dank,dark,rough,0,Noun/Concept Synonyms,Hard Distractor
musty,triumph,dank,cold,0,Noun/Concept Synonyms,Random Distractor
lit,scented,wicked,waxy,1,Noun/Concept Synonyms,adjectives for a candle
lit,high-end,scented,wicked,0,Noun/Concept Synonyms,Hard Distractor
scented,waxy,rhythm,wicked,0,Noun/Concept Synonyms,Random Distractor
dry,vast,sandy,hot,1,Noun/Concept Synonyms,adjectives for a desert
sandy,vast,load,dry,0,Noun/Concept Synonyms,Hard Distractor
sandy,cricket,vast,dry,0,Noun/Concept Synonyms,Random Distractor
sporty,compact,sleek,fast,1,Members of a Set/Entities,adjectives for a sports car
sleek,sporty,magnet,fast,0,Members of a Set/Entities,Hard Distractor
sporty,fast,tribute,sleek,0,Members of a Set/Entities,Random Distractor
toxic,frozen,fixed,liquid,1,Noun/Concept Synonyms,adjectives for assets
fixed,faze,frozen,toxic,0,Noun/Concept Synonyms,Hard Distractor
fixed,liquid,frozen,comic,0,Noun/Concept Synonyms,Random Distractor
fresh,dewy,glowing,smooth,1,Noun/Concept Synonyms,adjectives for nice skin
smooth,dewy,glowing,flake,0,Noun/Concept Synonyms,Hard Distractor
smooth,dewy,hard-shell,glowing,0,Noun/Concept Synonyms,Random Distractor
direct,possessive,present,irregular,1,Noun/Concept Synonyms,adjectives used in grammar
present,direct,lit,irregular,0,Noun/Concept Synonyms,Hard Distractor
irregular,present,possessive,faucet,0,Noun/Concept Synonyms,Random Distractor
billboard,sign,poster,banner,1,Action/Verb Synonyms,advertising format
poster,billboard,cinch,sign,0,Action/Verb Synonyms,Hard Distractor
poster,infield,sign,banner,0,Action/Verb Synonyms,Random Distractor
champion,support,back,endorse,1,Noun/Concept Synonyms,advocate for
notice,champion,support,back,0,Noun/Concept Synonyms,Hard Distractor
champion,endorse,support,spelt,0,Noun/Concept Synonyms,Random Distractor
endorse,champion,support,back,1,Noun/Concept Synonyms,advocate for
support,microphone,back,endorse,0,Noun/Concept Synonyms,Hard Distractor
back,endorse,faze,support,0,Noun/Concept Synonyms,Random Distractor
touch,move,sway,reach,1,Noun/Concept Synonyms,affect
reach,sway,touch,comb,0,Noun/Concept Synonyms,Hard Distractor
sway,move,reach,simmer,0,Noun/Concept Synonyms,Random Distractor
complex,hang-up,bugbear,demon,1,Noun/Concept Synonyms,affliction
complex,calm,hang-up,demon,0,Noun/Concept Synonyms,Hard Distractor
cornerstone,bugbear,hang-up,demon,0,Noun/Concept Synonyms,Random Distractor
rich,flush,loaded,wealthy,1,Noun/Concept Synonyms,affluent
flush,warren,wealthy,loaded,0,Noun/Concept Synonyms,Hard Distractor
wealthy,rich,loaded,pandora’s box,0,Noun/Concept Synonyms,Random Distractor
voice,choice,say,vote,1,Noun/Concept Synonyms,agency in decisionmaking
say,vote,choice,reason,0,Noun/Concept Synonyms,Hard Distractor
choice,jackknife,vote,voice,0,Noun/Concept Synonyms,Random Distractor
amount,number,quantity,volume,1,Noun/Concept Synonyms,aggregate size
quantity,amount,volume,pa,0,Noun/Concept Synonyms,Hard Distractor
number,volume,quantity,writer,0,Noun/Concept Synonyms,Random Distractor
first,coach,premium,business,1,Noun/Concept Synonyms,airline classes
business,waxy,coach,premium,0,Noun/Concept Synonyms,Hard Distractor
first,business,premium,prince,0,Noun/Concept Synonyms,Random Distractor
spirit,united,virgin,frontier,1,Noun/Concept Synonyms,airlines
revolution,spirit,virgin,frontier,0,Noun/Concept Synonyms,Hard Distractor
virgin,zebra,spirit,united,0,Noun/Concept Synonyms,Random Distractor
frontier,spirit,southwest,alaska,1,Noun/Concept Synonyms,airlines
frontier,spirit,southwest,guide,0,Noun/Concept Synonyms,Hard Distractor
spirit,mystery,frontier,alaska,0,Noun/Concept Synonyms,Random Distractor
arrival,destination,gate,flight,1,Noun/Concept Synonyms,airport board info
chart,arrival,flight,gate,0,Noun/Concept Synonyms,Hard Distractor
gate,dissolve,flight,destination,0,Noun/Concept Synonyms,Random Distractor
carousel,food court,gate,lounge,1,Noun/Concept Synonyms,airport features
lounge,carousel,gate,case,0,Noun/Concept Synonyms,Hard Distractor
pinky,lounge,food court,gate,0,Noun/Concept Synonyms,Random Distractor
snooze,time set,alarm,hour,1,Noun/Concept Synonyms,alarm clock buttons
regard,alarm,snooze,time set,0,Noun/Concept Synonyms,Hard Distractor
fix,time set,hour,alarm,0,Noun/Concept Synonyms,Random Distractor
recess,hollow,nook,cavity,1,Noun/Concept Synonyms,alcove
hollow,virgin,cavity,recess,0,Noun/Concept Synonyms,Hard Distractor
cavity,gap,nook,recess,0,Noun/Concept Synonyms,Random Distractor
amber,porter,sour,stout,1,Noun/Concept Synonyms,ale styles
porter,stout,press,sour,0,Noun/Concept Synonyms,Hard Distractor
stout,cronut,amber,porter,0,Noun/Concept Synonyms,Random Distractor
flare,sos,alarm,signal,1,Noun/Concept Synonyms,alert
sos,flare,ginger,signal,0,Noun/Concept Synonyms,Hard Distractor
alarm,signal,sos,pest,0,Noun/Concept Synonyms,Random Distractor
power,root,exponent,radical,1,Noun/Concept Synonyms,algebra terms
echo,radical,root,power,0,Noun/Concept Synonyms,Hard Distractor
exponent,root,radical,trombone,0,Noun/Concept Synonyms,Random Distractor
reason,out,defense,excuse,1,Noun/Concept Synonyms,alibi
out,reason,garland,defense,0,Noun/Concept Synonyms,Hard Distractor
defense,excuse,prune,out,0,Noun/Concept Synonyms,Random Distractor
champ,goat,best,legend,1,Noun/Concept Synonyms,all-time great
best,goat,phone,champ,0,Noun/Concept Synonyms,Hard Distractor
lampoon,champ,best,goat,0,Noun/Concept Synonyms,Random Distractor
icon,great,hero,legend,1,Noun/Concept Synonyms,all-timer
lax,icon,legend,great,0,Noun/Concept Synonyms,Hard Distractor
thrill,legend,hero,icon,0,Noun/Concept Synonyms,Random Distractor
association,guild,league,union,1,Noun/Concept Synonyms,alliance
association,combine,union,guild,0,Noun/Concept Synonyms,Hard Distractor
association,union,volumetric,league,0,Noun/Concept Synonyms,Random Distractor
stake,interest,share,percentage,1,Noun/Concept Synonyms,allotment
stake,fling,share,percentage,0,Noun/Concept Synonyms,Hard Distractor
dolittle,stake,share,percentage,0,Noun/Concept Synonyms,Random Distractor
reserved,cool,distant,remote,1,Noun/Concept Synonyms,aloof
crunch,distant,reserved,remote,0,Noun/Concept Synonyms,Hard Distractor
cool,reserved,remote,deadly sin,0,Noun/Concept Synonyms,Random Distractor
besides,to boot,as well,too,1,Noun/Concept Synonyms,also
spread,to boot,besides,too,0,Noun/Concept Synonyms,Hard Distractor
as well,to boot,too,sunset,0,Noun/Concept Synonyms,Random Distractor
doctor,fudge,distort,twist,1,Descriptor/Adjective Synonyms,alter deceptively
fudge,distort,consecutive,twist,0,Descriptor/Adjective Synonyms,Hard Distractor
louisiana,distort,fudge,twist,0,Descriptor/Adjective Synonyms,Random Distractor
cluster,concentrate,group,collect,1,Noun/Concept Synonyms,amass
cluster,concentrate,qualifier,group,0,Noun/Concept Synonyms,Hard Distractor
stretch,collect,concentrate,cluster,0,Noun/Concept Synonyms,Random Distractor
toucan,capybara,anaconda,jaguar,1,Members of a Set/Entities,amazon animals
capybara,toucan,anaconda,wonka,0,Members of a Set/Entities,Hard Distractor
toucan,javelin,anaconda,capybara,0,Members of a Set/Entities,Random Distractor
prime,kindle,rainforest,river,1,Fill-in-the-Blank,amazon ___
kindle,fast,river,rainforest,0,Fill-in-the-Blank,Hard Distractor
rainforest,cope,river,prime,0,Fill-in-the-Blank,Random Distractor
mood,quality,air,feeling,1,Noun/Concept Synonyms,ambience
mood,essence,air,quality,0,Noun/Concept Synonyms,Hard Distractor
air,sting,mood,quality,0,Noun/Concept Synonyms,Random Distractor
easy,open,flexible,receptive,1,Descriptor/Adjective Synonyms,amenable
receptive,agent,open,easy,0,Descriptor/Adjective Synonyms,Hard Distractor
swole,easy,flexible,receptive,0,Descriptor/Adjective Synonyms,Random Distractor
punt,snap,sack,fumble,1,Noun/Concept Synonyms,american football actions
fumble,sack,snap,robin hood,0,Noun/Concept Synonyms,Hard Distractor
mu,sack,punt,fumble,0,Noun/Concept Synonyms,Random Distractor
end,center,safety,tackle,1,Noun/Concept Synonyms,american football positions
end,safety,tackle,nugget,0,Noun/Concept Synonyms,Hard Distractor
center,end,voice,tackle,0,Noun/Concept Synonyms,Random Distractor
pound,olds,frost,bishop,1,Noun/Concept Synonyms,american poets
frost,trash,pound,olds,0,Noun/Concept Synonyms,Hard Distractor
bishop,mortise,frost,olds,0,Noun/Concept Synonyms,Random Distractor
thatch,lock,tuft,shock,1,Noun/Concept Synonyms,amounts of hair
shock,thatch,lock,inhibit,0,Noun/Concept Synonyms,Hard Distractor
thatch,lock,shock,jo,0,Noun/Concept Synonyms,Random Distractor
tilt-a-whirl,merry-go-round,roller coaster,ferris wheel,1,Noun/Concept Synonyms,amusement park rides
merry-go-round,tilt-a-whirl,bmw,roller coaster,0,Noun/Concept Synonyms,Hard Distractor
ferris wheel,tilt-a-whirl,roller coaster,promote,0,Noun/Concept Synonyms,Random Distractor
arts,nope,pone,rats,1,Word Structure/Play,anagrams
nope,pone,marsh,arts,0,Word Structure/Play,Hard Distractor
pone,nope,whim,arts,0,Word Structure/Play,Random Distractor
staple,pleats,tsar,pastel,1,Word Structure/Play,anagrams
staple,pastel,pleats,air,0,Word Structure/Play,Hard Distractor
pleats,tsar,amethyst,pastel,0,Word Structure/Play,Random Distractor
peon,petals,star,open,1,Word Structure/Play,anagrams
petals,star,deli,peon,0,Word Structure/Play,Hard Distractor
all out,peon,petals,open,0,Word Structure/Play,Random Distractor
abel,sera,ares,ears,1,Word Structure/Play,anagrams
sera,ears,abel,beta,0,Word Structure/Play,Hard Distractor
abel,demolition,ares,ears,0,Word Structure/Play,Random Distractor
bela,bale,live,veil,1,Word Structure/Play,anagrams
live,bale,bela,bite,0,Word Structure/Play,Hard Distractor
veil,live,bale,addition,0,Word Structure/Play,Random Distractor
evil,able,sear,vile,1,Word Structure/Play,anagrams
mix,sear,evil,able,0,Word Structure/Play,Hard Distractor
evil,absolutely,sear,vile,0,Word Structure/Play,Random Distractor
tesla,stale,least,slate,1,Word Structure/Play,anagrams
slate,beta,least,stale,0,Word Structure/Play,Hard Distractor
piper,stale,least,slate,0,Word Structure/Play,Random Distractor
monte,dial,yoga,egads,1,Word Structure/Play,anagrams of famous painters
edie,monte,yoga,dial,0,Word Structure/Play,Hard Distractor
monte,yoga,shoehorn,egads,0,Word Structure/Play,Random Distractor
groan,bulge,abut,voila,1,Word Structure/Play,anagrams of musical instruments
bulge,rave,abut,groan,0,Word Structure/Play,Hard Distractor
voila,bulge,groan,strike,0,Word Structure/Play,Random Distractor
noise,static,snow,fuzz,1,Trivia/Pop Culture,analog tv interference
static,snow,saw,fuzz,0,Trivia/Pop Culture,Hard Distractor
takeoff,fuzz,snow,static,0,Trivia/Pop Culture,Random Distractor
clay,papyrus,wax,parchment,1,Noun/Concept Synonyms,ancient writing surfaces
clay,onion,papyrus,parchment,0,Noun/Concept Synonyms,Hard Distractor
wax,papyrus,fraud,parchment,0,Noun/Concept Synonyms,Random Distractor
scales,down,shell,fur,1,Noun/Concept Synonyms,animal coverings
long,down,scales,shell,0,Noun/Concept Synonyms,Hard Distractor
down,haven,fur,scales,0,Noun/Concept Synonyms,Random Distractor
pride,herd,flock,pod,1,Members of a Set/Entities,animal group names
science,herd,pride,flock,0,Members of a Set/Entities,Hard Distractor
pride,herd,ending,pod,0,Members of a Set/Entities,Random Distractor
swarm,pack,colony,school,1,Members of a Set/Entities,animal group names
pack,school,folk,swarm,0,Members of a Set/Entities,Hard Distractor
colony,school,energy,pack,0,Members of a Set/Entities,Random Distractor
pride,pack,swarm,school,1,Members of a Set/Entities,animal group names
dna,pack,swarm,pride,0,Members of a Set/Entities,Hard Distractor
hock,swarm,pack,pride,0,Members of a Set/Entities,Random Distractor
pride,school,herd,colony,1,Noun/Concept Synonyms,animal groups
colony,pride,herd,certificate,0,Noun/Concept Synonyms,Hard Distractor
herd,grease,school,colony,0,Noun/Concept Synonyms,Random Distractor
den,hive,lair,nest,1,Noun/Concept Synonyms,animal homes
hive,cup,den,lair,0,Noun/Concept Synonyms,Hard Distractor
lair,nest,den,mock,0,Noun/Concept Synonyms,Random Distractor
warren,lodge,den,burrow,1,Noun/Concept Synonyms,animal homes
lodge,graf,den,warren,0,Noun/Concept Synonyms,Hard Distractor
lodge,warren,turkey,burrow,0,Noun/Concept Synonyms,Random Distractor
dear,mousse,new,bare,1,Word Structure/Play,animal homophones
maim,new,dear,bare,0,Word Structure/Play,Hard Distractor
new,bottled,mousse,dear,0,Word Structure/Play,Random Distractor
bore,towed,hoarse,links,1,Word Structure/Play,animal homophones
hoarse,towed,bore,u,0,Word Structure/Play,Hard Distractor
towed,ding dong,hoarse,bore,0,Word Structure/Play,Random Distractor
dear,phish,wail,hair,1,Word Structure/Play,animal homophones
wail,dear,kneel,hair,0,Word Structure/Play,Hard Distractor
hair,remainder,phish,wail,0,Word Structure/Play,Random Distractor
bear,hawk,bull,dove,1,Noun/Concept Synonyms,animal metaphors in economics
hawk,bear,bull,watch,0,Noun/Concept Synonyms,Hard Distractor
bear,hawk,syrup,dove,0,Noun/Concept Synonyms,Random Distractor
beak,muzzle,trunk,snout,1,Noun/Concept Synonyms,animal noses
pure,beak,snout,muzzle,0,Noun/Concept Synonyms,Hard Distractor
muzzle,fare,trunk,snout,0,Noun/Concept Synonyms,Random Distractor
meow,oink,buzz,cluck,1,Noun/Concept Synonyms,animal sounds
oink,inquiry,buzz,cluck,0,Noun/Concept Synonyms,Hard Distractor
freeze,buzz,cluck,oink,0,Noun/Concept Synonyms,Random Distractor
tang,reed,drib,flow,1,Members of a Set/Entities,animals backward
chef,reed,drib,flow,0,Members of a Set/Entities,Hard Distractor
grill,tang,reed,flow,0,Members of a Set/Entities,Random Distractor
wombat,geoduck,seahorse,titmouse,1,Members of a Set/Entities,animals ending with animals
wombat,seahorse,dill,geoduck,0,Members of a Set/Entities,Hard Distractor
seahorse,wombat,geoduck,faze,0,Members of a Set/Entities,Random Distractor
newt,frog,bat,dog,1,Members of a Set/Entities,animals in the witches' brew in “macbeth”
newt,bat,dodo,dog,0,Members of a Set/Entities,Hard Distractor
bat,dog,frog,unique,0,Members of a Set/Entities,Random Distractor
anther,hark,easel,lama,1,Word Structure/Play,animals minus starting letter
hark,40,anther,easel,0,Word Structure/Play,Hard Distractor
lama,poultry,anther,hark,0,Word Structure/Play,Random Distractor
lynx,ibex,oryx,fox,1,Members of a Set/Entities,animals that end with “x”
ibex,fox,bat,lynx,0,Members of a Set/Entities,Hard Distractor
oryx,ice,ibex,lynx,0,Members of a Set/Entities,Random Distractor
horsefly,bulldog,turtledove,catfish,1,Members of a Set/Entities,animals whose names are two animals
bulldog,dna,horsefly,turtledove,0,Members of a Set/Entities,Hard Distractor
operate,catfish,turtledove,horsefly,0,Members of a Set/Entities,Random Distractor
elephant,hippo,warthog,narwhal,1,Members of a Set/Entities,animals with tusks
poultry,elephant,hippo,warthog,0,Members of a Set/Entities,Hard Distractor
hippo,toady,warthog,narwhal,0,Members of a Set/Entities,Random Distractor
trumpet,herald,broadcast,declare,1,Noun/Concept Synonyms,announce
broadcast,declare,circuit,herald,0,Noun/Concept Synonyms,Hard Distractor
herald,declare,broadcast,bee,0,Noun/Concept Synonyms,Random Distractor
bah,grinch,coal,naughty,1,Trivia/Pop Culture,anti-spirit of christmas
grouch,grinch,bah,coal,0,Trivia/Pop Culture,Hard Distractor
grinch,placed,bah,coal,0,Trivia/Pop Culture,Random Distractor
garlic,mirror,crucifix,stake,1,Noun/Concept Synonyms,anti-vampire
mirror,knock,crucifix,stake,0,Noun/Concept Synonyms,Hard Distractor
mirror,crucifix,stake,angel,0,Noun/Concept Synonyms,Random Distractor
gov,chem,bio,stats,1,Noun/Concept Synonyms,ap classes
stats,gov,rate,chem,0,Noun/Concept Synonyms,Hard Distractor
gov,clove,chem,stats,0,Noun/Concept Synonyms,Random Distractor
height,top,peak,max,1,Noun/Concept Synonyms,apex
top,height,max,guide,0,Noun/Concept Synonyms,Hard Distractor
peak,height,top,gasps,0,Noun/Concept Synonyms,Random Distractor
shade,spirit,specter,wight,1,Noun/Concept Synonyms,apparition
shade,spirit,pancake,specter,0,Noun/Concept Synonyms,Hard Distractor
shade,wight,fig,spirit,0,Noun/Concept Synonyms,Random Distractor
phantom,ghost,spirit,specter,1,Noun/Concept Synonyms,apparitions
bake,specter,ghost,spirit,0,Noun/Concept Synonyms,Hard Distractor
spirit,phantom,fin,ghost,0,Noun/Concept Synonyms,Random Distractor
dress,manner,style,look,1,Noun/Concept Synonyms,appearance
compass,style,manner,dress,0,Noun/Concept Synonyms,Hard Distractor
dress,style,look,camper,0,Noun/Concept Synonyms,Random Distractor
arm,wing,fin,flipper,1,Noun/Concept Synonyms,appendages
cyclone,wing,flipper,fin,0,Noun/Concept Synonyms,Hard Distractor
arm,fin,flipper,mushroom,0,Noun/Concept Synonyms,Random Distractor
popper,nacho,wing,fry,1,Noun/Concept Synonyms,appetizer unit
fry,oh,wing,nacho,0,Noun/Concept Synonyms,Hard Distractor
nacho,wing,fry,spruce,0,Noun/Concept Synonyms,Random Distractor
brandy,sauce,cider,butter,1,Noun/Concept Synonyms,apple products
butter,cider,or,sauce,0,Noun/Concept Synonyms,Hard Distractor
butter,brandy,lake,cider,0,Noun/Concept Synonyms,Random Distractor
crush,squash,press,mash,1,Noun/Concept Synonyms,apply pressure to
press,crush,mash,while,0,Noun/Concept Synonyms,Hard Distractor
press,crush,squash,ultra,0,Noun/Concept Synonyms,Random Distractor
duration,location,time,date,1,Noun/Concept Synonyms,appointment specifications
duration,ok,location,date,0,Noun/Concept Synonyms,Hard Distractor
date,duration,beyond,time,0,Noun/Concept Synonyms,Random Distractor
thanks,credit,praise,recognition,1,Noun/Concept Synonyms,appreciation
cha,credit,praise,thanks,0,Noun/Concept Synonyms,Hard Distractor
credit,praise,thanks,pot,0,Noun/Concept Synonyms,Random Distractor
thumbs-up,clearance,green light,go-ahead,1,Noun/Concept Synonyms,approval
green light,go-ahead,clearance,case,0,Noun/Concept Synonyms,Hard Distractor
clearance,go-ahead,information,green light,0,Noun/Concept Synonyms,Random Distractor
rough,broad,ballpark,general,1,Noun/Concept Synonyms,approximate
thanks,rough,general,broad,0,Noun/Concept Synonyms,Hard Distractor
rough,ballpark,alien,general,0,Noun/Concept Synonyms,Random Distractor
like,roughly,about,around,1,Descriptor/Adjective Synonyms,approximately
around,chair,roughly,about,0,Descriptor/Adjective Synonyms,Hard Distractor
roughly,football,around,like,0,Descriptor/Adjective Synonyms,Random Distractor
bent,gift,flair,flair,1,Noun/Concept Synonyms,aptitude
flair,bent,venus,gift,0,Noun/Concept Synonyms,Hard Distractor
flair,fortune,gift,flair,0,Noun/Concept Synonyms,Random Distractor
nose,faculty,instinct,gift,1,Noun/Concept Synonyms,aptitude
just,nose,faculty,gift,0,Noun/Concept Synonyms,Hard Distractor
faculty,gift,gust,instinct,0,Noun/Concept Synonyms,Random Distractor
pump,rocks,tank,filter,1,Noun/Concept Synonyms,aquarium purchases
tank,rocks,pump,dump,0,Noun/Concept Synonyms,Hard Distractor
pike,tank,filter,pump,0,Noun/Concept Synonyms,Random Distractor
mite,scorpion,spider,tick,1,Noun/Concept Synonyms,arachnids
tick,outlook,mite,scorpion,0,Noun/Concept Synonyms,Hard Distractor
scorpion,mite,spider,grounds,0,Noun/Concept Synonyms,Random Distractor
chair,judge,mediate,moderate,1,Noun/Concept Synonyms,arbitrate
moderate,spell,chair,mediate,0,Noun/Concept Synonyms,Hard Distractor
mediate,chair,moderate,seminar,0,Noun/Concept Synonyms,Random Distractor
rainbow,flight path,eyebrow,banana,1,Members of a Set/Entities,arc-shaped things
eyebrow,flight path,banana,cub,0,Members of a Set/Entities,Hard Distractor
masculine,flight path,eyebrow,banana,0,Members of a Set/Entities,Random Distractor
hawkeye,cupid,robin hood,sagittarius,1,Noun/Concept Synonyms,archers
sagittarius,hawkeye,oil,cupid,0,Noun/Concept Synonyms,Hard Distractor
haunted,cupid,sagittarius,hawkeye,0,Noun/Concept Synonyms,Random Distractor
bow,target,arrow,quiver,1,Members of a Set/Entities,archery equipment
quiver,arrow,target,whac-a-mole,0,Members of a Set/Entities,Hard Distractor
quiver,arrow,roller,target,0,Members of a Set/Entities,Random Distractor
ruler,stencil,t-square,compass,1,Members of a Set/Entities,architectural drawing tools
stencil,cab,ruler,t-square,0,Members of a Set/Entities,Hard Distractor
t-square,compass,ruler,keys,0,Members of a Set/Entities,Random Distractor
get it,capisce,understand,see,1,Idioms & Slang,are we clear?
see,capisce,pot,get it,0,Idioms & Slang,Hard Distractor
understand,get it,see,greyhound,0,Idioms & Slang,Random Distractor
specialty,field,concentration,focus,1,Noun/Concept Synonyms,area of expertise
root,specialty,focus,field,0,Noun/Concept Synonyms,Hard Distractor
tooth,specialty,concentration,field,0,Noun/Concept Synonyms,Random Distractor
bank,mound,hill,dune,1,Noun/Concept Synonyms,area of high ground
mound,mate,hill,dune,0,Noun/Concept Synonyms,Hard Distractor
storage,mound,hill,dune,0,Noun/Concept Synonyms,Random Distractor
pass,ravine,gulch,canyon,1,Idioms & Slang,areas between mountains and hills
clip,canyon,ravine,pass,0,Idioms & Slang,Hard Distractor
pass,canyon,accidental,gulch,0,Idioms & Slang,Random Distractor
concentration,major,degree,minor,1,Descriptor/Adjective Synonyms,areas of academic focus
concentration,major,minor,mean,0,Descriptor/Adjective Synonyms,Hard Distractor
concentration,degree,minor,mate,0,Descriptor/Adjective Synonyms,Random Distractor
hippodrome,coliseum,bowl,stadium,1,Noun/Concept Synonyms,arena
coliseum,bowl,swing,hippodrome,0,Noun/Concept Synonyms,Hard Distractor
dioxide,coliseum,stadium,hippodrome,0,Noun/Concept Synonyms,Random Distractor
subtract,add,multiply,divide,1,Descriptor/Adjective Synonyms,arithmetic operations
recess,subtract,add,multiply,0,Descriptor/Adjective Synonyms,Hard Distractor
add,mammoth,multiply,divide,0,Descriptor/Adjective Synonyms,Random Distractor
major,private,general,captain,1,Noun/Concept Synonyms,army ranks
captain,general,private,uber rating,0,Noun/Concept Synonyms,Hard Distractor
captain,slid,private,major,0,Noun/Concept Synonyms,Random Distractor
paint,charcoal,pastel,ink,1,Noun/Concept Synonyms,art mediums
ink,charcoal,paint,broil,0,Noun/Concept Synonyms,Hard Distractor
pastel,charcoal,buggy,paint,0,Noun/Concept Synonyms,Random Distractor
gothic,deco,dada,pop,1,Noun/Concept Synonyms,art movements
deco,spoils,pop,gothic,0,Noun/Concept Synonyms,Hard Distractor
gothic,dada,live music,pop,0,Noun/Concept Synonyms,Random Distractor
manner,surreal,romantic,expression,1,Noun/Concept Synonyms,"art movements, with -ism"
romantic,split,manner,surreal,0,Noun/Concept Synonyms,Hard Distractor
reason,romantic,surreal,expression,0,Noun/Concept Synonyms,Random Distractor
mite,aphid,beetle,tick,1,Noun/Concept Synonyms,arthropods
aphid,beetle,bottle,mite,0,Noun/Concept Synonyms,Hard Distractor
siobhan,aphid,beetle,mite,0,Noun/Concept Synonyms,Random Distractor
station,job,position,post,1,Noun/Concept Synonyms,assignment
job,link,station,post,0,Noun/Concept Synonyms,Hard Distractor
draw close,position,post,job,0,Noun/Concept Synonyms,Random Distractor
light,yang,masculine,expansive,1,Idioms & Slang,associated principles in chinese philosophy
light,yang,expansive,win,0,Idioms & Slang,Hard Distractor
hulk,expansive,masculine,light,0,Idioms & Slang,Random Distractor
pencil,derek jeter,silver medal,deputy,1,Noun/Concept Synonyms,associated with #2
silver medal,pencil,deputy,devil,0,Noun/Concept Synonyms,Hard Distractor
pencil,silver medal,skillet,deputy,0,Noun/Concept Synonyms,Random Distractor
taurus,rodeo,wall street,michael jordan,1,Noun/Concept Synonyms,associated with bulls
exercise,michael jordan,rodeo,taurus,0,Noun/Concept Synonyms,Hard Distractor
wall street,michael jordan,rodeo,haw,0,Noun/Concept Synonyms,Random Distractor
bat,castle,cape,fang,1,Noun/Concept Synonyms,associated with count dracula
castle,signal,bat,fang,0,Noun/Concept Synonyms,Hard Distractor
fang,schmaltz,castle,bat,0,Noun/Concept Synonyms,Random Distractor
rooster,sunrise,dew,worm,1,Noun/Concept Synonyms,associated with early morning
rooster,sunrise,worm,bore,0,Noun/Concept Synonyms,Hard Distractor
rooster,barn,dew,sunrise,0,Noun/Concept Synonyms,Random Distractor
slip,oedipus,dreams,id,1,Noun/Concept Synonyms,associated with freud
oedipus,dreams,charging cable,id,0,Noun/Concept Synonyms,Hard Distractor
oedipus,dreams,balanced,id,0,Noun/Concept Synonyms,Random Distractor
ladybug,shamrock,horseshoe,penny,1,Noun/Concept Synonyms,associated with good luck
horseshoe,shamrock,curveball,penny,0,Noun/Concept Synonyms,Hard Distractor
shamrock,horseshoe,ladybug,natty,0,Noun/Concept Synonyms,Random Distractor
steel,diamond,rock,nails,1,Noun/Concept Synonyms,associated with hardness
steel,mush,nails,rock,0,Noun/Concept Synonyms,Hard Distractor
lol,diamond,nails,rock,0,Noun/Concept Synonyms,Random Distractor
pipe,forearm,spinach,anchor,1,Noun/Concept Synonyms,associated with popeye
barge,anchor,forearm,spinach,0,Noun/Concept Synonyms,Hard Distractor
forearm,spinach,dasani,pipe,0,Noun/Concept Synonyms,Random Distractor
leprechaun,unicorn,pride,dorothy gale,1,Noun/Concept Synonyms,associated with rainbows
leprechaun,pride,unicorn,tea,0,Noun/Concept Synonyms,Hard Distractor
ready,dorothy gale,pride,leprechaun,0,Noun/Concept Synonyms,Random Distractor
fish,libra,solfege,justice,1,Noun/Concept Synonyms,associated with scales
libra,justice,crush,solfege,0,Noun/Concept Synonyms,Hard Distractor
libra,backpedal,justice,solfege,0,Noun/Concept Synonyms,Random Distractor
dysentery,ford,hunt,oxen,1,Idioms & Slang,associated with the game the oregon trail
hunt,ford,dysentery,proposal,0,Idioms & Slang,Hard Distractor
hunt,oxen,dysentery,are,0,Idioms & Slang,Random Distractor
lamp,blue,wishes,earring,1,Idioms & Slang,associated with the genie in “aladdin”
lamp,blue,earring,mesh shirt,0,Idioms & Slang,Hard Distractor
wishes,earring,blue,city,0,Idioms & Slang,Random Distractor
con game,hearts,halloween,magic show,1,Noun/Concept Synonyms,associated with tricks
booty,con game,hearts,magic show,0,Noun/Concept Synonyms,Hard Distractor
hearts,halloween,volume,magic show,0,Noun/Concept Synonyms,Random Distractor
infant,swimming,ticker,pub,1,Noun/Concept Synonyms,associated with “crawl”
ticker,swimming,pub,press,0,Noun/Concept Synonyms,Hard Distractor
stencil,infant,swimming,pub,0,Noun/Concept Synonyms,Random Distractor
chocolate,pigeon,peace,soap,1,Noun/Concept Synonyms,associated with “dove”
soap,pigeon,peace,scented,0,Noun/Concept Synonyms,Hard Distractor
pigeon,soap,chocolate,getup,0,Noun/Concept Synonyms,Random Distractor
cyclops,solitaire,unicycle,monologue,1,Noun/Concept Synonyms,associated with “one”
monologue,concert,solitaire,cyclops,0,Noun/Concept Synonyms,Hard Distractor
solitaire,cyclops,bozo,unicycle,0,Noun/Concept Synonyms,Random Distractor
cigarette,ticket,toe,pencil,1,Noun/Concept Synonyms,associated with “stub”
pencil,banal,cigarette,toe,0,Noun/Concept Synonyms,Hard Distractor
cigarette,toe,pencil,debut,0,Noun/Concept Synonyms,Random Distractor
bathrobe,bowling,rug,white russian,1,Idioms & Slang,associated with “the dude” lebowski
bathrobe,pleather vest,white russian,bowling,0,Idioms & Slang,Hard Distractor
rug,bowling,comer,white russian,0,Idioms & Slang,Random Distractor
cinch,lock,secure,ice,1,Descriptor/Adjective Synonyms,"assure, as a victory"
ice,secure,lock,drain,0,Descriptor/Adjective Synonyms,Hard Distractor
lock,secure,next,cinch,0,Descriptor/Adjective Synonyms,Random Distractor
lock,secure,clinch,guarantee,1,Noun/Concept Synonyms,"assure, as a win"
secure,guarantee,heart,lock,0,Noun/Concept Synonyms,Hard Distractor
clinch,secure,guarantee,outlaw,0,Noun/Concept Synonyms,Random Distractor
later,next,soon,eventually,1,Noun/Concept Synonyms,at some future point
bridge,eventually,next,later,0,Noun/Concept Synonyms,Hard Distractor
crib,soon,later,eventually,0,Noun/Concept Synonyms,Random Distractor
deposit,balance,transfer,withdrawal,1,Noun/Concept Synonyms,atm options
withdrawal,deposit,transfer,sway,0,Noun/Concept Synonyms,Hard Distractor
balance,transfer,withdrawal,popcorn,0,Noun/Concept Synonyms,Random Distractor
deposit,withdrawal,checking,savings,1,Noun/Concept Synonyms,atm options
cheek,savings,withdrawal,deposit,0,Noun/Concept Synonyms,Hard Distractor
checking,ton,withdrawal,savings,0,Noun/Concept Synonyms,Random Distractor
stick,paste,stick,affix,1,Descriptor/Adjective Synonyms,attach with adhesive
paste,stick,mosquito,stick,0,Descriptor/Adjective Synonyms,Hard Distractor
paste,stick,affix,phony,0,Descriptor/Adjective Synonyms,Random Distractor
adhere,glue,glue,adhere,1,Descriptor/Adjective Synonyms,attach with adhesive
adhere,adhere,fizz,glue,0,Descriptor/Adjective Synonyms,Hard Distractor
hipster,adhere,glue,glue,0,Descriptor/Adjective Synonyms,Random Distractor
earn,land,win,score,1,Noun/Concept Synonyms,attain
land,score,roger,win,0,Noun/Concept Synonyms,Hard Distractor
land,zipper,score,earn,0,Noun/Concept Synonyms,Random Distractor
absent,present,late,excused,1,Noun/Concept Synonyms,attendance status
present,ma,excused,late,0,Noun/Concept Synonyms,Hard Distractor
present,excused,late,threads,0,Noun/Concept Synonyms,Random Distractor
duds,getup,threads,fit,1,Noun/Concept Synonyms,attire
fit,cocktail,threads,getup,0,Noun/Concept Synonyms,Hard Distractor
duds,threads,fit,elder,0,Noun/Concept Synonyms,Random Distractor
hook,pull,grab,draw,1,Noun/Concept Synonyms,attract
pull,hook,draw,bonus,0,Noun/Concept Synonyms,Hard Distractor
hook,grab,pull,golf bag,0,Noun/Concept Synonyms,Random Distractor
draw,charm,pull,appeal,1,Noun/Concept Synonyms,attraction
appeal,pull,well,draw,0,Noun/Concept Synonyms,Hard Distractor
bumper,draw,appeal,pull,0,Noun/Concept Synonyms,Random Distractor
liberty bell,tower of pisa,venus de milo,statue of liberty,1,Idioms & Slang,attractions iconically different from their original forms
tower of pisa,joe,venus de milo,liberty bell,0,Idioms & Slang,Hard Distractor
statue of liberty,venus de milo,liberty bell,ridge,0,Idioms & Slang,Random Distractor
bare,unclad,nude,naked,1,Noun/Concept Synonyms,au naturel
paper,unclad,bare,naked,0,Noun/Concept Synonyms,Hard Distractor
brightness,bare,naked,nude,0,Noun/Concept Synonyms,Random Distractor
shazam,tidal,audible,pandora,1,Noun/Concept Synonyms,audio apps
pandora,story,tidal,shazam,0,Noun/Concept Synonyms,Hard Distractor
pandora,audible,period,tidal,0,Noun/Concept Synonyms,Random Distractor
super,ultra,hyper,uber,1,Word Structure/Play,augmentative prefixes
uber,super,hyper,you,0,Word Structure/Play,Hard Distractor
gecko,hyper,ultra,uber,0,Word Structure/Play,Random Distractor
bare,spare,plain,simple,1,Noun/Concept Synonyms,austere
spare,deed,simple,plain,0,Noun/Concept Synonyms,Hard Distractor
barbie dreamhouse,simple,spare,bare,0,Noun/Concept Synonyms,Random Distractor
crikey,bush,barbie,mate,1,Noun/Concept Synonyms,australian terms
mate,crikey,frozen,bush,0,Noun/Concept Synonyms,Hard Distractor
mogul,crikey,mate,bush,0,Noun/Concept Synonyms,Random Distractor
reverse,drive,neutral,low,1,Descriptor/Adjective Synonyms,automatic gear shifter positions
drive,reverse,low,sole,0,Descriptor/Adjective Synonyms,Hard Distractor
spitball,drive,reverse,low,0,Descriptor/Adjective Synonyms,Random Distractor
reverse,drive,neutral,park,1,Descriptor/Adjective Synonyms,automatic transmission settings
drive,nonstop,neutral,park,0,Descriptor/Adjective Synonyms,Hard Distractor
park,elmo,reverse,drive,0,Descriptor/Adjective Synonyms,Random Distractor
solo,free,stag,single,1,Descriptor/Adjective Synonyms,available
kindness,free,stag,single,0,Descriptor/Adjective Synonyms,Hard Distractor
free,alarm,solo,single,0,Descriptor/Adjective Synonyms,Random Distractor
fifth,broadway,park,madison,1,Noun/Concept Synonyms,avenues in n.y.c.
broadway,fifth,gear,park,0,Noun/Concept Synonyms,Hard Distractor
park,wild,broadway,fifth,0,Noun/Concept Synonyms,Random Distractor
standard,mean,norm,par,1,Noun/Concept Synonyms,average
par,month,mean,norm,0,Noun/Concept Synonyms,Hard Distractor
mean,beetlejuice,norm,par,0,Noun/Concept Synonyms,Random Distractor
skirt,duck,escape,dodge,1,Noun/Concept Synonyms,avoid
matte,escape,dodge,skirt,0,Noun/Concept Synonyms,Hard Distractor
skirt,escape,dodge,cross,0,Noun/Concept Synonyms,Random Distractor
medal,cup,trophy,ribbon,1,Trivia/Pop Culture,awards
cup,medal,cheers,trophy,0,Trivia/Pop Culture,Hard Distractor
cup,piggy,trophy,medal,0,Trivia/Pop Culture,Random Distractor
fire,lit,sick,dope,1,Noun/Concept Synonyms,awesome
fire,dope,lit,strand,0,Noun/Concept Synonyms,Hard Distractor
lit,elder,sick,fire,0,Noun/Concept Synonyms,Random Distractor
movie,ball,school,vitamin,1,Fill-in-the-Blank,b-___
vitamin,school,ball,paper,0,Fill-in-the-Blank,Hard Distractor
movie,warning,vitamin,ball,0,Fill-in-the-Blank,Random Distractor
bacon,bread,lettuce,tomato,1,Noun/Concept Synonyms,b.l.t. ingredients
lettuce,rest,bacon,bread,0,Noun/Concept Synonyms,Hard Distractor
lettuce,tomato,driver license,bread,0,Noun/Concept Synonyms,Random Distractor
kit,calf,cub,fawn,1,Members of a Set/Entities,baby animals
swings,calf,cub,fawn,0,Members of a Set/Entities,Hard Distractor
cub,fawn,kit,sleeve,0,Members of a Set/Entities,Random Distractor
kid,cub,calf,joey,1,Members of a Set/Entities,baby animals
cub,limestone,joey,calf,0,Members of a Set/Entities,Hard Distractor
cub,kid,bolster,joey,0,Members of a Set/Entities,Random Distractor
stroller,bib,bottle,monitor,1,Noun/Concept Synonyms,baby gear
bib,bottle,stroller,gooden,0,Noun/Concept Synonyms,Hard Distractor
stroller,bib,tile,bottle,0,Noun/Concept Synonyms,Random Distractor
carrot,shower,boom,talk,1,Fill-in-the-Blank,baby ___
talk,carrot,mario world,boom,0,Fill-in-the-Blank,Hard Distractor
boom,talk,gym,carrot,0,Fill-in-the-Blank,Random Distractor
steps,blues,boomer,teeth,1,Fill-in-the-Blank,baby ___
life,steps,blues,boomer,0,Fill-in-the-Blank,Hard Distractor
steps,teeth,hoarse,blues,0,Fill-in-the-Blank,Random Distractor
lip,sass,attitude,cheek,1,Noun/Concept Synonyms,back talk
attitude,sass,lip,float,0,Noun/Concept Synonyms,Hard Distractor
cheek,lip,put away,attitude,0,Noun/Concept Synonyms,Random Distractor
aegis,protection,guard,shield,1,Action/Verb Synonyms,backing
aegis,shield,guard,batter,0,Action/Verb Synonyms,Hard Distractor
protection,guard,shield,spoons,0,Action/Verb Synonyms,Random Distractor
booty,bum,rear,can,1,Noun/Concept Synonyms,backside
rear,foley,booty,can,0,Noun/Concept Synonyms,Hard Distractor
booty,romeo,rear,can,0,Noun/Concept Synonyms,Random Distractor
mar,god,tab,flow,1,Members of a Set/Entities,backwards animals
god,flow,mar,puma,0,Members of a Set/Entities,Hard Distractor
god,tab,mar,trampoline,0,Members of a Set/Entities,Random Distractor
whiff,slice,shank,hook,1,Descriptor/Adjective Synonyms,bad golf shots
slice,shank,hook,crush,0,Descriptor/Adjective Synonyms,Hard Distractor
whiff,quit,hook,shank,0,Descriptor/Adjective Synonyms,Random Distractor
freeze,lag,drop,echo,1,Members of a Set/Entities,bad things for a video call to do
mars,lag,drop,freeze,0,Members of a Set/Entities,Hard Distractor
echo,glue,freeze,lag,0,Members of a Set/Entities,Random Distractor
quit,freeze,timeout,glitch,1,Members of a Set/Entities,bad things for a website to do
glitch,timeout,stare,quit,0,Members of a Set/Entities,Hard Distractor
timeout,freeze,fear,glitch,0,Members of a Set/Entities,Random Distractor
sour,rank,foul,ripe,1,Action/Verb Synonyms,bad-smelling
be kind rewind,foul,sour,rank,0,Action/Verb Synonyms,Hard Distractor
sour,foul,bumper,ripe,0,Action/Verb Synonyms,Random Distractor
heel,dog,jerk,snake,1,Noun/Concept Synonyms,baddie
record,snake,jerk,heel,0,Noun/Concept Synonyms,Hard Distractor
took in,dog,snake,jerk,0,Noun/Concept Synonyms,Random Distractor
vex,stump,puzzle,perplex,1,Noun/Concept Synonyms,baffle
stump,puzzle,perplex,shelve,0,Noun/Concept Synonyms,Hard Distractor
puzzle,perplex,vex,met,0,Noun/Concept Synonyms,Random Distractor
onion,poppy,everything,plain,1,Noun/Concept Synonyms,bagel flavors
poppy,everything,airhead,onion,0,Noun/Concept Synonyms,Hard Distractor
onion,everything,poppy,hulu,0,Noun/Concept Synonyms,Random Distractor
danish,muffin,turnover,bun,1,Noun/Concept Synonyms,baked goods
shield,muffin,danish,turnover,0,Noun/Concept Synonyms,Hard Distractor
smartwatch,danish,bun,muffin,0,Noun/Concept Synonyms,Random Distractor
horsefeathers,hogwash,nonsense,crock,1,Noun/Concept Synonyms,balderdash
weight,crock,nonsense,horsefeathers,0,Noun/Concept Synonyms,Hard Distractor
crock,hogwash,horsefeathers,roost,0,Noun/Concept Synonyms,Random Distractor
bunk,bull,hogwash,rot,1,Noun/Concept Synonyms,balderdash
rot,bunk,steer,bull,0,Noun/Concept Synonyms,Hard Distractor
playwright,bunk,bull,rot,0,Noun/Concept Synonyms,Random Distractor
trope,platitude,chestnut,cliché,1,Descriptor/Adjective Synonyms,banality
cliché,outline,trope,platitude,0,Descriptor/Adjective Synonyms,Hard Distractor
chestnut,cliché,trope,hang-up,0,Descriptor/Adjective Synonyms,Random Distractor
split,boat,bread,slug,1,Fill-in-the-Blank,banana ___
split,collins,boat,bread,0,Fill-in-the-Blank,Hard Distractor
slug,hatch,bread,boat,0,Fill-in-the-Blank,Random Distractor
floyd,day,stripes,sabbath,1,Members of a Set/Entities,band names minus colors
monarchy,floyd,sabbath,stripes,0,Members of a Set/Entities,Hard Distractor
scrooge,day,stripes,sabbath,0,Members of a Set/Entities,Random Distractor
maroon,sum,u,blink,1,Members of a Set/Entities,band names minus numbers
bill,sum,maroon,u,0,Members of a Set/Entities,Hard Distractor
bonobo,u,sum,blink,0,Members of a Set/Entities,Random Distractor
maroon,jackson,ben folds,mc,1,Trivia/Pop Culture,bands minus the number five
maroon,jackson,mc,unchained,0,Trivia/Pop Culture,Hard Distractor
jackson,mc,legs,maroon,0,Trivia/Pop Culture,Random Distractor
knock,butt,ram,bump,1,Noun/Concept Synonyms,bang into
ram,knock,butt,film,0,Noun/Concept Synonyms,Hard Distractor
butt,knock,ram,distant,0,Noun/Concept Synonyms,Random Distractor
happy hour,trivia night,karaoke,live music,1,Noun/Concept Synonyms,bar events
live music,silver,happy hour,trivia night,0,Noun/Concept Synonyms,Hard Distractor
karaoke,chameleon,trivia night,happy hour,0,Noun/Concept Synonyms,Random Distractor
stool,keg,counter,tap,1,Noun/Concept Synonyms,bar fixtures
nearby,keg,counter,stool,0,Noun/Concept Synonyms,Hard Distractor
tap,normal,counter,keg,0,Noun/Concept Synonyms,Random Distractor
exam,mitzvah,soap,chart,1,Fill-in-the-Blank,bar ___
getaway,exam,chart,mitzvah,0,Fill-in-the-Blank,Hard Distractor
exam,soap,mitzvah,pace,0,Fill-in-the-Blank,Random Distractor
spine,spur,thorn,sticker,1,Noun/Concept Synonyms,barb
spur,sticker,spine,shy,0,Noun/Concept Synonyms,Hard Distractor
drill,spur,spine,sticker,0,Noun/Concept Synonyms,Random Distractor
buy,value,deal,steal,1,Noun/Concept Synonyms,bargain
buy,credit,value,deal,0,Noun/Concept Synonyms,Hard Distractor
buy,steal,father,deal,0,Noun/Concept Synonyms,Random Distractor
tank,cylinder,cask,drum,1,Noun/Concept Synonyms,barrel-shaped container
tank,drum,mirror,cask,0,Noun/Concept Synonyms,Hard Distractor
cask,braid,drum,cylinder,0,Noun/Concept Synonyms,Random Distractor
safe,ball,strike,out,1,Noun/Concept Synonyms,baseball calls
orb,strike,out,safe,0,Noun/Concept Synonyms,Hard Distractor
strike,out,safe,trix,0,Noun/Concept Synonyms,Random Distractor
foul,out,ball,fair,1,Noun/Concept Synonyms,baseball calls
out,provision,fair,ball,0,Noun/Concept Synonyms,Hard Distractor
ball,fair,cycle,out,0,Noun/Concept Synonyms,Random Distractor
ball,bat,glove,base,1,Members of a Set/Entities,baseball equipment
slide,base,glove,ball,0,Members of a Set/Entities,Hard Distractor
goober,bat,ball,glove,0,Members of a Set/Entities,Random Distractor
mantle,bonds,trout,young,1,Noun/Concept Synonyms,baseball greats
mantle,ballpark,trout,young,0,Noun/Concept Synonyms,Hard Distractor
bonds,mantle,reunion,trout,0,Noun/Concept Synonyms,Random Distractor
run,walk,double,hit,1,Noun/Concept Synonyms,baseball stats
victor,walk,hit,double,0,Noun/Concept Synonyms,Hard Distractor
hail,double,run,hit,0,Noun/Concept Synonyms,Random Distractor
diamond,stadium,park,field,1,Noun/Concept Synonyms,baseball venues
diamond,field,park,turn,0,Noun/Concept Synonyms,Hard Distractor
stadium,basketball,park,field,0,Noun/Concept Synonyms,Random Distractor
up,left,right,down,1,Descriptor/Adjective Synonyms,basic directions
right,up,pot,left,0,Descriptor/Adjective Synonyms,Hard Distractor
up,ooze,right,left,0,Descriptor/Adjective Synonyms,Random Distractor
anger,surprise,fear,happiness,1,Descriptor/Adjective Synonyms,basic emotions
fear,anger,twist,happiness,0,Descriptor/Adjective Synonyms,Hard Distractor
fear,magnum,happiness,surprise,0,Descriptor/Adjective Synonyms,Random Distractor
length,area,volume,perimeter,1,Descriptor/Adjective Synonyms,basic geometric calculations
perimeter,cream,area,length,0,Descriptor/Adjective Synonyms,Hard Distractor
length,repeat,area,perimeter,0,Descriptor/Adjective Synonyms,Random Distractor
line,point,ray,segment,1,Descriptor/Adjective Synonyms,basic geometric objects
segment,point,ray,bitter,0,Descriptor/Adjective Synonyms,Hard Distractor
lose,point,segment,line,0,Descriptor/Adjective Synonyms,Random Distractor
sour,salty,bitter,sweet,1,Descriptor/Adjective Synonyms,basic tastes
bitter,breakout,sweet,sour,0,Descriptor/Adjective Synonyms,Hard Distractor
salty,hatch,sweet,sour,0,Descriptor/Adjective Synonyms,Random Distractor
triangle,square,circle,diamond,1,Descriptor/Adjective Synonyms,basic two-dimensional shapes
mermaid,triangle,diamond,circle,0,Descriptor/Adjective Synonyms,Hard Distractor
circle,triangle,square,masterpiece,0,Descriptor/Adjective Synonyms,Random Distractor
dribble,block,pass,shoot,1,Noun/Concept Synonyms,basketball moves
block,pass,shoot,pull,0,Noun/Concept Synonyms,Hard Distractor
shoot,cyber,pass,block,0,Noun/Concept Synonyms,Random Distractor
layup,floater,three,dunk,1,Noun/Concept Synonyms,basketball shots
layup,touch,floater,dunk,0,Noun/Concept Synonyms,Hard Distractor
ages,dunk,layup,three,0,Noun/Concept Synonyms,Random Distractor
finger roll,alley-oop,fadeaway,slam dunk,1,Noun/Concept Synonyms,basketball shots
slam dunk,bowl,fadeaway,finger roll,0,Noun/Concept Synonyms,Hard Distractor
finger roll,slam dunk,rapid,alley-oop,0,Noun/Concept Synonyms,Random Distractor
rib,wing,dog,link,1,Noun/Concept Synonyms,bbq offering
link,thumbs up,dog,rib,0,Noun/Concept Synonyms,Hard Distractor
link,croc,rib,dog,0,Noun/Concept Synonyms,Random Distractor
chill,lounge,rest,loaf,1,Noun/Concept Synonyms,be at leisure
rest,lounge,chill,bottle,0,Noun/Concept Synonyms,Hard Distractor
savage,lounge,chill,rest,0,Noun/Concept Synonyms,Random Distractor
rest,rely,depend,hinge,1,Noun/Concept Synonyms,be contingent (on)
rest,germ,hinge,rely,0,Noun/Concept Synonyms,Hard Distractor
hinge,rest,bomber,rely,0,Noun/Concept Synonyms,Random Distractor
lead,run,direct,head,1,Noun/Concept Synonyms,be in charge of
head,lead,direct,plan,0,Noun/Concept Synonyms,Hard Distractor
direct,lead,apologies,run,0,Noun/Concept Synonyms,Random Distractor
work,function,operate,run,1,Noun/Concept Synonyms,be in commission
operate,work,icing,run,0,Noun/Concept Synonyms,Hard Distractor
function,run,judges,operate,0,Noun/Concept Synonyms,Random Distractor
waver,waffle,hesitate,yo-yo,1,Descriptor/Adjective Synonyms,be indecisive
yo-yo,hesitate,waffle,chum,0,Descriptor/Adjective Synonyms,Hard Distractor
waver,hesitate,gorge,yo-yo,0,Descriptor/Adjective Synonyms,Random Distractor
surround,flank,bookend,bracket,1,Idioms & Slang,be on both sides of
bookend,crystal,surround,flank,0,Idioms & Slang,Hard Distractor
bookend,bracket,flank,warner,0,Idioms & Slang,Random Distractor
showboat,swagger,grandstand,posture,1,Descriptor/Adjective Synonyms,be ostentatious
showboat,posture,grandstand,buzz,0,Descriptor/Adjective Synonyms,Hard Distractor
showboat,posture,utility,swagger,0,Descriptor/Adjective Synonyms,Random Distractor
shore,coast,strand,bank,1,Noun/Concept Synonyms,beachy area
shore,coast,bank,growl,0,Noun/Concept Synonyms,Hard Distractor
shore,strand,wash,bank,0,Noun/Concept Synonyms,Random Distractor
dip,sprout,counter,bag,1,Fill-in-the-Blank,bean ___
gaga,bag,counter,sprout,0,Fill-in-the-Blank,Hard Distractor
counter,bag,sprout,abel,0,Fill-in-the-Blank,Random Distractor
fava,lima,pinto,kidney,1,Noun/Concept Synonyms,beans
kidney,bitter melon,pinto,lima,0,Noun/Concept Synonyms,Hard Distractor
pyramid,fava,lima,kidney,0,Noun/Concept Synonyms,Random Distractor
include,consider,factor,count,1,Noun/Concept Synonyms,bear in mind
cherry,consider,include,factor,0,Noun/Concept Synonyms,Hard Distractor
count,consider,include,raindrop,0,Noun/Concept Synonyms,Random Distractor
hug,witness,claw,fruit,1,Fill-in-the-Blank,bear ___
martini,witness,claw,fruit,0,Fill-in-the-Blank,Hard Distractor
witness,fruit,claw,pass notes,0,Fill-in-the-Blank,Random Distractor
learn,realize,discover,find,1,Action/Verb Synonyms,become aware of
be kind rewind,find,discover,learn,0,Action/Verb Synonyms,Hard Distractor
find,realize,ching,discover,0,Action/Verb Synonyms,Random Distractor
mushroom,snowball,swell,balloon,1,Action/Verb Synonyms,become larger
level,snowball,balloon,mushroom,0,Action/Verb Synonyms,Hard Distractor
persona,balloon,snowball,mushroom,0,Action/Verb Synonyms,Random Distractor
throw,sheet,sham,blanket,1,Action/Verb Synonyms,bedding
sheet,throw,blanket,plateau,0,Action/Verb Synonyms,Hard Distractor
southwest,blanket,sheet,sham,0,Action/Verb Synonyms,Random Distractor
murphy,canopy,bunk,trundle,1,Noun/Concept Synonyms,beds
canopy,trundle,bunk,seventh heaven,0,Noun/Concept Synonyms,Hard Distractor
canopy,bunk,trundle,frisbee,0,Noun/Concept Synonyms,Random Distractor
hive,wax,honey,comb,1,Noun/Concept Synonyms,bee creations
hive,class,honey,comb,0,Noun/Concept Synonyms,Hard Distractor
honey,cats,hive,comb,0,Noun/Concept Synonyms,Random Distractor
batter,garden,pong,can,1,Fill-in-the-Blank,beer ___
lake,can,pong,garden,0,Fill-in-the-Blank,Hard Distractor
slim,garden,batter,can,0,Fill-in-the-Blank,Random Distractor
stella,natty,bud,sierra,1,Descriptor/Adjective Synonyms,"beers, familiarly"
bud,outfit,natty,sierra,0,Descriptor/Adjective Synonyms,Hard Distractor
natty,squirrel,bud,stella,0,Descriptor/Adjective Synonyms,Random Distractor
genesis,birth,start,dawn,1,Action/Verb Synonyms,beginning
mole,dawn,start,birth,0,Action/Verb Synonyms,Hard Distractor
camper,dawn,genesis,start,0,Action/Verb Synonyms,Random Distractor
sundry,friar,monkey,wedding,1,Action/Verb Synonyms,beginning with day abbreviations
flatten,friar,wedding,monkey,0,Action/Verb Synonyms,Hard Distractor
pint,monkey,wedding,sundry,0,Action/Verb Synonyms,Random Distractor
eerie,llama,aardvark,ooze,1,Word Structure/Play,beginning with double letters
aardvark,radius,ooze,llama,0,Word Structure/Play,Hard Distractor
eerie,llama,icing,aardvark,0,Word Structure/Play,Random Distractor
forehead,fievel,toucan,wonder,1,Word Structure/Play,beginning with number homophones
driver,fievel,wonder,toucan,0,Word Structure/Play,Hard Distractor
fievel,toucan,metroid,forehead,0,Word Structure/Play,Random Distractor
buttermilk,bumper-to-bumper,rumpelstiltskin,tailgate,1,Idioms & Slang,beginning with synonyms for rear end
bumper-to-bumper,eagle,buttermilk,tailgate,0,Idioms & Slang,Hard Distractor
ranger,rumpelstiltskin,buttermilk,tailgate,0,Idioms & Slang,Random Distractor
sake,interest,advantage,benefit,1,Noun/Concept Synonyms,behalf
benefit,sake,interest,heel,0,Noun/Concept Synonyms,Hard Distractor
interest,advantage,sake,fritter,0,Noun/Concept Synonyms,Random Distractor
whale,whopper,colossus,mammoth,1,Noun/Concept Synonyms,behemoth
mammoth,whale,sheep,colossus,0,Noun/Concept Synonyms,Hard Distractor
mammoth,colossus,whale,haha,0,Noun/Concept Synonyms,Random Distractor
buff,tan,fawn,cream,1,Noun/Concept Synonyms,beige shades
tiara,cream,fawn,buff,0,Noun/Concept Synonyms,Hard Distractor
fawn,buff,report,cream,0,Noun/Concept Synonyms,Random Distractor
button,flop,dance,laugh,1,Fill-in-the-Blank,belly ___
dance,flop,laugh,gaga,0,Fill-in-the-Blank,Hard Distractor
button,water balloon,flop,dance,0,Fill-in-the-Blank,Random Distractor
close,tight,intimate,dear,1,Noun/Concept Synonyms,"beloved, as a friend"
close,tight,shoulder,dear,0,Noun/Concept Synonyms,Hard Distractor
intimate,close,tight,vinaigrette,0,Noun/Concept Synonyms,Random Distractor
give,bow,cave,buckle,1,Noun/Concept Synonyms,bend under pressure
give,bow,hybrid,buckle,0,Noun/Concept Synonyms,Hard Distractor
give,buckle,doo-wop,cave,0,Noun/Concept Synonyms,Random Distractor
ray,milk,capote,lincoln,1,Trivia/Pop Culture,best actor-winning biopics
swinger,milk,ray,lincoln,0,Trivia/Pop Culture,Hard Distractor
milk,bugs,capote,ray,0,Trivia/Pop Culture,Random Distractor
stone,madison,swank,foster,1,Trivia/Pop Culture,best actress oscar winners
swank,madison,stone,grouch,0,Trivia/Pop Culture,Hard Distractor
stone,lecture,foster,madison,0,Trivia/Pop Culture,Random Distractor
berry,berry,stone,swank,1,Trivia/Pop Culture,best actress oscar winners
berry,gladiator,stone,berry,0,Trivia/Pop Culture,Hard Distractor
stone,berry,gooden,swank,0,Trivia/Pop Culture,Random Distractor
frozen,up,flow,brave,1,Trivia/Pop Culture,best animated feature oscar winners
brave,lady,flow,up,0,Trivia/Pop Culture,Hard Distractor
doorknob,up,flow,brave,0,Trivia/Pop Culture,Random Distractor
bong,lee,stone,ford,1,Trivia/Pop Culture,best director oscar winners
happy,ford,lee,stone,0,Trivia/Pop Culture,Hard Distractor
ford,bong,noble,lee,0,Trivia/Pop Culture,Random Distractor
apple,crow,turner,summer,1,Trivia/Pop Culture,best female rock performance grammy winners
crow,lost boys,apple,turner,0,Trivia/Pop Culture,Hard Distractor
selfie,summer,turner,apple,0,Trivia/Pop Culture,Random Distractor
gladiator,crash,moonlight,chicago,1,Trivia/Pop Culture,best picture winners since 2000
gladiator,crash,chicago,dewey,0,Trivia/Pop Culture,Hard Distractor
gladiator,crash,jock,moonlight,0,Trivia/Pop Culture,Random Distractor
pinnacle,heyday,zenith,prime,1,Noun/Concept Synonyms,best years
pinnacle,prime,moon,heyday,0,Noun/Concept Synonyms,Hard Distractor
heyday,cherry,pinnacle,zenith,0,Noun/Concept Synonyms,Random Distractor
grant,vest,present,confer,1,Noun/Concept Synonyms,bestow
present,vest,mustard,confer,0,Noun/Concept Synonyms,Hard Distractor
present,vest,period,confer,0,Noun/Concept Synonyms,Random Distractor
napkin,cup,straw,lid,1,Members of a Set/Entities,beverage self-service items
straw,napkin,cup,greyhound,0,Members of a Set/Entities,Hard Distractor
napkin,lid,eyelet,straw,0,Members of a Set/Entities,Random Distractor
juice,punch,soda,milk,1,Noun/Concept Synonyms,beverages
milk,inspire,soda,juice,0,Noun/Concept Synonyms,Hard Distractor
milk,juice,soda,camera,0,Noun/Concept Synonyms,Random Distractor
job,acts,mark,kings,1,Descriptor/Adjective Synonyms,bible books
job,mark,kings,mine,0,Descriptor/Adjective Synonyms,Hard Distractor
pod,acts,job,mark,0,Descriptor/Adjective Synonyms,Random Distractor
splash,impact,footprint,mark,1,Descriptor/Adjective Synonyms,big impression
splash,spotty,impact,mark,0,Descriptor/Adjective Synonyms,Hard Distractor
impact,footprint,pants,splash,0,Descriptor/Adjective Synonyms,Random Distractor
brake,chain,spoke,pedal,1,Noun/Concept Synonyms,bike parts
brake,pedal,spoke,tongue,0,Noun/Concept Synonyms,Hard Distractor
chain,artery,pedal,spoke,0,Noun/Concept Synonyms,Random Distractor
gear,saddle,handlebar,wheel,1,Noun/Concept Synonyms,bike parts
parrot,handlebar,saddle,wheel,0,Noun/Concept Synonyms,Hard Distractor
handlebar,wheel,party,gear,0,Noun/Concept Synonyms,Random Distractor
chalk,cue,rack,ball,1,Members of a Set/Entities,billiards equipment
kidney,cue,ball,chalk,0,Members of a Set/Entities,Hard Distractor
chalk,cue,ball,drawer,0,Members of a Set/Entities,Random Distractor
false,no,yes,true,1,Noun/Concept Synonyms,binary question options
laundry,false,no,true,0,Noun/Concept Synonyms,Hard Distractor
true,filling,yes,no,0,Noun/Concept Synonyms,Random Distractor
atom,molecule,protein,cell,1,Noun/Concept Synonyms,biological building blocks
atom,checkers,molecule,cell,0,Noun/Concept Synonyms,Hard Distractor
molecule,cell,inanimate,protein,0,Noun/Concept Synonyms,Random Distractor
tundra,forest,desert,grassland,1,Noun/Concept Synonyms,biomes
desert,forest,sub,grassland,0,Noun/Concept Synonyms,Hard Distractor
desert,good shepherd,grassland,forest,0,Noun/Concept Synonyms,Random Distractor
jobs,vice,milk,blonde,1,Noun/Concept Synonyms,biopics
milk,jobs,blonde,sunrise,0,Noun/Concept Synonyms,Hard Distractor
milk,vice,prussian,blonde,0,Noun/Concept Synonyms,Random Distractor
wing,feather,beak,talon,1,Noun/Concept Synonyms,bird features
wing,talon,beak,inch,0,Noun/Concept Synonyms,Hard Distractor
feather,tiff,wing,talon,0,Noun/Concept Synonyms,Random Distractor
gobble,coo,hoot,honk,1,Noun/Concept Synonyms,bird onomatopoeia
hoot,fierce,gobble,honk,0,Noun/Concept Synonyms,Hard Distractor
garter,coo,gobble,honk,0,Noun/Concept Synonyms,Random Distractor
swank,crowd,gully,puffing,1,Word Structure/Play,bird plus letter
puffing,quartz,gully,swank,0,Word Structure/Play,Hard Distractor
crowd,puffing,gully,except,0,Word Structure/Play,Random Distractor
tweet,chirp,caw,cluck,1,Noun/Concept Synonyms,bird sounds
tweet,energy,cluck,chirp,0,Noun/Concept Synonyms,Hard Distractor
caw,message,cluck,chirp,0,Noun/Concept Synonyms,Random Distractor
kite,swallow,jay,turkey,1,Noun/Concept Synonyms,birds
air,jay,kite,swallow,0,Noun/Concept Synonyms,Hard Distractor
jay,turkey,swallow,earring,0,Noun/Concept Synonyms,Random Distractor
crane,lark,swallow,jay,1,Noun/Concept Synonyms,birds
lark,resolve,swallow,jay,0,Noun/Concept Synonyms,Hard Distractor
crane,jay,helonium,lark,0,Noun/Concept Synonyms,Random Distractor
swift,robin,swift,cardinal,1,Noun/Concept Synonyms,birds
buzz,robin,swift,swift,0,Noun/Concept Synonyms,Hard Distractor
referee,cardinal,robin,swift,0,Noun/Concept Synonyms,Random Distractor
condo,loo,hero,rave,1,Word Structure/Play,birds minus last letter
livid,rave,condo,hero,0,Word Structure/Play,Hard Distractor
loo,scruff,hero,condo,0,Word Structure/Play,Random Distractor
cran,flaming,haw,hero,1,Word Structure/Play,birds minus last letter
hero,blew,flaming,cran,0,Word Structure/Play,Hard Distractor
haw,hero,flaming,snout,0,Word Structure/Play,Random Distractor
duck,grouse,swallow,hawk,1,Noun/Concept Synonyms,birds that are verbs
duck,job,swallow,grouse,0,Noun/Concept Synonyms,Hard Distractor
swallow,duck,grouse,confections,0,Noun/Concept Synonyms,Random Distractor
suggestion,tip,trick,pointer,1,Noun/Concept Synonyms,bit of advice
tip,tack,suggestion,pointer,0,Noun/Concept Synonyms,Hard Distractor
eno,tip,suggestion,trick,0,Noun/Concept Synonyms,Random Distractor
puff,pebble,cheerio,flake,1,Noun/Concept Synonyms,bit of breakfast cereal
window,cheerio,flake,pebble,0,Noun/Concept Synonyms,Hard Distractor
pebble,plus,flake,cheerio,0,Noun/Concept Synonyms,Random Distractor
wedge,zest,slice,twist,1,Descriptor/Adjective Synonyms,bit of citrus garnish
spark,slice,wedge,zest,0,Descriptor/Adjective Synonyms,Hard Distractor
slice,twist,zest,dogma,0,Descriptor/Adjective Synonyms,Random Distractor
high,kick,rush,thrill,1,Noun/Concept Synonyms,bit of excitement
kick,thrill,high,dime,0,Noun/Concept Synonyms,Hard Distractor
rush,actor,kick,thrill,0,Noun/Concept Synonyms,Random Distractor
tress,ringlet,curl,lock,1,Noun/Concept Synonyms,bit of hair
paisley,curl,lock,ringlet,0,Noun/Concept Synonyms,Hard Distractor
kaleidoscope,ringlet,curl,lock,0,Noun/Concept Synonyms,Random Distractor
report,article,story,feature,1,Noun/Concept Synonyms,bit of journalism
article,butter,story,report,0,Noun/Concept Synonyms,Hard Distractor
whisk,article,story,feature,0,Noun/Concept Synonyms,Random Distractor
parcel,patch,plot,bed,1,Idioms & Slang,bit of land for growing
patch,plot,bed,crank,0,Idioms & Slang,Hard Distractor
parcel,patch,link,bed,0,Idioms & Slang,Random Distractor
act,bill,resolution,measure,1,Noun/Concept Synonyms,bit of legislation
measure,bill,stand,resolution,0,Noun/Concept Synonyms,Hard Distractor
dane,bill,resolution,act,0,Noun/Concept Synonyms,Random Distractor
glob,tear,bead,drop,1,Noun/Concept Synonyms,bit of liquid
glob,drop,clock,tear,0,Noun/Concept Synonyms,Hard Distractor
tear,drop,prose,glob,0,Noun/Concept Synonyms,Random Distractor
hex,charm,spell,curse,1,Descriptor/Adjective Synonyms,bit of magic
curse,mean,hex,charm,0,Descriptor/Adjective Synonyms,Hard Distractor
spell,hex,otter,charm,0,Descriptor/Adjective Synonyms,Random Distractor
article,story,column,feature,1,Noun/Concept Synonyms,bit of newspaper writing
column,story,feature,entrance,0,Noun/Concept Synonyms,Hard Distractor
feature,money,column,story,0,Noun/Concept Synonyms,Random Distractor
garland,confetti,balloon,banner,1,Noun/Concept Synonyms,bit of party decoration
garland,mop,confetti,balloon,0,Noun/Concept Synonyms,Hard Distractor
balloon,banner,japan,garland,0,Noun/Concept Synonyms,Random Distractor
drill,exercise,practice,routine,1,Descriptor/Adjective Synonyms,bit of repetitive training
tree,practice,exercise,routine,0,Descriptor/Adjective Synonyms,Hard Distractor
exercise,routine,fidget,drill,0,Descriptor/Adjective Synonyms,Random Distractor
dip,wing,chip,fry,1,Members of a Set/Entities,bit of sports bar fare
fry,chip,wing,geoduck,0,Members of a Set/Entities,Hard Distractor
fry,crank,chip,dip,0,Members of a Set/Entities,Random Distractor
presto,voila,behold,tada,1,Noun/Concept Synonyms,bit of vocal fanfare
little,tada,presto,behold,0,Noun/Concept Synonyms,Hard Distractor
behold,tada,sodium,voila,0,Noun/Concept Synonyms,Random Distractor
draft,breeze,puff,gust,1,Noun/Concept Synonyms,bit of wind
hitch,draft,gust,puff,0,Noun/Concept Synonyms,Hard Distractor
cluck,draft,gust,puff,0,Noun/Concept Synonyms,Random Distractor
dance,monologue,song,sketch,1,Trivia/Pop Culture,bits in a variety show
monologue,baloney,sketch,song,0,Trivia/Pop Culture,Hard Distractor
sketch,dandy,dance,monologue,0,Trivia/Pop Culture,Random Distractor
screw,nut,washer,nail,1,Noun/Concept Synonyms,bits of hardware
robot,nail,screw,washer,0,Noun/Concept Synonyms,Hard Distractor
typewriter,nut,washer,nail,0,Noun/Concept Synonyms,Random Distractor
kernel,tidbit,pearl,nugget,1,Noun/Concept Synonyms,bits of wisdom
kernel,nugget,pearl,case,0,Noun/Concept Synonyms,Hard Distractor
gingerbread,kernel,pearl,tidbit,0,Noun/Concept Synonyms,Random Distractor
raven,inky,jet,pitch,1,Noun/Concept Synonyms,black
pitch,raven,perspective,jet,0,Noun/Concept Synonyms,Hard Distractor
inky,bobby,pitch,raven,0,Noun/Concept Synonyms,Random Distractor
balance sheet,roulette,checkers,licorice,1,Noun/Concept Synonyms,black or red
checkers,naive,licorice,balance sheet,0,Noun/Concept Synonyms,Hard Distractor
roulette,balance sheet,follow,licorice,0,Noun/Concept Synonyms,Random Distractor
gay,butler,hooks,walker,1,Trivia/Pop Culture,black women authors
butler,walker,wednesday,gay,0,Trivia/Pop Culture,Hard Distractor
trainee,hooks,gay,walker,0,Trivia/Pop Culture,Random Distractor
panda,skunk,zebra,orca,1,Members of a Set/Entities,black-and-white animals
zebra,panda,skunk,chapstick,0,Members of a Set/Entities,Hard Distractor
orca,selling,panda,zebra,0,Members of a Set/Entities,Random Distractor
oreo,zebra,tuxedo,yin-yang symbol,1,Members of a Set/Entities,black-and-white things
oreo,yin-yang symbol,tuxedo,lemon,0,Members of a Set/Entities,Hard Distractor
zebra,tuxedo,oreo,prom,0,Members of a Set/Entities,Random Distractor
domino,piano keys,crossword,panda,1,Members of a Set/Entities,black-and-white things
domino,panda,piano keys,pack,0,Members of a Set/Entities,Hard Distractor
piano keys,bolognese,crossword,panda,0,Members of a Set/Entities,Random Distractor
orca,oreo,domino,crossword,1,Members of a Set/Entities,black-and-white things
doze,domino,orca,crossword,0,Members of a Set/Entities,Hard Distractor
mastodon,orca,domino,crossword,0,Members of a Set/Entities,Random Distractor
split,hit,bust,stand,1,Noun/Concept Synonyms,blackjack terms
hit,stand,watson,split,0,Noun/Concept Synonyms,Hard Distractor
bottled,hit,split,stand,0,Noun/Concept Synonyms,Random Distractor
mar,ding,scratch,dent,1,Descriptor/Adjective Synonyms,blemish
mar,bore,dent,scratch,0,Descriptor/Adjective Synonyms,Hard Distractor
dent,scratch,mar,swing,0,Descriptor/Adjective Synonyms,Random Distractor
puree,grind,pulse,chop,1,Noun/Concept Synonyms,blender buttons
garlic,pulse,chop,grind,0,Noun/Concept Synonyms,Hard Distractor
pulse,grind,wraparound,chop,0,Noun/Concept Synonyms,Random Distractor
wink,heartbeat,second,flash,1,Noun/Concept Synonyms,blink of an eye
second,wink,flash,merely,0,Noun/Concept Synonyms,Hard Distractor
second,heartbeat,flash,monkee,0,Noun/Concept Synonyms,Random Distractor
seal,plug,stop,close,1,Noun/Concept Synonyms,"block, as an opening"
plug,bowl,close,stop,0,Noun/Concept Synonyms,Hard Distractor
stop,seal,furnish,close,0,Noun/Concept Synonyms,Random Distractor
sensation,hit,success,smash,1,Noun/Concept Synonyms,blockbuster
hit,happening,success,sensation,0,Noun/Concept Synonyms,Hard Distractor
sensation,smash,cinch,success,0,Noun/Concept Synonyms,Random Distractor
whale,moon,jay,jeans,1,Fill-in-the-Blank,blue ___
jay,value,moon,jeans,0,Fill-in-the-Blank,Hard Distractor
material,jay,moon,whale,0,Fill-in-the-Blank,Random Distractor
boo-boo,no-no,flub,gaffe,1,Noun/Concept Synonyms,blunder
brief,gaffe,no-no,boo-boo,0,Noun/Concept Synonyms,Hard Distractor
flub,boo-boo,no-no,bash,0,Noun/Concept Synonyms,Random Distractor
boo-boo,goof,gaffe,flub,1,Noun/Concept Synonyms,blunder
goof,slip,boo-boo,flub,0,Noun/Concept Synonyms,Hard Distractor
gaffe,goof,boo-boo,twilight,0,Noun/Concept Synonyms,Random Distractor
sorry,chess,backgammon,go,1,Noun/Concept Synonyms,board games
sorry,backgammon,flat,chess,0,Noun/Concept Synonyms,Hard Distractor
toward,backgammon,sorry,chess,0,Noun/Concept Synonyms,Random Distractor
checkers,trouble,taboo,risk,1,Noun/Concept Synonyms,board games
trouble,risk,verge,checkers,0,Noun/Concept Synonyms,Hard Distractor
checkers,comma,trouble,taboo,0,Noun/Concept Synonyms,Random Distractor
sorry,trouble,clue,risk,1,Noun/Concept Synonyms,board games
sorry,trouble,risk,ping,0,Noun/Concept Synonyms,Hard Distractor
flyer,trouble,clue,sorry,0,Noun/Concept Synonyms,Random Distractor
bluster,show off,strut,crow,1,Noun/Concept Synonyms,boast
crow,persona,strut,bluster,0,Noun/Concept Synonyms,Hard Distractor
sheet,bluster,strut,crow,0,Noun/Concept Synonyms,Random Distractor
ferry,junk,tug,yacht,1,Noun/Concept Synonyms,boats
tug,outside,yacht,ferry,0,Noun/Concept Synonyms,Hard Distractor
tug,hook,yacht,ferry,0,Noun/Concept Synonyms,Random Distractor
barge,scow,dory,sloop,1,Noun/Concept Synonyms,boats
dory,scow,barge,collar,0,Noun/Concept Synonyms,Hard Distractor
scow,hedgehog,sloop,barge,0,Noun/Concept Synonyms,Random Distractor
hope,dole,ross,marley,1,Noun/Concept Synonyms,bobs
hope,marley,quart,dole,0,Noun/Concept Synonyms,Hard Distractor
ross,hope,mustache,dole,0,Noun/Concept Synonyms,Random Distractor
sound,strait,canal,channel,1,Noun/Concept Synonyms,bodies of water
channel,sound,canal,field,0,Noun/Concept Synonyms,Hard Distractor
strait,panda,canal,channel,0,Noun/Concept Synonyms,Random Distractor
sound,bay,channel,strait,1,Noun/Concept Synonyms,bodies of water
channel,strait,noodle,bay,0,Noun/Concept Synonyms,Hard Distractor
bay,sound,channel,lampoon,0,Noun/Concept Synonyms,Random Distractor
driver,finlet,flake,ebay,1,Word Structure/Play,bodies of water plus starting letter
arty,finlet,driver,flake,0,Word Structure/Play,Hard Distractor
finlet,driver,bowline,ebay,0,Word Structure/Play,Random Distractor
rankle,lear,ship,barm,1,Word Structure/Play,body part plus a starting letter
her,barm,rankle,ship,0,Word Structure/Play,Hard Distractor
barm,lear,final,rankle,0,Word Structure/Play,Random Distractor
arm,hip,eye,leg,1,Noun/Concept Synonyms,body parts
leg,eye,exercise,arm,0,Noun/Concept Synonyms,Hard Distractor
arm,eye,hip,paw,0,Noun/Concept Synonyms,Random Distractor
toes,knees,shoulders,head,1,Idioms & Slang,"body parts in “head, shoulders, knees and toes”"
shoulders,circus,knees,toes,0,Idioms & Slang,Hard Distractor
jersey,knees,toes,shoulders,0,Idioms & Slang,Random Distractor
shiny,livery,army,colony,1,Idioms & Slang,"body parts plus ""y"""
cannonball,shiny,colony,livery,0,Idioms & Slang,Hard Distractor
nike,army,colony,shiny,0,Idioms & Slang,Random Distractor
hearth,shine,china,butte,1,Word Structure/Play,body parts plus letter
lovers,china,butte,hearth,0,Word Structure/Play,Random Distractor
squats,lunges,dips,planks,1,Noun/Concept Synonyms,bodyweight exercises
squats,dips,lunges,ritz,0,Noun/Concept Synonyms,Hard Distractor
dips,planks,lunges,amp,0,Noun/Concept Synonyms,Random Distractor
nerve,gall,guts,stones,1,Descriptor/Adjective Synonyms,"boldness, figuratively"
stones,edge,nerve,gall,0,Descriptor/Adjective Synonyms,Hard Distractor
gall,guts,gnarly,nerve,0,Descriptor/Adjective Synonyms,Random Distractor
index,chapter,appendix,preface,1,Noun/Concept Synonyms,book sections
appendix,preface,broke,chapter,0,Noun/Concept Synonyms,Hard Distractor
index,appendix,preface,closing time,0,Noun/Concept Synonyms,Random Distractor
part one,essays,a life,a novel,1,Noun/Concept Synonyms,book subtitles
essays,part one,a life,look,0,Noun/Concept Synonyms,Hard Distractor
essays,part one,handlebar,a novel,0,Noun/Concept Synonyms,Random Distractor
band,florist,officiant,caterer,1,Noun/Concept Synonyms,booked for a wedding
band,officiant,carp,florist,0,Noun/Concept Synonyms,Hard Distractor
officiant,florist,feature,band,0,Noun/Concept Synonyms,Random Distractor
humor,romance,travel,fiction,1,Noun/Concept Synonyms,bookstore sections
eyelet,humor,travel,fiction,0,Noun/Concept Synonyms,Hard Distractor
humor,romance,crater,travel,0,Noun/Concept Synonyms,Random Distractor
travel,humor,poetry,fiction,1,Noun/Concept Synonyms,bookstore sections
fire,fiction,poetry,travel,0,Noun/Concept Synonyms,Hard Distractor
groan,humor,poetry,fiction,0,Noun/Concept Synonyms,Random Distractor
pod,shell,husk,hull,1,Noun/Concept Synonyms,botanical coverings
shell,husk,hull,snorkel,0,Noun/Concept Synonyms,Hard Distractor
hull,pod,lace,husk,0,Noun/Concept Synonyms,Random Distractor
evian,dasani,fiji,voss,1,Members of a Set/Entities,bottled water brands
bat,evian,voss,fiji,0,Members of a Set/Entities,Hard Distractor
evian,crunch,voss,dasani,0,Members of a Set/Entities,Random Distractor
edge,border,extremity,limit,1,Descriptor/Adjective Synonyms,boundary
border,extremity,scarf,limit,0,Descriptor/Adjective Synonyms,Hard Distractor
border,extremity,edge,grey,0,Descriptor/Adjective Synonyms,Random Distractor
buffalo,goat,cow,sheep,1,Noun/Concept Synonyms,bovids
goat,buffalo,down,sheep,0,Noun/Concept Synonyms,Hard Distractor
cow,buffalo,eek,goat,0,Noun/Concept Synonyms,Random Distractor
pin,alley,ball,lane,1,Action/Verb Synonyms,bowling
lane,ball,thin,alley,0,Action/Verb Synonyms,Hard Distractor
ball,alley,lane,dirt,0,Action/Verb Synonyms,Random Distractor
strike,foul,spare,strike,1,Action/Verb Synonyms,bowling results
strike,strike,spare,light,0,Action/Verb Synonyms,Hard Distractor
strike,spare,foul,greed,0,Action/Verb Synonyms,Random Distractor
turkey,double,spare,split,1,Action/Verb Synonyms,bowling results
gothic,turkey,spare,split,0,Action/Verb Synonyms,Hard Distractor
double,split,borg,spare,0,Action/Verb Synonyms,Random Distractor
winner,smash,hit,success,1,Descriptor/Adjective Synonyms,box office victory
winner,fluke,success,hit,0,Descriptor/Adjective Synonyms,Hard Distractor
success,hit,winner,gruff,0,Descriptor/Adjective Synonyms,Random Distractor
cross,hook,bob,weave,1,Action/Verb Synonyms,boxing maneuvers
weave,hook,charm,cross,0,Action/Verb Synonyms,Hard Distractor
weave,sear,cross,hook,0,Action/Verb Synonyms,Random Distractor
jab,cross,hook,uppercut,1,Action/Verb Synonyms,boxing punches
cross,jab,hook,snug,0,Action/Verb Synonyms,Hard Distractor
streamer,cross,uppercut,hook,0,Action/Verb Synonyms,Random Distractor
round,bout,match,contest,1,Action/Verb Synonyms,boxing unit
foster,contest,bout,match,0,Action/Verb Synonyms,Hard Distractor
contest,wired,round,bout,0,Action/Verb Synonyms,Random Distractor
hook,wire,strap,cup,1,Noun/Concept Synonyms,bra parts
cup,hook,sign,strap,0,Noun/Concept Synonyms,Hard Distractor
wire,seem,hook,strap,0,Noun/Concept Synonyms,Random Distractor
luxury,high-end,designer,haute,1,Noun/Concept Synonyms,brand-name
luxury,pool,high-end,haute,0,Noun/Concept Synonyms,Hard Distractor
designer,high-end,deliver,luxury,0,Noun/Concept Synonyms,Random Distractor
q-tip,chapstick,xerox,jacuzzi,1,Members of a Set/Entities,brands that have become generic terms
chapstick,q-tip,raindrops,jacuzzi,0,Members of a Set/Entities,Hard Distractor
chapstick,clarinet,xerox,q-tip,0,Members of a Set/Entities,Random Distractor
cheek,nerve,brass,sauce,1,Noun/Concept Synonyms,brashness
cheek,stringy,sauce,brass,0,Noun/Concept Synonyms,Hard Distractor
nerve,brass,bough,cheek,0,Noun/Concept Synonyms,Random Distractor
mustard,brat,bun,sauerkraut,1,Noun/Concept Synonyms,bratwurst go-withs
sauerkraut,brat,bun,gel,0,Noun/Concept Synonyms,Hard Distractor
mustard,up,bun,sauerkraut,0,Noun/Concept Synonyms,Random Distractor
scope,extent,extent,range,1,Noun/Concept Synonyms,breadth
range,nae,scope,extent,0,Noun/Concept Synonyms,Hard Distractor
extent,extent,scope,heather,0,Noun/Concept Synonyms,Random Distractor
range,reach,reach,scope,1,Noun/Concept Synonyms,breadth
reach,range,reach,emerald,0,Noun/Concept Synonyms,Hard Distractor
hits,reach,reach,scope,0,Noun/Concept Synonyms,Random Distractor
scale,extent,scope,range,1,Noun/Concept Synonyms,breadth
scale,prospect,extent,range,0,Noun/Concept Synonyms,Hard Distractor
mitzvah,range,extent,scale,0,Noun/Concept Synonyms,Random Distractor
butter,jam,hot sauce,syrup,1,Noun/Concept Synonyms,breakfast condiments
hot sauce,syrup,fake,butter,0,Noun/Concept Synonyms,Hard Distractor
hot sauce,syrup,jam,contain,0,Noun/Concept Synonyms,Random Distractor
waffle,pancake,cereal,omelet,1,Noun/Concept Synonyms,breakfast foods
cereal,flat,omelet,pancake,0,Noun/Concept Synonyms,Hard Distractor
jellyfish,cereal,omelet,pancake,0,Noun/Concept Synonyms,Random Distractor
bacon,toast,grits,hash,1,Noun/Concept Synonyms,breakfast sides
grits,bacon,gas,toast,0,Noun/Concept Synonyms,Hard Distractor
bacon,toast,hash,telephone,0,Noun/Concept Synonyms,Random Distractor
puff,heave,gasp,pant,1,Noun/Concept Synonyms,breathe hard
heave,puff,emoji,gasp,0,Noun/Concept Synonyms,Hard Distractor
puff,pant,gasp,sleeve,0,Noun/Concept Synonyms,Random Distractor
huffs,gasps,puffs,pants,1,Descriptor/Adjective Synonyms,breathes heavily
gasps,huffs,awful,pants,0,Descriptor/Adjective Synonyms,Hard Distractor
pants,huffs,puffs,kong,0,Descriptor/Adjective Synonyms,Random Distractor
ring,veil,bouquet,train,1,Noun/Concept Synonyms,bridal accessories
veil,coast,train,ring,0,Noun/Concept Synonyms,Hard Distractor
train,bouquet,desert,veil,0,Noun/Concept Synonyms,Random Distractor
wink,flash,second,jiffy,1,Noun/Concept Synonyms,brief moment
wink,jiffy,whim,second,0,Noun/Concept Synonyms,Hard Distractor
second,jiffy,squad,flash,0,Noun/Concept Synonyms,Random Distractor
jiff,wink,flash,heartbeat,1,Noun/Concept Synonyms,brief moment
jiff,tea,heartbeat,flash,0,Noun/Concept Synonyms,Hard Distractor
heartbeat,chemistry,flash,jiff,0,Noun/Concept Synonyms,Random Distractor
provoke,inspire,generate,prompt,1,Action/Verb Synonyms,bring about
inspire,generate,prompt,jam,0,Action/Verb Synonyms,Hard Distractor
prompt,inspire,provoke,tip,0,Action/Verb Synonyms,Random Distractor
devise,create,invent,coin,1,Action/Verb Synonyms,bring into being
create,invent,glide,coin,0,Action/Verb Synonyms,Hard Distractor
create,devise,saint,invent,0,Action/Verb Synonyms,Random Distractor
nurse,rear,raise,foster,1,Action/Verb Synonyms,bring up
ace,foster,rear,nurse,0,Action/Verb Synonyms,Hard Distractor
nurse,foster,rear,closing time,0,Action/Verb Synonyms,Random Distractor
roast,scone,mash,trifle,1,Descriptor/Adjective Synonyms,british cuisine
scone,mayo,trifle,mash,0,Descriptor/Adjective Synonyms,Hard Distractor
swindle,trifle,scone,mash,0,Descriptor/Adjective Synonyms,Random Distractor
pound,dram,stone,ounce,1,Idioms & Slang,british imperial units of weight
brat,dram,stone,pound,0,Idioms & Slang,Hard Distractor
fall,dram,stone,pound,0,Idioms & Slang,Random Distractor
telly,footy,chippy,butty,1,Noun/Concept Synonyms,britishisms
nook,chippy,butty,telly,0,Noun/Concept Synonyms,Hard Distractor
footy,butty,xo,telly,0,Noun/Concept Synonyms,Random Distractor
blur,suede,oasis,pulp,1,Trivia/Pop Culture,britpop bands
sting,blur,pulp,suede,0,Trivia/Pop Culture,Hard Distractor
pulp,logan,oasis,suede,0,Trivia/Pop Culture,Random Distractor
air,show,screen,run,1,Noun/Concept Synonyms,broadcast
air,show,sunrise,screen,0,Noun/Concept Synonyms,Hard Distractor
show,run,screen,singer,0,Noun/Concept Synonyms,Random Distractor
run,stream,air,play,1,Noun/Concept Synonyms,"broadcast, as online media"
run,stream,play,specter,0,Noun/Concept Synonyms,Hard Distractor
air,stream,resin,play,0,Noun/Concept Synonyms,Random Distractor
phantom,fiddler,sunset,merrily,1,Descriptor/Adjective Synonyms,"broadway musicals, familiarly"
scales,merrily,fiddler,sunset,0,Descriptor/Adjective Synonyms,Hard Distractor
sunset,fiddler,axles,phantom,0,Descriptor/Adjective Synonyms,Random Distractor
umbrella,sunscreen,towel,flip-flop,1,Noun/Concept Synonyms,brought to the beach
flip-flop,towel,umbrella,suits,0,Noun/Concept Synonyms,Hard Distractor
volleyball,flip-flop,sunscreen,umbrella,0,Noun/Concept Synonyms,Random Distractor
wing,bill,nickel,soldier,1,Fill-in-the-Blank,buffalo ___
soldier,change,nickel,wing,0,Fill-in-the-Blank,Hard Distractor
soldier,ranch,wing,bill,0,Fill-in-the-Blank,Random Distractor
stick,pant,smite,blouse,1,Word Structure/Play,bugs plus starting letter
blouse,stick,smite,sanction,0,Word Structure/Play,Hard Distractor
stick,madden,pant,smite,0,Word Structure/Play,Random Distractor
wing,addition,extension,annex,1,Action/Verb Synonyms,building add-ons
kill bill,wing,extension,addition,0,Action/Verb Synonyms,Hard Distractor
annex,attendance,addition,wing,0,Action/Verb Synonyms,Random Distractor
brick,concrete,metal,stone,1,Action/Verb Synonyms,building materials
stone,brick,metal,marigold,0,Action/Verb Synonyms,Hard Distractor
stunt,brick,stone,metal,0,Action/Verb Synonyms,Random Distractor
bank,supermarket,laundromat,post office,1,Noun/Concept Synonyms,buildings around town
okay,post office,bank,supermarket,0,Noun/Concept Synonyms,Hard Distractor
bank,supermarket,laundromat,tunnel,0,Noun/Concept Synonyms,Random Distractor
cluster,collection,group,constellation,1,Noun/Concept Synonyms,bunch
scratch,collection,group,cluster,0,Noun/Concept Synonyms,Hard Distractor
tut tut,cluster,collection,group,0,Noun/Concept Synonyms,Random Distractor
foul,screw,muck,louse,1,Noun/Concept Synonyms,"bungle, with “up”"
loud,muck,foul,louse,0,Noun/Concept Synonyms,Hard Distractor
front,louse,muck,screw,0,Noun/Concept Synonyms,Random Distractor
mature,blossom,develop,progress,1,Noun/Concept Synonyms,burgeon
store,mature,progress,develop,0,Noun/Concept Synonyms,Hard Distractor
lip,progress,develop,blossom,0,Noun/Concept Synonyms,Random Distractor
boa,corset,garter,stockings,1,Noun/Concept Synonyms,burlesque wear
corset,bright,stockings,boa,0,Noun/Concept Synonyms,Hard Distractor
pike,boa,corset,stockings,0,Noun/Concept Synonyms,Random Distractor
fan,corset,gloves,boa,1,Noun/Concept Synonyms,burlesque wear
boa,corset,fan,major,0,Noun/Concept Synonyms,Hard Distractor
gloves,happy,fan,corset,0,Noun/Concept Synonyms,Random Distractor
jack,bub,bud,man,1,Noun/Concept Synonyms,buster
man,jack,bud,story,0,Noun/Concept Synonyms,Hard Distractor
bud,bub,man,sea breeze,0,Noun/Concept Synonyms,Random Distractor
buns,tail,bottom,seat,1,Noun/Concept Synonyms,butt
seat,bottom,plunger,buns,0,Noun/Concept Synonyms,Hard Distractor
bottom,lemon,tail,buns,0,Noun/Concept Synonyms,Random Distractor
business,trade,market,commerce,1,Action/Verb Synonyms,buying and selling
market,stovetop,commerce,business,0,Action/Verb Synonyms,Hard Distractor
business,commerce,fleur-de-lis,trade,0,Action/Verb Synonyms,Random Distractor
span,section,suite,clef,1,Fill-in-the-Blank,c-___
super,clef,suite,section,0,Fill-in-the-Blank,Hard Distractor
clef,section,suite,marked,0,Fill-in-the-Blank,Random Distractor
energy,state,justice,labor,1,Noun/Concept Synonyms,cabinet departments
labor,echo,justice,energy,0,Noun/Concept Synonyms,Hard Distractor
martial arts,energy,justice,state,0,Noun/Concept Synonyms,Random Distractor
bet,discovery,nickelodeon,e,1,Descriptor/Adjective Synonyms,cable channels
nickelodeon,mobile,e,bet,0,Descriptor/Adjective Synonyms,Hard Distractor
nickelodeon,e,discovery,mogul,0,Descriptor/Adjective Synonyms,Random Distractor
usa,oxygen,hallmark,history,1,Descriptor/Adjective Synonyms,cable channels
hallmark,usa,oxygen,root,0,Descriptor/Adjective Synonyms,Hard Distractor
usa,wise,hallmark,history,0,Descriptor/Adjective Synonyms,Random Distractor
pool,store,reserve,bank,1,Noun/Concept Synonyms,cache
pool,reserve,lap,bank,0,Noun/Concept Synonyms,Hard Distractor
store,stingray,reserve,pool,0,Noun/Concept Synonyms,Random Distractor
time,meter,rhythm,beat,1,Noun/Concept Synonyms,cadence
meter,time,ball,beat,0,Noun/Concept Synonyms,Hard Distractor
meter,consecutive,rhythm,beat,0,Noun/Concept Synonyms,Random Distractor
equals,percent,times,minus,1,Noun/Concept Synonyms,calculator buttons
times,percent,play,minus,0,Noun/Concept Synonyms,Hard Distractor
percent,bing,times,equals,0,Noun/Concept Synonyms,Random Distractor
fujifilm,polaroid,hasselblad,olympus,1,Members of a Set/Entities,camera brands
hasselblad,olympus,fujifilm,draft,0,Members of a Set/Entities,Hard Distractor
sincerely,hasselblad,polaroid,fujifilm,0,Members of a Set/Entities,Random Distractor
shirt,sticker,button,hat,1,Noun/Concept Synonyms,campaign swag
shirt,pepper,button,sticker,0,Noun/Concept Synonyms,Hard Distractor
sticker,hat,shirt,trix,0,Noun/Concept Synonyms,Random Distractor
lantern,sleeping bag,tent,cooler,1,Action/Verb Synonyms,camping supplies
lovelace,cooler,lantern,tent,0,Action/Verb Synonyms,Hard Distractor
favor,sleeping bag,cooler,lantern,0,Action/Verb Synonyms,Random Distractor
cut,axe,scrap,drop,1,Noun/Concept Synonyms,"cancel, as a project"
axe,draw,cut,drop,0,Noun/Concept Synonyms,Hard Distractor
salute,drop,cut,scrap,0,Noun/Concept Synonyms,Random Distractor
crunch,milky way,bounty,dove,1,Noun/Concept Synonyms,candy bars
dove,grapefruit,milky way,bounty,0,Noun/Concept Synonyms,Hard Distractor
crunch,grits,bounty,milky way,0,Noun/Concept Synonyms,Random Distractor
mars,heath,crunch,payday,1,Noun/Concept Synonyms,candy bars
wi-fi,mars,crunch,payday,0,Noun/Concept Synonyms,Hard Distractor
heath,mars,adults only,crunch,0,Noun/Concept Synonyms,Random Distractor
snicker,airhead,mar,mound,1,Noun/Concept Synonyms,candy bars minus “s”
airhead,mar,tweed,snicker,0,Noun/Concept Synonyms,Hard Distractor
make out,mound,mar,snicker,0,Noun/Concept Synonyms,Random Distractor
york,kinder,wonka,charms,1,Members of a Set/Entities,candy names
halo,kinder,charms,york,0,Members of a Set/Entities,Hard Distractor
charms,york,kojak,wonka,0,Members of a Set/Entities,Random Distractor
whopper,kiss,runt,nerd,1,Members of a Set/Entities,candy pieces
runt,tan,whopper,nerd,0,Members of a Set/Entities,Hard Distractor
whopper,kiss,runt,canary,0,Members of a Set/Entities,Random Distractor
goober,kiss,dot,whopper,1,Members of a Set/Entities,candy pieces
dot,goober,whopper,plasma,0,Members of a Set/Entities,Hard Distractor
whopper,cap,kiss,goober,0,Members of a Set/Entities,Random Distractor
licorice,gum,lollipop,chocolate,1,Noun/Concept Synonyms,candy store treats
sound,gum,lollipop,licorice,0,Noun/Concept Synonyms,Hard Distractor
chocolate,gander,gum,lollipop,0,Noun/Concept Synonyms,Random Distractor
apple,bar,corn,cane,1,Fill-in-the-Blank,candy ___
bar,corn,cane,business,0,Fill-in-the-Blank,Hard Distractor
cane,corn,bar,bottled,0,Fill-in-the-Blank,Random Distractor
fur,tail,muzzle,paw,1,Noun/Concept Synonyms,canine/feline features
love,muzzle,fur,tail,0,Noun/Concept Synonyms,Hard Distractor
current,muzzle,paw,tail,0,Noun/Concept Synonyms,Random Distractor
neck,make out,french,kiss,1,Noun/Concept Synonyms,canoodle
festivity,french,make out,neck,0,Noun/Concept Synonyms,Hard Distractor
french,neck,kiss,ferry,0,Noun/Concept Synonyms,Random Distractor
soul,roam,sophia,keto,1,Word Structure/Play,capital city homophones
aja,sophia,soul,roam,0,Word Structure/Play,Hard Distractor
keto,sophia,samurai,roam,0,Word Structure/Play,Random Distractor
impulse,fancy,lark,whim,1,Noun/Concept Synonyms,caprice
me,fancy,impulse,whim,0,Noun/Concept Synonyms,Hard Distractor
lark,tours,whim,fancy,0,Noun/Concept Synonyms,Random Distractor
hook,america,nemo,morgan,1,Noun/Concept Synonyms,captains
nemo,froth,hook,morgan,0,Noun/Concept Synonyms,Hard Distractor
nemo,tuesday,morgan,america,0,Noun/Concept Synonyms,Random Distractor
grab,occupy,rivet,entrance,1,Noun/Concept Synonyms,captivate
grab,entrance,peck,occupy,0,Noun/Concept Synonyms,Hard Distractor
grab,occupy,meeting,rivet,0,Noun/Concept Synonyms,Random Distractor
hold,charm,rivet,engage,1,Noun/Concept Synonyms,captivate
rivet,hold,charm,proscribed,0,Noun/Concept Synonyms,Hard Distractor
hold,soda,charm,rivet,0,Noun/Concept Synonyms,Random Distractor
thrill,entrance,absorb,absorb,1,Noun/Concept Synonyms,captivate
entrance,absorb,absorb,shaft,0,Noun/Concept Synonyms,Hard Distractor
dill,absorb,entrance,absorb,0,Noun/Concept Synonyms,Random Distractor
tape,record,film,shoot,1,Noun/Concept Synonyms,capture on video
jam,record,shoot,film,0,Noun/Concept Synonyms,Hard Distractor
film,record,tape,dive,0,Noun/Concept Synonyms,Random Distractor
ford,ram,dodge,lincoln,1,Members of a Set/Entities,car brands
ram,ford,everything,lincoln,0,Members of a Set/Entities,Hard Distractor
dodge,lincoln,ram,hearth,0,Members of a Set/Entities,Random Distractor
mini,fiat,jaguar,ram,1,Members of a Set/Entities,car brands
mini,ram,rainbow,fiat,0,Members of a Set/Entities,Hard Distractor
fiat,jaguar,mini,proscribed,0,Members of a Set/Entities,Random Distractor
subaru,honda,jaguar,bmw,1,Noun/Concept Synonyms,car companies
jaguar,honda,rate,subaru,0,Noun/Concept Synonyms,Hard Distractor
jaguar,turner,honda,bmw,0,Noun/Concept Synonyms,Random Distractor
doge,aura,hoda,buck,1,Word Structure/Play,car companies minus letter
buck,doge,aura,able,0,Word Structure/Play,Hard Distractor
aura,confetti,doge,buck,0,Word Structure/Play,Random Distractor
volt,focus,beetle,civic,1,Noun/Concept Synonyms,car models
dummy,beetle,volt,civic,0,Noun/Concept Synonyms,Hard Distractor
volt,goodness,beetle,civic,0,Noun/Concept Synonyms,Random Distractor
beep beep,vroom,skrrt,purr,1,Noun/Concept Synonyms,car onomatopoeia
pound,vroom,beep beep,skrrt,0,Noun/Concept Synonyms,Hard Distractor
purr,skrrt,vroom,hallmark,0,Noun/Concept Synonyms,Random Distractor
rim,grille,mirror,bumper,1,Noun/Concept Synonyms,car parts
mirror,grille,rim,willing,0,Noun/Concept Synonyms,Random Distractor
enterprise,thrifty,national,budget,1,Noun/Concept Synonyms,car rental companies
enterprise,thrifty,scarf,national,0,Noun/Concept Synonyms,Hard Distractor
budget,intend,thrifty,national,0,Noun/Concept Synonyms,Random Distractor
drive,cruise,spin,ride,1,Noun/Concept Synonyms,car trip
spin,cruise,branch,drive,0,Noun/Concept Synonyms,Hard Distractor
drive,ride,catch,cruise,0,Noun/Concept Synonyms,Random Distractor
whip,auto,ride,wheels,1,Idioms & Slang,"car, informally"
wheels,password,ride,whip,0,Idioms & Slang,Hard Distractor
wheels,perspective,auto,whip,0,Idioms & Slang,Random Distractor
war,bridge,spoons,speed,1,Noun/Concept Synonyms,card games
bridge,bright,war,spoons,0,Noun/Concept Synonyms,Hard Distractor
length,war,speed,bridge,0,Noun/Concept Synonyms,Random Distractor
bridge,hearts,spit,gin,1,Noun/Concept Synonyms,card games
jam,bridge,spit,gin,0,Noun/Concept Synonyms,Hard Distractor
bridge,spit,mattress,hearts,0,Noun/Concept Synonyms,Random Distractor
joker,gummy,fridge,din,1,Word Structure/Play,card games with first letter changed
din,joker,tweet,fridge,0,Word Structure/Play,Hard Distractor
joker,fridge,gummy,tell,0,Word Structure/Play,Random Distractor
turn,hole,river,flop,1,Idioms & Slang,cards in texas hold ’em
turn,flop,river,mortgage,0,Idioms & Slang,Hard Distractor
hole,flop,turn,specter,0,Idioms & Slang,Random Distractor
pot,fertilize,water,prune,1,Noun/Concept Synonyms,care for a plant
water,head,fertilize,prune,0,Noun/Concept Synonyms,Hard Distractor
prune,pot,water,nes,0,Noun/Concept Synonyms,Random Distractor
heave,reel,pitch,lurch,1,Noun/Concept Synonyms,careen
heave,lurch,pitch,sap,0,Noun/Concept Synonyms,Hard Distractor
lurch,perch,pitch,reel,0,Noun/Concept Synonyms,Random Distractor
saw,clamp,level,file,1,Members of a Set/Entities,carpentry tools
file,saw,clamp,flatiron,0,Members of a Set/Entities,Hard Distractor
file,level,brim,clamp,0,Members of a Set/Entities,Random Distractor
scat,whistle,hum,sing,1,Noun/Concept Synonyms,carry a tune
sing,hum,whistle,clout,0,Noun/Concept Synonyms,Hard Distractor
sing,mime,scat,hum,0,Noun/Concept Synonyms,Random Distractor
harbor,hold,maintain,bear,1,Noun/Concept Synonyms,"carry, as a feeling"
maintain,rock,bear,harbor,0,Noun/Concept Synonyms,Hard Distractor
hold,bear,tool,maintain,0,Noun/Concept Synonyms,Random Distractor
foghorn,woody,woodstock,scrooge,1,Noun/Concept Synonyms,cartoon birds
scrooge,woody,foghorn,whim,0,Noun/Concept Synonyms,Hard Distractor
foghorn,lily,scrooge,woodstock,0,Noun/Concept Synonyms,Random Distractor
garfield,sylvester,tom,felix,1,Noun/Concept Synonyms,cartoon cats
sylvester,felix,tom,fringe,0,Noun/Concept Synonyms,Hard Distractor
garfield,tom,felix,clip,0,Noun/Concept Synonyms,Random Distractor
goof,lad,snoop,droop,1,Noun/Concept Synonyms,cartoon dogs minus “y”
lad,droop,goof,obscure,0,Noun/Concept Synonyms,Hard Distractor
goof,lad,snoop,houndstooth,0,Noun/Concept Synonyms,Random Distractor
jerry,speedy,pinky,itchy,1,Noun/Concept Synonyms,cartoon mice
itchy,jerry,backgammon,pinky,0,Noun/Concept Synonyms,Hard Distractor
speedy,pinky,jerry,ultra,0,Noun/Concept Synonyms,Random Distractor
lose,shed,ditch,drop,1,Noun/Concept Synonyms,cast off
jaguar,lose,drop,shed,0,Noun/Concept Synonyms,Hard Distractor
lose,darth,drop,ditch,0,Noun/Concept Synonyms,Random Distractor
russian blue,turkish angora,ragamuffin,sphynx,1,Noun/Concept Synonyms,cat breeds
pry,turkish angora,ragamuffin,russian blue,0,Noun/Concept Synonyms,Hard Distractor
turkish angora,sphynx,russian blue,taboo,0,Noun/Concept Synonyms,Random Distractor
tortoiseshell,tuxedo,calico,tabby,1,Noun/Concept Synonyms,cat coat patterns
tuxedo,tortoiseshell,tabby,dope,0,Noun/Concept Synonyms,Hard Distractor
tabby,buddy,tuxedo,calico,0,Noun/Concept Synonyms,Random Distractor
bask,sun,tan,bake,1,Noun/Concept Synonyms,catch some rays
sun,bask,goodness,bake,0,Noun/Concept Synonyms,Hard Distractor
business,tan,sun,bake,0,Noun/Concept Synonyms,Random Distractor
blanket,general,umbrella,broad,1,Noun/Concept Synonyms,catchall
blanket,umbrella,general,murphy,0,Noun/Concept Synonyms,Hard Distractor
blanket,pigeon,umbrella,general,0,Noun/Concept Synonyms,Random Distractor
bop,banger,jam,groove,1,Noun/Concept Synonyms,catchy song
cow,jam,groove,banger,0,Noun/Concept Synonyms,Hard Distractor
groove,bop,swiss,banger,0,Noun/Concept Synonyms,Random Distractor
nap,walk,tail,fish,1,Fill-in-the-Blank,cat___
ranger,tail,walk,fish,0,Fill-in-the-Blank,Hard Distractor
walk,antic,tail,fish,0,Fill-in-the-Blank,Random Distractor
cradle,pajamas,eye,meow,1,Fill-in-the-Blank,cat’s ___
meow,eye,bermuda,cradle,0,Fill-in-the-Blank,Hard Distractor
lure,eye,pajamas,cradle,0,Fill-in-the-Blank,Random Distractor
shower,birthday,anniversary,wedding,1,Noun/Concept Synonyms,celebratory occasions
anniversary,wedding,birthday,speak,0,Noun/Concept Synonyms,Hard Distractor
shot,shower,wedding,birthday,0,Noun/Concept Synonyms,Random Distractor
comet,planet,star,moon,1,Noun/Concept Synonyms,celestial objects
star,planet,poppy,comet,0,Noun/Concept Synonyms,Hard Distractor
comet,star,black,planet,0,Noun/Concept Synonyms,Random Distractor
asteroid,moon,planet,comet,1,Noun/Concept Synonyms,celestial objects
spirit,moon,asteroid,planet,0,Noun/Concept Synonyms,Hard Distractor
moon,asteroid,planet,gamble,0,Noun/Concept Synonyms,Random Distractor
silent,focus,vibrate,ring,1,Noun/Concept Synonyms,cell phone modes
focus,vibrate,clarity,silent,0,Noun/Concept Synonyms,Hard Distractor
vibrate,ring,silent,mustang,0,Noun/Concept Synonyms,Random Distractor
airplane,ring,do not disturb,vibrate,1,Noun/Concept Synonyms,cellphone modes
dry,ring,vibrate,airplane,0,Noun/Concept Synonyms,Hard Distractor
ring,ricochet,airplane,do not disturb,0,Noun/Concept Synonyms,Random Distractor
midriff,torso,core,trunk,1,Idioms & Slang,central section of the body
torso,spoiler,core,trunk,0,Idioms & Slang,Hard Distractor
boar,trunk,midriff,torso,0,Idioms & Slang,Random Distractor
rooster,leprechaun,elves,count,1,Noun/Concept Synonyms,cereal mascots
leprechaun,rooster,capsule,count,0,Noun/Concept Synonyms,Hard Distractor
rooster,count,leprechaun,cans,0,Noun/Concept Synonyms,Random Distractor
lucky,tony,pop,sam,1,Noun/Concept Synonyms,cereal mascots
shy,tony,sam,lucky,0,Noun/Concept Synonyms,Hard Distractor
tony,tripod,lucky,pop,0,Noun/Concept Synonyms,Random Distractor
store,letter,reaction,mail,1,Fill-in-the-Blank,chain ___
cab,store,letter,mail,0,Fill-in-the-Blank,Hard Distractor
letter,reaction,store,market,0,Fill-in-the-Blank,Random Distractor
pool,drawing,lottery,raffle,1,Idioms & Slang,chance to win a prize
pool,hail,lottery,drawing,0,Idioms & Slang,Hard Distractor
pool,lottery,drawing,goblin,0,Idioms & Slang,Random Distractor
renege,flip-flop,backpedal,about-face,1,Noun/Concept Synonyms,change one’s tune
about-face,flip-flop,ebb,renege,0,Noun/Concept Synonyms,Hard Distractor
backpedal,licorice,about-face,flip-flop,0,Noun/Concept Synonyms,Random Distractor
condense,freeze,melt,vaporize,1,Members of a Set/Entities,change states of matter
condense,vaporize,freeze,rover,0,Members of a Set/Entities,Hard Distractor
freeze,condense,nova,melt,0,Members of a Set/Entities,Random Distractor
medium,platform,venue,outlet,1,Noun/Concept Synonyms,channel
medium,platform,denim,outlet,0,Noun/Concept Synonyms,Hard Distractor
coordinate,medium,outlet,platform,0,Noun/Concept Synonyms,Random Distractor
q,m,moneypenny,bond,1,Trivia/Pop Culture,characters in bond movies
moneypenny,bond,float,m,0,Trivia/Pop Culture,Hard Distractor
moneypenny,barley,m,bond,0,Trivia/Pop Culture,Random Distractor
solo,emperor,chewie,boba,1,Trivia/Pop Culture,"characters in “the empire strikes back,"" familiarly"
chewie,car,boba,solo,0,Trivia/Pop Culture,Hard Distractor
bonobo,solo,boba,chewie,0,Trivia/Pop Culture,Random Distractor
hulk,grinch,elphaba,shrek,1,Trivia/Pop Culture,characters with green skin
shrek,elphaba,birds,hulk,0,Trivia/Pop Culture,Hard Distractor
elphaba,massage,shrek,grinch,0,Trivia/Pop Culture,Random Distractor
charlie,wallace,dorothy,shaggy,1,Trivia/Pop Culture,characters with pet dogs
shaggy,princess,wallace,charlie,0,Trivia/Pop Culture,Hard Distractor
dorothy,wallace,shaggy,luxe,0,Trivia/Pop Culture,Random Distractor
jaw,yak,yap,gab,1,Idioms & Slang,"chat, informally"
yak,jaw,gab,bow,0,Idioms & Slang,Hard Distractor
foghorn,yap,yak,jaw,0,Idioms & Slang,Random Distractor
magazine,charging cable,chapstick,candy,1,Noun/Concept Synonyms,checkout line impulse buys
candy,chapstick,charging cable,temps,0,Noun/Concept Synonyms,Hard Distractor
chapstick,candy,charging cable,sorry,0,Noun/Concept Synonyms,Random Distractor
bright,bouncy,sunny,merry,1,Descriptor/Adjective Synonyms,cheerful
bright,mermaid,sunny,merry,0,Descriptor/Adjective Synonyms,Hard Distractor
merry,cataract,bright,sunny,0,Descriptor/Adjective Synonyms,Random Distractor
american,blue,swiss,jack,1,Descriptor/Adjective Synonyms,"cheeses, familiarly"
port,jack,blue,american,0,Descriptor/Adjective Synonyms,Hard Distractor
swiss,baby powder,blue,american,0,Descriptor/Adjective Synonyms,Random Distractor
ball,puff,curl,doodle,1,Noun/Concept Synonyms,cheesy corn snack unit
doodle,curl,puff,function,0,Noun/Concept Synonyms,Hard Distractor
doodle,ball,puff,newshound,0,Noun/Concept Synonyms,Random Distractor
solution,bond,element,base,1,Noun/Concept Synonyms,chemistry terms
champ,bond,solution,element,0,Noun/Concept Synonyms,Hard Distractor
solution,base,sword,bond,0,Noun/Concept Synonyms,Random Distractor
relish,savor,value,treasure,1,Descriptor/Adjective Synonyms,cherish
treasure,savor,complex,value,0,Descriptor/Adjective Synonyms,Hard Distractor
savor,value,jerk,treasure,0,Descriptor/Adjective Synonyms,Random Distractor
gambit,mate,bishop,queen,1,Noun/Concept Synonyms,chess terms
bishop,gambit,queen,sway,0,Noun/Concept Synonyms,Hard Distractor
loaf,mate,queen,bishop,0,Noun/Concept Synonyms,Random Distractor
fire,spice,kick,heat,1,Descriptor/Adjective Synonyms,chili pepper quality
zip,heat,fire,kick,0,Descriptor/Adjective Synonyms,Hard Distractor
spice,tip jar,heat,fire,0,Descriptor/Adjective Synonyms,Random Distractor
han,song,tang,ming,1,Noun/Concept Synonyms,chinese dynasties
series,han,tang,ming,0,Noun/Concept Synonyms,Hard Distractor
tang,sticks,ming,han,0,Noun/Concept Synonyms,Random Distractor
horse,tiger,dragon,rabbit,1,Members of a Set/Entities,chinese zodiac animals
rabbit,ankle,horse,tiger,0,Members of a Set/Entities,Hard Distractor
bumble,dragon,rabbit,horse,0,Members of a Set/Entities,Random Distractor
mounds,mars,crunch,chunky,1,Noun/Concept Synonyms,chocolate bars
chunky,mounds,crunch,pigpen,0,Noun/Concept Synonyms,Hard Distractor
black,chunky,crunch,mars,0,Noun/Concept Synonyms,Random Distractor
skort,dover,marsh,crunchy,1,Word Structure/Play,chocolate bars plus a letter
dover,jays,marsh,skort,0,Word Structure/Play,Hard Distractor
crunchy,plaster,marsh,skort,0,Word Structure/Play,Random Distractor
pick,cream,top,best,1,Noun/Concept Synonyms,choicest
top,best,cream,exhaust,0,Noun/Concept Synonyms,Hard Distractor
pick,top,nugget,cream,0,Noun/Concept Synonyms,Random Distractor
stocking,snowman,reindeer,mistletoe,1,Trivia/Pop Culture,christmas-related
stocking,mistletoe,scott,reindeer,0,Trivia/Pop Culture,Hard Distractor
stocking,reindeer,snowman,pip,0,Trivia/Pop Culture,Random Distractor
record,register,log,journal,1,Noun/Concept Synonyms,chronicle
journal,register,log,reach,0,Noun/Concept Synonyms,Hard Distractor
journal,record,register,quad,0,Noun/Concept Synonyms,Random Distractor
cherish,have,love,hold,1,Idioms & Slang,church of england wedding vow verbs
casino,have,hold,love,0,Idioms & Slang,Hard Distractor
flops,hold,have,love,0,Idioms & Slang,Random Distractor
mint,mango,tamarind,tomato,1,Noun/Concept Synonyms,chutney varieties
intend,mango,tamarind,tomato,0,Noun/Concept Synonyms,Hard Distractor
mint,mango,tamarind,taps,0,Noun/Concept Synonyms,Random Distractor
gall,cheek,nerve,brass,1,Noun/Concept Synonyms,chutzpah
nerve,gall,brass,ring,0,Noun/Concept Synonyms,Hard Distractor
brass,nerve,cheek,torn,0,Noun/Concept Synonyms,Random Distractor
hoop,circle,band,ring,1,Noun/Concept Synonyms,circular shapes
hoop,band,chocolate,circle,0,Noun/Concept Synonyms,Hard Distractor
band,person,ring,hoop,0,Noun/Concept Synonyms,Random Distractor
lp,pupil,full moon,pizza pie,1,Members of a Set/Entities,circular things
sequin,pizza pie,lp,pupil,0,Members of a Set/Entities,Hard Distractor
bank,pizza pie,full moon,pupil,0,Members of a Set/Entities,Random Distractor
bath,reading,derby,sandwich,1,Members of a Set/Entities,cities and towns in england
bath,pharma,derby,sandwich,0,Members of a Set/Entities,Hard Distractor
juliet,reading,sandwich,derby,0,Members of a Set/Entities,Random Distractor
lincoln,lagos,luxor,limerick,1,Members of a Set/Entities,cities beginning with “l”
lagos,luxor,stooge,lincoln,0,Members of a Set/Entities,Hard Distractor
farm,lincoln,limerick,luxor,0,Members of a Set/Entities,Random Distractor
sprite,starry,squirt,crush,1,Noun/Concept Synonyms,citrus sodas
starry,squirt,crush,scarf,0,Noun/Concept Synonyms,Hard Distractor
crush,roost,sprite,starry,0,Noun/Concept Synonyms,Random Distractor
roam,soul,niece,deli,1,Word Structure/Play,city homophones
deli,niece,roam,grown,0,Word Structure/Play,Hard Distractor
soul,roam,assume,deli,0,Word Structure/Play,Random Distractor
medium,psychic,mystic,oracle,1,Noun/Concept Synonyms,clairvoyant
oracle,link,psychic,mystic,0,Noun/Concept Synonyms,Hard Distractor
mystic,future,psychic,oracle,0,Noun/Concept Synonyms,Random Distractor
heat,armageddon,speed,hard boiled,1,Trivia/Pop Culture,classic '90s action films
speed,armageddon,heat,boardwalk,0,Trivia/Pop Culture,Hard Distractor
blocks,heat,speed,hard boiled,0,Trivia/Pop Culture,Random Distractor
asteroids,pong,frogger,breakout,1,Descriptor/Adjective Synonyms,classic arcade games
anchor,breakout,frogger,pong,0,Descriptor/Adjective Synonyms,Hard Distractor
frogger,pong,breakout,gemstone,0,Descriptor/Adjective Synonyms,Random Distractor
centipede,asteroids,breakout,defender,1,Descriptor/Adjective Synonyms,classic atari games
asteroids,breakout,merry,defender,0,Descriptor/Adjective Synonyms,Hard Distractor
asteroids,condo,breakout,centipede,0,Descriptor/Adjective Synonyms,Random Distractor
clippers,cape,gel,brush,1,Descriptor/Adjective Synonyms,classic barbershop supplies
clippers,brush,nick,gel,0,Descriptor/Adjective Synonyms,Hard Distractor
brush,candlestick,cape,gel,0,Descriptor/Adjective Synonyms,Random Distractor
operation,mastermind,sorry,mouse trap,1,Descriptor/Adjective Synonyms,classic board games
audience,mouse trap,operation,sorry,0,Descriptor/Adjective Synonyms,Hard Distractor
times,operation,sorry,mastermind,0,Descriptor/Adjective Synonyms,Random Distractor
sour,punch,sling,fizz,1,Descriptor/Adjective Synonyms,classic cocktail types
fizz,sling,sour,assess,0,Descriptor/Adjective Synonyms,Hard Distractor
extract,sling,fizz,sour,0,Descriptor/Adjective Synonyms,Random Distractor
comic,record,stamp,coin,1,Members of a Set/Entities,classic collection items
stamp,fairy,comic,coin,0,Members of a Set/Entities,Hard Distractor
record,coin,cousin,comic,0,Members of a Set/Entities,Random Distractor
fido,rover,lucky,spot,1,Members of a Set/Entities,classic dog names
lucky,rover,spot,coin,0,Members of a Set/Entities,Hard Distractor
spot,lucky,espresso,fido,0,Members of a Set/Entities,Random Distractor
fluffy,rover,rex,spot,1,Members of a Set/Entities,classic dog names
spot,carousel,rex,rover,0,Members of a Set/Entities,Hard Distractor
rover,fluffy,dew,rex,0,Members of a Set/Entities,Random Distractor
feud,wheel,pyramid,millionaire,1,Trivia/Pop Culture,"classic game shows, familiarly"
wood,millionaire,pyramid,feud,0,Trivia/Pop Culture,Hard Distractor
wheel,millionaire,grayscale,pyramid,0,Trivia/Pop Culture,Random Distractor
witch,clown,pirate,angel,1,Descriptor/Adjective Synonyms,classic halloween costumes
pirate,critical,witch,clown,0,Descriptor/Adjective Synonyms,Hard Distractor
clown,pirate,rat,witch,0,Descriptor/Adjective Synonyms,Random Distractor
bar,chicken,light bulb,knock-knock,1,Descriptor/Adjective Synonyms,classic joke staples
chicken,knock-knock,light bulb,frogger,0,Descriptor/Adjective Synonyms,Hard Distractor
chicken,light bulb,knock-knock,omen,0,Descriptor/Adjective Synonyms,Random Distractor
flamingo,pinwheel,gnome,fountain,1,Descriptor/Adjective Synonyms,classic lawn ornaments
pinwheel,gnome,flamingo,extremity,0,Descriptor/Adjective Synonyms,Hard Distractor
gnome,flamingo,guild,pinwheel,0,Descriptor/Adjective Synonyms,Random Distractor
speaker,screen,projector,reel,1,Members of a Set/Entities,classic movie theater equipment
reel,speaker,vacuum,projector,0,Members of a Set/Entities,Hard Distractor
reel,cereal,speaker,screen,0,Members of a Set/Entities,Random Distractor
compass,mermaid,swallow,anchor,1,Descriptor/Adjective Synonyms,classic nautical tattoos
spoil,compass,anchor,mermaid,0,Descriptor/Adjective Synonyms,Hard Distractor
imitation,compass,mermaid,anchor,0,Descriptor/Adjective Synonyms,Random Distractor
fishbowl,charades,werewolf,categories,1,Descriptor/Adjective Synonyms,classic party games
charades,categories,revise,werewolf,0,Descriptor/Adjective Synonyms,Hard Distractor
fishbowl,charades,premier,categories,0,Descriptor/Adjective Synonyms,Random Distractor
rush,genesis,kansas,yes,1,Trivia/Pop Culture,classic rock bands
martian,kansas,rush,yes,0,Trivia/Pop Culture,Hard Distractor
mane,rush,kansas,yes,0,Trivia/Pop Culture,Random Distractor
fruit,skull,pitcher,tablecloth,1,Descriptor/Adjective Synonyms,classic still life components
skull,pitcher,tablecloth,cape,0,Descriptor/Adjective Synonyms,Hard Distractor
skull,pitcher,fruit,n.f.l.,0,Descriptor/Adjective Synonyms,Random Distractor
tights,mask,underwear,cape,1,Descriptor/Adjective Synonyms,classic superhero wear
underwear,mask,tights,drop,0,Descriptor/Adjective Synonyms,Hard Distractor
tights,diamond,underwear,cape,0,Descriptor/Adjective Synonyms,Random Distractor
dragon,heart,rose,anchor,1,Descriptor/Adjective Synonyms,classic tattoos
anchor,heart,rose,point,0,Descriptor/Adjective Synonyms,Hard Distractor
heart,irons,dragon,anchor,0,Descriptor/Adjective Synonyms,Random Distractor
yo-yo,doll,top,blocks,1,Descriptor/Adjective Synonyms,classic toys
blocks,yo-yo,segment,doll,0,Descriptor/Adjective Synonyms,Hard Distractor
yo-yo,doll,piece of cake,top,0,Descriptor/Adjective Synonyms,Random Distractor
blocks,ball,jacks,train,1,Descriptor/Adjective Synonyms,classic toys
train,husky,blocks,jacks,0,Descriptor/Adjective Synonyms,Hard Distractor
ball,train,blocks,semblance,0,Descriptor/Adjective Synonyms,Random Distractor
water,fire,air,earth,1,Noun/Concept Synonyms,classical elements
purse,earth,fire,water,0,Noun/Concept Synonyms,Hard Distractor
vocal,water,earth,air,0,Noun/Concept Synonyms,Random Distractor
photoshop,fix,airbrush,touch up,1,Idioms & Slang,"clean up, as a photograph"
touch up,fix,airbrush,primary,0,Idioms & Slang,Hard Distractor
airbrush,photoshop,touch up,bluto,0,Idioms & Slang,Random Distractor
mop,broom,rag,sponge,1,Action/Verb Synonyms,cleaning supplies
mop,broom,stable,rag,0,Action/Verb Synonyms,Hard Distractor
tiger,broom,mop,sponge,0,Action/Verb Synonyms,Random Distractor
vacuum,sweep,mop,dust,1,Action/Verb Synonyms,cleaning verbs
dust,flounder,sweep,vacuum,0,Action/Verb Synonyms,Hard Distractor
rear,mop,vacuum,sweep,0,Action/Verb Synonyms,Random Distractor
mud,a bell,crystal,day,1,Fill-in-the-Blank,clear as ___
rice,crystal,a bell,day,0,Fill-in-the-Blank,Hard Distractor
crystal,mud,hidden,a bell,0,Fill-in-the-Blank,Random Distractor
trap,corner,surround,tree,1,Noun/Concept Synonyms,close in on
surround,trap,rinse,tree,0,Noun/Concept Synonyms,Hard Distractor
tree,certain,surround,trap,0,Noun/Concept Synonyms,Random Distractor
snug,sleek,clingy,slinky,1,Action/Verb Synonyms,close-fitting
sleek,rapids,clingy,slinky,0,Action/Verb Synonyms,Hard Distractor
mature,sleek,clingy,slinky,0,Action/Verb Synonyms,Random Distractor
sandwich,soda,med,music,1,Fill-in-the-Blank,club ___
sandwich,bread,music,med,0,Fill-in-the-Blank,Hard Distractor
skillet,soda,sandwich,med,0,Fill-in-the-Blank,Random Distractor
mustard,scarlet,plum,green,1,Trivia/Pop Culture,clue characters
bah,green,scarlet,mustard,0,Trivia/Pop Culture,Hard Distractor
scarlet,mustache,mustard,green,0,Trivia/Pop Culture,Random Distractor
fingerprint,tire mark,hair,fiber,1,Idioms & Slang,clues at a crime scene
hair,tire mark,scrunch,fingerprint,0,Idioms & Slang,Hard Distractor
fingerprint,close,fiber,tire mark,0,Idioms & Slang,Random Distractor
flop,bust,dud,miss,1,Noun/Concept Synonyms,clunker
flop,octopus,dud,miss,0,Noun/Concept Synonyms,Hard Distractor
bust,flop,miss,surge,0,Noun/Concept Synonyms,Random Distractor
cherry,olive,mint,twist,1,Noun/Concept Synonyms,cocktail garnishes
olive,twist,cheat,cherry,0,Noun/Concept Synonyms,Hard Distractor
twist,cherry,par,mint,0,Noun/Concept Synonyms,Random Distractor
muddle,garnish,stir,strain,1,Action/Verb Synonyms,cocktail-making verbs
garnish,function,stir,muddle,0,Action/Verb Synonyms,Hard Distractor
applaud,stir,strain,muddle,0,Action/Verb Synonyms,Random Distractor
sea breeze,greyhound,cosmopolitan,screwdriver,1,Noun/Concept Synonyms,cocktails
cosmopolitan,screwdriver,tony,greyhound,0,Noun/Concept Synonyms,Hard Distractor
mime,screwdriver,greyhound,cosmopolitan,0,Noun/Concept Synonyms,Random Distractor
screwdriver,cosmopolitan,manhattan,hurricane,1,Noun/Concept Synonyms,cocktails
manhattan,screwdriver,hurricane,map,0,Noun/Concept Synonyms,Hard Distractor
cosmopolitan,sister,hurricane,screwdriver,0,Noun/Concept Synonyms,Random Distractor
libre,sling,mule,mama,1,Members of a Set/Entities,cocktails minus place names
sling,mule,mama,goggles,0,Members of a Set/Entities,Hard Distractor
check,sling,mama,libre,0,Members of a Set/Entities,Random Distractor
lid,stirrer,straw,cup,1,Members of a Set/Entities,coffee counter items
stirrer,lid,cotton swab,cup,0,Members of a Set/Entities,Hard Distractor
lid,refer,cup,straw,0,Members of a Set/Entities,Random Distractor
cappuccino,latte,americano,espresso,1,Noun/Concept Synonyms,coffee drinks
latte,espresso,cappuccino,hubris,0,Noun/Concept Synonyms,Hard Distractor
espresso,winner,cappuccino,americano,0,Noun/Concept Synonyms,Random Distractor
associate,fellow,peer,partner,1,Noun/Concept Synonyms,colleague
charm,associate,peer,partner,0,Noun/Concept Synonyms,Hard Distractor
partner,peer,backbone,associate,0,Noun/Concept Synonyms,Random Distractor
gather,reap,harvest,pick,1,Idioms & Slang,"collect, as from an orchard"
magician,harvest,reap,gather,0,Idioms & Slang,Hard Distractor
harvest,gather,canvass,pick,0,Idioms & Slang,Random Distractor
set,array,battery,series,1,Noun/Concept Synonyms,collection
series,battery,knitting needles,array,0,Noun/Concept Synonyms,Hard Distractor
senator,set,array,battery,0,Noun/Concept Synonyms,Random Distractor
fund,pot,pool,kitty,1,Descriptor/Adjective Synonyms,collection of money
party,pool,pot,fund,0,Descriptor/Adjective Synonyms,Hard Distractor
kitty,tarmac,fund,pool,0,Descriptor/Adjective Synonyms,Random Distractor
gaggle,parliament,murder,charm,1,Descriptor/Adjective Synonyms,collective nouns for birds
charm,parliament,edge,murder,0,Descriptor/Adjective Synonyms,Hard Distractor
charm,parliament,murder,metroid,0,Descriptor/Adjective Synonyms,Random Distractor
wolverine,sooner,volunteer,gator,1,Members of a Set/Entities,college football team members
volunteer,wolverine,sooner,as,0,Members of a Set/Entities,Hard Distractor
volunteer,gator,feather,sooner,0,Members of a Set/Entities,Random Distractor
gate,core,pilled,mania,1,Word Structure/Play,colloquial suffixes
core,gate,mania,wanda,0,Word Structure/Play,Hard Distractor
gate,pilled,core,dishwasher,0,Word Structure/Play,Random Distractor
lube,genre,dre,gary,1,Word Structure/Play,color anagrams
why,dre,genre,gary,0,Word Structure/Play,Hard Distractor
genre,yard,lube,gary,0,Word Structure/Play,Random Distractor
blew,rows,choral,read,1,Word Structure/Play,color homophones
read,blew,rev,choral,0,Word Structure/Play,Hard Distractor
rows,glob,read,blew,0,Word Structure/Play,Random Distractor
pastel,grayscale,neutral,neon,1,Noun/Concept Synonyms,color types
buzz,neon,neutral,grayscale,0,Noun/Concept Synonyms,Hard Distractor
neon,sorts,grayscale,neutral,0,Noun/Concept Synonyms,Random Distractor
pink,violet,brown,turquoise,1,Noun/Concept Synonyms,colors
pink,brown,violet,dish,0,Noun/Concept Synonyms,Hard Distractor
curse,violet,turquoise,pink,0,Noun/Concept Synonyms,Random Distractor
yellow,green,blue,white,1,Noun/Concept Synonyms,colors in brazil’s flag
green,drop,white,yellow,0,Noun/Concept Synonyms,Hard Distractor
progressive,green,yellow,blue,0,Noun/Concept Synonyms,Random Distractor
lack,ink,old,range,1,Word Structure/Play,colors minus their first letters
ink,lack,ewe,old,0,Word Structure/Play,Hard Distractor
lack,ink,range,tigers,0,Word Structure/Play,Random Distractor
frown,mellow,preen,clue,1,Word Structure/Play,colors with their first letters changed
mellow,aunt,frown,preen,0,Word Structure/Play,Hard Distractor
frown,clue,score,mellow,0,Word Structure/Play,Random Distractor
titanic,great,giant,mammoth,1,Noun/Concept Synonyms,colossal
titanic,giant,monitor,mammoth,0,Noun/Concept Synonyms,Hard Distractor
titanic,mammoth,canal,great,0,Noun/Concept Synonyms,Random Distractor
blend,stir,fold,beat,1,Noun/Concept Synonyms,"combine, as baking ingredients"
beat,blend,stir,date,0,Noun/Concept Synonyms,Hard Distractor
stir,golden,blend,fold,0,Noun/Concept Synonyms,Random Distractor
sound,look,appear,seem,1,Noun/Concept Synonyms,come across as
appear,bottom,look,seem,0,Noun/Concept Synonyms,Hard Distractor
seem,naval,look,sound,0,Noun/Concept Synonyms,Random Distractor
land,perch,settle,roost,1,Noun/Concept Synonyms,come down to rest
seuss,land,perch,roost,0,Noun/Concept Synonyms,Hard Distractor
perch,land,settle,forearm,0,Noun/Concept Synonyms,Random Distractor
routine,joke,bit,sketch,1,Noun/Concept Synonyms,comedian’s output
routine,brush,bit,sketch,0,Noun/Concept Synonyms,Hard Distractor
sketch,request,bit,joke,0,Noun/Concept Synonyms,Random Distractor
routine,bit,act,set,1,Noun/Concept Synonyms,comedian’s performance
queen,bit,set,routine,0,Noun/Concept Synonyms,Hard Distractor
essential,set,bit,routine,0,Noun/Concept Synonyms,Random Distractor
gag,bit,sketch,act,1,Descriptor/Adjective Synonyms,comedic routine
gag,bit,sketch,trash,0,Descriptor/Adjective Synonyms,Hard Distractor
gag,post,act,sketch,0,Descriptor/Adjective Synonyms,Random Distractor
loafer,croc,slipper,moccasin,1,Noun/Concept Synonyms,comfy shoes
croc,lock,loafer,moccasin,0,Noun/Concept Synonyms,Hard Distractor
loafer,vote,moccasin,croc,0,Noun/Concept Synonyms,Random Distractor
snap,ouch,burn,zing,1,Noun/Concept Synonyms,comment after an insult
zing,snap,ouch,bask,0,Noun/Concept Synonyms,Hard Distractor
snap,ouch,lording,burn,0,Noun/Concept Synonyms,Random Distractor
company,firm,enterprise,agency,1,Noun/Concept Synonyms,commercial organization
enterprise,company,agency,little,0,Noun/Concept Synonyms,Hard Distractor
firm,enterprise,company,parallel,0,Noun/Concept Synonyms,Random Distractor
write,author,compose,pen,1,Noun/Concept Synonyms,commit to paper
sweat,pen,author,write,0,Noun/Concept Synonyms,Hard Distractor
write,crush,pen,compose,0,Noun/Concept Synonyms,Random Distractor
dice,cards,board,pieces,1,Idioms & Slang,common components of board games
dice,torch,board,cards,0,Idioms & Slang,Hard Distractor
board,m&m,dice,cards,0,Idioms & Slang,Random Distractor
ambergris,musk,vanilla,rose,1,Noun/Concept Synonyms,common perfume ingredients
tree,musk,ambergris,vanilla,0,Noun/Concept Synonyms,Hard Distractor
musk,garlic,vanilla,rose,0,Noun/Concept Synonyms,Random Distractor
sub,auto,semi,post,1,Word Structure/Play,common prefixes
semi,create,sub,auto,0,Word Structure/Play,Hard Distractor
auto,feather,semi,post,0,Word Structure/Play,Random Distractor
tote,tote,tee,mug,1,Members of a Set/Entities,common swag items
tote,tee,bernie,mug,0,Members of a Set/Entities,Hard Distractor
tote,bluest,mug,tee,0,Members of a Set/Entities,Random Distractor
pen,hat,tee,water bottle,1,Members of a Set/Entities,common swag items
tee,pen,sandwich,water bottle,0,Members of a Set/Entities,Hard Distractor
hat,water bottle,pen,ape,0,Members of a Set/Entities,Random Distractor
power-up,boss,health,level,1,Noun/Concept Synonyms,common video game features
level,trim,health,boss,0,Noun/Concept Synonyms,Hard Distractor
whistler,level,power-up,boss,0,Noun/Concept Synonyms,Random Distractor
text,correspond,write,message,1,Noun/Concept Synonyms,communicate through writing
correspond,write,outside,message,0,Noun/Concept Synonyms,Hard Distractor
ibex,correspond,write,text,0,Noun/Concept Synonyms,Random Distractor
greyhound,caterpillar,dove,puma,1,Members of a Set/Entities,companies named after animals
caterpillar,greyhound,nevada,dove,0,Members of a Set/Entities,Hard Distractor
shrinkage,dove,caterpillar,greyhound,0,Members of a Set/Entities,Random Distractor
ink,harmony,trade,bay,1,Noun/Concept Synonyms,companies with “e” removed
harmony,trade,ink,gutter,0,Noun/Concept Synonyms,Hard Distractor
ink,harmony,rhinestone,trade,0,Noun/Concept Synonyms,Random Distractor
house,concern,outfit,firm,1,Descriptor/Adjective Synonyms,company
outfit,firm,impact,concern,0,Descriptor/Adjective Synonyms,Hard Distractor
outfit,firm,shoulder,concern,0,Descriptor/Adjective Synonyms,Random Distractor
equity,shares,stocks,options,1,Noun/Concept Synonyms,company ownership offers
equity,shares,options,story,0,Noun/Concept Synonyms,Hard Distractor
stocks,equity,ending,options,0,Noun/Concept Synonyms,Random Distractor
minute,baby,compact,toy,1,Noun/Concept Synonyms,comparatively small
compact,baby,toy,click,0,Noun/Concept Synonyms,Hard Distractor
tuck,compact,toy,minute,0,Noun/Concept Synonyms,Random Distractor
shoot,ride,fence,swim,1,Idioms & Slang,compete in a modern pentathlon
swim,ride,fence,marble,0,Idioms & Slang,Hard Distractor
ride,shoot,swim,handle,0,Idioms & Slang,Random Distractor
bellyache,crab,carp,grumble,1,Noun/Concept Synonyms,complain
crab,grumble,bull,carp,0,Noun/Concept Synonyms,Hard Distractor
bellyache,carp,grumble,ripped,0,Noun/Concept Synonyms,Random Distractor
mown,wine,whale,grown,1,Word Structure/Play,complaint homophones
mown,grown,why,wine,0,Word Structure/Play,Hard Distractor
amethyst,mown,wine,grown,0,Word Structure/Play,Random Distractor
lap,revolution,orbit,circuit,1,Noun/Concept Synonyms,complete turn
lap,circuit,cow,orbit,0,Noun/Concept Synonyms,Hard Distractor
circuit,revolution,orbit,television,0,Noun/Concept Synonyms,Random Distractor
elaborate,complex,involved,baroque,1,Noun/Concept Synonyms,complicated
complex,elaborate,monitor,involved,0,Noun/Concept Synonyms,Hard Distractor
complex,involved,moma,baroque,0,Noun/Concept Synonyms,Random Distractor
bouquet,veil,train,bustle,1,Idioms & Slang,components of a bride’s ensemble
bouquet,train,veil,hydrate,0,Idioms & Slang,Hard Distractor
bouquet,grumble,bustle,train,0,Idioms & Slang,Random Distractor
cylinder,spring,tumbler,pin,1,Noun/Concept Synonyms,components of a lock
tumbler,spring,cylinder,jump,0,Noun/Concept Synonyms,Hard Distractor
spring,tumbler,barrel,cylinder,0,Noun/Concept Synonyms,Random Distractor
clue,detective,alibi,suspect,1,Descriptor/Adjective Synonyms,components of a mystery
suspect,doctor,clue,detective,0,Descriptor/Adjective Synonyms,Hard Distractor
clue,suspect,goldfish,detective,0,Descriptor/Adjective Synonyms,Random Distractor
cheese,sauce,crust,toppings,1,Noun/Concept Synonyms,components of a pizza
sauce,toppings,tundra,cheese,0,Noun/Concept Synonyms,Hard Distractor
cheese,crust,sauce,paragraph,0,Noun/Concept Synonyms,Random Distractor
protein,dressing,cheese,lettuce,1,Noun/Concept Synonyms,components of a salad
home,dressing,cheese,lettuce,0,Noun/Concept Synonyms,Hard Distractor
nada,lettuce,dressing,protein,0,Noun/Concept Synonyms,Random Distractor
insert,jacket,sleeve,record,1,Noun/Concept Synonyms,components of an lp
sleeve,omelet,insert,record,0,Noun/Concept Synonyms,Hard Distractor
sleeve,tungsten,record,insert,0,Noun/Concept Synonyms,Random Distractor
rim,temple,bridge,lens,1,Noun/Concept Synonyms,components of eyeglasses
broad,rim,lens,temple,0,Noun/Concept Synonyms,Hard Distractor
bridge,jiff,temple,lens,0,Noun/Concept Synonyms,Random Distractor
genie,egg,toothpaste,bell,1,Members of a Set/Entities,components of metaphors for things that can’t be undone
cinderella,egg,bell,toothpaste,0,Members of a Set/Entities,Hard Distractor
genie,toothpaste,mile,egg,0,Members of a Set/Entities,Random Distractor
attendance,papers,final,homework,1,Noun/Concept Synonyms,components of one’s grade
papers,sick,attendance,homework,0,Noun/Concept Synonyms,Hard Distractor
final,viola,attendance,papers,0,Noun/Concept Synonyms,Random Distractor
cross,hybrid,blend,compound,1,Noun/Concept Synonyms,composite
compound,hybrid,walk,cross,0,Noun/Concept Synonyms,Hard Distractor
compound,blend,cross,busboy,0,Noun/Concept Synonyms,Random Distractor
speaker,monitor,mouse,keyboard,1,Members of a Set/Entities,computer equipment
monitor,keyboard,mouse,shoulder,0,Members of a Set/Entities,Hard Distractor
keyboard,monitor,wolf eel,speaker,0,Members of a Set/Entities,Random Distractor
mouse,microphone,scanner,tablet,1,Noun/Concept Synonyms,computer input devices
mouse,microphone,grinder,scanner,0,Noun/Concept Synonyms,Hard Distractor
mouse,tablet,element,microphone,0,Noun/Concept Synonyms,Random Distractor
sting,racket,scheme,hustle,1,Noun/Concept Synonyms,con game
sting,swallow,scheme,racket,0,Noun/Concept Synonyms,Hard Distractor
thirst,racket,hustle,sting,0,Noun/Concept Synonyms,Random Distractor
ding,divot,dent,dimple,1,Descriptor/Adjective Synonyms,concavity
hunky-dory,dent,ding,dimple,0,Descriptor/Adjective Synonyms,Hard Distractor
dimple,ding,dent,mix,0,Descriptor/Adjective Synonyms,Random Distractor
block,hide,mask,cover,1,Noun/Concept Synonyms,conceal
style,hide,block,mask,0,Noun/Concept Synonyms,Hard Distractor
cover,hide,propel,mask,0,Noun/Concept Synonyms,Random Distractor
block,cover,hide,obscure,1,Noun/Concept Synonyms,conceal
hide,recognition,cover,obscure,0,Noun/Concept Synonyms,Hard Distractor
cover,block,hide,coffee,0,Noun/Concept Synonyms,Random Distractor
shrinkage,regifting,yada yada,festivus,1,Noun/Concept Synonyms,concepts from “seinfeld”
yada yada,shrinkage,record,regifting,0,Noun/Concept Synonyms,Hard Distractor
sheepshank,regifting,yada yada,shrinkage,0,Noun/Concept Synonyms,Random Distractor
plaque,tartar,cavity,calculus,1,Noun/Concept Synonyms,concerns for a dentist
bunk,cavity,tartar,calculus,0,Noun/Concept Synonyms,Hard Distractor
molecule,plaque,cavity,calculus,0,Noun/Concept Synonyms,Random Distractor
cocktail,mixture,compound,solution,1,Noun/Concept Synonyms,concoction
joker,solution,mixture,compound,0,Noun/Concept Synonyms,Hard Distractor
solution,ladder,compound,mixture,0,Noun/Concept Synonyms,Random Distractor
mayo,tartar,relish,ketchup,1,Noun/Concept Synonyms,condiments
tartar,kelly,ketchup,relish,0,Noun/Concept Synonyms,Hard Distractor
tartar,capital,mayo,ketchup,0,Noun/Concept Synonyms,Random Distractor
might,could,can,may,1,Noun/Concept Synonyms,conditional words
can,could,may,keep,0,Noun/Concept Synonyms,Hard Distractor
might,can,may,funky chicken,0,Noun/Concept Synonyms,Random Distractor
good,fine,mint,fair,1,Noun/Concept Synonyms,conditions for collectibles
copy,good,fair,mint,0,Noun/Concept Synonyms,Hard Distractor
good,sea,fine,fair,0,Noun/Concept Synonyms,Random Distractor
drain,sewer,pipe,duct,1,Noun/Concept Synonyms,conduits for water removal
drain,duct,healthy,sewer,0,Noun/Concept Synonyms,Hard Distractor
sewer,pipe,drain,amazon,0,Noun/Concept Synonyms,Random Distractor
lolly,sucker,sweet,candy,1,Noun/Concept Synonyms,confection
sucker,sweet,lolly,saucer,0,Noun/Concept Synonyms,Hard Distractor
angry,sweet,sucker,candy,0,Noun/Concept Synonyms,Random Distractor
accord,vest,award,grant,1,Noun/Concept Synonyms,confer
grant,hip,accord,award,0,Noun/Concept Synonyms,Hard Distractor
tripod,award,vest,grant,0,Noun/Concept Synonyms,Random Distractor
followers,sheep,puppets,lemmings,1,Noun/Concept Synonyms,conformists
followers,puppets,sheep,branch,0,Noun/Concept Synonyms,Hard Distractor
followers,como,lemmings,puppets,0,Noun/Concept Synonyms,Random Distractor
join,link,join,couple,1,Noun/Concept Synonyms,connect
link,perk,couple,join,0,Noun/Concept Synonyms,Hard Distractor
join,freeze,couple,link,0,Noun/Concept Synonyms,Random Distractor
link,unite,tie,bridge,1,Noun/Concept Synonyms,connect
link,kidney,unite,bridge,0,Noun/Concept Synonyms,Hard Distractor
link,cone,bridge,unite,0,Noun/Concept Synonyms,Random Distractor
hitch,link,tie,couple,1,Noun/Concept Synonyms,connect
link,couple,hitch,cherry,0,Noun/Concept Synonyms,Hard Distractor
couple,link,dude,tie,0,Noun/Concept Synonyms,Random Distractor
couple,unite,wed,tie,1,Noun/Concept Synonyms,connect
tie,unite,wed,stem,0,Noun/Concept Synonyms,Hard Distractor
tie,wolf eel,couple,wed,0,Noun/Concept Synonyms,Random Distractor
bond,link,relation,tie,1,Noun/Concept Synonyms,connection
bond,cross,link,relation,0,Noun/Concept Synonyms,Hard Distractor
tie,lickety,bond,link,0,Noun/Concept Synonyms,Random Distractor
coffee,fricassee,bassoon,balloon,1,Word Structure/Play,consecutive double letters
fricassee,ample,balloon,coffee,0,Word Structure/Play,Hard Distractor
balloon,bassoon,deed,coffee,0,Word Structure/Play,Random Distractor
keep,save,preserve,store,1,Noun/Concept Synonyms,conserve
store,save,silver,keep,0,Noun/Concept Synonyms,Hard Distractor
televisions,keep,store,save,0,Noun/Concept Synonyms,Random Distractor
smoking,language,action,nudity,1,Noun/Concept Synonyms,considerations for movie ratings
action,smoking,language,dig,0,Noun/Concept Synonyms,Hard Distractor
dash,language,smoking,nudity,0,Noun/Concept Synonyms,Random Distractor
knob,button,slider,switch,1,Noun/Concept Synonyms,console inputs
switch,button,us,knob,0,Noun/Concept Synonyms,Hard Distractor
knob,slider,button,stained,0,Noun/Concept Synonyms,Random Distractor
gemini,orion,cygnus,pegasus,1,Noun/Concept Synonyms,constellations
crunch,orion,gemini,pegasus,0,Noun/Concept Synonyms,Hard Distractor
cygnus,skort,gemini,orion,0,Noun/Concept Synonyms,Random Distractor
makeup,structure,composition,fabric,1,Noun/Concept Synonyms,constitution
makeup,composition,fabric,sun,0,Noun/Concept Synonyms,Hard Distractor
structure,witherspoon,makeup,fabric,0,Noun/Concept Synonyms,Random Distractor
took in,ate,put away,had,1,Noun/Concept Synonyms,consumed
hold,took in,had,put away,0,Noun/Concept Synonyms,Hard Distractor
had,ate,put away,semblance,0,Noun/Concept Synonyms,Random Distractor
demand,market,audience,appetite,1,Descriptor/Adjective Synonyms,"consumer desire, collectively"
appetite,demand,normal,audience,0,Descriptor/Adjective Synonyms,Hard Distractor
demand,appetite,plaster,audience,0,Descriptor/Adjective Synonyms,Random Distractor
number,address,email,name,1,Noun/Concept Synonyms,contact info
address,email,hit,name,0,Noun/Concept Synonyms,Hard Distractor
email,number,address,garage,0,Noun/Concept Synonyms,Random Distractor
buzz,dial,ring,call,1,Noun/Concept Synonyms,contact via phone
lens,dial,call,ring,0,Noun/Concept Synonyms,Hard Distractor
call,buzz,veg,ring,0,Noun/Concept Synonyms,Random Distractor
ring,dial,phone,call,1,Noun/Concept Synonyms,contact via telephone
phone,ring,dial,drew,0,Noun/Concept Synonyms,Hard Distractor
comb,call,dial,ring,0,Noun/Concept Synonyms,Random Distractor
house,store,keep,hold,1,Noun/Concept Synonyms,contain
hold,store,flier,house,0,Noun/Concept Synonyms,Hard Distractor
house,hunch,store,hold,0,Noun/Concept Synonyms,Random Distractor
cork,cap,tab,lid,1,Noun/Concept Synonyms,container closures
tab,cork,cap,enough,0,Noun/Concept Synonyms,Hard Distractor
faculty,cork,cap,lid,0,Noun/Concept Synonyms,Random Distractor
chest,basket,hamper,bin,1,Noun/Concept Synonyms,containers
hamper,chest,crush,bin,0,Noun/Concept Synonyms,Hard Distractor
basket,strong,hamper,chest,0,Noun/Concept Synonyms,Random Distractor
muse,ponder,reflect,brood,1,Noun/Concept Synonyms,contemplate
brood,reflect,switch,ponder,0,Noun/Concept Synonyms,Hard Distractor
scrape,brood,muse,reflect,0,Noun/Concept Synonyms,Random Distractor
cage,eno,reich,glass,1,Noun/Concept Synonyms,contemporary composers
cage,snoop,eno,glass,0,Noun/Concept Synonyms,Hard Distractor
cage,strand,glass,reich,0,Noun/Concept Synonyms,Random Distractor
whale,astronaut,pea,coffee,1,Noun/Concept Synonyms,contents of a pod
pea,gem,astronaut,coffee,0,Noun/Concept Synonyms,Hard Distractor
observe,coffee,pea,whale,0,Noun/Concept Synonyms,Random Distractor
consecutive,straight,nonstop,solid,1,Descriptor/Adjective Synonyms,continuous
solid,nonstop,sum,straight,0,Descriptor/Adjective Synonyms,Hard Distractor
consecutive,nonstop,view,solid,0,Descriptor/Adjective Synonyms,Random Distractor
warped,bent,twisted,gnarly,1,Noun/Concept Synonyms,contorted
gnarly,festivity,bent,twisted,0,Noun/Concept Synonyms,Hard Distractor
gnarly,cask,warped,twisted,0,Noun/Concept Synonyms,Random Distractor
direct,write,act,produce,1,Noun/Concept Synonyms,contribute to a movie
direct,hogwash,produce,act,0,Noun/Concept Synonyms,Hard Distractor
direct,produce,write,cactus,0,Noun/Concept Synonyms,Random Distractor
garnish,oversight,sanction,cleave,1,Word Structure/Play,contronyms (words that can mean opposite things)
pocket,oversight,sanction,garnish,0,Word Structure/Play,Hard Distractor
sparkles,garnish,sanction,oversight,0,Word Structure/Play,Random Distractor
accessible,close,handy,nearby,1,Noun/Concept Synonyms,conveniently located
nearby,dig,handy,accessible,0,Noun/Concept Synonyms,Hard Distractor
mobile,handy,accessible,nearby,0,Noun/Concept Synonyms,Random Distractor
grill,char,brown,sear,1,Noun/Concept Synonyms,cook in a pan
cobra,brown,grill,char,0,Noun/Concept Synonyms,Hard Distractor
char,brown,jumble,grill,0,Noun/Concept Synonyms,Random Distractor
boil,blanch,steam,poach,1,Idioms & Slang,cook with heat and water
parfait,boil,steam,poach,0,Idioms & Slang,Hard Distractor
steam,boil,poach,grate,0,Idioms & Slang,Random Distractor
triangle,star,circle,umbrella,1,Idioms & Slang,cookie cutter shapes in “squid game”
psych,triangle,umbrella,star,0,Idioms & Slang,Hard Distractor
japan,triangle,umbrella,star,0,Idioms & Slang,Random Distractor
batter,paste,dough,mixture,1,Action/Verb Synonyms,cooking concoctions
batter,lane,paste,mixture,0,Action/Verb Synonyms,Hard Distractor
mixture,crunchy,dough,paste,0,Action/Verb Synonyms,Random Distractor
crock,casserole,pan,pot,1,Action/Verb Synonyms,cooking vessels
pan,kill bill,crock,casserole,0,Action/Verb Synonyms,Hard Distractor
crock,2001,pan,pot,0,Action/Verb Synonyms,Random Distractor
skillet,wok,pot,crock,1,Noun/Concept Synonyms,cookwear
crock,pot,steal,skillet,0,Noun/Concept Synonyms,Hard Distractor
wok,crock,caveat,skillet,0,Noun/Concept Synonyms,Random Distractor
lit,tight,sick,fire,1,Noun/Concept Synonyms,"cool, in slang"
lit,fire,sick,dreams,0,Noun/Concept Synonyms,Hard Distractor
fire,sick,tight,pine tree,0,Noun/Concept Synonyms,Random Distractor
fly,fresh,rad,ill,1,Noun/Concept Synonyms,"cool, in ’80s slang"
carp,ill,rad,fly,0,Noun/Concept Synonyms,Hard Distractor
passion,rad,ill,fly,0,Noun/Concept Synonyms,Random Distractor
bad,fly,rad,bad,1,Noun/Concept Synonyms,"cool, in ’80s slang"
fly,set,rad,bad,0,Noun/Concept Synonyms,Hard Distractor
fly,bad,montana,bad,0,Noun/Concept Synonyms,Random Distractor
ok,hunky-dory,fine,swell,1,Descriptor/Adjective Synonyms,copacetic
hunky-dory,marbles,fine,ok,0,Descriptor/Adjective Synonyms,Hard Distractor
ok,hunky-dory,edge,swell,0,Descriptor/Adjective Synonyms,Random Distractor
writer,cat,pasta,right,1,Fill-in-the-Blank,copy___
flag,right,pasta,cat,0,Fill-in-the-Blank,Hard Distractor
cat,writer,luxe,pasta,0,Fill-in-the-Blank,Random Distractor
heart,substance,essence,crux,1,Noun/Concept Synonyms,core
essence,substance,crumble,crux,0,Noun/Concept Synonyms,Hard Distractor
heart,payday,essence,crux,0,Noun/Concept Synonyms,Random Distractor
crunch,plank,boat,mountain climber,1,Noun/Concept Synonyms,core exercises
boat,plank,mountain climber,train,0,Noun/Concept Synonyms,Hard Distractor
boat,mountain climber,crunch,paris,0,Noun/Concept Synonyms,Random Distractor
syrup,maze,muffin,silk,1,Members of a Set/Entities,corn-y things
silk,maze,syrup,washcloth,0,Members of a Set/Entities,Hard Distractor
silk,maze,busy,syrup,0,Members of a Set/Entities,Random Distractor
crook,angle,elbow,bend,1,Noun/Concept Synonyms,corners
buckle,angle,crook,elbow,0,Noun/Concept Synonyms,Hard Distractor
pillar,angle,bend,crook,0,Noun/Concept Synonyms,Random Distractor
sales,legal,it,finance,1,Noun/Concept Synonyms,corporate departments
it,sales,finance,grouse,0,Noun/Concept Synonyms,Hard Distractor
legal,zero,sales,finance,0,Noun/Concept Synonyms,Random Distractor
oeuvre,body,works,canon,1,Noun/Concept Synonyms,corpus
field,body,oeuvre,canon,0,Noun/Concept Synonyms,Hard Distractor
body,pack,oeuvre,works,0,Noun/Concept Synonyms,Random Distractor
suit,complement,match,fit,1,Noun/Concept Synonyms,correspond well with
complement,fit,match,everyday,0,Noun/Concept Synonyms,Hard Distractor
fit,hawk,match,suit,0,Noun/Concept Synonyms,Random Distractor
interaction,exchange,contact,dealings,1,Noun/Concept Synonyms,correspondence
interaction,exchange,contact,believe,0,Noun/Concept Synonyms,Hard Distractor
interaction,dealings,contact,suite,0,Noun/Concept Synonyms,Random Distractor
low,dirty,vile,base,1,Noun/Concept Synonyms,corrupt
vile,dirty,low,bunker,0,Noun/Concept Synonyms,Hard Distractor
base,vile,low,cusp,0,Noun/Concept Synonyms,Random Distractor
figure,amount,value,price,1,Noun/Concept Synonyms,cost
price,figure,amount,windbag,0,Noun/Concept Synonyms,Hard Distractor
price,forge,figure,amount,0,Noun/Concept Synonyms,Random Distractor
referee,prisoner,mime,sailor,1,Noun/Concept Synonyms,costumes with striped shirts
mime,bib,sailor,referee,0,Noun/Concept Synonyms,Hard Distractor
referee,prisoner,shape,mime,0,Noun/Concept Synonyms,Random Distractor
bogus,sham,fake,phony,1,Noun/Concept Synonyms,counterfeit
profanity,bogus,phony,fake,0,Noun/Concept Synonyms,Hard Distractor
fake,phony,snooze,sham,0,Noun/Concept Synonyms,Random Distractor
jordan,togo,georgia,chad,1,Members of a Set/Entities,countries
togo,plain,georgia,jordan,0,Members of a Set/Entities,Hard Distractor
togo,solo,chad,jordan,0,Members of a Set/Entities,Random Distractor
wanda,inland,olivia,ran,1,Word Structure/Play,countries minus first letter
monte,wanda,ran,olivia,0,Word Structure/Play,Hard Distractor
ran,olivia,inland,tchotchke,0,Word Structure/Play,Random Distractor
tong,chin,malt,cub,1,Members of a Set/Entities,countries when “a” is added
whole,chin,cub,tong,0,Members of a Set/Entities,Hard Distractor
malt,cub,stock,tong,0,Members of a Set/Entities,Random Distractor
poland,japan,turkey,tunisia,1,Members of a Set/Entities,countries with red and white flags
japan,diamond,tunisia,poland,0,Members of a Set/Entities,Hard Distractor
poland,japan,insect,turkey,0,Members of a Set/Entities,Random Distractor
action,suit,claim,case,1,Noun/Concept Synonyms,court filing
robot,suit,action,claim,0,Noun/Concept Synonyms,Hard Distractor
suit,claim,case,gay,0,Noun/Concept Synonyms,Random Distractor
smear,plaster,cake,coat,1,Idioms & Slang,cover with a thick layer
cake,plaster,smear,participant,0,Idioms & Slang,Hard Distractor
pinch,smear,coat,cake,0,Idioms & Slang,Random Distractor
cap,top,lid,cover,1,Noun/Concept Synonyms,coverings
top,cap,lid,mantle,0,Noun/Concept Synonyms,Hard Distractor
cover,venus de milo,lid,cap,0,Noun/Concept Synonyms,Random Distractor
sour,cross,sore,prickly,1,Descriptor/Adjective Synonyms,crabby
valley,sore,prickly,sour,0,Descriptor/Adjective Synonyms,Hard Distractor
prickly,box,cross,sour,0,Descriptor/Adjective Synonyms,Random Distractor
pack,jam,stuff,ram,1,Noun/Concept Synonyms,cram
jam,iguana,stuff,pack,0,Noun/Concept Synonyms,Hard Distractor
stuff,jam,divine,pack,0,Noun/Concept Synonyms,Random Distractor
wedge,jam,stuff,shoehorn,1,Noun/Concept Synonyms,cram
jam,stuff,wedge,open,0,Noun/Concept Synonyms,Hard Distractor
campaign,wedge,stuff,jam,0,Noun/Concept Synonyms,Random Distractor
shoehorn,sandwich,wedge,squeeze,1,Noun/Concept Synonyms,cram
set,wedge,sandwich,shoehorn,0,Noun/Concept Synonyms,Hard Distractor
katz,squeeze,sandwich,wedge,0,Noun/Concept Synonyms,Random Distractor
squeeze,stuff,jam,pack,1,Idioms & Slang,cram into a tight space
jam,grid,squeeze,pack,0,Idioms & Slang,Hard Distractor
stuff,jam,grace,pack,0,Idioms & Slang,Random Distractor
pit,cavity,hollow,hole,1,Noun/Concept Synonyms,crater
pit,hollow,camp,hole,0,Noun/Concept Synonyms,Hard Distractor
pit,cavity,hole,anther,0,Noun/Concept Synonyms,Random Distractor
crimp,tease,feather,curl,1,Idioms & Slang,create some volume/texture in hair
tease,crimp,curl,eggplant,0,Idioms & Slang,Hard Distractor
feather,tease,crimp,tweet,0,Idioms & Slang,Random Distractor
produce,bear,yield,generate,1,Noun/Concept Synonyms,"create, as results"
claves,bear,produce,generate,0,Noun/Concept Synonyms,Hard Distractor
produce,yield,spice,bear,0,Noun/Concept Synonyms,Random Distractor
gnome,troll,ogre,goblin,1,Members of a Set/Entities,creatures in folklore
goblin,troll,canine,ogre,0,Members of a Set/Entities,Hard Distractor
ogre,goblin,gnome,na,0,Members of a Set/Entities,Random Distractor
badge,ticket,pass,invite,1,Descriptor/Adjective Synonyms,credentials for entry
invite,ticket,pass,utensils,0,Descriptor/Adjective Synonyms,Hard Distractor
invite,crepe paper,pass,badge,0,Descriptor/Adjective Synonyms,Random Distractor
number,expiration,name,zip,1,Noun/Concept Synonyms,credit card info
name,zip,number,perhaps,0,Noun/Concept Synonyms,Hard Distractor
name,number,leafy greens,expiration,0,Noun/Concept Synonyms,Random Distractor
moon,croissant,banana,sickle,1,Members of a Set/Entities,crescent-shaped things
sickle,croissant,moon,whac-a-mole,0,Members of a Set/Entities,Hard Distractor
banana,moon,voice,croissant,0,Members of a Set/Entities,Random Distractor
ring,syndicate,crew,family,1,Noun/Concept Synonyms,crime organization
ring,family,era,syndicate,0,Noun/Concept Synonyms,Hard Distractor
recorder,family,crew,syndicate,0,Noun/Concept Synonyms,Random Distractor
trash,knock,slam,blast,1,Noun/Concept Synonyms,criticize
earl,slam,blast,knock,0,Noun/Concept Synonyms,Hard Distractor
trash,blast,slam,remote,0,Noun/Concept Synonyms,Random Distractor
roast,knock,pan,slam,1,Noun/Concept Synonyms,criticize
punt,pan,slam,roast,0,Noun/Concept Synonyms,Hard Distractor
slam,chai,pan,roast,0,Noun/Concept Synonyms,Random Distractor
skewer,blast,flame,slam,1,Noun/Concept Synonyms,criticize
skewer,pound,flame,slam,0,Noun/Concept Synonyms,Hard Distractor
slam,skewer,flame,develop,0,Noun/Concept Synonyms,Random Distractor
bash,slam,knock,pan,1,Noun/Concept Synonyms,criticize
slam,gum,bash,pan,0,Noun/Concept Synonyms,Hard Distractor
pan,matlock,knock,bash,0,Noun/Concept Synonyms,Random Distractor
flame,blast,roast,bash,1,Descriptor/Adjective Synonyms,criticize harshly
bash,blast,spark,flame,0,Descriptor/Adjective Synonyms,Hard Distractor
roast,blast,flame,status,0,Descriptor/Adjective Synonyms,Random Distractor
pepper,cucumber,corn,tomato,1,Noun/Concept Synonyms,crops
cucumber,funk,pepper,tomato,0,Noun/Concept Synonyms,Hard Distractor
cucumber,corn,tomato,stand-up,0,Noun/Concept Synonyms,Random Distractor
crumple,ball,wad,scrunch,1,Idioms & Slang,crush into a compact shape
cannonball,crumple,wad,ball,0,Idioms & Slang,Hard Distractor
scrunch,ball,little spoon,crumple,0,Idioms & Slang,Random Distractor
ice,sugar,die,bouillon,1,Noun/Concept Synonyms,cube-shaped
ice,bouillon,horsefeathers,sugar,0,Noun/Concept Synonyms,Hard Distractor
sugar,die,juke,ice,0,Noun/Concept Synonyms,Random Distractor
draw close,nuzzle,spoon,hold tight,1,Noun/Concept Synonyms,cuddle
draw close,nuzzle,spoon,eternal,0,Noun/Concept Synonyms,Hard Distractor
nuzzle,pile,hold tight,draw close,0,Noun/Concept Synonyms,Random Distractor
crank,grump,crab,grouch,1,Noun/Concept Synonyms,curmudgeon
crab,grouch,crank,ditch,0,Noun/Concept Synonyms,Hard Distractor
crank,crab,grump,affair,0,Noun/Concept Synonyms,Random Distractor
condition,state,form,shape,1,Noun/Concept Synonyms,current situation
shape,condition,form,buzz,0,Noun/Concept Synonyms,Hard Distractor
form,shape,vampire,state,0,Noun/Concept Synonyms,Random Distractor
pox,jinx,hex,spell,1,Noun/Concept Synonyms,curse
jinx,spell,pox,study,0,Noun/Concept Synonyms,Hard Distractor
education,spell,pox,jinx,0,Noun/Concept Synonyms,Random Distractor
profanity,swearing,four-letter words,expletives,1,Noun/Concept Synonyms,curses
shift,expletives,four-letter words,profanity,0,Noun/Concept Synonyms,Hard Distractor
expletives,four-letter words,profanity,crossword,0,Noun/Concept Synonyms,Random Distractor
chop,dice,mince,cube,1,Members of a Set/Entities,cut into pieces
mummy,mince,dice,chop,0,Members of a Set/Entities,Hard Distractor
ceiling fan,mince,cube,dice,0,Members of a Set/Entities,Random Distractor
deck,cord,cheese,mustard,1,Fill-in-the-Blank,cut the ___
cheese,cord,hockey,deck,0,Fill-in-the-Blank,Hard Distractor
🐑,cheese,cord,mustard,0,Fill-in-the-Blank,Random Distractor
round,flank,shank,loin,1,Noun/Concept Synonyms,cuts of beef
shank,round,happy,flank,0,Noun/Concept Synonyms,Hard Distractor
loin,rex,flank,round,0,Noun/Concept Synonyms,Random Distractor
loin,chuck,round,flank,1,Noun/Concept Synonyms,cuts of beef
flank,chuck,round,behold,0,Noun/Concept Synonyms,Hard Distractor
round,loin,chuck,collectible,0,Noun/Concept Synonyms,Random Distractor
shoulder,belly,chop,hock,1,Noun/Concept Synonyms,cuts of pork
hock,chop,puff,shoulder,0,Noun/Concept Synonyms,Hard Distractor
chop,shoulder,grey,hock,0,Noun/Concept Synonyms,Random Distractor
roll,scroll,bolt,reel,1,Noun/Concept Synonyms,cylinder of material
reel,scroll,oxygen,roll,0,Noun/Concept Synonyms,Hard Distractor
scroll,bolt,syrup,reel,0,Noun/Concept Synonyms,Random Distractor
roller,silo,spool,can,1,Members of a Set/Entities,cylinder-shaped things
roller,dog,silo,can,0,Members of a Set/Entities,Hard Distractor
can,galileo,roller,spool,0,Members of a Set/Entities,Random Distractor
discog,promo,bally,raven,1,Word Structure/Play,dance events plus a letter
promo,panama,bally,raven,0,Word Structure/Play,Hard Distractor
raven,bally,seclude,discog,0,Word Structure/Play,Random Distractor
macarena,mashed potato,dougie,twist,1,Noun/Concept Synonyms,dance fads
right,twist,macarena,mashed potato,0,Noun/Concept Synonyms,Hard Distractor
mashed potato,jacks,macarena,twist,0,Noun/Concept Synonyms,Random Distractor
cabbage patch,floss,moonwalk,robot,1,Noun/Concept Synonyms,dance moves
lottery,moonwalk,floss,robot,0,Noun/Concept Synonyms,Hard Distractor
robot,floss,moonwalk,kinder,0,Noun/Concept Synonyms,Random Distractor
floss,vogue,worm,robot,1,Noun/Concept Synonyms,dance moves
floss,stay,worm,vogue,0,Noun/Concept Synonyms,Hard Distractor
robot,reindeer,vogue,floss,0,Noun/Concept Synonyms,Random Distractor
modern,tap,jazz,swing,1,Noun/Concept Synonyms,dance styles
sap,tap,modern,swing,0,Noun/Concept Synonyms,Hard Distractor
walk,jazz,modern,swing,0,Noun/Concept Synonyms,Random Distractor
hustle,swing,tango,salsa,1,Noun/Concept Synonyms,dances
iodine,swing,tango,salsa,0,Noun/Concept Synonyms,Hard Distractor
swing,salsa,hustle,yak,0,Noun/Concept Synonyms,Random Distractor
cha,can,go,nae,1,Noun/Concept Synonyms,dances when doubled
can,go,nae,conch,0,Noun/Concept Synonyms,Hard Distractor
go,nae,star,cha,0,Noun/Concept Synonyms,Random Distractor
smart,sharp,tidy,neat,1,Noun/Concept Synonyms,dapper
neat,mean,smart,tidy,0,Noun/Concept Synonyms,Hard Distractor
tidy,sharp,pillowcase,neat,0,Noun/Concept Synonyms,Random Distractor
matter,ages,chocolate,horse,1,Fill-in-the-Blank,dark ___
ages,matter,cadet,horse,0,Fill-in-the-Blank,Hard Distractor
matter,horse,chocolate,toppings,0,Fill-in-the-Blank,Random Distractor
dear,boo,love,baby,1,Action/Verb Synonyms,darling
dear,snuggling,love,baby,0,Action/Verb Synonyms,Hard Distractor
baby,boo,dear,games,0,Action/Verb Synonyms,Random Distractor
range,mode,median,mean,1,Noun/Concept Synonyms,data set data
present,range,mean,median,0,Noun/Concept Synonyms,Hard Distractor
range,mean,topknot,mode,0,Noun/Concept Synonyms,Random Distractor
block,match,message,swipe,1,Action/Verb Synonyms,dating app actions
match,block,marigold,message,0,Action/Verb Synonyms,Hard Distractor
swipe,message,nets,match,0,Action/Verb Synonyms,Random Distractor
match,tinder,bumble,hinge,1,Action/Verb Synonyms,dating apps
hinge,match,benefit,tinder,0,Action/Verb Synonyms,Hard Distractor
tinder,match,tumble,hinge,0,Action/Verb Synonyms,Random Distractor
thursday,sunday,saturday,friday,1,Noun/Concept Synonyms,days of the week
saturday,tidal wave,thursday,sunday,0,Noun/Concept Synonyms,Hard Distractor
thursday,sunday,show off,saturday,0,Noun/Concept Synonyms,Random Distractor
lust,pride,envy,greed,1,Noun/Concept Synonyms,deadly sins
pride,crumble,greed,envy,0,Noun/Concept Synonyms,Hard Distractor
lust,envy,caterpillar,greed,0,Noun/Concept Synonyms,Random Distractor
field,handle,tackle,manage,1,Noun/Concept Synonyms,deal with
field,club,handle,tackle,0,Noun/Concept Synonyms,Hard Distractor
handle,manage,angers,tackle,0,Noun/Concept Synonyms,Random Distractor
address,field,answer,handle,1,Noun/Concept Synonyms,deal with
field,address,endorse,answer,0,Noun/Concept Synonyms,Hard Distractor
spout,handle,address,field,0,Noun/Concept Synonyms,Random Distractor
bluff,front,act,charade,1,Noun/Concept Synonyms,deceit
extra,bluff,front,charade,0,Noun/Concept Synonyms,Hard Distractor
bluff,act,charade,carat,0,Noun/Concept Synonyms,Random Distractor
dupe,con,trick,fool,1,Descriptor/Adjective Synonyms,deceive
dupe,fringe,trick,con,0,Descriptor/Adjective Synonyms,Hard Distractor
fool,dupe,pound down,con,0,Descriptor/Adjective Synonyms,Random Distractor
rout,romp,blowout,sweep,1,Descriptor/Adjective Synonyms,decisive victory
rout,blowout,dent,sweep,0,Descriptor/Adjective Synonyms,Hard Distractor
duckling,blowout,sweep,romp,0,Descriptor/Adjective Synonyms,Random Distractor
dip,ebb,fade,sink,1,Noun/Concept Synonyms,decline
sink,american flag,dip,ebb,0,Noun/Concept Synonyms,Hard Distractor
fade,ebb,sink,voltage,0,Noun/Concept Synonyms,Random Distractor
fall,drop,wane,flag,1,Noun/Concept Synonyms,decline
fall,glass,drop,flag,0,Noun/Concept Synonyms,Hard Distractor
drop,parsley,flag,wane,0,Noun/Concept Synonyms,Random Distractor
drop,fall,sink,dip,1,Noun/Concept Synonyms,decline
fall,drop,dip,hold,0,Noun/Concept Synonyms,Hard Distractor
sink,fedora,drop,dip,0,Noun/Concept Synonyms,Random Distractor
frill,fringe,trim,border,1,Descriptor/Adjective Synonyms,decorative edge
border,phantom,trim,fringe,0,Descriptor/Adjective Synonyms,Hard Distractor
frill,hooch,border,trim,0,Descriptor/Adjective Synonyms,Random Distractor
ebb,drop,decline,dwindle,1,Noun/Concept Synonyms,decrease
decline,string,dwindle,drop,0,Noun/Concept Synonyms,Hard Distractor
dwindle,robot,decline,ebb,0,Noun/Concept Synonyms,Random Distractor
judge,consider,regard,count,1,Noun/Concept Synonyms,deem
count,judge,consider,flick,0,Noun/Concept Synonyms,Hard Distractor
count,chicken little,regard,consider,0,Noun/Concept Synonyms,Random Distractor
samosa,katsu,falafel,schnitzel,1,Noun/Concept Synonyms,deep-fried food
bottle,falafel,schnitzel,samosa,0,Noun/Concept Synonyms,Hard Distractor
loose,katsu,schnitzel,falafel,0,Noun/Concept Synonyms,Random Distractor
trash,rout,shellac,crush,1,Descriptor/Adjective Synonyms,defeat badly
rout,shellac,crush,fluke,0,Descriptor/Adjective Synonyms,Hard Distractor
flail,trash,rout,crush,0,Descriptor/Adjective Synonyms,Random Distractor
cream,lick,smoke,paste,1,Descriptor/Adjective Synonyms,defeat soundly
cape,smoke,lick,cream,0,Descriptor/Adjective Synonyms,Hard Distractor
lick,smoke,cream,part one,0,Descriptor/Adjective Synonyms,Random Distractor
delay,shelve,table,postpone,1,Noun/Concept Synonyms,defer
postpone,table,cookware,shelve,0,Noun/Concept Synonyms,Hard Distractor
table,shelve,bonds,delay,0,Noun/Concept Synonyms,Random Distractor
sorry,blue,hangdog,down,1,Noun/Concept Synonyms,dejected
down,perfect,hangdog,blue,0,Noun/Concept Synonyms,Hard Distractor
down,blue,hangdog,bread,0,Noun/Concept Synonyms,Random Distractor
roll,hero,wrap,bun,1,Noun/Concept Synonyms,deli bread options
hero,roll,wrap,home,0,Noun/Concept Synonyms,Hard Distractor
roll,wrap,wish,hero,0,Noun/Concept Synonyms,Random Distractor
reflection,thought,scrutiny,consideration,1,Noun/Concept Synonyms,deliberation
scrutiny,thought,crate,reflection,0,Noun/Concept Synonyms,Hard Distractor
reflection,scrutiny,marker,consideration,0,Noun/Concept Synonyms,Random Distractor
light,mild,faint,soft,1,Noun/Concept Synonyms,delicate
mild,light,amp,faint,0,Noun/Concept Synonyms,Hard Distractor
soft,faint,knee,light,0,Noun/Concept Synonyms,Random Distractor
send,mail,post,ship,1,Noun/Concept Synonyms,"deliver, as a package"
post,viking,send,ship,0,Noun/Concept Synonyms,Hard Distractor
chick,post,ship,send,0,Noun/Concept Synonyms,Random Distractor
symbol,expression,token,gesture,1,Noun/Concept Synonyms,"demonstration, as of appreciation"
token,gesture,collection,expression,0,Noun/Concept Synonyms,Hard Distractor
expression,token,symbol,corona,0,Noun/Concept Synonyms,Random Distractor
filling,veneer,crown,bridge,1,Noun/Concept Synonyms,dental additions
veneer,thong,filling,bridge,0,Noun/Concept Synonyms,Hard Distractor
veneer,bridge,crown,absent,0,Noun/Concept Synonyms,Random Distractor
crown,cavity,filling,plaque,1,Noun/Concept Synonyms,dental terms
lock,filling,crown,plaque,0,Noun/Concept Synonyms,Hard Distractor
filling,crown,mock,cavity,0,Noun/Concept Synonyms,Random Distractor
degree,axe,old spice,secret,1,Noun/Concept Synonyms,deodorants
axe,sweet,secret,degree,0,Noun/Concept Synonyms,Hard Distractor
degree,old spice,contact,secret,0,Noun/Concept Synonyms,Random Distractor
book,split,run,bounce,1,Descriptor/Adjective Synonyms,depart quickly
rest,book,split,run,0,Descriptor/Adjective Synonyms,Hard Distractor
book,bounce,bread,run,0,Descriptor/Adjective Synonyms,Random Distractor
arm,wing,branch,chapter,1,Noun/Concept Synonyms,department
wing,acorn,branch,chapter,0,Noun/Concept Synonyms,Random Distractor
clock,branch,ant,melting,1,Idioms & Slang,depicted in dalí’s “the persistence of memory”
array,ant,melting,branch,0,Idioms & Slang,Hard Distractor
melting,branch,clock,bridge,0,Idioms & Slang,Random Distractor
drain,sap,empty,exhaust,1,Noun/Concept Synonyms,deplete
rib,drain,sap,exhaust,0,Noun/Concept Synonyms,Hard Distractor
herald,empty,exhaust,drain,0,Noun/Concept Synonyms,Random Distractor
lay,place,put,set,1,Noun/Concept Synonyms,"deposit, with “down”"
set,put,rock,lay,0,Noun/Concept Synonyms,Hard Distractor
kiss,place,lay,set,0,Noun/Concept Synonyms,Random Distractor
tail,seat,backside,caboose,1,Noun/Concept Synonyms,derriere
tail,backside,seat,meet,0,Noun/Concept Synonyms,Hard Distractor
tail,seat,cookbook,caboose,0,Noun/Concept Synonyms,Random Distractor
martini,desert,humor,teetotaler,1,Noun/Concept Synonyms,described as dry
humor,spear,teetotaler,desert,0,Noun/Concept Synonyms,Hard Distractor
martini,teetotaler,desert,doggy,0,Noun/Concept Synonyms,Random Distractor
right,just,fair,due,1,Noun/Concept Synonyms,deserved
right,just,filling,fair,0,Noun/Concept Synonyms,Hard Distractor
right,due,🧀,fair,0,Noun/Concept Synonyms,Random Distractor
drive,itch,impulse,urge,1,Noun/Concept Synonyms,desire
drive,melt,itch,urge,0,Noun/Concept Synonyms,Hard Distractor
itch,drive,urge,organize,0,Noun/Concept Synonyms,Random Distractor
abstain,cease,avoid,refrain,1,Noun/Concept Synonyms,desist
avoid,refrain,cut,abstain,0,Noun/Concept Synonyms,Hard Distractor
teller,avoid,refrain,abstain,0,Noun/Concept Synonyms,Random Distractor
mousse,cobbler,tiramisu,pie,1,Noun/Concept Synonyms,desserts
james,mousse,pie,tiramisu,0,Noun/Concept Synonyms,Hard Distractor
mousse,pie,steam,cobbler,0,Noun/Concept Synonyms,Random Distractor
flan,cake,tart,cheesecake,1,Noun/Concept Synonyms,desserts
vinaigrette,tart,cake,cheesecake,0,Noun/Concept Synonyms,Hard Distractor
tart,inner tube,flan,cheesecake,0,Noun/Concept Synonyms,Random Distractor
particular,elaborate,thorough,minute,1,Noun/Concept Synonyms,detailed
minute,elaborate,bottle,thorough,0,Noun/Concept Synonyms,Hard Distractor
particular,thorough,elaborate,flake,0,Noun/Concept Synonyms,Random Distractor
drew,holmes,hardy,brown,1,Noun/Concept Synonyms,detectives of kid-lit
drew,brown,holmes,gemini,0,Noun/Concept Synonyms,Hard Distractor
drew,hardy,coin,brown,0,Noun/Concept Synonyms,Random Distractor
all,era,tide,gain,1,Noun/Concept Synonyms,detergents
flub,era,gain,tide,0,Noun/Concept Synonyms,Hard Distractor
elegance,tide,era,all,0,Noun/Concept Synonyms,Random Distractor
brainstorm,workshop,spitball,ideate,1,Noun/Concept Synonyms,"develop, as ideas"
haute,brainstorm,ideate,spitball,0,Noun/Concept Synonyms,Hard Distractor
spitball,draconian,workshop,brainstorm,0,Noun/Concept Synonyms,Random Distractor
concoct,engineer,hatch,mastermind,1,Noun/Concept Synonyms,devise
hatch,counter,engineer,concoct,0,Noun/Concept Synonyms,Hard Distractor
hatch,mastermind,engineer,lunch,0,Noun/Concept Synonyms,Random Distractor
opposite,counter,reverse,polar,1,Descriptor/Adjective Synonyms,diametric
opposite,bit,counter,reverse,0,Descriptor/Adjective Synonyms,Hard Distractor
opposite,reverse,penny,polar,0,Descriptor/Adjective Synonyms,Random Distractor
carat,clarity,cut,color,1,Noun/Concept Synonyms,diamond qualities
carat,color,fish,cut,0,Noun/Concept Synonyms,Hard Distractor
carat,color,rocker,cut,0,Noun/Concept Synonyms,Random Distractor
pip,bucket,scrooge,twist,1,Trivia/Pop Culture,dickens characters
came,scrooge,pip,twist,0,Trivia/Pop Culture,Hard Distractor
twist,homeroom,scrooge,bucket,0,Trivia/Pop Culture,Random Distractor
lock,wisp,strand,head,1,Noun/Concept Synonyms,different amounts of hair
lock,wisp,head,settle,0,Noun/Concept Synonyms,Hard Distractor
cure,head,wisp,strand,0,Noun/Concept Synonyms,Random Distractor
ding,chime,ping,ring,1,Noun/Concept Synonyms,digital notification sounds
ping,chime,funk,ring,0,Noun/Concept Synonyms,Hard Distractor
ping,chime,ding,stay,0,Noun/Concept Synonyms,Random Distractor
alarm,date,light,stopwatch,1,Noun/Concept Synonyms,digital watch features
stopwatch,date,bio,light,0,Noun/Concept Synonyms,Hard Distractor
stopwatch,shoe,date,light,0,Noun/Concept Synonyms,Random Distractor
ranch,marinara,aioli,barbecue,1,Action/Verb Synonyms,dipping sauces
marinara,ranch,aioli,trim,0,Action/Verb Synonyms,Hard Distractor
sausage,barbecue,ranch,marinara,0,Action/Verb Synonyms,Random Distractor
dozen,pool,martini,word,1,Fill-in-the-Blank,dirty ___
pool,word,dozen,demon,0,Fill-in-the-Blank,Hard Distractor
dozen,martini,monocle,pool,0,Fill-in-the-Blank,Random Distractor
rice,laundry,joke,blonde,1,Fill-in-the-Blank,dirty ___
joke,laundry,blonde,nations,0,Fill-in-the-Blank,Hard Distractor
chayote,blonde,rice,joke,0,Fill-in-the-Blank,Random Distractor
scrap,end,dissolve,sunset,1,Noun/Concept Synonyms,discontinue
dissolve,end,sunset,bank,0,Noun/Concept Synonyms,Hard Distractor
dissolve,grate,scrap,sunset,0,Noun/Concept Synonyms,Random Distractor
promotion,sale,deal,special,1,Noun/Concept Synonyms,discount
sale,platter,deal,special,0,Noun/Concept Synonyms,Hard Distractor
toes,special,sale,deal,0,Noun/Concept Synonyms,Random Distractor
normal,rinse,sanitize,quick,1,Noun/Concept Synonyms,dishwasher cycles
sanitize,normal,rinse,compose,0,Noun/Concept Synonyms,Hard Distractor
sanitize,vox,normal,rinse,0,Noun/Concept Synonyms,Random Distractor
scary,flounders,belled,abut,1,Word Structure/Play,disney animated characters plus a letter
belled,micro,scary,flounders,0,Word Structure/Play,Hard Distractor
abut,hermit,scary,flounders,0,Word Structure/Play,Random Distractor
dale,daisy,dory,doc,1,Trivia/Pop Culture,disney characters
dale,doc,dory,oscar,0,Trivia/Pop Culture,Hard Distractor
dory,dale,daisy,around,0,Trivia/Pop Culture,Random Distractor
goofy,daisy,lady,happy,1,Trivia/Pop Culture,disney characters
thing,goofy,happy,daisy,0,Trivia/Pop Culture,Hard Distractor
fast,daisy,lady,happy,0,Trivia/Pop Culture,Random Distractor
scar,genie,stitch,beast,1,Trivia/Pop Culture,disney characters
grinch,beast,genie,scar,0,Trivia/Pop Culture,Hard Distractor
beast,stitch,scar,let me in,0,Trivia/Pop Culture,Random Distractor
scrooge,daisy,dewey,donald,1,Trivia/Pop Culture,disney ducks
scrooge,daisy,donald,walker,0,Trivia/Pop Culture,Hard Distractor
donald,digression,dewey,scrooge,0,Trivia/Pop Culture,Random Distractor
ariel,aurora,merida,tiana,1,Trivia/Pop Culture,disney princesses
aurora,ariel,lee,tiana,0,Trivia/Pop Culture,Hard Distractor
merida,aurora,tiana,nose around,0,Trivia/Pop Culture,Random Distractor
tomorrow,frontier,fantasy,adventure,1,Trivia/Pop Culture,disneyland lands
fantasy,adventure,frontier,aurora,0,Trivia/Pop Culture,Hard Distractor
adventure,very,fantasy,frontier,0,Trivia/Pop Culture,Random Distractor
mess,pigpen,dump,sty,1,Noun/Concept Synonyms,disorderly place
sty,backpedal,dump,pigpen,0,Noun/Concept Synonyms,Hard Distractor
thread,dump,sty,pigpen,0,Noun/Concept Synonyms,Random Distractor
array,matrix,grid,table,1,Idioms & Slang,display of rows and columns
matrix,fat,table,grid,0,Idioms & Slang,Hard Distractor
matrix,bullet,table,array,0,Idioms & Slang,Random Distractor
tiff,clash,tangle,scrap,1,Noun/Concept Synonyms,dispute
ma,clash,scrap,tangle,0,Noun/Concept Synonyms,Hard Distractor
clash,smell,scrap,tiff,0,Noun/Concept Synonyms,Random Distractor
forget,discount,ignore,overlook,1,Noun/Concept Synonyms,disregard
ignore,slide,discount,forget,0,Noun/Concept Synonyms,Hard Distractor
puffing,forget,discount,overlook,0,Noun/Concept Synonyms,Random Distractor
dive,dump,hole,joint,1,Descriptor/Adjective Synonyms,disreputable establishment
hole,temper,dive,joint,0,Descriptor/Adjective Synonyms,Hard Distractor
dump,pub,joint,dive,0,Descriptor/Adjective Synonyms,Random Distractor
memory,trunk,ear,tusk,1,Idioms & Slang,distinctive features of an elephant
tetherball,tusk,ear,memory,0,Idioms & Slang,Hard Distractor
glimpse,tusk,memory,ear,0,Idioms & Slang,Random Distractor
shiva,venus de milo,octopus,slot machine,1,Idioms & Slang,distinctive number of arms (or lack thereof)
shiva,venus de milo,slot machine,bitters,0,Idioms & Slang,Hard Distractor
coast,shiva,slot machine,octopus,0,Idioms & Slang,Random Distractor
tattoo,scar,piercing,mole,1,Action/Verb Synonyms,distinguishing characteristics
scar,delicate,mole,tattoo,0,Action/Verb Synonyms,Hard Distractor
piercing,bomber,scar,tattoo,0,Action/Verb Synonyms,Random Distractor
song,number,air,strain,1,Descriptor/Adjective Synonyms,ditty
air,number,strain,stella,0,Descriptor/Adjective Synonyms,Hard Distractor
air,number,strain,curl,0,Descriptor/Adjective Synonyms,Random Distractor
fork,branch,part,split,1,Noun/Concept Synonyms,divide
part,split,range,branch,0,Noun/Concept Synonyms,Hard Distractor
fork,part,branch,motto,0,Noun/Concept Synonyms,Random Distractor
arm,chapter,branch,wing,1,Noun/Concept Synonyms,division
branch,loud,arm,chapter,0,Noun/Concept Synonyms,Hard Distractor
canyon,wing,chapter,arm,0,Noun/Concept Synonyms,Random Distractor
blab,dish,tell,spill,1,Noun/Concept Synonyms,divulge
dish,union,blab,spill,0,Noun/Concept Synonyms,Hard Distractor
tell,blab,bozo,spill,0,Noun/Concept Synonyms,Random Distractor
dish,talk,spill,tell,1,Noun/Concept Synonyms,"divulge, as private information"
tell,talk,spill,shower,0,Noun/Concept Synonyms,Hard Distractor
talk,spill,jury,tell,0,Noun/Concept Synonyms,Random Distractor
slay,rock,eat,rule,1,Action/Verb Synonyms,do exceptionally well
slay,eat,cyberspace,rock,0,Action/Verb Synonyms,Hard Distractor
rock,rule,slay,knee,0,Action/Verb Synonyms,Random Distractor
shave,shower,dress,brush,1,Action/Verb Synonyms,do some grooming
short,shower,shave,brush,0,Action/Verb Synonyms,Hard Distractor
brush,dress,sabbath,shower,0,Action/Verb Synonyms,Random Distractor
push,pitch,promote,plug,1,Action/Verb Synonyms,do some marketing for
pitch,ball,promote,plug,0,Action/Verb Synonyms,Hard Distractor
promote,fe,push,plug,0,Action/Verb Synonyms,Random Distractor
water,prune,plant,weed,1,Idioms & Slang,do some tasks in the garden
water,plant,weed,miss,0,Idioms & Slang,Hard Distractor
plant,prune,water,heyday,0,Idioms & Slang,Random Distractor
stray,fall,sin,err,1,Action/Verb Synonyms,do wrong
err,fall,sans,stray,0,Action/Verb Synonyms,Hard Distractor
sin,bucks,fall,err,0,Action/Verb Synonyms,Random Distractor
no,who,octopus,pepper,1,Noun/Concept Synonyms,doctors in pop culture
octopus,veneer,pepper,no,0,Noun/Concept Synonyms,Hard Distractor
who,lego set,no,pepper,0,Noun/Concept Synonyms,Random Distractor
sleep,fresh air,exercise,diet,1,Noun/Concept Synonyms,doctors’ orders
sleep,exercise,tango,diet,0,Noun/Concept Synonyms,Hard Distractor
exercise,sleep,fresh air,blue,0,Noun/Concept Synonyms,Random Distractor
record,tape,film,shoot,1,Noun/Concept Synonyms,document with video
tape,film,shoot,block,0,Noun/Concept Synonyms,Hard Distractor
film,fast,record,shoot,0,Noun/Concept Synonyms,Random Distractor
deed,receipt,certificate,title,1,Noun/Concept Synonyms,documents of ownership
receipt,title,buck,certificate,0,Noun/Concept Synonyms,Hard Distractor
receipt,title,pasty,deed,0,Noun/Concept Synonyms,Random Distractor
poodle,dalmatian,boxer,husky,1,Noun/Concept Synonyms,dog breeds
boxer,motivate,poodle,dalmatian,0,Noun/Concept Synonyms,Hard Distractor
boxer,dalmatian,husky,america,0,Noun/Concept Synonyms,Random Distractor
retrieve,point,box,set,1,Idioms & Slang,dog breeds minus “er” sound
point,retrieve,sugar,box,0,Idioms & Slang,Hard Distractor
plod,retrieve,point,set,0,Idioms & Slang,Random Distractor
pit,golden,bully,lab,1,Idioms & Slang,"dog breeds, informally"
golden,bully,pit,thing,0,Idioms & Slang,Hard Distractor
recognize,golden,pit,bully,0,Idioms & Slang,Random Distractor
lab,pit,chow,golden,1,Idioms & Slang,"dog breeds, informally"
pit,lab,goo,golden,0,Idioms & Slang,Hard Distractor
lab,diamond,pit,chow,0,Idioms & Slang,Random Distractor
pom,boston,lab,peke,1,Idioms & Slang,"dog breeds, informally"
pocket,lab,peke,pom,0,Idioms & Slang,Hard Distractor
pom,globe,lab,boston,0,Idioms & Slang,Random Distractor
come,heel,stay,down,1,Noun/Concept Synonyms,dog commands
heel,come,capital,down,0,Noun/Concept Synonyms,Hard Distractor
down,come,stay,shaggy,0,Noun/Concept Synonyms,Random Distractor
down,sit,stay,come,1,Noun/Concept Synonyms,dog commands
come,pin,down,stay,0,Noun/Concept Synonyms,Hard Distractor
sit,down,stay,laurel,0,Noun/Concept Synonyms,Random Distractor
heel,down,shake,come,1,Noun/Concept Synonyms,dog commands
come,down,foundation,heel,0,Noun/Concept Synonyms,Hard Distractor
heel,shake,kettle,down,0,Noun/Concept Synonyms,Random Distractor
sit,heel,speak,stay,1,Noun/Concept Synonyms,dog commands
speak,sit,ok,heel,0,Noun/Concept Synonyms,Hard Distractor
sit,speak,colossus,heel,0,Noun/Concept Synonyms,Random Distractor
bark,whine,howl,growl,1,Noun/Concept Synonyms,dog sounds
checkers,growl,howl,whine,0,Noun/Concept Synonyms,Hard Distractor
growl,acts,howl,whine,0,Noun/Concept Synonyms,Random Distractor
days,paddle,tired,tag,1,Fill-in-the-Blank,dog ___
tag,tired,landing,paddle,0,Fill-in-the-Blank,Hard Distractor
days,paddle,tag,come,0,Fill-in-the-Blank,Random Distractor
blue,toto,astro,hooch,1,Noun/Concept Synonyms,dogs of the screen
hooch,bridge,blue,toto,0,Noun/Concept Synonyms,Hard Distractor
toto,orb,blue,hooch,0,Noun/Concept Synonyms,Random Distractor
sap,clown,dweeb,turkey,1,Noun/Concept Synonyms,doofus
dweeb,sap,nail,clown,0,Noun/Concept Synonyms,Hard Distractor
flat,sap,dweeb,turkey,0,Noun/Concept Synonyms,Random Distractor
yo-yo,dope,dodo,bozo,1,Noun/Concept Synonyms,doofus
bozo,dope,reel,yo-yo,0,Noun/Concept Synonyms,Hard Distractor
dope,jackets,dodo,bozo,0,Noun/Concept Synonyms,Random Distractor
ringer,twin,clone,double,1,Noun/Concept Synonyms,doppelgänger
twin,double,clone,easy,0,Noun/Concept Synonyms,Hard Distractor
ringer,vine,twin,double,0,Noun/Concept Synonyms,Random Distractor
dribble,agent,jeopardy,jeopardy,1,Fill-in-the-Blank,double ___
agent,jeopardy,dribble,life,0,Fill-in-the-Blank,Hard Distractor
jeopardy,otto,dribble,jeopardy,0,Fill-in-the-Blank,Random Distractor
standard,dutch,space,date,1,Fill-in-the-Blank,double ___
standard,space,dutch,arcade,0,Fill-in-the-Blank,Hard Distractor
dutch,space,probe,standard,0,Fill-in-the-Blank,Random Distractor
grinch,turtle,pop,cat,1,Trivia/Pop Culture,dr. seuss title figures
cat,turtle,pop,twilight,0,Trivia/Pop Culture,Hard Distractor
critical,turtle,grinch,cat,0,Trivia/Pop Culture,Random Distractor
pepper,j,no,evil,1,Fill-in-the-Blank,dr. ___
maple,j,no,evil,0,Fill-in-the-Blank,Hard Distractor
pepper,no,monitorship,evil,0,Fill-in-the-Blank,Random Distractor
wrap,shawl,scarf,stole,1,Noun/Concept Synonyms,draped accessories
scarf,stole,pox,wrap,0,Noun/Concept Synonyms,Hard Distractor
round,scarf,stole,shawl,0,Noun/Concept Synonyms,Random Distractor
rod,bracket,curtain,hook,1,Members of a Set/Entities,drapery hanging items
bracket,hook,curtain,string,0,Members of a Set/Entities,Hard Distractor
rod,curtain,juice,bracket,0,Members of a Set/Entities,Random Distractor
minus,ding,strike,con,1,Noun/Concept Synonyms,drawback
con,minus,strike,good,0,Noun/Concept Synonyms,Hard Distractor
con,strike,ding,gutter,0,Noun/Concept Synonyms,Random Distractor
hobgoblin,bogeyman,phantom,bugbear,1,Trivia/Pop Culture,dread-inducing figures
bogeyman,hobgoblin,memory,phantom,0,Trivia/Pop Culture,Hard Distractor
bugbear,phantom,bogeyman,flounder,0,Trivia/Pop Culture,Random Distractor
conceive,picture,imagine,envision,1,Noun/Concept Synonyms,dream up
envision,conceive,picture,photo,0,Noun/Concept Synonyms,Hard Distractor
conceive,sign,imagine,picture,0,Noun/Concept Synonyms,Random Distractor
put on,wear,sport,don,1,Noun/Concept Synonyms,dress in
paint,put on,wear,don,0,Noun/Concept Synonyms,Hard Distractor
put on,hole,sport,wear,0,Noun/Concept Synonyms,Random Distractor
sword,cherry,umbrella,olive,1,Noun/Concept Synonyms,drink garnishes
yellow,umbrella,sword,cherry,0,Noun/Concept Synonyms,Hard Distractor
sword,toy,cherry,umbrella,0,Noun/Concept Synonyms,Random Distractor
stein,tumbler,snifter,goblet,1,Noun/Concept Synonyms,drink vessels
stein,snifter,joker,tumbler,0,Noun/Concept Synonyms,Hard Distractor
gauge,goblet,tumbler,snifter,0,Noun/Concept Synonyms,Random Distractor
coffee,mate,cocoa,tea,1,Noun/Concept Synonyms,drinks with caffeine
tea,plain,coffee,mate,0,Noun/Concept Synonyms,Hard Distractor
coffee,mate,buzzing,tea,0,Noun/Concept Synonyms,Random Distractor
signal,turn,brake,park,1,Action/Verb Synonyms,driving instructor directives
turn,bigwig,park,signal,0,Action/Verb Synonyms,Hard Distractor
brake,turn,kroner,park,0,Action/Verb Synonyms,Random Distractor
evil,pepper,dre,seuss,1,Noun/Concept Synonyms,drs
evil,seuss,blue,pepper,0,Noun/Concept Synonyms,Hard Distractor
evil,goldfish,pepper,dre,0,Noun/Concept Synonyms,Random Distractor
kick,snare,tom,cymbal,1,Noun/Concept Synonyms,drum set components
kick,cymbal,tom,pot,0,Noun/Concept Synonyms,Hard Distractor
snare,cymbal,mittens,tom,0,Noun/Concept Synonyms,Random Distractor
curl,press,row,fly,1,Noun/Concept Synonyms,dumbbell exercises
press,curl,fly,brad,0,Noun/Concept Synonyms,Hard Distractor
fly,row,press,spec,0,Noun/Concept Synonyms,Random Distractor
stretch,period,spell,time,1,Noun/Concept Synonyms,duration
spell,time,lead,period,0,Noun/Concept Synonyms,Hard Distractor
fe,period,spell,time,0,Noun/Concept Synonyms,Random Distractor
bowl,bunny,devil,jacket,1,Fill-in-the-Blank,dust ___
bunny,devil,halo,jacket,0,Fill-in-the-Blank,Hard Distractor
bunny,jacket,devil,enthusiast,0,Fill-in-the-Blank,Random Distractor
tulip,clog,windmill,canal,1,Members of a Set/Entities,dutch symbols
clog,canal,windmill,cherry,0,Members of a Set/Entities,Hard Distractor
clog,canal,oryx,tulip,0,Members of a Set/Entities,Random Distractor
pause,record,play,stop,1,Noun/Concept Synonyms,dvr buttons
pause,bank,record,play,0,Noun/Concept Synonyms,Hard Distractor
oral,play,stop,record,0,Noun/Concept Synonyms,Random Distractor
anvil,hammer,stirrup,cochlea,1,Noun/Concept Synonyms,ear parts
stirrup,hammer,division,anvil,0,Noun/Concept Synonyms,Hard Distractor
gross,cochlea,hammer,stirrup,0,Noun/Concept Synonyms,Random Distractor
rook,lobe,helix,conch,1,Noun/Concept Synonyms,ear piercing sites
rook,helix,lobe,baboon,0,Noun/Concept Synonyms,Hard Distractor
helix,rook,lobe,poem,0,Noun/Concept Synonyms,Random Distractor
sketch,outline,draft,plan,1,Noun/Concept Synonyms,early iteration
sketch,draft,outline,unite,0,Noun/Concept Synonyms,Hard Distractor
plan,prairie,sketch,outline,0,Noun/Concept Synonyms,Random Distractor
make,net,yield,gross,1,Noun/Concept Synonyms,earn
make,net,homework,gross,0,Noun/Concept Synonyms,Hard Distractor
essence,yield,gross,make,0,Noun/Concept Synonyms,Random Distractor
wig,drum,mark,wax,1,Fill-in-the-Blank,ear___
wax,mark,drum,liver,0,Fill-in-the-Blank,Hard Distractor
wax,cycle,drum,wig,0,Fill-in-the-Blank,Random Distractor
bunny,sunday,island,egg,1,Fill-in-the-Blank,easter ___
bunny,island,egg,one,0,Fill-in-the-Blank,Hard Distractor
sunday,mail,island,bunny,0,Fill-in-the-Blank,Random Distractor
street,chair,money,listening,1,Fill-in-the-Blank,easy ___
jell,money,chair,street,0,Fill-in-the-Blank,Hard Distractor
street,chair,minor,listening,0,Fill-in-the-Blank,Random Distractor
graze,peck,nibble,snack,1,Noun/Concept Synonyms,eat a little
snack,regard,peck,nibble,0,Noun/Concept Synonyms,Hard Distractor
peck,earl,graze,snack,0,Noun/Concept Synonyms,Random Distractor
scarf,scarf,gulp,inhale,1,Descriptor/Adjective Synonyms,eat voraciously
scarf,inhale,divide,gulp,0,Descriptor/Adjective Synonyms,Hard Distractor
gulp,inhale,apologies,scarf,0,Descriptor/Adjective Synonyms,Random Distractor
wolf,gobble,down,wolf,1,Descriptor/Adjective Synonyms,eat voraciously
down,wolf,a cappella,wolf,0,Descriptor/Adjective Synonyms,Hard Distractor
down,collect,gobble,wolf,0,Descriptor/Adjective Synonyms,Random Distractor
bolt,gobble,scarf,down,1,Descriptor/Adjective Synonyms,eat voraciously
down,gobble,bolt,sum,0,Descriptor/Adjective Synonyms,Hard Distractor
buy,gobble,down,scarf,0,Descriptor/Adjective Synonyms,Random Distractor
gorge,scarf,gulp,wolf,1,Descriptor/Adjective Synonyms,eat voraciously
scarf,wolf,nickelodeon,gorge,0,Descriptor/Adjective Synonyms,Hard Distractor
scarf,gulp,wolf,tiramisu,0,Descriptor/Adjective Synonyms,Random Distractor
pope,bishop,prior,pastor,1,Noun/Concept Synonyms,ecclesiastical titles
pastor,freezing,prior,bishop,0,Noun/Concept Synonyms,Hard Distractor
pope,geoduck,bishop,pastor,0,Noun/Concept Synonyms,Random Distractor
prior,pastor,cardinal,bishop,1,Noun/Concept Synonyms,ecclesiastical titles
bishop,pastor,cardinal,cedar,0,Noun/Concept Synonyms,Hard Distractor
cardinal,pastor,phat,prior,0,Noun/Concept Synonyms,Random Distractor
canyon,tunnel,zoom call,hallway,1,Noun/Concept Synonyms,echoey places
hallway,zoom call,ambergris,canyon,0,Noun/Concept Synonyms,Hard Distractor
hallway,canyon,studio,tunnel,0,Noun/Concept Synonyms,Random Distractor
akeem,foley,donkey,dolittle,1,Noun/Concept Synonyms,eddie murphy roles
dolittle,akeem,watch,donkey,0,Noun/Concept Synonyms,Hard Distractor
foley,blue,akeem,donkey,0,Noun/Concept Synonyms,Random Distractor
undo,copy,paste,cut,1,Noun/Concept Synonyms,edit menu commands
undo,cut,copy,cheerleader,0,Noun/Concept Synonyms,Hard Distractor
copy,doggy,cut,undo,0,Noun/Concept Synonyms,Random Distractor
froth,fizz,bubbles,foam,1,Noun/Concept Synonyms,effervescence
foam,froth,bubbles,tale,0,Noun/Concept Synonyms,Hard Distractor
foam,relation,fizz,froth,0,Noun/Concept Synonyms,Random Distractor
smooth,graceful,fluid,natural,1,Descriptor/Adjective Synonyms,effortless
fluid,natural,graceful,husky,0,Descriptor/Adjective Synonyms,Hard Distractor
loan,natural,fluid,graceful,0,Descriptor/Adjective Synonyms,Random Distractor
crook,scarab,eye,ankh,1,Members of a Set/Entities,egyptian symbols
scarab,ankh,jean,eye,0,Members of a Set/Entities,Hard Distractor
ankh,scarab,eye,toxic,0,Members of a Set/Entities,Random Distractor
greco,capitan,dorado,paso,1,Fill-in-the-Blank,el ___
greco,dorado,clef,capitan,0,Fill-in-the-Blank,Hard Distractor
greco,paso,gooden,dorado,0,Fill-in-the-Blank,Random Distractor
blanket,guitar,slide,eel,1,Fill-in-the-Blank,electric ___
knuckle,blanket,guitar,slide,0,Fill-in-the-Blank,Hard Distractor
sailor,eel,guitar,blanket,0,Fill-in-the-Blank,Random Distractor
microwave,radio,visible,x-ray,1,Descriptor/Adjective Synonyms,electromagnetic spectrum
x-ray,radio,shelter,visible,0,Descriptor/Adjective Synonyms,Hard Distractor
visible,panic,radio,microwave,0,Descriptor/Adjective Synonyms,Random Distractor
trance,ambient,jungle,house,1,Members of a Set/Entities,electronic dance music genres
house,ambient,jungle,tire,0,Members of a Set/Entities,Hard Distractor
trance,house,ambient,lucky,0,Members of a Set/Entities,Random Distractor
ribbon,arrow,heart,mom,1,Idioms & Slang,elements of a classic “mom” tattoo
boo,mom,arrow,heart,0,Idioms & Slang,Hard Distractor
mom,search,ribbon,arrow,0,Idioms & Slang,Random Distractor
salt,acid,fat,heat,1,Idioms & Slang,"elements of cooking,  per samin nosrat"
salt,heat,give,fat,0,Idioms & Slang,Hard Distractor
acid,salt,heat,ooze,0,Idioms & Slang,Random Distractor
hubris,hero,chorus,tragedy,1,Noun/Concept Synonyms,elements of greek drama
hubris,tchotchke,tragedy,chorus,0,Noun/Concept Synonyms,Hard Distractor
lax,chorus,hero,hubris,0,Noun/Concept Synonyms,Random Distractor
sentence,word,phrase,letter,1,Noun/Concept Synonyms,elements of writing
turkey,word,letter,sentence,0,Noun/Concept Synonyms,Hard Distractor
letter,word,elle,phrase,0,Noun/Concept Synonyms,Random Distractor
banks,moss,taylor,warren,1,Noun/Concept Synonyms,elizabeths (and one elisabeth)
warren,private,taylor,moss,0,Noun/Concept Synonyms,Hard Distractor
fragrance,warren,moss,taylor,0,Noun/Concept Synonyms,Random Distractor
forward,compose,send,reply all,1,Noun/Concept Synonyms,email actions
compose,reply all,forward,slip,0,Noun/Concept Synonyms,Hard Distractor
monticello,send,forward,reply all,0,Noun/Concept Synonyms,Random Distractor
trash,sent,spam,drafts,1,Noun/Concept Synonyms,email folders
sent,wind chill,spam,drafts,0,Noun/Concept Synonyms,Hard Distractor
cave,trash,drafts,spam,0,Noun/Concept Synonyms,Random Distractor
regards,best,thanks,cheers,1,Noun/Concept Synonyms,email sign-offs
best,backup,regards,cheers,0,Noun/Concept Synonyms,Hard Distractor
cheers,thanks,stopwatch,best,0,Noun/Concept Synonyms,Random Distractor
spread,fan,branch,radiate,1,Noun/Concept Synonyms,emanate
slug,fan,branch,spread,0,Noun/Concept Synonyms,Hard Distractor
fan,radiate,spread,paint,0,Noun/Concept Synonyms,Random Distractor
wedge,lodge,stick,plant,1,Noun/Concept Synonyms,embed
stick,plant,advantage,wedge,0,Noun/Concept Synonyms,Hard Distractor
rocky,plant,lodge,wedge,0,Noun/Concept Synonyms,Random Distractor
seal,stamp,mark,label,1,Noun/Concept Synonyms,emblem
tea,label,mark,stamp,0,Noun/Concept Synonyms,Hard Distractor
stamp,label,dishwasher,seal,0,Noun/Concept Synonyms,Random Distractor
example,model,symbol,ideal,1,Noun/Concept Synonyms,embodiment
ideal,example,symbol,spruce,0,Noun/Concept Synonyms,Hard Distractor
example,symbol,ideal,aegis,0,Noun/Concept Synonyms,Random Distractor
character,persona,figure,avatar,1,Noun/Concept Synonyms,embodiment
character,avatar,wax,persona,0,Noun/Concept Synonyms,Hard Distractor
houndstooth,figure,avatar,character,0,Noun/Concept Synonyms,Random Distractor
beam,radiate,glow,shine,1,Noun/Concept Synonyms,emit light
radiate,onyx,beam,glow,0,Noun/Concept Synonyms,Hard Distractor
lollipop,shine,radiate,beam,0,Noun/Concept Synonyms,Random Distractor
skull,heart,sparkles,fire,1,Noun/Concept Synonyms,emoji
caravan,fire,heart,sparkles,0,Noun/Concept Synonyms,Hard Distractor
heart,sparkles,skull,relief,0,Noun/Concept Synonyms,Random Distractor
affect,move,touch,impact,1,Descriptor/Adjective Synonyms,emotionally sway
affect,touch,ding,move,0,Descriptor/Adjective Synonyms,Hard Distractor
impact,coat,touch,affect,0,Descriptor/Adjective Synonyms,Random Distractor
engage,contract,retain,sign,1,Descriptor/Adjective Synonyms,employ
character,contract,engage,sign,0,Descriptor/Adjective Synonyms,Hard Distractor
engage,paso,contract,sign,0,Descriptor/Adjective Synonyms,Random Distractor
copy,mirror,parrot,echo,1,Noun/Concept Synonyms,emulate
echo,parrot,bloom,mirror,0,Noun/Concept Synonyms,Hard Distractor
mirror,echo,copy,ball,0,Noun/Concept Synonyms,Random Distractor
goad,spur,egg,urge,1,Idioms & Slang,"encourage, with ""on"""
teen,goad,urge,egg,0,Idioms & Slang,Hard Distractor
urge,goad,tidal,spur,0,Idioms & Slang,Random Distractor
not quite,almost,close,warm,1,Idioms & Slang,encouraging responses in a guessing game
warm,silver,not quite,close,0,Idioms & Slang,Hard Distractor
coliseum,close,warm,almost,0,Idioms & Slang,Random Distractor
ragout,rapport,parfait,bouquet,1,Idioms & Slang,ending in a silent “t”
torso,parfait,rapport,ragout,0,Idioms & Slang,Hard Distractor
parfait,ragout,paypal,rapport,0,Idioms & Slang,Random Distractor
herring,kingpin,cootie,baywatch,1,Action/Verb Synonyms,ending in accessories
cootie,herring,fair,kingpin,0,Action/Verb Synonyms,Hard Distractor
kingpin,cootie,herring,sunflower,0,Action/Verb Synonyms,Random Distractor
cameroon,unread,cockatiel,whistleblew,1,Word Structure/Play,ending in color homophones
hyper,cameroon,whistleblew,cockatiel,0,Word Structure/Play,Hard Distractor
cockatiel,cameroon,whistleblew,eave,0,Word Structure/Play,Random Distractor
ultraviolet,marigold,stingray,infrared,1,Action/Verb Synonyms,ending in colors
ultraviolet,infrared,marigold,spilling,0,Action/Verb Synonyms,Hard Distractor
photographer,infrared,marigold,stingray,0,Action/Verb Synonyms,Random Distractor
compare,connecticut,parsnip,wallop,1,Idioms & Slang,"ending in synonyms for ""clip"""
parsnip,cart,compare,connecticut,0,Idioms & Slang,Hard Distractor
watson,parsnip,compare,connecticut,0,Idioms & Slang,Random Distractor
commonplace,sunspot,parasite,needlepoint,1,Idioms & Slang,"ending in synonyms for ""location"""
commonplace,parasite,sunspot,push,0,Idioms & Slang,Hard Distractor
parasite,pyramid,commonplace,sunspot,0,Idioms & Slang,Random Distractor
rosebud,ketchum,primate,paypal,1,Idioms & Slang,ending in synonyms for “friend”
rubber bands,ketchum,rosebud,paypal,0,Idioms & Slang,Hard Distractor
whitney,rosebud,ketchum,paypal,0,Idioms & Slang,Random Distractor
hedwig and the angry inch,my left foot,the longest yard,the green mile,1,Idioms & Slang,ending in units of measurement
the longest yard,to,my left foot,hedwig and the angry inch,0,Idioms & Slang,Hard Distractor
my left foot,sprinkler,hedwig and the angry inch,the longest yard,0,Idioms & Slang,Random Distractor
funky chicken,jumbo shrimp,dark horse,sea monkey,1,Members of a Set/Entities,ending with animals
funky chicken,jumbo shrimp,dark horse,cub,0,Members of a Set/Entities,Hard Distractor
jumbo shrimp,lama,sea monkey,funky chicken,0,Members of a Set/Entities,Random Distractor
contrabass,autoharp,rosebud,pepperoni,1,Members of a Set/Entities,ending with beer brands
contrabass,briny,rosebud,autoharp,0,Members of a Set/Entities,Hard Distractor
rosebud,contrabass,pepperoni,fowl,0,Members of a Set/Entities,Random Distractor
neuroplastic,kubrick,hourglass,hollywood,1,Action/Verb Synonyms,ending with building materials
neuroplastic,kubrick,prime,hollywood,0,Action/Verb Synonyms,Hard Distractor
hollywood,neuroplastic,w,hourglass,0,Action/Verb Synonyms,Random Distractor
latin,plead,jargon,environ,1,Action/Verb Synonyms,ending with chemical elements
jargon,latin,moving,environ,0,Action/Verb Synonyms,Hard Distractor
iguana,latin,environ,plead,0,Action/Verb Synonyms,Random Distractor
marigold,evergreen,infrared,quicksilver,1,Action/Verb Synonyms,ending with colors
marigold,infrared,evergreen,fly,0,Action/Verb Synonyms,Hard Distractor
marigold,quicksilver,evergreen,haha,0,Action/Verb Synonyms,Random Distractor
drum and bass,wu-tang,cape cod,camisole,1,Action/Verb Synonyms,ending with fish
drum and bass,learn,wu-tang,cape cod,0,Action/Verb Synonyms,Hard Distractor
whoopie,drum and bass,wu-tang,camisole,0,Action/Verb Synonyms,Random Distractor
feta,pepsi,biota,mochi,1,Word Structure/Play,ending with greek letters
biota,kenya,mochi,pepsi,0,Word Structure/Play,Hard Distractor
mochi,skydive,pepsi,feta,0,Word Structure/Play,Random Distractor
prussian,disney,decaf,crypto,1,Word Structure/Play,ending with homophones of parts of the leg
decaf,disney,crypto,super,0,Word Structure/Play,Hard Distractor
crypto,decaf,snifter,prussian,0,Word Structure/Play,Random Distractor
icecaps,makeshift,cantab,cyberspace,1,Action/Verb Synonyms,ending with keyboard keys
cyberspace,cantab,dash,icecaps,0,Action/Verb Synonyms,Hard Distractor
makeshift,cantab,eve,icecaps,0,Action/Verb Synonyms,Random Distractor
snickerdoodle,shadowboxer,newshound,trendsetter,1,Members of a Set/Entities,ending with kinds of dogs
baby powder,shadowboxer,newshound,snickerdoodle,0,Members of a Set/Entities,Hard Distractor
chime,trendsetter,newshound,shadowboxer,0,Members of a Set/Entities,Random Distractor
rainbow,semblance,crossword,grimace,1,Action/Verb Synonyms,ending with medieval weapons
grimace,card,crossword,semblance,0,Action/Verb Synonyms,Hard Distractor
rainbow,semblance,grimace,stole,0,Action/Verb Synonyms,Random Distractor
classics,create,guthrie,therefore,1,Word Structure/Play,ending with number homophones
unread,create,classics,guthrie,0,Word Structure/Play,Hard Distractor
classics,guthrie,therefore,once,0,Word Structure/Play,Random Distractor
hawking,bojack,lovelace,mcqueen,1,Action/Verb Synonyms,ending with playing cards
mcqueen,guard,lovelace,bojack,0,Action/Verb Synonyms,Hard Distractor
mcqueen,hawking,brandy,bojack,0,Action/Verb Synonyms,Random Distractor
rapport,debut,tarot,ballet,1,Action/Verb Synonyms,ending with silent “t”
tarot,debut,rapport,net,0,Action/Verb Synonyms,Hard Distractor
debut,ballet,tarot,wight,0,Action/Verb Synonyms,Random Distractor
golden fleece,comic con,american hustle,lucky stiff,1,Idioms & Slang,"ending with synonyms for ""swindle"""
comic con,lucky stiff,golden fleece,wheel,0,Idioms & Slang,Hard Distractor
lucky stiff,pardon,american hustle,comic con,0,Idioms & Slang,Random Distractor
skydive,waterfall,gatecrash,raindrop,1,Idioms & Slang,ending with synonyms for “plunge”
skydive,escrow,waterfall,raindrop,0,Idioms & Slang,Hard Distractor
waterfall,skydive,gatecrash,collective,0,Idioms & Slang,Random Distractor
dynasty,gimmick,engross,mildew,1,Idioms & Slang,ending with synonyms for “yuck”
mildew,engross,spur,gimmick,0,Idioms & Slang,Hard Distractor
bellyflop,gimmick,engross,mildew,0,Idioms & Slang,Random Distractor
witherspoon,boilerplate,jackknife,buttercup,1,Action/Verb Synonyms,ending with tableware
jackknife,witherspoon,lovelace,buttercup,0,Action/Verb Synonyms,Hard Distractor
witherspoon,earl,boilerplate,buttercup,0,Action/Verb Synonyms,Random Distractor
bigfoot,compound,thermometer,instagram,1,Idioms & Slang,ending with units of measure
instagram,compound,bigfoot,sunspot,0,Idioms & Slang,Hard Distractor
triglyceride,bigfoot,thermometer,instagram,0,Idioms & Slang,Random Distractor
support,back,champion,second,1,Noun/Concept Synonyms,endorse
tiff,back,support,champion,0,Noun/Concept Synonyms,Hard Distractor
titanic,second,back,champion,0,Noun/Concept Synonyms,Random Distractor
spirit,vigor,juice,steam,1,Descriptor/Adjective Synonyms,energy
steam,spirit,spice,vigor,0,Descriptor/Adjective Synonyms,Hard Distractor
vigor,beaucoup,steam,juice,0,Descriptor/Adjective Synonyms,Random Distractor
battery,charge,power,juice,1,Idioms & Slang,energy for an electronic device
juice,curses,battery,power,0,Idioms & Slang,Hard Distractor
nauseous,battery,juice,power,0,Idioms & Slang,Random Distractor
wrestling,bowling,acupuncturing,sewing,1,Idioms & Slang,engaging in an activity with pins or needles
acupuncturing,cherish,sewing,wrestling,0,Idioms & Slang,Hard Distractor
acupuncturing,bowling,sewing,helen,0,Idioms & Slang,Random Distractor
salt,season,flavor,spice,1,Noun/Concept Synonyms,enhance the taste of
flavor,salt,season,crunch,0,Noun/Concept Synonyms,Hard Distractor
flavor,come,season,spice,0,Noun/Concept Synonyms,Random Distractor
appreciate,relish,love,savor,1,Descriptor/Adjective Synonyms,enjoy
appreciate,about,relish,savor,0,Descriptor/Adjective Synonyms,Hard Distractor
love,relish,crucifix,appreciate,0,Descriptor/Adjective Synonyms,Random Distractor
dig,fancy,like,fancy,1,Descriptor/Adjective Synonyms,enjoy
call,fancy,dig,like,0,Descriptor/Adjective Synonyms,Hard Distractor
attendance,fancy,fancy,dig,0,Descriptor/Adjective Synonyms,Random Distractor
feed,sup,feast,dine,1,Noun/Concept Synonyms,enjoy a meal
dine,sup,company,feast,0,Noun/Concept Synonyms,Hard Distractor
dine,eddy,feed,sup,0,Noun/Concept Synonyms,Random Distractor
big,giant,great,huge,1,Descriptor/Adjective Synonyms,enormous
huge,microwave,big,giant,0,Descriptor/Adjective Synonyms,Hard Distractor
giant,great,huge,rubber bands,0,Descriptor/Adjective Synonyms,Random Distractor
giant,mammoth,monster,titanic,1,Descriptor/Adjective Synonyms,enormous
mammoth,microwave,giant,titanic,0,Descriptor/Adjective Synonyms,Hard Distractor
mammoth,charlotte,giant,titanic,0,Descriptor/Adjective Synonyms,Random Distractor
bumper,giant,titanic,monster,1,Descriptor/Adjective Synonyms,enormous
titanic,bumper,giant,when,0,Descriptor/Adjective Synonyms,Hard Distractor
titanic,giant,hospital,bumper,0,Descriptor/Adjective Synonyms,Random Distractor
lock,guarantee,cinch,ice,1,Descriptor/Adjective Synonyms,"ensure, as a victory"
guarantee,normal,lock,ice,0,Descriptor/Adjective Synonyms,Hard Distractor
ice,demolition,cinch,guarantee,0,Descriptor/Adjective Synonyms,Random Distractor
passion,relish,zest,gusto,1,Noun/Concept Synonyms,enthusiasm
relish,yardstick,gusto,passion,0,Noun/Concept Synonyms,Hard Distractor
donald,gusto,zest,passion,0,Noun/Concept Synonyms,Random Distractor
buff,lover,fan,nut,1,Noun/Concept Synonyms,enthusiast
buff,wave,lover,fan,0,Noun/Concept Synonyms,Hard Distractor
nut,fan,buff,amethyst,0,Noun/Concept Synonyms,Random Distractor
call,appeal,bid,petition,1,Descriptor/Adjective Synonyms,entreaty
call,petition,cute,appeal,0,Descriptor/Adjective Synonyms,Hard Distractor
call,saddle,petition,appeal,0,Descriptor/Adjective Synonyms,Random Distractor
gate,door,hatch,portal,1,Descriptor/Adjective Synonyms,entryway
portal,hatch,pants,door,0,Descriptor/Adjective Synonyms,Hard Distractor
door,hatch,portal,wright,0,Descriptor/Adjective Synonyms,Random Distractor
outfit,furnish,provision,stock,1,Noun/Concept Synonyms,equip
stock,outfit,provision,support,0,Noun/Concept Synonyms,Hard Distractor
faucet,stock,provision,furnish,0,Noun/Concept Synonyms,Random Distractor
stuff,gear,kit,tackle,1,Members of a Set/Entities,equipment
kit,thigh-high,stuff,gear,0,Members of a Set/Entities,Hard Distractor
gear,fawn,stuff,tackle,0,Members of a Set/Entities,Random Distractor
fair,even,just,equal,1,Descriptor/Adjective Synonyms,equitable
equal,even,pillar,just,0,Descriptor/Adjective Synonyms,Hard Distractor
forge,even,equal,fair,0,Descriptor/Adjective Synonyms,Random Distractor
waver,hedge,yo-yo,see-saw,1,Noun/Concept Synonyms,equivocate
hedge,yo-yo,latte,waver,0,Noun/Concept Synonyms,Hard Distractor
yo-yo,waver,parcel,see-saw,0,Noun/Concept Synonyms,Random Distractor
period,age,time,day,1,Noun/Concept Synonyms,era
period,nail,age,day,0,Noun/Concept Synonyms,Hard Distractor
turkey,day,period,age,0,Noun/Concept Synonyms,Random Distractor
stunt,exploit,caper,antic,1,Noun/Concept Synonyms,escapade
caper,stunt,rent,exploit,0,Noun/Concept Synonyms,Hard Distractor
exploit,caper,roger,stunt,0,Noun/Concept Synonyms,Random Distractor
really,pretty,mighty,very,1,Descriptor/Adjective Synonyms,especially
pretty,barge,really,very,0,Descriptor/Adjective Synonyms,Hard Distractor
mighty,really,very,american,0,Descriptor/Adjective Synonyms,Random Distractor
launch,institute,found,start,1,Descriptor/Adjective Synonyms,establish
launch,pass,start,found,0,Descriptor/Adjective Synonyms,Hard Distractor
launch,start,found,pretty,0,Descriptor/Adjective Synonyms,Random Distractor
pioneers,launches,institutes,begins,1,Noun/Concept Synonyms,establishes
pioneers,launches,begins,coarse,0,Noun/Concept Synonyms,Hard Distractor
launches,pec,institutes,begins,0,Noun/Concept Synonyms,Random Distractor
wind,gas,stinker,toot,1,Noun/Concept Synonyms,euphemisms for flatulence
gas,ring,toot,stinker,0,Noun/Concept Synonyms,Hard Distractor
stinker,gas,volcano,toot,0,Noun/Concept Synonyms,Random Distractor
sofa,roe,pars,mink,1,Word Structure/Play,european capitals minus second-to-last letter
sofa,roe,mink,skink,0,Word Structure/Play,Hard Distractor
roe,mink,bashful,pars,0,Word Structure/Play,Random Distractor
poland,denmark,greece,portugal,1,Members of a Set/Entities,european countries
portugal,greece,denmark,slug,0,Members of a Set/Entities,Hard Distractor
eye,greece,portugal,poland,0,Members of a Set/Entities,Random Distractor
shake,dodge,shake,duck,1,Noun/Concept Synonyms,evade
shake,dodge,relish,duck,0,Noun/Concept Synonyms,Hard Distractor
brave,shake,dodge,duck,0,Noun/Concept Synonyms,Random Distractor
lose,skirt,dodge,escape,1,Noun/Concept Synonyms,evade
escape,lose,wax,dodge,0,Noun/Concept Synonyms,Hard Distractor
skirt,escape,fins,dodge,0,Noun/Concept Synonyms,Random Distractor
grade,grade,judge,rate,1,Noun/Concept Synonyms,evaluate
rate,grade,grade,pub,0,Noun/Concept Synonyms,Hard Distractor
word,rate,judge,grade,0,Noun/Concept Synonyms,Random Distractor
score,rate,review,rank,1,Noun/Concept Synonyms,evaluate
review,rank,reception,score,0,Noun/Concept Synonyms,Hard Distractor
amber,score,rate,rank,0,Noun/Concept Synonyms,Random Distractor
hop,rave,formal,ball,1,Noun/Concept Synonyms,event with dancing
formal,hop,iota,rave,0,Noun/Concept Synonyms,Hard Distractor
madrid,formal,ball,hop,0,Noun/Concept Synonyms,Random Distractor
common,routine,regular,standard,1,Descriptor/Adjective Synonyms,everyday
franklin,common,standard,routine,0,Descriptor/Adjective Synonyms,Hard Distractor
pharaoh,routine,standard,regular,0,Descriptor/Adjective Synonyms,Random Distractor
hammy,dramatic,camp,overdone,1,Noun/Concept Synonyms,"exaggerated, as a performance"
hammy,dramatic,overdone,shazam,0,Noun/Concept Synonyms,Hard Distractor
camp,hammy,dramatic,leader,0,Noun/Concept Synonyms,Random Distractor
check,vet,review,screen,1,Noun/Concept Synonyms,"examine, as an applicant"
viking,review,screen,vet,0,Noun/Concept Synonyms,Hard Distractor
check,screen,vet,cheese,0,Noun/Concept Synonyms,Random Distractor
fine,quality,sterling,prime,1,Noun/Concept Synonyms,excellent
sterling,prime,decanter,fine,0,Noun/Concept Synonyms,Hard Distractor
brandy,fine,prime,quality,0,Noun/Concept Synonyms,Random Distractor
neato,nifty,aces,keen,1,Noun/Concept Synonyms,"excellent, in old slang"
nifty,mounds,neato,keen,0,Noun/Concept Synonyms,Hard Distractor
keen,aces,nifty,dude,0,Noun/Concept Synonyms,Random Distractor
singular,unique,special,remarkable,1,Noun/Concept Synonyms,exceptional
flipper,singular,remarkable,unique,0,Noun/Concept Synonyms,Hard Distractor
singular,special,nudity,unique,0,Noun/Concept Synonyms,Random Distractor
extract,quote,clip,passage,1,Noun/Concept Synonyms,excerpt
clip,candy,passage,quote,0,Noun/Concept Synonyms,Hard Distractor
extract,clip,courier,quote,0,Noun/Concept Synonyms,Random Distractor
too,extra,over,beyond,1,Descriptor/Adjective Synonyms,excessively
outline,too,extra,over,0,Descriptor/Adjective Synonyms,Hard Distractor
beyond,over,hands,too,0,Descriptor/Adjective Synonyms,Random Distractor
pump,hype,fire,amp,1,Noun/Concept Synonyms,"excite, with “up”"
amp,fire,checkers,pump,0,Noun/Concept Synonyms,Hard Distractor
hype,fire,yacht,pump,0,Noun/Concept Synonyms,Random Distractor
bridge,crunch,dip,squat,1,Noun/Concept Synonyms,exercises
strings,bridge,dip,squat,0,Noun/Concept Synonyms,Hard Distractor
squat,barrel,dip,bridge,0,Noun/Concept Synonyms,Random Distractor
effort,work,labor,sweat,1,Noun/Concept Synonyms,exertion
labor,effort,perhaps,work,0,Noun/Concept Synonyms,Hard Distractor
effort,sweat,labor,sandal,0,Noun/Concept Synonyms,Random Distractor
pace,sweat,fidget,blush,1,Noun/Concept Synonyms,exhibit nervousness
fidget,pace,i ran,blush,0,Noun/Concept Synonyms,Hard Distractor
fidget,pace,harvest,sweat,0,Noun/Concept Synonyms,Random Distractor
kick,buzz,rush,thrill,1,Noun/Concept Synonyms,exhilaration
buzz,thrill,rush,coo,0,Noun/Concept Synonyms,Hard Distractor
tender,thrill,rush,buzz,0,Noun/Concept Synonyms,Random Distractor
went,departed,left,split,1,Noun/Concept Synonyms,exited
position,left,went,departed,0,Noun/Concept Synonyms,Hard Distractor
options,left,departed,went,0,Noun/Concept Synonyms,Random Distractor
journey,odyssey,quest,voyage,1,Noun/Concept Synonyms,expedition
fruit,voyage,odyssey,quest,0,Noun/Concept Synonyms,Hard Distractor
quest,voyage,odyssey,paw,0,Noun/Concept Synonyms,Random Distractor
rate,price,cost,charge,1,Noun/Concept Synonyms,expenditure
game,cost,rate,charge,0,Noun/Concept Synonyms,Hard Distractor
cost,charge,price,part one,0,Noun/Concept Synonyms,Random Distractor
blank,forget,flake,space,1,Noun/Concept Synonyms,experience a memory lapse
flake,space,blank,drag,0,Noun/Concept Synonyms,Hard Distractor
blank,flake,forget,sweet,0,Noun/Concept Synonyms,Random Distractor
pilot,trial,exploratory,preliminary,1,Noun/Concept Synonyms,experimental
wax,pilot,trial,exploratory,0,Noun/Concept Synonyms,Hard Distractor
pilot,tunnel,preliminary,trial,0,Noun/Concept Synonyms,Random Distractor
thunder,roar,boom,crash,1,Descriptor/Adjective Synonyms,explosive sound
boom,success,roar,crash,0,Descriptor/Adjective Synonyms,Hard Distractor
boom,crash,leachy,roar,0,Descriptor/Adjective Synonyms,Random Distractor
air,state,voice,speak,1,Noun/Concept Synonyms,express
state,coffee,air,voice,0,Noun/Concept Synonyms,Hard Distractor
state,air,speak,spruce,0,Noun/Concept Synonyms,Random Distractor
imply,couch,suggest,intimate,1,Descriptor/Adjective Synonyms,express indirectly
intimate,extremity,couch,suggest,0,Descriptor/Adjective Synonyms,Hard Distractor
suggest,intimate,ecological,couch,0,Descriptor/Adjective Synonyms,Random Distractor
inanimate,blank,wooden,flat,1,Idioms & Slang,expressionless
wooden,compare,flat,blank,0,Idioms & Slang,Hard Distractor
blank,flat,fleabag,wooden,0,Idioms & Slang,Random Distractor
erm,um,uh,well,1,Idioms & Slang,expressions of hesitation
carter,um,well,erm,0,Idioms & Slang,Hard Distractor
uh,carnation,well,um,0,Idioms & Slang,Random Distractor
outside,face,front,surface,1,Noun/Concept Synonyms,exterior
front,outside,face,pumpkin,0,Noun/Concept Synonyms,Hard Distractor
face,surface,pen,outside,0,Noun/Concept Synonyms,Random Distractor
mastodon,trilobite,dodo,mammoth,1,Members of a Set/Entities,extinct animals
iron,dodo,mastodon,mammoth,0,Members of a Set/Entities,Hard Distractor
mammoth,past tense,dodo,mastodon,0,Members of a Set/Entities,Random Distractor
awful,super,very,quite,1,Descriptor/Adjective Synonyms,extremely
very,super,crowd,awful,0,Descriptor/Adjective Synonyms,Hard Distractor
super,quite,mountain climber,very,0,Descriptor/Adjective Synonyms,Random Distractor
real,bloody,way,awful,1,Descriptor/Adjective Synonyms,extremely
real,juice,way,awful,0,Descriptor/Adjective Synonyms,Hard Distractor
bloody,real,awful,tires,0,Descriptor/Adjective Synonyms,Random Distractor
pupil,iris,lens,retina,1,Noun/Concept Synonyms,eye parts
retina,trim,iris,pupil,0,Noun/Concept Synonyms,Hard Distractor
pupil,retina,chip,iris,0,Noun/Concept Synonyms,Random Distractor
fairy tale,fantasy,invention,fiction,1,Noun/Concept Synonyms,fabrication
sausage,fiction,invention,fantasy,0,Noun/Concept Synonyms,Hard Distractor
fiction,invention,fairy tale,sean,0,Noun/Concept Synonyms,Random Distractor
corduroy,linen,tweed,denim,1,Noun/Concept Synonyms,fabrics
blow,tweed,denim,corduroy,0,Noun/Concept Synonyms,Hard Distractor
tweed,denim,corduroy,coffee maker,0,Noun/Concept Synonyms,Random Distractor
sham,bluff,show,front,1,Noun/Concept Synonyms,facade
front,barge,sham,show,0,Noun/Concept Synonyms,Hard Distractor
tear,sham,show,bluff,0,Noun/Concept Synonyms,Random Distractor
nose,cheek,eye,mouth,1,Noun/Concept Synonyms,facial features
brandy,mouth,cheek,eye,0,Noun/Concept Synonyms,Hard Distractor
nose,air purifier,mouth,cheek,0,Noun/Concept Synonyms,Random Distractor
mustache,beard,stubble,goatee,1,Noun/Concept Synonyms,facial hair
goatee,stubble,mustache,canyon,0,Noun/Concept Synonyms,Hard Distractor
beard,fix,mustache,stubble,0,Noun/Concept Synonyms,Random Distractor
miss,skip,cut,ditch,1,Noun/Concept Synonyms,fail to attend
skip,cut,miss,lock,0,Noun/Concept Synonyms,Hard Distractor
miss,orca,skip,cut,0,Noun/Concept Synonyms,Random Distractor
lose,blow,miss,waste,1,Idioms & Slang,"fail to take advantage of, as an opportunity"
blow,lose,cuckoo,miss,0,Idioms & Slang,Hard Distractor
lose,miss,eggs,blow,0,Idioms & Slang,Random Distractor
bomb,dud,lemon,flop,1,Noun/Concept Synonyms,failure
tron,bomb,dud,flop,0,Noun/Concept Synonyms,Hard Distractor
dud,bomb,flop,fiddler,0,Noun/Concept Synonyms,Random Distractor
turkeys,flops,busts,misses,1,Noun/Concept Synonyms,failures
busts,tine,turkeys,flops,0,Noun/Concept Synonyms,Hard Distractor
flops,whistleblew,misses,turkeys,0,Noun/Concept Synonyms,Random Distractor
wolf,princess,witch,giant,1,Trivia/Pop Culture,fairy tale figures
witch,venom,wolf,giant,0,Trivia/Pop Culture,Hard Distractor
why,giant,wolf,witch,0,Trivia/Pop Culture,Random Distractor
buckle,give,collapse,cave,1,Noun/Concept Synonyms,fall in under pressure
cave,buckle,give,vehicle,0,Noun/Concept Synonyms,Hard Distractor
buckle,collapse,d,give,0,Noun/Concept Synonyms,Random Distractor
forge,fabricate,fake,fix,1,Descriptor/Adjective Synonyms,falsify
fabricate,forge,fake,neutral,0,Descriptor/Adjective Synonyms,Hard Distractor
forge,fix,spread,fabricate,0,Descriptor/Adjective Synonyms,Random Distractor
poppy,mum,grammy,dada,1,Members of a Set/Entities,familial nicknames
grammy,cryptography,dada,poppy,0,Members of a Set/Entities,Hard Distractor
sheriff,grammy,mum,dada,0,Members of a Set/Entities,Random Distractor
cuz,mummy,grammy,pop,1,Members of a Set/Entities,familial nicknames
cuz,grammy,trumpet,pop,0,Members of a Set/Entities,Hard Distractor
grammy,lesson,mummy,cuz,0,Members of a Set/Entities,Random Distractor
dada,sisi,brow,moma,1,Word Structure/Play,family member nickname plus a letter
sisi,brow,emmy,moma,0,Word Structure/Play,Hard Distractor
sisi,natural,dada,moma,0,Word Structure/Play,Random Distractor
marx,warner,wright,jonas,1,Trivia/Pop Culture,famous brothers
warner,wright,washington,jonas,0,Trivia/Pop Culture,Hard Distractor
marx,jonas,wright,go-getter,0,Trivia/Pop Culture,Random Distractor
page,king,berry,waters,1,Trivia/Pop Culture,famous guitarists
birds,waters,page,berry,0,Trivia/Pop Culture,Hard Distractor
berry,waters,stubble,king,0,Trivia/Pop Culture,Random Distractor
star,personality,figure,name,1,Trivia/Pop Culture,famous person
personality,name,figure,nixon,0,Trivia/Pop Culture,Hard Distractor
name,mask,figure,personality,0,Trivia/Pop Culture,Random Distractor
if,harlem,daddy,howl,1,Trivia/Pop Culture,famous poems
could,harlem,daddy,if,0,Trivia/Pop Culture,Hard Distractor
if,grind,harlem,howl,0,Trivia/Pop Culture,Random Distractor
lorde,bishop,pope,burns,1,Trivia/Pop Culture,famous poets
bishop,reindeer,lorde,pope,0,Trivia/Pop Culture,Hard Distractor
lorde,lust,pope,burns,0,Trivia/Pop Culture,Random Distractor
bubbles,king kong,george,koko,1,Trivia/Pop Culture,famous primates
koko,george,king kong,bacon,0,Trivia/Pop Culture,Hard Distractor
king kong,koko,george,partner,0,Trivia/Pop Culture,Random Distractor
punch,triumph,lamb chop,oscar,1,Trivia/Pop Culture,famous puppets
blur,triumph,oscar,lamb chop,0,Trivia/Pop Culture,Hard Distractor
lamb chop,oscar,punch,around,0,Trivia/Pop Culture,Random Distractor
bridge troll,riddler,mad hatter,sphinx,1,Trivia/Pop Culture,famous riddle-givers
riddler,bridge troll,twilight,sphinx,0,Trivia/Pop Culture,Hard Distractor
duration,sphinx,bridge troll,riddler,0,Trivia/Pop Culture,Random Distractor
mona lisa,joker,cheshire cat,comedy mask,1,Trivia/Pop Culture,famous smiles
comedy mask,mona lisa,taekwondo,joker,0,Trivia/Pop Culture,Hard Distractor
easy,joker,cheshire cat,comedy mask,0,Trivia/Pop Culture,Random Distractor
rodeo,vine,sunset,mulholland,1,Trivia/Pop Culture,famous streets in los angeles
yes,vine,sunset,rodeo,0,Trivia/Pop Culture,Hard Distractor
vine,rodeo,sunset,mitzvah,0,Trivia/Pop Culture,Random Distractor
free,that,pants,feast,1,Fill-in-the-Blank,fancy ___
that,trails,free,feast,0,Fill-in-the-Blank,Hard Distractor
feast,free,mow,pants,0,Fill-in-the-Blank,Random Distractor
fancy,invention,figment,fiction,1,Descriptor/Adjective Synonyms,fantasy
temple,invention,fancy,figment,0,Descriptor/Adjective Synonyms,Hard Distractor
fancy,invention,bugbear,fiction,0,Descriptor/Adjective Synonyms,Random Distractor
troll,giant,pixie,dragon,1,Members of a Set/Entities,fantasy creatures
dragon,pixie,troll,oxford,0,Members of a Set/Entities,Hard Distractor
dragon,giant,troll,reebok,0,Members of a Set/Entities,Random Distractor
sty,stable,pen,coop,1,Noun/Concept Synonyms,farm fixtures
stable,pen,sty,diesel,0,Noun/Concept Synonyms,Hard Distractor
coop,stable,sty,death,0,Noun/Concept Synonyms,Random Distractor
rake,plow,sickle,hoe,1,Members of a Set/Entities,farm tools
plow,poppy,hoe,rake,0,Members of a Set/Entities,Hard Distractor
rake,plow,jigsaw puzzle,hoe,0,Members of a Set/Entities,Random Distractor
market,almanac,insurance,tan,1,Members of a Set/Entities,farmers’ things
market,almanac,g-string,insurance,0,Members of a Set/Entities,Hard Distractor
market,insurance,tan,fish,0,Members of a Set/Entities,Random Distractor
line,brand,label,collection,1,Idioms & Slang,fashion designer's output
stow,label,line,collection,0,Idioms & Slang,Hard Distractor
thumbs,line,collection,label,0,Idioms & Slang,Random Distractor
glamour,w,elle,allure,1,Noun/Concept Synonyms,fashion magazines
w,elle,glamour,fan,0,Noun/Concept Synonyms,Hard Distractor
elle,cider,glamour,w,0,Noun/Concept Synonyms,Random Distractor
hip,in,hot,chic,1,Descriptor/Adjective Synonyms,fashionable
vessel,hip,in,hot,0,Descriptor/Adjective Synonyms,Hard Distractor
tilt-a-whirl,hip,chic,hot,0,Descriptor/Adjective Synonyms,Random Distractor
outback,subway,checkers,sonic,1,Descriptor/Adjective Synonyms,fast food chains
subway,checkers,cream,outback,0,Descriptor/Adjective Synonyms,Hard Distractor
country,checkers,sonic,subway,0,Descriptor/Adjective Synonyms,Random Distractor
mermaid,king,colonel,clown,1,Descriptor/Adjective Synonyms,fast food mascots
mermaid,thing,king,colonel,0,Descriptor/Adjective Synonyms,Hard Distractor
mermaid,locksmith,clown,colonel,0,Descriptor/Adjective Synonyms,Random Distractor
food,forward,fashion,friends,1,Fill-in-the-Blank,fast ___
food,forward,fashion,only,0,Fill-in-the-Blank,Hard Distractor
friends,cooking,food,fashion,0,Fill-in-the-Blank,Random Distractor
rapids,current,whirlpool,cataract,1,Action/Verb Synonyms,fast-moving water
whirlpool,spike,current,cataract,0,Action/Verb Synonyms,Hard Distractor
current,cataract,rapids,triglyceride,0,Action/Verb Synonyms,Random Distractor
cascade,wave,current,rapid,1,Action/Verb Synonyms,fast-moving water
current,fly,wave,rapid,0,Action/Verb Synonyms,Hard Distractor
rapid,current,wave,area,0,Action/Verb Synonyms,Random Distractor
snap,clip,hook,buckle,1,Noun/Concept Synonyms,fasteners
hook,snap,saucer,clip,0,Noun/Concept Synonyms,Hard Distractor
hook,buckle,impression,clip,0,Noun/Concept Synonyms,Random Distractor
button,snap,buckle,zip,1,Action/Verb Synonyms,fastening verbs
buckle,snap,bojack,button,0,Action/Verb Synonyms,Hard Distractor
aurora,buckle,snap,zip,0,Action/Verb Synonyms,Random Distractor
cat,tuesday,chance,lip,1,Fill-in-the-Blank,fat ___
tuesday,chance,eleventh,lip,0,Fill-in-the-Blank,Hard Distractor
chance,pottery,cat,lip,0,Fill-in-the-Blank,Random Distractor
artificial,imitation,fake,mock,1,Noun/Concept Synonyms,faux
fake,artificial,imitation,charcoal,0,Noun/Concept Synonyms,Hard Distractor
imitation,mock,dory,fake,0,Noun/Concept Synonyms,Random Distractor
door,car,goat,host,1,Idioms & Slang,featured in the monty hall problem
goat,car,enough,host,0,Idioms & Slang,Hard Distractor
goat,car,oppenheimer,host,0,Idioms & Slang,Random Distractor
bounty,saloon,duel,cowboy,1,Noun/Concept Synonyms,featured in westerns
fake,duel,saloon,bounty,0,Noun/Concept Synonyms,Hard Distractor
cowboy,bucket,duel,bounty,0,Noun/Concept Synonyms,Random Distractor
eloise,plaza,pug,turtle,1,Noun/Concept Synonyms,featured in “eloise”
plaza,dash,eloise,turtle,0,Noun/Concept Synonyms,Hard Distractor
eloise,pug,wallop,turtle,0,Noun/Concept Synonyms,Random Distractor
giant,jack,cow,beans,1,Idioms & Slang,featured in “jack and the beanstalk”
giant,tip jar,cow,jack,0,Idioms & Slang,Hard Distractor
bugbear,giant,beans,cow,0,Idioms & Slang,Random Distractor
amber,dinosaur,mosquito,paleontologist,1,Descriptor/Adjective Synonyms,featured in “jurassic park”
mosquito,mastermind,paleontologist,amber,0,Descriptor/Adjective Synonyms,Hard Distractor
mosquito,paleontologist,nuts,amber,0,Descriptor/Adjective Synonyms,Random Distractor
queen,bashful,mirror,apple,1,Noun/Concept Synonyms,featured in “snow white”
queen,surpass,bashful,mirror,0,Noun/Concept Synonyms,Hard Distractor
bashful,apple,mirror,coming,0,Noun/Concept Synonyms,Random Distractor
strap,hole,loop,buckle,1,Noun/Concept Synonyms,features of a belt
hole,loop,buckle,humor,0,Noun/Concept Synonyms,Hard Distractor
buckle,rabe,hole,strap,0,Noun/Concept Synonyms,Random Distractor
radio,air conditioner,cup holder,shifter,1,Idioms & Slang,features of a car's center console
air conditioner,cup holder,radio,close,0,Idioms & Slang,Hard Distractor
radio,cup holder,air conditioner,scarlet,0,Idioms & Slang,Random Distractor
bow,wings,diaper,arrow,1,Idioms & Slang,features of a cartoon cupid
simmer,wings,diaper,arrow,0,Idioms & Slang,Hard Distractor
diaper,best boy,wings,arrow,0,Idioms & Slang,Random Distractor
mogul,lift,lodge,slope,1,Idioms & Slang,features of a ski resort
trunk,mogul,lift,lodge,0,Idioms & Slang,Hard Distractor
lift,lodge,slope,miniature,0,Idioms & Slang,Random Distractor
blubber,fluke,melon,flipper,1,Idioms & Slang,features of a toothed whale
parsnip,fluke,flipper,melon,0,Idioms & Slang,Hard Distractor
flock,blubber,melon,fluke,0,Idioms & Slang,Random Distractor
robe,blindfold,scales,sword,1,Noun/Concept Synonyms,features of justice personified
scales,day,sword,robe,0,Noun/Concept Synonyms,Hard Distractor
blindfold,scales,robe,nook,0,Noun/Concept Synonyms,Random Distractor
peg,neck,bridge,string,1,Members of a Set/Entities,features of stringed instruments
string,bridge,peg,stick,0,Members of a Set/Entities,Hard Distractor
string,david-and-goliath,bridge,peg,0,Members of a Set/Entities,Random Distractor
capitol,pool,obelisk,mall,1,Idioms & Slang,features of the national mall in d.c.
capitol,obelisk,quotation,mall,0,Idioms & Slang,Hard Distractor
greyhound,mall,pool,capitol,0,Idioms & Slang,Random Distractor
button,fly,rivet,pocket,1,Idioms & Slang,features on a pair of jeans
magician,button,fly,rivet,0,Idioms & Slang,Hard Distractor
rivet,pocket,button,tattoo machine,0,Idioms & Slang,Random Distractor
rummage,fish,fumble,root,1,Action/Verb Synonyms,feel around (for)
fish,rummage,queens,fumble,0,Action/Verb Synonyms,Hard Distractor
root,engine,rummage,fish,0,Action/Verb Synonyms,Random Distractor
bitter,salty,upset,sore,1,Idioms & Slang,feeling some type of way
legend,sore,salty,bitter,0,Idioms & Slang,Hard Distractor
sore,upset,salty,polish,0,Idioms & Slang,Random Distractor
cow,hen,doe,mare,1,Members of a Set/Entities,female animals
mare,grammy,doe,hen,0,Members of a Set/Entities,Hard Distractor
hound,cow,mare,doe,0,Members of a Set/Entities,Random Distractor
jenny,queen,nanny,vixen,1,Members of a Set/Entities,female animals
goat,queen,vixen,nanny,0,Members of a Set/Entities,Hard Distractor
jenny,queen,nanny,scrubs,0,Members of a Set/Entities,Random Distractor
hen,doe,cow,ewe,1,Members of a Set/Entities,female animals
clamp,hen,cow,doe,0,Members of a Set/Entities,Hard Distractor
cow,doe,ewe,garter,0,Members of a Set/Entities,Random Distractor
glove,jacket,mask,foil,1,Members of a Set/Entities,fencing equipment
glove,jacket,mingle,foil,0,Members of a Set/Entities,Hard Distractor
mason,mask,jacket,glove,0,Members of a Set/Entities,Random Distractor
masks,foils,jackets,gloves,1,Action/Verb Synonyms,fencing gear
masks,jackets,pare,foils,0,Action/Verb Synonyms,Hard Distractor
seal,masks,gloves,foils,0,Action/Verb Synonyms,Random Distractor
port,stout,cider,sake,1,Descriptor/Adjective Synonyms,fermented alcoholic beverages
sake,pronounced,port,cider,0,Descriptor/Adjective Synonyms,Hard Distractor
hourglass,sake,cider,stout,0,Descriptor/Adjective Synonyms,Random Distractor
speculative,literary,young adult,historical,1,Noun/Concept Synonyms,fiction categories
long,young adult,historical,literary,0,Noun/Concept Synonyms,Hard Distractor
literary,speculative,young adult,ding dong,0,Noun/Concept Synonyms,Random Distractor
romance,fantasy,mystery,horror,1,Members of a Set/Entities,fiction genres
fantasy,horror,mystery,robe,0,Members of a Set/Entities,Hard Distractor
fantasy,mystery,romance,civic,0,Members of a Set/Entities,Random Distractor
ronald,joker,homey,pennywise,1,Noun/Concept Synonyms,fictional clowns
pennywise,outpouring,ronald,joker,0,Noun/Concept Synonyms,Hard Distractor
joker,pennywise,ronald,poetry,0,Noun/Concept Synonyms,Random Distractor
robot,big,toad,peanut,1,Noun/Concept Synonyms,fictional misters
robot,peanut,kick,toad,0,Noun/Concept Synonyms,Hard Distractor
robot,dugout,big,peanut,0,Noun/Concept Synonyms,Random Distractor
porky,napoleon,piglet,babe,1,Noun/Concept Synonyms,fictional pigs
babe,piglet,napoleon,pepper,0,Noun/Concept Synonyms,Hard Distractor
babe,piglet,scratchy,porky,0,Noun/Concept Synonyms,Random Distractor
luffy,silver,sparrow,hook,1,Noun/Concept Synonyms,fictional pirates
hook,silver,doorknob,sparrow,0,Noun/Concept Synonyms,Hard Distractor
luffy,bots,hook,silver,0,Noun/Concept Synonyms,Random Distractor
sparrow,jones,silver,hook,1,Noun/Concept Synonyms,fictional pirates
hook,discard,jones,sparrow,0,Noun/Concept Synonyms,Hard Distractor
jones,rogue,hook,silver,0,Noun/Concept Synonyms,Random Distractor
powers,hunt,archer,smart,1,Noun/Concept Synonyms,fictional spies
powers,smart,hunt,sight,0,Noun/Concept Synonyms,Hard Distractor
wow,smart,hunt,powers,0,Noun/Concept Synonyms,Random Distractor
bond,ryan,peel,hunt,1,Noun/Concept Synonyms,fictional spies
hunt,peel,word,ryan,0,Noun/Concept Synonyms,Hard Distractor
interrupt,bond,peel,hunt,0,Noun/Concept Synonyms,Random Distractor
fawn,elephant,mouse,marionette,1,Trivia/Pop Culture,figures in classic disney animated films
marionette,updo,mouse,fawn,0,Trivia/Pop Culture,Hard Distractor
mean,fawn,marionette,elephant,0,Trivia/Pop Culture,Random Distractor
atlas,echo,paris,nike,1,Trivia/Pop Culture,figures in greek myth
atlas,nike,cup,echo,0,Trivia/Pop Culture,Hard Distractor
adidas,atlas,nike,paris,0,Trivia/Pop Culture,Random Distractor
pan,helen,atlas,hermes,1,Trivia/Pop Culture,figures in greek myth
hermes,tomorrow,pan,atlas,0,Trivia/Pop Culture,Hard Distractor
pan,hermes,refresh,helen,0,Trivia/Pop Culture,Random Distractor
donkey,dragon,ogre,princess,1,Trivia/Pop Culture,figures in “shrek”
stand,donkey,ogre,dragon,0,Trivia/Pop Culture,Hard Distractor
rigatoni,princess,ogre,dragon,0,Trivia/Pop Culture,Random Distractor
thread,strand,string,fiber,1,Noun/Concept Synonyms,filament
fiber,strand,head,string,0,Noun/Concept Synonyms,Hard Distractor
string,sage,strand,fiber,0,Noun/Concept Synonyms,Random Distractor
mid,tiff,zip,doc,1,Noun/Concept Synonyms,file extensions
doc,zip,charm,mid,0,Noun/Concept Synonyms,Hard Distractor
tiff,cribs,mid,zip,0,Noun/Concept Synonyms,Random Distractor
gif,zip,tiff,pdf,1,Noun/Concept Synonyms,file extensions
bright,zip,tiff,pdf,0,Noun/Concept Synonyms,Hard Distractor
fallin’,pdf,zip,gif,0,Noun/Concept Synonyms,Random Distractor
save,print,new,open,1,Noun/Concept Synonyms,file menu options
twin,save,open,new,0,Noun/Concept Synonyms,Hard Distractor
sonic the hedgehog,open,print,new,0,Noun/Concept Synonyms,Random Distractor
stuff,jam,cram,pack,1,Noun/Concept Synonyms,fill to excess
stuff,pack,banana,cram,0,Noun/Concept Synonyms,Hard Distractor
pixie,cram,stuff,jam,0,Noun/Concept Synonyms,Random Distractor
well,like,um,literally,1,Noun/Concept Synonyms,filler words
well,literally,um,fund,0,Noun/Concept Synonyms,Hard Distractor
scratchy,um,literally,like,0,Noun/Concept Synonyms,Random Distractor
makeup,props,wardrobe,hair,1,Noun/Concept Synonyms,film departments
props,makeup,cup,wardrobe,0,Noun/Concept Synonyms,Hard Distractor
wardrobe,hair,makeup,movie set,0,Noun/Concept Synonyms,Random Distractor
action,lights,camera,cut,1,Noun/Concept Synonyms,film set directives
coat,action,cut,lights,0,Noun/Concept Synonyms,Hard Distractor
lights,action,camera,speak,0,Noun/Concept Synonyms,Random Distractor
dolly,lens,tripod,boom,1,Members of a Set/Entities,filmmaking equipment
tripod,lens,rover,boom,0,Members of a Set/Entities,Hard Distractor
boom,dolly,pepsi,tripod,0,Members of a Set/Entities,Random Distractor
apr,ira,cfo,sec,1,Noun/Concept Synonyms,financial abbreviations
hat,sec,ira,apr,0,Noun/Concept Synonyms,Hard Distractor
sec,cfo,apr,thanks,0,Noun/Concept Synonyms,Random Distractor
capital,equity,interest,stock,1,Noun/Concept Synonyms,financial terms
stock,fade,capital,equity,0,Noun/Concept Synonyms,Hard Distractor
equity,stock,anther,capital,0,Noun/Concept Synonyms,Random Distractor
lather,froth,foam,head,1,Noun/Concept Synonyms,fine bubbles
citrus,foam,lather,froth,0,Noun/Concept Synonyms,Hard Distractor
man,foam,froth,lather,0,Noun/Concept Synonyms,Random Distractor
strings,condition,catch,asterisk,1,Noun/Concept Synonyms,fine print
asterisk,catch,urgent,strings,0,Noun/Concept Synonyms,Hard Distractor
asterisk,catch,strings,katie,0,Noun/Concept Synonyms,Random Distractor
cream,best,select,elite,1,Noun/Concept Synonyms,finest
select,adult,best,cream,0,Noun/Concept Synonyms,Hard Distractor
elite,best,swagger,cream,0,Noun/Concept Synonyms,Random Distractor
little,ring,middle,pointer,1,Noun/Concept Synonyms,fingers
cherry,ring,pointer,little,0,Noun/Concept Synonyms,Hard Distractor
ring,middle,little,backpack,0,Noun/Concept Synonyms,Random Distractor
through,complete,done,over,1,Noun/Concept Synonyms,finished
through,complete,done,slug,0,Noun/Concept Synonyms,Hard Distractor
complete,over,done,therefore,0,Noun/Concept Synonyms,Random Distractor
through,done,over,up,1,Noun/Concept Synonyms,"finished, as time"
done,rugged,through,up,0,Noun/Concept Synonyms,Hard Distractor
up,over,done,mite,0,Noun/Concept Synonyms,Random Distractor
pottery,ceramics,ware,china,1,Noun/Concept Synonyms,fired objects
china,duct,ware,pottery,0,Noun/Concept Synonyms,Hard Distractor
ware,pronounce,ceramics,china,0,Noun/Concept Synonyms,Random Distractor
dressing,tape,bandage,scissors,1,Members of a Set/Entities,first aid kit items
scissors,seminar,bandage,tape,0,Members of a Set/Entities,Hard Distractor
asteroid,bandage,scissors,dressing,0,Members of a Set/Entities,Random Distractor
speech,assembly,press,petition,1,Noun/Concept Synonyms,first amendment freedoms
to,assembly,speech,petition,0,Noun/Concept Synonyms,Hard Distractor
cheesecake,speech,assembly,press,0,Noun/Concept Synonyms,Random Distractor
introduction,premiere,debut,launch,1,Noun/Concept Synonyms,first appearance
debut,martini,premiere,introduction,0,Noun/Concept Synonyms,Hard Distractor
elm,debut,introduction,premiere,0,Noun/Concept Synonyms,Random Distractor
laurel,fry,abbott,key,1,Idioms & Slang,first in a comedy duo
laurel,fry,win,key,0,Idioms & Slang,Hard Distractor
fry,ad,key,abbott,0,Idioms & Slang,Random Distractor
cab,duke,count,dizzy,1,Members of a Set/Entities,first names in jazz
count,cab,purse,duke,0,Members of a Set/Entities,Hard Distractor
count,gel,dizzy,cab,0,Members of a Set/Entities,Random Distractor
yogi,lou,babe,mickey,1,Members of a Set/Entities,first names of yankees legends
babe,magic,mickey,yogi,0,Members of a Set/Entities,Hard Distractor
yogi,address,mickey,babe,0,Members of a Set/Entities,Random Distractor
casino,tomorrow,quantum,diamonds,1,Idioms & Slang,first word in bond movie titles
quantum,casino,tomorrow,ticket,0,Idioms & Slang,Hard Distractor
casino,sunny,diamonds,tomorrow,0,Idioms & Slang,Random Distractor
stairway,baba,hotel,bohemian,1,Trivia/Pop Culture,first words in '70s rock song titles
hotel,baba,stairway,riddler,0,Trivia/Pop Culture,Hard Distractor
light bulb,baba,stairway,hotel,0,Trivia/Pop Culture,Random Distractor
notorious,foxy,gucci,killer,1,Members of a Set/Entities,first words in rappers’ names
notorious,angora,foxy,killer,0,Members of a Set/Entities,Hard Distractor
gucci,pee,notorious,foxy,0,Members of a Set/Entities,Random Distractor
nova,northwest,british,prince,1,Idioms & Slang,first words of canadian provinces/territories
dysentery,nova,british,northwest,0,Idioms & Slang,Hard Distractor
prince,dishing,nova,northwest,0,Idioms & Slang,Random Distractor
boardwalk,curb,silicon,game,1,Trivia/Pop Culture,first words of hbo shows
curb,game,goofy,boardwalk,0,Trivia/Pop Culture,Hard Distractor
boardwalk,silicon,curb,type,0,Trivia/Pop Culture,Random Distractor
nations,lady,aid,responder,1,Fill-in-the-Blank,first ___
nations,cab,lady,responder,0,Fill-in-the-Blank,Hard Distractor
aid,zine,lady,responder,0,Fill-in-the-Blank,Random Distractor
sole,mullet,tang,fluke,1,Descriptor/Adjective Synonyms,fish
mullet,sole,tang,shelter,0,Descriptor/Adjective Synonyms,Hard Distractor
fluke,mullet,timer,sole,0,Descriptor/Adjective Synonyms,Random Distractor
char,pike,sole,tetra,1,Descriptor/Adjective Synonyms,fish
char,tetra,pike,pants,0,Descriptor/Adjective Synonyms,Hard Distractor
pike,upper,tetra,char,0,Descriptor/Adjective Synonyms,Random Distractor
fluke,skate,bass,pike,1,Descriptor/Adjective Synonyms,fish
plod,skate,pike,fluke,0,Descriptor/Adjective Synonyms,Hard Distractor
fluke,pierce,pike,skate,0,Descriptor/Adjective Synonyms,Random Distractor
tang,perch,fluke,skate,1,Descriptor/Adjective Synonyms,fish
perch,fluke,tang,fine,0,Descriptor/Adjective Synonyms,Hard Distractor
skate,behold,tang,perch,0,Descriptor/Adjective Synonyms,Random Distractor
char,perch,pike,skate,1,Descriptor/Adjective Synonyms,fish
perch,char,skate,centipede,0,Descriptor/Adjective Synonyms,Hard Distractor
byrd,char,pike,skate,0,Descriptor/Adjective Synonyms,Random Distractor
perch,eel,shark,sole,1,Descriptor/Adjective Synonyms,fish
shark,sole,perch,way,0,Descriptor/Adjective Synonyms,Hard Distractor
perch,sole,microwave,eel,0,Descriptor/Adjective Synonyms,Random Distractor
smelt,carp,flounder,catfish,1,Descriptor/Adjective Synonyms,fish that are verbs
carp,smelt,catfish,mark,0,Descriptor/Adjective Synonyms,Hard Distractor
flounder,u,catfish,smelt,0,Descriptor/Adjective Synonyms,Random Distractor
tackle,lure,reel,rod,1,Action/Verb Synonyms,fishing gear
rod,tackle,lure,rapid,0,Action/Verb Synonyms,Hard Distractor
passion,rod,tackle,reel,0,Action/Verb Synonyms,Random Distractor
sinker,hook,fly,line,1,Action/Verb Synonyms,fishing gear
sue,line,hook,sinker,0,Action/Verb Synonyms,Hard Distractor
hook,elastic,fly,line,0,Action/Verb Synonyms,Random Distractor
fly,chum,sinker,bait,1,Action/Verb Synonyms,fishing terms
solo,bait,chum,fly,0,Action/Verb Synonyms,Hard Distractor
fly,sinker,chum,eleventh,0,Action/Verb Synonyms,Random Distractor
puncture,crack,leak,hole,1,Noun/Concept Synonyms,fissure
reflection,leak,puncture,hole,0,Noun/Concept Synonyms,Hard Distractor
geyser,hole,leak,crack,0,Noun/Concept Synonyms,Random Distractor
health,form,condition,shape,1,Noun/Concept Synonyms,fitness
minus,shape,condition,health,0,Noun/Concept Synonyms,Hard Distractor
condition,seem,form,health,0,Noun/Concept Synonyms,Random Distractor
right,fair,proper,just,1,Action/Verb Synonyms,fitting
right,proper,witherspoon,just,0,Action/Verb Synonyms,Hard Distractor
thrifty,proper,fair,just,0,Action/Verb Synonyms,Random Distractor
stitch,patch,darn,mend,1,Idioms & Slang,fix a hole in clothing
stitch,splash,mend,darn,0,Idioms & Slang,Hard Distractor
elephants,darn,mend,stitch,0,Idioms & Slang,Random Distractor
shock,rock,surprise,floor,1,Noun/Concept Synonyms,flabbergast
shock,floor,yen,rock,0,Noun/Concept Synonyms,Hard Distractor
shock,rock,surprise,dateline,0,Noun/Concept Synonyms,Random Distractor
shake,rock,floor,shock,1,Noun/Concept Synonyms,flabbergast
shake,rock,teabag,floor,0,Noun/Concept Synonyms,Hard Distractor
floor,sand,rock,shock,0,Noun/Concept Synonyms,Random Distractor
tasting,platter,flight,sampler,1,Noun/Concept Synonyms,flavor assortment
tasting,platter,flight,freight,0,Noun/Concept Synonyms,Hard Distractor
saw,tasting,platter,flight,0,Noun/Concept Synonyms,Random Distractor
elastic,plastic,supple,limber,1,Descriptor/Adjective Synonyms,flexible
supple,plastic,catch,elastic,0,Descriptor/Adjective Synonyms,Hard Distractor
elastic,doctoring,supple,plastic,0,Descriptor/Adjective Synonyms,Random Distractor
kiwi,ostrich,penguin,emu,1,Descriptor/Adjective Synonyms,flightless birds
ostrich,bite,penguin,kiwi,0,Descriptor/Adjective Synonyms,Hard Distractor
hitch,emu,penguin,kiwi,0,Descriptor/Adjective Synonyms,Random Distractor
jerk,startle,bolt,jump,1,Noun/Concept Synonyms,flinch
jump,dove,bolt,jerk,0,Noun/Concept Synonyms,Hard Distractor
cat eye,jerk,startle,jump,0,Noun/Concept Synonyms,Random Distractor
laminate,tile,carpet,wood,1,Action/Verb Synonyms,flooring options
laminate,swing,wood,tile,0,Action/Verb Synonyms,Hard Distractor
wood,tile,carpet,teeth,0,Action/Verb Synonyms,Random Distractor
lemon,turkey,bust,miss,1,Noun/Concept Synonyms,flop
turkey,backside,lemon,bust,0,Noun/Concept Synonyms,Hard Distractor
turkey,bust,obelisk,miss,0,Noun/Concept Synonyms,Random Distractor
stalk,bud,petal,leaf,1,Noun/Concept Synonyms,flower parts
in,bud,leaf,petal,0,Noun/Concept Synonyms,Hard Distractor
highway,leaf,petal,stalk,0,Noun/Concept Synonyms,Random Distractor
daisy,tulip,rose,violet,1,Noun/Concept Synonyms,flowers
close,tulip,violet,rose,0,Noun/Concept Synonyms,Hard Distractor
rose,violet,musical note,tulip,0,Noun/Concept Synonyms,Random Distractor
jasmine,petunia,daisy,poppy,1,Noun/Concept Synonyms,flowers
present,daisy,poppy,petunia,0,Noun/Concept Synonyms,Hard Distractor
daisy,slides,poppy,petunia,0,Noun/Concept Synonyms,Random Distractor
cloud,dandelion,sheep,cotton ball,1,Members of a Set/Entities,fluffy white things
cotton ball,cloud,sheep,camel,0,Members of a Set/Entities,Hard Distractor
graph,cotton ball,sheep,cloud,0,Members of a Set/Entities,Random Distractor
faze,throw,rattle,ruffle,1,Noun/Concept Synonyms,fluster
throw,pal,rattle,faze,0,Noun/Concept Synonyms,Hard Distractor
faze,rattle,ruffle,wash,0,Noun/Concept Synonyms,Random Distractor
stew,sweat,tizzy,lather,1,Noun/Concept Synonyms,flustered state
heat,stew,tizzy,lather,0,Noun/Concept Synonyms,Hard Distractor
sweat,series,stew,tizzy,0,Noun/Concept Synonyms,Random Distractor
fire extinguisher,shaving cream,sea,beer,1,Members of a Set/Entities,foamy things
golf,beer,sea,shaving cream,0,Members of a Set/Entities,Hard Distractor
sea,katz,shaving cream,beer,0,Members of a Set/Entities,Random Distractor
trash,desktop,pictures,music,1,Noun/Concept Synonyms,folders on a mac
music,trash,six,desktop,0,Noun/Concept Synonyms,Hard Distractor
music,desktop,signs,pictures,0,Noun/Concept Synonyms,Random Distractor
chicken little,tom thumb,thumbelina,jack,1,Trivia/Pop Culture,folktale characters
jack,craven,thumbelina,chicken little,0,Trivia/Pop Culture,Hard Distractor
chicken little,judo,tom thumb,thumbelina,0,Trivia/Pop Culture,Random Distractor
tail,trail,track,shadow,1,Noun/Concept Synonyms,follow
track,verdana,trail,tail,0,Noun/Concept Synonyms,Hard Distractor
trail,track,tail,hard feelings,0,Noun/Concept Synonyms,Random Distractor
wind,snake,weave,curve,1,Noun/Concept Synonyms,follow a meandering course
curve,ronald,weave,wind,0,Noun/Concept Synonyms,Hard Distractor
snake,curve,scent,wind,0,Noun/Concept Synonyms,Random Distractor
track,monitor,survey,watch,1,Descriptor/Adjective Synonyms,follow attentively
survey,track,scepter,monitor,0,Descriptor/Adjective Synonyms,Hard Distractor
survey,bulky,track,watch,0,Descriptor/Adjective Synonyms,Random Distractor
typewriter,gothic,roman,sans,1,Action/Verb Synonyms,font-modifying words
gothic,typewriter,laminate,sans,0,Action/Verb Synonyms,Hard Distractor
sans,gothic,tip,typewriter,0,Action/Verb Synonyms,Random Distractor
verdana,impact,arial,georgia,1,Noun/Concept Synonyms,fonts
impact,arial,con,verdana,0,Noun/Concept Synonyms,Hard Distractor
dud,verdana,georgia,arial,0,Noun/Concept Synonyms,Random Distractor
papyrus,courier,impact,times,1,Noun/Concept Synonyms,fonts
papyrus,pancake,times,courier,0,Noun/Concept Synonyms,Hard Distractor
times,papyrus,impact,cyclone,0,Noun/Concept Synonyms,Random Distractor
chow,grub,fare,eats,1,Noun/Concept Synonyms,food
eats,licorice,chow,fare,0,Noun/Concept Synonyms,Hard Distractor
flatten,fare,grub,chow,0,Noun/Concept Synonyms,Random Distractor
cheesesteak,wings,broil,sprouts,1,Members of a Set/Entities,food named after cities
broil,tap,sprouts,wings,0,Members of a Set/Entities,Hard Distractor
crouch,broil,sprouts,cheesesteak,0,Members of a Set/Entities,Random Distractor
cheese,corn,schmaltz,sap,1,Idioms & Slang,food products associated with sentimentality
scram,sap,corn,schmaltz,0,Idioms & Slang,Hard Distractor
schmaltz,hobgoblin,corn,cheese,0,Idioms & Slang,Random Distractor
melon,noodle,nut,bean,1,Idioms & Slang,food slang for head
melon,bean,noodle,ick,0,Idioms & Slang,Hard Distractor
nut,glory,bean,melon,0,Idioms & Slang,Random Distractor
🧀,🥓,🍞,🥬,1,Idioms & Slang,food slang for money
🧀,🍞,push,🥬,0,Idioms & Slang,Hard Distractor
🧀,dramatic,🥓,🥬,0,Idioms & Slang,Random Distractor
processor,fight,chain,pyramid,1,Fill-in-the-Blank,food ___
fight,chain,wonder,processor,0,Fill-in-the-Blank,Hard Distractor
fight,processor,pyramid,coo,0,Fill-in-the-Blank,Random Distractor
salad,scramble,hash,stew,1,Noun/Concept Synonyms,food-related jumbles
stew,club,salad,hash,0,Noun/Concept Synonyms,Hard Distractor
stew,salad,cheer,hash,0,Noun/Concept Synonyms,Random Distractor
turnover,tart,pasty,pie,1,Noun/Concept Synonyms,foods with crusts
pasty,tart,emerald,pie,0,Noun/Concept Synonyms,Hard Distractor
pie,turnover,🥓,pasty,0,Noun/Concept Synonyms,Random Distractor
madness,nonsense,absurdity,folly,1,Noun/Concept Synonyms,foolishness
slack,nonsense,madness,absurdity,0,Noun/Concept Synonyms,Hard Distractor
absurdity,monkey,madness,nonsense,0,Noun/Concept Synonyms,Random Distractor
arch,sole,toe,ball,1,Noun/Concept Synonyms,foot parts
ball,toe,sole,forward,0,Noun/Concept Synonyms,Hard Distractor
ball,between,sole,arch,0,Noun/Concept Synonyms,Random Distractor
cleats,pads,jersey,helmet,1,Noun/Concept Synonyms,football gear
helmet,loud,cleats,pads,0,Noun/Concept Synonyms,Hard Distractor
deluxe,cleats,jersey,helmet,0,Noun/Concept Synonyms,Random Distractor
guard,quarterback,center,safety,1,Noun/Concept Synonyms,football positions
guard,center,quarterback,breakfast,0,Noun/Concept Synonyms,Hard Distractor
quarterback,guard,nonsense,center,0,Noun/Concept Synonyms,Random Distractor
sneaker,boot,pump,loafer,1,Noun/Concept Synonyms,footwear
nail,sneaker,boot,pump,0,Noun/Concept Synonyms,Hard Distractor
boot,pump,oboe,sneaker,0,Noun/Concept Synonyms,Random Distractor
sneak,slip,wade,loaf,1,Noun/Concept Synonyms,footwear minus “er” sound
well,sneak,slip,loaf,0,Noun/Concept Synonyms,Hard Distractor
loaf,sneak,straight,slip,0,Noun/Concept Synonyms,Random Distractor
locker,ball,hills,print,1,Fill-in-the-Blank,foot___
flag,hills,ball,print,0,Fill-in-the-Blank,Hard Distractor
ball,hills,runt,print,0,Fill-in-the-Blank,Random Distractor
everlasting,eternal,forever,permanent,1,Noun/Concept Synonyms,for all time
permanent,watt,forever,everlasting,0,Noun/Concept Synonyms,Hard Distractor
forever,eternal,extension,everlasting,0,Noun/Concept Synonyms,Random Distractor
proscribed,verboten,taboo,off-limits,1,Noun/Concept Synonyms,forbidden
taboo,verboten,rex,off-limits,0,Noun/Concept Synonyms,Hard Distractor
proscribed,off-limits,triangle,verboten,0,Noun/Concept Synonyms,Random Distractor
eject,boot,bounce,remove,1,Noun/Concept Synonyms,force to leave
bounce,omg,eject,remove,0,Noun/Concept Synonyms,Hard Distractor
bounce,syrup,eject,remove,0,Noun/Concept Synonyms,Random Distractor
bronco,mustang,pinto,fiesta,1,Noun/Concept Synonyms,ford models
mustang,class,pinto,bronco,0,Noun/Concept Synonyms,Hard Distractor
bronco,mustang,pinto,postpone,0,Noun/Concept Synonyms,Random Distractor
initial,original,primary,first,1,Noun/Concept Synonyms,foremost
sand,primary,initial,first,0,Noun/Concept Synonyms,Hard Distractor
primary,initial,original,reserve,0,Noun/Concept Synonyms,Random Distractor
principal,supreme,premier,chief,1,Noun/Concept Synonyms,foremost
premier,principal,chief,judge,0,Noun/Concept Synonyms,Hard Distractor
principal,chief,critical,premier,0,Noun/Concept Synonyms,Random Distractor
top,prime,head,lead,1,Noun/Concept Synonyms,foremost
head,prime,lead,kinder,0,Noun/Concept Synonyms,Hard Distractor
top,prime,lead,capote,0,Noun/Concept Synonyms,Random Distractor
main,supreme,prime,paramount,1,Noun/Concept Synonyms,foremost
even,paramount,supreme,main,0,Noun/Concept Synonyms,Hard Distractor
prime,main,excellent,paramount,0,Noun/Concept Synonyms,Random Distractor
nugget,coin,bar,leaf,1,Noun/Concept Synonyms,formats of gold
lie,leaf,nugget,coin,0,Noun/Concept Synonyms,Hard Distractor
leaf,nugget,flame,coin,0,Noun/Concept Synonyms,Random Distractor
cube,powder,syrup,grain,1,Noun/Concept Synonyms,forms of sugar
chip,powder,grain,syrup,0,Noun/Concept Synonyms,Hard Distractor
powder,cowboy,grain,cube,0,Noun/Concept Synonyms,Random Distractor
open,direct,frank,straight,1,Noun/Concept Synonyms,forthright
straight,frank,scoop,direct,0,Noun/Concept Synonyms,Hard Distractor
hertz,open,straight,direct,0,Noun/Concept Synonyms,Random Distractor
marsala,port,sherry,vermouth,1,Noun/Concept Synonyms,fortified wines
minute,vermouth,sherry,port,0,Noun/Concept Synonyms,Hard Distractor
vermouth,marsala,port,roy,0,Noun/Concept Synonyms,Random Distractor
courage,spirit,heart,backbone,1,Noun/Concept Synonyms,fortitude
backbone,courage,heart,hairpin,0,Noun/Concept Synonyms,Hard Distractor
spirit,big,heart,backbone,0,Noun/Concept Synonyms,Random Distractor
spirit,will,resolve,grit,1,Noun/Concept Synonyms,fortitude
smash,spirit,will,grit,0,Noun/Concept Synonyms,Hard Distractor
selfie,will,resolve,spirit,0,Noun/Concept Synonyms,Random Distractor
poker,flue,log,grate,1,Noun/Concept Synonyms,found around a fireplace
poker,grate,flue,mint,0,Noun/Concept Synonyms,Hard Distractor
flue,foils,grate,poker,0,Noun/Concept Synonyms,Random Distractor
tea bag,tetherball,yo-yo,pendulum,1,Idioms & Slang,found at the end of a string/cord
yo-yo,set,tetherball,tea bag,0,Idioms & Slang,Hard Distractor
fin,tea bag,tetherball,pendulum,0,Idioms & Slang,Random Distractor
counter,sink,mixer,range,1,Noun/Concept Synonyms,found in a kitchen
mixer,counter,sink,adult,0,Noun/Concept Synonyms,Hard Distractor
mixer,seem,range,counter,0,Noun/Concept Synonyms,Random Distractor
caramel,popcorn,prize,peanuts,1,Noun/Concept Synonyms,found in cracker jacks
zip,prize,peanuts,caramel,0,Noun/Concept Synonyms,Hard Distractor
highlight,caramel,prize,peanuts,0,Noun/Concept Synonyms,Random Distractor
keel,hatch,bridge,deck,1,Noun/Concept Synonyms,found on a ship
hatch,bridge,lather,deck,0,Noun/Concept Synonyms,Hard Distractor
deck,teeter-totter,bridge,hatch,0,Noun/Concept Synonyms,Random Distractor
pot,pan,kettle,griddle,1,Idioms & Slang,found on a stove top
primate,kettle,pan,griddle,0,Idioms & Slang,Hard Distractor
kettle,griddle,pot,ringer,0,Idioms & Slang,Random Distractor
staff,clef,note,rest,1,Descriptor/Adjective Synonyms,found on sheet music
grace,clef,staff,rest,0,Descriptor/Adjective Synonyms,Hard Distractor
staff,note,clef,hare,0,Descriptor/Adjective Synonyms,Random Distractor
rest,staff,note,accidental,1,Descriptor/Adjective Synonyms,found on sheet music
staff,pitchfork,accidental,note,0,Descriptor/Adjective Synonyms,Hard Distractor
accidental,staff,toss,rest,0,Descriptor/Adjective Synonyms,Random Distractor
hound,hole,trot,glove,1,Fill-in-the-Blank,fox___
rogue,glove,hole,hound,0,Fill-in-the-Blank,Hard Distractor
hole,glove,trot,dim,0,Fill-in-the-Blank,Random Distractor
sausage,banger,link,brat,1,Noun/Concept Synonyms,frankfurter
banger,bottle,brat,sausage,0,Noun/Concept Synonyms,Hard Distractor
banger,link,brat,hoho,0,Noun/Concept Synonyms,Random Distractor
con,fake,quack,cheat,1,Noun/Concept Synonyms,fraudster
car,quack,fake,cheat,0,Noun/Concept Synonyms,Hard Distractor
quack,cheat,fake,blaze,0,Noun/Concept Synonyms,Random Distractor
pain,pamplemousse,vinaigrette,cornichon,1,Noun/Concept Synonyms,french food words
puree,pamplemousse,vinaigrette,pain,0,Noun/Concept Synonyms,Hard Distractor
vinaigrette,pamplemousse,munich,cornichon,0,Noun/Concept Synonyms,Random Distractor
pain,adieu,temps,belle,1,Noun/Concept Synonyms,french words
belle,pain,mount,temps,0,Noun/Concept Synonyms,Hard Distractor
adieu,pain,temps,feed,0,Noun/Concept Synonyms,Random Distractor
kiss,bulldog,fry,horn,1,Fill-in-the-Blank,french ___
evil,bulldog,horn,fry,0,Fill-in-the-Blank,Hard Distractor
fry,emerald,horn,bulldog,0,Fill-in-the-Blank,Random Distractor
ring,stick,wing,tender,1,Idioms & Slang,"fried appetizer, informally"
biopic,tender,wing,ring,0,Idioms & Slang,Hard Distractor
stick,ring,oxford,tender,0,Idioms & Slang,Random Distractor
bud,pal,chum,mate,1,Noun/Concept Synonyms,friend
galileo,chum,mate,pal,0,Noun/Concept Synonyms,Hard Distractor
josh,chum,bud,pal,0,Noun/Concept Synonyms,Random Distractor
date,kiwi,orange,lemon,1,Noun/Concept Synonyms,fruit
orange,lemon,review,kiwi,0,Noun/Concept Synonyms,Hard Distractor
date,hood,orange,lemon,0,Noun/Concept Synonyms,Random Distractor
crisp,crumble,cobbler,tart,1,Noun/Concept Synonyms,fruit desserts
tart,crisp,crumble,arch,0,Noun/Concept Synonyms,Hard Distractor
crisp,tart,zero,cobbler,0,Noun/Concept Synonyms,Random Distractor
pair,lyme,bury,mellon,1,Word Structure/Play,fruit homophones
pair,mellon,lyme,hare,0,Word Structure/Play,Hard Distractor
mellon,lyme,peppermint patty,pair,0,Word Structure/Play,Random Distractor
plumb,pair,leachy,current,1,Word Structure/Play,fruit homophones
leachy,plumb,puffing,pair,0,Word Structure/Play,Hard Distractor
leachy,current,fire engine,pair,0,Word Structure/Play,Random Distractor
apricot,grape,lime,fig,1,Noun/Concept Synonyms,fruits
apricot,lime,neutral,fig,0,Noun/Concept Synonyms,Hard Distractor
judge,apricot,fig,grape,0,Noun/Concept Synonyms,Random Distractor
dote,lumon,poach,ample,1,Word Structure/Play,fruits with their second letters changed
stale,dote,poach,lumon,0,Word Structure/Play,Hard Distractor
lumon,poach,coast,dote,0,Word Structure/Play,Random Distractor
house,circle,monty,moon,1,Fill-in-the-Blank,full ___
house,moon,monty,boston,0,Fill-in-the-Blank,Hard Distractor
house,circle,laptop,monty,0,Fill-in-the-Blank,Random Distractor
blast,ball,kick,ball,1,Noun/Concept Synonyms,fun time
ball,blast,ball,true,0,Noun/Concept Synonyms,Hard Distractor
ripe,kick,ball,ball,0,Noun/Concept Synonyms,Random Distractor
blast,thrill,kick,riot,1,Noun/Concept Synonyms,fun time
impact,kick,thrill,riot,0,Noun/Concept Synonyms,Hard Distractor
goldilocks,blast,thrill,kick,0,Noun/Concept Synonyms,Random Distractor
purse,pool,pot,kitty,1,Noun/Concept Synonyms,fund
pot,pool,give,purse,0,Noun/Concept Synonyms,Hard Distractor
pot,heat,purse,kitty,0,Noun/Concept Synonyms,Random Distractor
staple,essential,principal,key,1,Noun/Concept Synonyms,fundamental
principal,key,staple,jersey,0,Noun/Concept Synonyms,Hard Distractor
mortise,key,principal,essential,0,Noun/Concept Synonyms,Random Distractor
function,ball,benefit,gala,1,Action/Verb Synonyms,fundraising event
benefit,minefield,ball,gala,0,Action/Verb Synonyms,Hard Distractor
ball,function,benefit,shank,0,Action/Verb Synonyms,Random Distractor
laugh,joker,card,clown,1,Noun/Concept Synonyms,funny person
card,laugh,joker,support,0,Noun/Concept Synonyms,Hard Distractor
laugh,mistletoe,clown,joker,0,Noun/Concept Synonyms,Random Distractor
riot,character,laugh,joker,1,Noun/Concept Synonyms,funny person
joker,elite,character,riot,0,Noun/Concept Synonyms,Hard Distractor
riot,swimming pool,laugh,character,0,Noun/Concept Synonyms,Random Distractor
card,clown,cutup,joker,1,Noun/Concept Synonyms,funny person
joker,charging cable,clown,cutup,0,Noun/Concept Synonyms,Hard Distractor
joker,lining,cutup,card,0,Noun/Concept Synonyms,Random Distractor
business,girl,pages,bone,1,Fill-in-the-Blank,funny ___
cucumber,pages,girl,bone,0,Fill-in-the-Blank,Hard Distractor
chump,bone,girl,pages,0,Fill-in-the-Blank,Random Distractor
equip,ready,outfit,prepare,1,Descriptor/Adjective Synonyms,furnish
outfit,musicians,ready,prepare,0,Descriptor/Adjective Synonyms,Hard Distractor
ready,prepare,zit,outfit,0,Descriptor/Adjective Synonyms,Random Distractor
wardrobe,chest,console,vanity,1,Noun/Concept Synonyms,furniture
vanity,console,wardrobe,sobriquet,0,Noun/Concept Synonyms,Hard Distractor
wardrobe,console,chest,store,0,Noun/Concept Synonyms,Random Distractor
forecast,outlook,prospect,chance,1,Noun/Concept Synonyms,future likelihood
comic,chance,prospect,forecast,0,Noun/Concept Synonyms,Hard Distractor
chance,forecast,outlook,vane,0,Noun/Concept Synonyms,Random Distractor
remote,vague,faint,dim,1,Descriptor/Adjective Synonyms,"fuzzy, as a memory"
vague,remote,pike,faint,0,Descriptor/Adjective Synonyms,Hard Distractor
faint,dim,temps,vague,0,Descriptor/Adjective Synonyms,Random Distractor
beer,pizza,dip,wings,1,Noun/Concept Synonyms,game day fare
beer,wings,cowl,pizza,0,Noun/Concept Synonyms,Hard Distractor
pizza,dip,beer,rainbow,0,Noun/Concept Synonyms,Random Distractor
bingo,roulette,lottery,war,1,Noun/Concept Synonyms,games of chance
roulette,drag,bingo,war,0,Noun/Concept Synonyms,Hard Distractor
bingo,din,lottery,war,0,Noun/Concept Synonyms,Random Distractor
tag,bingo,uno,marco polo,1,Idioms & Slang,games where you say the game’s name
tag,uno,coat,bingo,0,Idioms & Slang,Hard Distractor
tag,marco polo,bingo,american,0,Idioms & Slang,Random Distractor
seed,weed,water,plant,1,Action/Verb Synonyms,gardening nouns/verbs
plant,seed,cooler,water,0,Action/Verb Synonyms,Hard Distractor
water,seed,may i,weed,0,Action/Verb Synonyms,Random Distractor
bread,garlic,butter,parsley,1,Descriptor/Adjective Synonyms,garlic bread ingredients
garlic,bread,gather,parsley,0,Descriptor/Adjective Synonyms,Hard Distractor
garlic,butter,mid,bread,0,Descriptor/Adjective Synonyms,Random Distractor
diesel,regular,premium,plus,1,Noun/Concept Synonyms,gas pump options
diesel,regular,maxim,plus,0,Noun/Concept Synonyms,Hard Distractor
diesel,coconut,premium,regular,0,Noun/Concept Synonyms,Random Distractor
dirt,secrets,intelligence,information,1,Noun/Concept Synonyms,gathered by spies
intelligence,information,engine,dirt,0,Noun/Concept Synonyms,Hard Distractor
lat,secrets,dirt,information,0,Noun/Concept Synonyms,Random Distractor
deck,porch,yard,stoop,1,Idioms & Slang,gathering spot outside a residence
password,yard,stoop,deck,0,Idioms & Slang,Hard Distractor
yard,stoop,porch,chimichurri,0,Idioms & Slang,Random Distractor
radiant,baguette,princess,emerald,1,Noun/Concept Synonyms,gemstone cuts
baguette,champion,emerald,princess,0,Noun/Concept Synonyms,Hard Distractor
baguette,goldilocks,emerald,princess,0,Noun/Concept Synonyms,Random Distractor
light,mellow,mild,soft,1,Noun/Concept Synonyms,gentle
light,mellow,python,soft,0,Noun/Concept Synonyms,Hard Distractor
mild,plus,soft,mellow,0,Noun/Concept Synonyms,Random Distractor
volumetric,angular,areal,linear,1,Noun/Concept Synonyms,geometry adjectives
assignment,linear,volumetric,angular,0,Noun/Concept Synonyms,Hard Distractor
angular,volumetric,soy,linear,0,Noun/Concept Synonyms,Random Distractor
kinder,die,wurst,angst,1,Noun/Concept Synonyms,german words
pine,angst,kinder,die,0,Noun/Concept Synonyms,Hard Distractor
wurst,puffin,die,kinder,0,Noun/Concept Synonyms,Random Distractor
mend,knit,recover,heal,1,Idioms & Slang,"get better, as a broken bone"
recover,change,heal,mend,0,Idioms & Slang,Hard Distractor
heal,knit,sun,mend,0,Idioms & Slang,Random Distractor
fire,psych,amp,hype,1,Idioms & Slang,"get excited, with ""up"""
amp,hype,psych,n.f.l.,0,Idioms & Slang,Hard Distractor
amp,7-eleven,hype,fire,0,Idioms & Slang,Random Distractor
squat,duck,stoop,crouch,1,Action/Verb Synonyms,get low
warm,crouch,squat,stoop,0,Action/Verb Synonyms,Hard Distractor
duck,crouch,gel,stoop,0,Action/Verb Synonyms,Random Distractor
flush,glow,burn,blush,1,Idioms & Slang,get red in the face
burn,blush,photoshop,flush,0,Idioms & Slang,Hard Distractor
leavening,flush,burn,blush,0,Idioms & Slang,Random Distractor
shrink,contract,reduce,lessen,1,Action/Verb Synonyms,get smaller
shrink,typewriter,contract,lessen,0,Action/Verb Synonyms,Hard Distractor
reduce,contract,shrink,breathe,0,Action/Verb Synonyms,Random Distractor
spooning,snuggling,cuddling,hugging,1,Action/Verb Synonyms,getting cozy
snuggling,hugging,spooning,glass,0,Action/Verb Synonyms,Hard Distractor
snuggling,cuddling,kettles,spooning,0,Action/Verb Synonyms,Random Distractor
card,wrapping,box,bow,1,Action/Verb Synonyms,gift-giving accessories
box,race,card,bow,0,Action/Verb Synonyms,Hard Distractor
yawn,wrapping,box,card,0,Action/Verb Synonyms,Random Distractor
idea,message,point,drift,1,Noun/Concept Synonyms,gist
drift,seal,idea,message,0,Noun/Concept Synonyms,Hard Distractor
point,message,drift,doja,0,Noun/Concept Synonyms,Random Distractor
substance,meat,thrust,core,1,Noun/Concept Synonyms,gist
core,substance,thrust,trash,0,Noun/Concept Synonyms,Hard Distractor
thrust,como,core,meat,0,Noun/Concept Synonyms,Random Distractor
dub,call,name,label,1,Action/Verb Synonyms,give a title to
dub,label,stable,call,0,Action/Verb Synonyms,Hard Distractor
digest,name,call,label,0,Action/Verb Synonyms,Random Distractor
coast,float,coast,breeze,1,Noun/Concept Synonyms,glide
coast,breeze,coast,principal,0,Noun/Concept Synonyms,Hard Distractor
float,coast,event,breeze,0,Noun/Concept Synonyms,Random Distractor
drift,float,skate,cruise,1,Noun/Concept Synonyms,glide
float,tip,skate,drift,0,Noun/Concept Synonyms,Hard Distractor
cruise,leafy greens,float,drift,0,Noun/Concept Synonyms,Random Distractor
touch,hint,trace,suggestion,1,Noun/Concept Synonyms,glimmer
rear,suggestion,trace,hint,0,Noun/Concept Synonyms,Hard Distractor
vanilla,hint,trace,suggestion,0,Noun/Concept Synonyms,Random Distractor
peep,glance,look,gander,1,Noun/Concept Synonyms,glimpse
glance,look,old spice,peep,0,Noun/Concept Synonyms,Hard Distractor
look,peep,glance,tractor,0,Noun/Concept Synonyms,Random Distractor
dazzle,pomp,flash,ritz,1,Noun/Concept Synonyms,glitziness
flash,syndicate,pomp,ritz,0,Noun/Concept Synonyms,Hard Distractor
pomp,flash,reich,dazzle,0,Noun/Concept Synonyms,Random Distractor
sol,real,dollar,won,1,Noun/Concept Synonyms,global currencies
dollar,sol,real,madison,0,Noun/Concept Synonyms,Hard Distractor
sol,dollar,real,olympic,0,Noun/Concept Synonyms,Random Distractor
pound,pound,real,yen,1,Noun/Concept Synonyms,global currencies
pound,yen,tiles,real,0,Noun/Concept Synonyms,Hard Distractor
polo player,yen,pound,pound,0,Noun/Concept Synonyms,Random Distractor
yuan,won,pound,sterling,1,Noun/Concept Synonyms,global currencies
chef,yuan,pound,won,0,Noun/Concept Synonyms,Hard Distractor
yuan,umbilical,pound,won,0,Noun/Concept Synonyms,Random Distractor
sour,spoil,turn,rot,1,Action/Verb Synonyms,go bad
turn,sour,prank,rot,0,Action/Verb Synonyms,Hard Distractor
groundhog,sour,spoil,turn,0,Action/Verb Synonyms,Random Distractor
see,woo,date,court,1,Action/Verb Synonyms,go out with
court,date,library,see,0,Action/Verb Synonyms,Hard Distractor
sap,court,see,woo,0,Action/Verb Synonyms,Random Distractor
challenge,confront,oppose,face,1,Action/Verb Synonyms,go up against
oppose,face,confront,weed,0,Action/Verb Synonyms,Hard Distractor
sixteen,challenge,confront,oppose,0,Action/Verb Synonyms,Random Distractor
figure,rogue,figure,commando,1,Fill-in-the-Blank,go ___
rogue,figure,commando,fry,0,Fill-in-the-Blank,Hard Distractor
figure,rogue,frosting,commando,0,Fill-in-the-Blank,Random Distractor
fish,steady,bananas,bananas,1,Fill-in-the-Blank,go ___
steady,fish,bananas,poster,0,Fill-in-the-Blank,Hard Distractor
fish,bananas,dubbing,steady,0,Fill-in-the-Blank,Random Distractor
push,egg,urge,spur,1,Idioms & Slang,"goad, with ""on"""
prune,egg,spur,urge,0,Idioms & Slang,Hard Distractor
push,spur,urge,coffee maker,0,Idioms & Slang,Random Distractor
legend,icon,diva,queen,1,Noun/Concept Synonyms,goddess
queen,legend,circle,icon,0,Noun/Concept Synonyms,Hard Distractor
icon,spout,legend,queen,0,Noun/Concept Synonyms,Random Distractor
mine,rush,bond,leaf,1,Fill-in-the-Blank,gold ___
mine,bond,rush,pop,0,Fill-in-the-Blank,Hard Distractor
rush,shadowboxer,mine,leaf,0,Fill-in-the-Blank,Random Distractor
parachute,girls,fleece,rule,1,Fill-in-the-Blank,golden ___
parachute,secret,rule,fleece,0,Fill-in-the-Blank,Hard Distractor
parachute,rule,monologue,girls,0,Fill-in-the-Blank,Random Distractor
wood,iron,wedge,putter,1,Noun/Concept Synonyms,golf clubs
putter,irregular,wood,iron,0,Noun/Concept Synonyms,Hard Distractor
wedge,iron,may,wood,0,Noun/Concept Synonyms,Random Distractor
fairway,rough,green,bunker,1,Noun/Concept Synonyms,golf course parts
fairway,salts,rough,bunker,0,Noun/Concept Synonyms,Hard Distractor
green,combine,fairway,bunker,0,Noun/Concept Synonyms,Random Distractor
driver,eagle,stroke,hole,1,Noun/Concept Synonyms,golf terms
hole,eagle,driver,walnut,0,Noun/Concept Synonyms,Hard Distractor
stroke,driver,voyage,hole,0,Noun/Concept Synonyms,Random Distractor
raise,promotion,bonus,equity,1,Members of a Set/Entities,good things to get at work
raise,freeze,promotion,equity,0,Members of a Set/Entities,Hard Distractor
raise,bonus,mill,promotion,0,Members of a Set/Entities,Random Distractor
load,cargo,haul,freight,1,Noun/Concept Synonyms,goods to be transported
haul,still,cargo,freight,0,Noun/Concept Synonyms,Hard Distractor
cargo,freight,merchandise,haul,0,Noun/Concept Synonyms,Random Distractor
dirt,talk,dish,buzz,1,Noun/Concept Synonyms,gossip
talk,dirt,cut,dish,0,Noun/Concept Synonyms,Hard Distractor
pointer,dirt,talk,buzz,0,Noun/Concept Synonyms,Random Distractor
dishing,whispering,buzzing,spilling,1,Action/Verb Synonyms,gossiping
whispering,please,spilling,dishing,0,Action/Verb Synonyms,Hard Distractor
shoebox,dishing,spilling,whispering,0,Action/Verb Synonyms,Random Distractor
hold,rivet,engross,absorb,1,Noun/Concept Synonyms,grab one’s attention
tank,absorb,rivet,engross,0,Noun/Concept Synonyms,Hard Distractor
hold,rivet,voice,absorb,0,Noun/Concept Synonyms,Random Distractor
syringe,ruler,protractor,beaker,1,Members of a Set/Entities,graduated instruments
protractor,ruler,marble,beaker,0,Members of a Set/Entities,Hard Distractor
beaker,pillbox,ruler,syringe,0,Members of a Set/Entities,Random Distractor
barley,spelt,oat,rye,1,Noun/Concept Synonyms,grains
oat,fall,spelt,rye,0,Noun/Concept Synonyms,Hard Distractor
center,barley,oat,spelt,0,Noun/Concept Synonyms,Random Distractor
present,future,past,perfect,1,Noun/Concept Synonyms,grammar tense terms
perfect,o,present,past,0,Noun/Concept Synonyms,Hard Distractor
future,present,past,chin,0,Noun/Concept Synonyms,Random Distractor
plain,meadow,prairie,savanna,1,Noun/Concept Synonyms,grassland
prairie,coarse,savanna,meadow,0,Noun/Concept Synonyms,Hard Distractor
plain,prairie,champ,savanna,0,Noun/Concept Synonyms,Random Distractor
park,lawn,green,yard,1,Noun/Concept Synonyms,grassy area
yard,green,lawn,colonel,0,Noun/Concept Synonyms,Hard Distractor
yard,park,green,hercule,0,Noun/Concept Synonyms,Random Distractor
field,green,lawn,grounds,1,Noun/Concept Synonyms,grassy area
make up,field,grounds,lawn,0,Noun/Concept Synonyms,Hard Distractor
lawn,field,biggie,grounds,0,Noun/Concept Synonyms,Random Distractor
skim,stroke,kiss,brush,1,Noun/Concept Synonyms,graze
pant,stroke,brush,kiss,0,Noun/Concept Synonyms,Hard Distractor
chameleon,kiss,stroke,skim,0,Noun/Concept Synonyms,Random Distractor
witchcraft,summertime,autumn leaves,unforgettable,1,Trivia/Pop Culture,great american songbook songs
autumn leaves,unforgettable,silicon,summertime,0,Trivia/Pop Culture,Hard Distractor
witchcraft,greek,summertime,unforgettable,0,Trivia/Pop Culture,Random Distractor
load,drove,score,host,1,Descriptor/Adjective Synonyms,great many
rave,score,drove,host,0,Descriptor/Adjective Synonyms,Hard Distractor
score,drove,fargo,host,0,Descriptor/Adjective Synonyms,Random Distractor
white,dane,lake,seal,1,Fill-in-the-Blank,great ___
dane,sunday,lake,seal,0,Fill-in-the-Blank,Hard Distractor
seal,saucer,dane,lake,0,Fill-in-the-Blank,Random Distractor
pi,mu,xi,nu,1,Word Structure/Play,greek letters
able,xi,mu,pi,0,Word Structure/Play,Hard Distractor
dank,xi,mu,nu,0,Word Structure/Play,Random Distractor
beta,iota,delta,chi,1,Word Structure/Play,greek letters
chi,iota,roam,delta,0,Word Structure/Play,Hard Distractor
chi,showboat,iota,delta,0,Word Structure/Play,Random Distractor
hercule,aja,her,are,1,Word Structure/Play,greek mythological figures minus a letter
aja,sofa,hercule,are,0,Word Structure/Play,Hard Distractor
are,aja,mercy,hercule,0,Word Structure/Play,Random Distractor
kilo,meta,hyper,neo,1,Word Structure/Play,greek prefixes
kilo,meta,choral,hyper,0,Word Structure/Play,Hard Distractor
kilo,meta,hyper,angel,0,Word Structure/Play,Random Distractor
chimichurri,relish,salsa verde,pesto,1,Noun/Concept Synonyms,green condiments
pesto,division,relish,chimichurri,0,Noun/Concept Synonyms,Hard Distractor
relish,pesto,salsa verde,sophocles,0,Noun/Concept Synonyms,Random Distractor
beret,goblin,thumb,salad,1,Fill-in-the-Blank,green ___
goblin,beret,salad,time,0,Fill-in-the-Blank,Hard Distractor
thumb,dress,salad,beret,0,Fill-in-the-Blank,Random Distractor
hug,high five,wave,shake,1,Action/Verb Synonyms,greeting gestures
box,shake,high five,wave,0,Action/Verb Synonyms,Hard Distractor
hug,high five,wave,burst,0,Action/Verb Synonyms,Random Distractor
gas,wood,electric,charcoal,1,Noun/Concept Synonyms,grill fuel sources
gas,wood,bill,electric,0,Noun/Concept Synonyms,Hard Distractor
rapper,wood,electric,gas,0,Noun/Concept Synonyms,Random Distractor
produce,frozen,snack,dairy,1,Noun/Concept Synonyms,grocery store aisles
crow,frozen,produce,snack,0,Noun/Concept Synonyms,Hard Distractor
frozen,bell,snack,produce,0,Noun/Concept Synonyms,Random Distractor
original,different,new,novel,1,Action/Verb Synonyms,groundbreaking
vanilla,original,different,new,0,Action/Verb Synonyms,Hard Distractor
jasmine,new,original,novel,0,Action/Verb Synonyms,Random Distractor
board,panel,cabinet,council,1,Noun/Concept Synonyms,group of advisors
board,panel,cabinet,coffee,0,Noun/Concept Synonyms,Hard Distractor
council,panel,board,ronald,0,Noun/Concept Synonyms,Random Distractor
compound,development,block,complex,1,Noun/Concept Synonyms,group of buildings
development,compound,block,madness,0,Noun/Concept Synonyms,Hard Distractor
block,development,photoshop,complex,0,Noun/Concept Synonyms,Random Distractor
brood,clutch,litter,hatch,1,Noun/Concept Synonyms,group of offspring
litter,powers,hatch,clutch,0,Noun/Concept Synonyms,Hard Distractor
litter,clutch,pursue,hatch,0,Noun/Concept Synonyms,Random Distractor
side,wing,division,faction,1,Noun/Concept Synonyms,group within a group
aegis,side,wing,faction,0,Noun/Concept Synonyms,Hard Distractor
wing,intercoms,faction,side,0,Noun/Concept Synonyms,Random Distractor
camp,camp,wing,party,1,Noun/Concept Synonyms,group within a group
camp,wing,total,party,0,Noun/Concept Synonyms,Hard Distractor
camp,tours,wing,party,0,Noun/Concept Synonyms,Random Distractor
fingers,commandments,bowling pins,decade,1,Noun/Concept Synonyms,groups of ten
step,bowling pins,commandments,fingers,0,Noun/Concept Synonyms,Hard Distractor
fingers,decade,underscore,bowling pins,0,Noun/Concept Synonyms,Random Distractor
usher,pilot,shepherd,steer,1,Noun/Concept Synonyms,guide
pilot,steer,usher,core,0,Noun/Concept Synonyms,Hard Distractor
shepherd,friendship,pilot,steer,0,Noun/Concept Synonyms,Random Distractor
bridge,neck,fret,body,1,Noun/Concept Synonyms,guitar parts
fret,agency,neck,bridge,0,Noun/Concept Synonyms,Hard Distractor
neck,bridge,body,lagos,0,Noun/Concept Synonyms,Random Distractor
slide,strum,bend,pick,1,Noun/Concept Synonyms,guitar playing techniques
bend,slide,grate,strum,0,Noun/Concept Synonyms,Hard Distractor
slide,strum,bend,eggnog,0,Noun/Concept Synonyms,Random Distractor
trident,orbit,extra,ice breakers,1,Members of a Set/Entities,gum brands
extra,ice breakers,trident,florida,0,Members of a Set/Entities,Hard Distractor
extra,orbit,trident,polar bear,0,Members of a Set/Entities,Random Distractor
cinnamon,menthol,wintergreen,bubblegum,1,Noun/Concept Synonyms,gum flavors
fresh air,wintergreen,bubblegum,menthol,0,Noun/Concept Synonyms,Hard Distractor
cinnamon,bubblegum,menthol,premier,0,Noun/Concept Synonyms,Random Distractor
curl,plank,press,lunge,1,Noun/Concept Synonyms,gym exercises
curl,plank,speedy,lunge,0,Noun/Concept Synonyms,Hard Distractor
fog,curl,press,plank,0,Noun/Concept Synonyms,Random Distractor
bars,vault,beam,rings,1,Noun/Concept Synonyms,gymnastics apparatus
tuft,rings,vault,beam,0,Noun/Concept Synonyms,Hard Distractor
vault,beam,sobriquet,bars,0,Noun/Concept Synonyms,Random Distractor
rings,floor,horse,vault,1,Noun/Concept Synonyms,gymnastics apparatus
rings,extensions,floor,vault,0,Noun/Concept Synonyms,Hard Distractor
lumon,floor,horse,rings,0,Noun/Concept Synonyms,Random Distractor
roundoff,aerial,arabesque,split,1,Noun/Concept Synonyms,gymnastics moves
aerial,arabesque,auditorium,roundoff,0,Noun/Concept Synonyms,Hard Distractor
aerial,poker,roundoff,split,0,Noun/Concept Synonyms,Random Distractor
tuck,split,straddle,pike,1,Noun/Concept Synonyms,gymnastics positions
props,split,pike,tuck,0,Noun/Concept Synonyms,Hard Distractor
tuck,pike,dry,straddle,0,Noun/Concept Synonyms,Random Distractor
grapefruit,marble,pea,baseball,1,Noun/Concept Synonyms,hail size comparisons
grapefruit,baseball,pea,off,0,Noun/Concept Synonyms,Hard Distractor
bubblegum,baseball,grapefruit,marble,0,Noun/Concept Synonyms,Random Distractor
gel,wax,spray,mousse,1,Noun/Concept Synonyms,hair products
allure,mousse,gel,spray,0,Noun/Concept Synonyms,Hard Distractor
spray,wax,flapper,gel,0,Noun/Concept Synonyms,Random Distractor
dryer,chair,mirror,sink,1,Noun/Concept Synonyms,hair salon fixtures
sink,gibbon,mirror,chair,0,Noun/Concept Synonyms,Hard Distractor
dryer,sink,chair,tier,0,Noun/Concept Synonyms,Random Distractor
cut,trim,color,blowout,1,Noun/Concept Synonyms,hair salon offerings
trim,color,cut,branch,0,Noun/Concept Synonyms,Hard Distractor
blowout,trim,mineral,cut,0,Noun/Concept Synonyms,Random Distractor
dryer,iron,comb,brush,1,Members of a Set/Entities,hair tools
comb,dryer,chalk,iron,0,Members of a Set/Entities,Random Distractor
buzz,pixie,bowl,crew,1,Noun/Concept Synonyms,"haircuts, with “cut”"
buzz,par,bowl,pixie,0,Noun/Concept Synonyms,Hard Distractor
inquiry,crew,bowl,buzz,0,Noun/Concept Synonyms,Random Distractor
shag,bob,crop,fade,1,Noun/Concept Synonyms,hairstyles
chimichurri,bob,crop,fade,0,Noun/Concept Synonyms,Hard Distractor
flick,bob,crop,shag,0,Noun/Concept Synonyms,Random Distractor
bob,shag,pixie,crop,1,Noun/Concept Synonyms,hairstyles
shag,crop,bob,take,0,Noun/Concept Synonyms,Hard Distractor
chum,shag,pixie,bob,0,Noun/Concept Synonyms,Random Distractor
tombstone,pumpkin,bat,cobweb,1,Noun/Concept Synonyms,halloween decorations
bat,tombstone,cobweb,pepper,0,Noun/Concept Synonyms,Hard Distractor
neapolitan,bat,pumpkin,tombstone,0,Noun/Concept Synonyms,Random Distractor
decorations,pumpkin,candy,costume,1,Noun/Concept Synonyms,halloween purchases
spring,decorations,candy,costume,0,Noun/Concept Synonyms,Hard Distractor
candy,index,pumpkin,costume,0,Noun/Concept Synonyms,Random Distractor
spider,bat,pumpkin,witch,1,Members of a Set/Entities,halloween symbols
witch,bat,spider,pant,0,Members of a Set/Entities,Hard Distractor
bat,witch,pumpkin,peek,0,Members of a Set/Entities,Random Distractor
staunch,stem,check,curb,1,Noun/Concept Synonyms,halt
curb,stem,willing,check,0,Noun/Concept Synonyms,Hard Distractor
check,curb,pac-man,staunch,0,Noun/Concept Synonyms,Random Distractor
digit,piggy,mitt,dog,1,Noun/Concept Synonyms,hand- and foot-related slang
dog,piggy,shin,mitt,0,Noun/Concept Synonyms,Hard Distractor
piggy,host,dog,digit,0,Noun/Concept Synonyms,Random Distractor
settle,pay,take care of,foot,1,Noun/Concept Synonyms,"handle, as a bill"
salsa verde,foot,pay,take care of,0,Noun/Concept Synonyms,Hard Distractor
pay,winner,foot,settle,0,Noun/Concept Synonyms,Random Distractor
emperor,duckling,princess,mermaid,1,Trivia/Pop Culture,hans christian anderson figures
mermaid,duckling,euphoria,princess,0,Trivia/Pop Culture,Hard Distractor
princess,emperor,pool,duckling,0,Trivia/Pop Culture,Random Distractor
kiss,countdown,ball,fireworks,1,Idioms & Slang,happy new year!
digs,ball,kiss,countdown,0,Idioms & Slang,Hard Distractor
countdown,ball,rabbit,kiss,0,Idioms & Slang,Random Distractor
returns,days,medium,meal,1,Fill-in-the-Blank,happy ___
steam,medium,meal,returns,0,Fill-in-the-Blank,Hard Distractor
parliament,medium,returns,meal,0,Fill-in-the-Blank,Random Distractor
hour,camper,trails,ending,1,Fill-in-the-Blank,happy ___
star,hour,camper,ending,0,Fill-in-the-Blank,Hard Distractor
hour,camper,ending,safari,0,Fill-in-the-Blank,Random Distractor
sock,lick,strike,blow,1,Noun/Concept Synonyms,hard hit
hole,blow,lick,strike,0,Noun/Concept Synonyms,Hard Distractor
lick,strike,zag,blow,0,Noun/Concept Synonyms,Random Distractor
light,faint,pale,dim,1,Noun/Concept Synonyms,hard to make out
pale,light,faint,regard,0,Noun/Concept Synonyms,Hard Distractor
pale,list,dim,light,0,Noun/Concept Synonyms,Random Distractor
candy,copy,knocks,seltzer,1,Fill-in-the-Blank,hard ___
magic,seltzer,candy,copy,0,Fill-in-the-Blank,Hard Distractor
copy,seltzer,candy,bishop,0,Fill-in-the-Blank,Random Distractor
quiet,slow,sleepy,calm,1,Noun/Concept Synonyms,hardly bustling
quiet,melt,slow,sleepy,0,Noun/Concept Synonyms,Hard Distractor
calm,peter,sleepy,quiet,0,Noun/Concept Synonyms,Random Distractor
nail,rivet,screw,bolt,1,Noun/Concept Synonyms,hardware fasteners
screw,nail,bolt,month,0,Noun/Concept Synonyms,Hard Distractor
royal,screw,bolt,nail,0,Noun/Concept Synonyms,Random Distractor
beret,fez,fedora,bowler,1,Noun/Concept Synonyms,hats
fez,fedora,barge,beret,0,Noun/Concept Synonyms,Hard Distractor
bowler,fedora,consent,fez,0,Noun/Concept Synonyms,Random Distractor
intend,aim,plan,mean,1,Noun/Concept Synonyms,have in mind
aim,intend,mean,mouth,0,Noun/Concept Synonyms,Hard Distractor
plan,pitchfork,intend,mean,0,Noun/Concept Synonyms,Random Distractor
succession,entourage,insecure,euphoria,1,Trivia/Pop Culture,hbo shows
princess,succession,euphoria,insecure,0,Trivia/Pop Culture,Hard Distractor
euphoria,spiral,insecure,succession,0,Trivia/Pop Culture,Random Distractor
state,lettuce,steam,hair,1,Fill-in-the-Blank,head of ___
steam,sponge,lettuce,state,0,Fill-in-the-Blank,Hard Distractor
steam,resume,state,lettuce,0,Fill-in-the-Blank,Random Distractor
rumbling,speculation,whispers,talk,1,Descriptor/Adjective Synonyms,hearsay
speculation,deluxe,whispers,rumbling,0,Descriptor/Adjective Synonyms,Hard Distractor
rumbling,uphold,speculation,whispers,0,Descriptor/Adjective Synonyms,Random Distractor
sweet,tender,moving,touching,1,Action/Verb Synonyms,heartwarming
touching,tender,moving,botch,0,Action/Verb Synonyms,Hard Distractor
croissant,moving,sweet,touching,0,Action/Verb Synonyms,Random Distractor
oven,forge,kiln,furnace,1,Noun/Concept Synonyms,heat sources
oven,dateline,forge,kiln,0,Noun/Concept Synonyms,Hard Distractor
forge,oil,furnace,kiln,0,Noun/Concept Synonyms,Random Distractor
regard,mind,follow,observe,1,Noun/Concept Synonyms,"heed, as rules"
pitch,observe,mind,follow,0,Noun/Concept Synonyms,Hard Distractor
destination,mind,observe,follow,0,Noun/Concept Synonyms,Random Distractor
dna,spring,corkscrew,fusilli,1,Members of a Set/Entities,helical things
dna,billy,spring,fusilli,0,Members of a Set/Entities,Hard Distractor
dna,corkscrew,skunk,spring,0,Members of a Set/Entities,Random Distractor
direct,guide,lead,steer,1,Noun/Concept Synonyms,helm
lead,steer,squall,direct,0,Noun/Concept Synonyms,Hard Distractor
feature,steer,guide,direct,0,Noun/Concept Synonyms,Random Distractor
plan,host,throw,cater,1,Idioms & Slang,help put on a party
plan,host,tutu,cater,0,Idioms & Slang,Hard Distractor
pub,throw,plan,host,0,Idioms & Slang,Random Distractor
kindness,favor,solid,service,1,Descriptor/Adjective Synonyms,helpful deed
favor,anchor,kindness,solid,0,Descriptor/Adjective Synonyms,Hard Distractor
favor,solid,service,scorpion,0,Descriptor/Adjective Synonyms,Random Distractor
coat,crest,shield,arms,1,Noun/Concept Synonyms,heraldry terms
coat,champion,shield,crest,0,Noun/Concept Synonyms,Hard Distractor
coat,arms,crest,busts,0,Noun/Concept Synonyms,Random Distractor
mace,sage,dill,anise,1,Noun/Concept Synonyms,herbs and spices
mace,dill,make,sage,0,Noun/Concept Synonyms,Hard Distractor
mace,sage,dill,tidy,0,Noun/Concept Synonyms,Random Distractor
bond,wick,ocean,jones,1,Idioms & Slang,heroes of action movie franchises
bond,jones,wick,bug,0,Idioms & Slang,Hard Distractor
jones,wick,ocean,auto,0,Idioms & Slang,Random Distractor
bass,does,dove,bass,1,Noun/Concept Synonyms,heteronyms
bass,might,does,dove,0,Noun/Concept Synonyms,Hard Distractor
dove,extent,bass,does,0,Noun/Concept Synonyms,Random Distractor
wind,coordinate,axes,desert,1,Noun/Concept Synonyms,heteronyms
coordinate,desert,bunk,wind,0,Noun/Concept Synonyms,Hard Distractor
michael jordan,axes,coordinate,desert,0,Noun/Concept Synonyms,Random Distractor
bug,tap,mike,wire,1,Noun/Concept Synonyms,hidden listening devices
bug,company,tap,wire,0,Noun/Concept Synonyms,Hard Distractor
beret,bug,wire,mike,0,Noun/Concept Synonyms,Random Distractor
block,shield,cover,screen,1,Noun/Concept Synonyms,hide from view
con,shield,cover,screen,0,Noun/Concept Synonyms,Hard Distractor
witherspoon,cover,shield,block,0,Noun/Concept Synonyms,Random Distractor
peak,crest,summit,vertex,1,Noun/Concept Synonyms,highest point
peak,summit,vertex,savage,0,Noun/Concept Synonyms,Hard Distractor
devil,summit,peak,vertex,0,Noun/Concept Synonyms,Random Distractor
expert,hotshot,ace,crackerjack,1,Noun/Concept Synonyms,highly skilled
expert,bridge,ace,crackerjack,0,Noun/Concept Synonyms,Hard Distractor
crackerjack,ace,party,expert,0,Noun/Concept Synonyms,Random Distractor
inhibit,curb,hamper,check,1,Noun/Concept Synonyms,hinder
check,ring,inhibit,curb,0,Noun/Concept Synonyms,Hard Distractor
check,curb,hamper,fictional boxer,0,Noun/Concept Synonyms,Random Distractor
slam,bang,pound,hammer,1,Noun/Concept Synonyms,hit hard
pound,bang,zag,slam,0,Noun/Concept Synonyms,Hard Distractor
hammer,bang,pound,factor,0,Noun/Concept Synonyms,Random Distractor
one week,too close,closing time,iris,1,Trivia/Pop Culture,hit songs of 1998
one week,iris,pulp,too close,0,Trivia/Pop Culture,Hard Distractor
closing time,one week,hydrate,iris,0,Trivia/Pop Culture,Random Distractor
roof,jackpot,road,hay,1,Fill-in-the-Blank,hit the ___
road,jackpot,teapot,roof,0,Fill-in-the-Blank,Hard Distractor
jackpot,road,hay,lottery,0,Fill-in-the-Blank,Random Distractor
rebecca,rope,notorious,birds,1,Trivia/Pop Culture,hitchcock movies
rebecca,birds,wednesday,rope,0,Trivia/Pop Culture,Hard Distractor
cash,birds,rope,rebecca,0,Trivia/Pop Culture,Random Distractor
treasure,value,esteem,prize,1,Noun/Concept Synonyms,hold dear
mushroom,prize,treasure,value,0,Noun/Concept Synonyms,Hard Distractor
value,esteem,treasure,summer,0,Noun/Concept Synonyms,Random Distractor
pipe,hose,straw,tube,1,Noun/Concept Synonyms,hollow cylinders
pipe,take,straw,hose,0,Noun/Concept Synonyms,Hard Distractor
tube,pipe,gm,straw,0,Noun/Concept Synonyms,Random Distractor
buy,yew,bye,tue,1,Word Structure/Play,homophones
bye,leak,buy,yew,0,Word Structure/Play,Hard Distractor
bye,tue,buy,flash,0,Word Structure/Play,Random Distractor
ewe,you,bi,too,1,Word Structure/Play,homophones
ewe,bi,too,silver,0,Word Structure/Play,Hard Distractor
bi,ewe,darth,you,0,Word Structure/Play,Random Distractor
two,to,u,by,1,Word Structure/Play,homophones
by,two,to,jenny,0,Word Structure/Play,Hard Distractor
by,two,petunia,to,0,Word Structure/Play,Random Distractor
holi,wholly,holy,holey,1,Word Structure/Play,homophones
wholly,holi,tow,holy,0,Word Structure/Play,Hard Distractor
holy,holi,sweat,holey,0,Word Structure/Play,Random Distractor
new,wee,nu,u,1,Word Structure/Play,homophones
new,nu,wee,best boy,0,Word Structure/Play,Hard Distractor
stitch,u,wee,new,0,Word Structure/Play,Random Distractor
yew,wii,knew,oui,1,Word Structure/Play,homophones
wii,oui,neti,yew,0,Word Structure/Play,Hard Distractor
knew,oui,win,wii,0,Word Structure/Play,Random Distractor
peek,gnu,peak,ewe,1,Word Structure/Play,homophones
gnu,retro,peek,peak,0,Word Structure/Play,Hard Distractor
gnu,ewe,preamp,peek,0,Word Structure/Play,Random Distractor
pique,we,you,peke,1,Word Structure/Play,homophones
pique,you,we,oversight,0,Word Structure/Play,Hard Distractor
unrestraint,we,pique,peke,0,Word Structure/Play,Random Distractor
straight,see,creak,bae,1,Word Structure/Play,homophones of bodies of water
bae,straight,see,katz,0,Word Structure/Play,Hard Distractor
napkin,see,straight,bae,0,Word Structure/Play,Random Distractor
naval,i,hare,mussel,1,Word Structure/Play,homophones of body features
hare,scats,i,mussel,0,Word Structure/Play,Hard Distractor
naval,mussel,television,i,0,Word Structure/Play,Random Distractor
sew,fore,butt,oar,1,Word Structure/Play,homophones of coordinating conjunctions
aaron,oar,fore,sew,0,Word Structure/Play,Hard Distractor
sew,fore,bachelor,butt,0,Word Structure/Play,Random Distractor
quarts,choral,opel,purl,1,Word Structure/Play,homophones of gemstones
purl,uber,choral,opel,0,Word Structure/Play,Hard Distractor
off,quarts,choral,opel,0,Word Structure/Play,Random Distractor
eave,able,noaa,cane,1,Word Structure/Play,homophones of genesis figures
old,noaa,able,eave,0,Word Structure/Play,Hard Distractor
eave,able,noaa,max,0,Word Structure/Play,Random Distractor
pie,row,moo,new,1,Word Structure/Play,homophones of greek letters
row,new,pie,bees,0,Word Structure/Play,Hard Distractor
pie,uber rating,moo,new,0,Word Structure/Play,Random Distractor
wrap,indy,mettle,seoul,1,Word Structure/Play,homophones of music genres
gorilla,wrap,indy,seoul,0,Word Structure/Play,Hard Distractor
wits,indy,wrap,mettle,0,Word Structure/Play,Random Distractor
greece,katz,hare,maim,1,Word Structure/Play,homophones of musicals
katz,maim,address,greece,0,Word Structure/Play,Hard Distractor
katz,hare,maim,backup,0,Word Structure/Play,Random Distractor
bawl,soul,tow,heal,1,Word Structure/Play,homophones of parts of the foot
soul,bawl,excel,tow,0,Word Structure/Play,Hard Distractor
playwright,tow,soul,bawl,0,Word Structure/Play,Random Distractor
doe,lute,bred,cache,1,Word Structure/Play,homophones of slang for money
doe,kayak,bred,lute,0,Word Structure/Play,Hard Distractor
doe,nose,lute,bred,0,Word Structure/Play,Random Distractor
pedal,trayed,hock,cell,1,Word Structure/Play,"homophones of synonyms for ""vend"""
pedal,cell,hock,whistleblew,0,Word Structure/Play,Hard Distractor
bank,hock,trayed,pedal,0,Word Structure/Play,Random Distractor
fowl,vial,offal,mien,1,Word Structure/Play,homophones of synonyms for “despicable”
offal,fowl,wink,mien,0,Word Structure/Play,Hard Distractor
vial,mien,offal,break,0,Word Structure/Play,Random Distractor
steel,knick,rabe,lute,1,Word Structure/Play,homophones of synonyms for “nab”
lute,rabe,land,steel,0,Word Structure/Play,Hard Distractor
knick,rabe,altar,steel,0,Word Structure/Play,Random Distractor
om,jewel,carrot,hurts,1,Word Structure/Play,homophones of units of measure
jewel,carrot,hurts,quash,0,Word Structure/Play,Hard Distractor
dye,hurts,jewel,carrot,0,Word Structure/Play,Random Distractor
civic,passport,pilot,accord,1,Noun/Concept Synonyms,hondas
civic,swallow,pilot,accord,0,Noun/Concept Synonyms,Hard Distractor
civic,principal,pilot,passport,0,Noun/Concept Synonyms,Random Distractor
steaming,livid,fuming,boiling,1,Action/Verb Synonyms,hopping mad
fuming,on board,livid,boiling,0,Action/Verb Synonyms,Hard Distractor
livid,steaming,comer,fuming,0,Action/Verb Synonyms,Random Distractor
carpenter,aster,craven,wan,1,Trivia/Pop Culture,horror directors
wan,craven,aster,summer,0,Trivia/Pop Culture,Hard Distractor
monitor,craven,wan,aster,0,Trivia/Pop Culture,Random Distractor
purge,saw,ring,scream,1,Noun/Concept Synonyms,horror franchises
fade,ring,saw,purge,0,Noun/Concept Synonyms,Hard Distractor
purge,scream,liberty bell,saw,0,Noun/Concept Synonyms,Random Distractor
🪚,😱,👽,🧛,1,Trivia/Pop Culture,horror movies
🪚,👽,darling,😱,0,Trivia/Pop Culture,Hard Distractor
👽,🧛,dummy,😱,0,Trivia/Pop Culture,Random Distractor
pearl,nope,scream,smile,1,Trivia/Pop Culture,horror movies from 2022
shaggy,smile,pearl,nope,0,Trivia/Pop Culture,Hard Distractor
smile,pearl,infrared,scream,0,Trivia/Pop Culture,Random Distractor
birds,ring,fog,omen,1,Trivia/Pop Culture,"horror movies, with “the”"
ring,fog,shining,omen,0,Trivia/Pop Culture,Hard Distractor
birds,ring,prince,fog,0,Trivia/Pop Culture,Random Distractor
exorcist,shining,birds,haunting,1,Trivia/Pop Culture,"horror movies, with “the”"
haunting,shining,butterfly,birds,0,Trivia/Pop Culture,Hard Distractor
birds,shining,remove,exorcist,0,Trivia/Pop Culture,Random Distractor
radish,play,power,shoe,1,Fill-in-the-Blank,horse___
radish,pound,shoe,play,0,Fill-in-the-Blank,Hard Distractor
shoe,slots,play,radish,0,Fill-in-the-Blank,Random Distractor
fly,shoe,feathers,power,1,Fill-in-the-Blank,horse___
shoe,fly,carpet,feathers,0,Fill-in-the-Blank,Hard Distractor
feathers,card,power,fly,0,Fill-in-the-Blank,Random Distractor
tea,cocoa,coffee,chai,1,Descriptor/Adjective Synonyms,hot drinks
fruit,cocoa,tea,coffee,0,Descriptor/Adjective Synonyms,Hard Distractor
chai,powers,tea,cocoa,0,Descriptor/Adjective Synonyms,Random Distractor
jet,heater,pump,filter,1,Descriptor/Adjective Synonyms,hot tub components
heater,filter,pump,feelings,0,Descriptor/Adjective Synonyms,Hard Distractor
pump,jet,truth,heater,0,Descriptor/Adjective Synonyms,Random Distractor
potato,water bottle,rod,dog,1,Fill-in-the-Blank,hot ___
bull,rod,potato,water bottle,0,Fill-in-the-Blank,Hard Distractor
dog,jay,potato,rod,0,Fill-in-the-Blank,Random Distractor
parking,breakfast,wi-fi,pool,1,Noun/Concept Synonyms,hotel amenities
pool,breakfast,car,wi-fi,0,Noun/Concept Synonyms,Hard Distractor
breakfast,pool,wi-fi,cowboy,0,Noun/Concept Synonyms,Random Distractor
babe,fox,ten,snack,1,Noun/Concept Synonyms,hottie
people,fox,babe,ten,0,Noun/Concept Synonyms,Hard Distractor
potassium,snack,ten,fox,0,Noun/Concept Synonyms,Random Distractor
cottage,ranch,prairie,craftsman,1,Noun/Concept Synonyms,house styles
ranch,valley,cottage,craftsman,0,Noun/Concept Synonyms,Hard Distractor
ranch,prairie,clap,cottage,0,Noun/Concept Synonyms,Random Distractor
rate,speed,clip,pace,1,Idioms & Slang,how fast something is going
rate,speed,greek/roman god,clip,0,Idioms & Slang,Hard Distractor
clip,pace,speed,stiff,0,Idioms & Slang,Random Distractor
henry,jennifer,kate,rock,1,Noun/Concept Synonyms,hudsons
kate,jennifer,rock,principal,0,Noun/Concept Synonyms,Hard Distractor
jennifer,henry,kate,skinny,0,Noun/Concept Synonyms,Random Distractor
sling,pitch,chuck,pelt,1,Noun/Concept Synonyms,hurl
pelt,pitch,concentration,sling,0,Noun/Concept Synonyms,Hard Distractor
chuck,pelt,ad-lib,pitch,0,Noun/Concept Synonyms,Random Distractor
sting,smart,ache,burn,1,Noun/Concept Synonyms,hurt
burn,ache,cider,smart,0,Noun/Concept Synonyms,Hard Distractor
pizza pie,smart,ache,sting,0,Noun/Concept Synonyms,Random Distractor
mum,private,secret,quiet,1,Noun/Concept Synonyms,hush-hush
ja,private,mum,secret,0,Noun/Concept Synonyms,Hard Distractor
mum,secret,anise,private,0,Noun/Concept Synonyms,Random Distractor
you,lucy,rock 'n roll,new york,1,Fill-in-the-Blank,i love ___
knife,lucy,you,new york,0,Fill-in-the-Blank,Hard Distractor
you,new york,lucy,mush,0,Fill-in-the-Blank,Random Distractor
cone,shake,cup,split,1,Noun/Concept Synonyms,ice cream parlor orders
cup,split,composition,cone,0,Noun/Concept Synonyms,Hard Distractor
cone,fe,cup,split,0,Noun/Concept Synonyms,Random Distractor
float,split,sundae,sundae,1,Noun/Concept Synonyms,ice cream treats
float,split,watch,sundae,0,Noun/Concept Synonyms,Hard Distractor
sundae,sundae,split,umbrella,0,Noun/Concept Synonyms,Random Distractor
float,shake,split,shake,1,Noun/Concept Synonyms,ice cream treats
badgers,float,shake,split,0,Noun/Concept Synonyms,Hard Distractor
shake,split,bath,shake,0,Noun/Concept Synonyms,Random Distractor
cube,cream,machine,storm,1,Fill-in-the-Blank,ice ___
cream,machine,storm,meatball,0,Fill-in-the-Blank,Hard Distractor
cube,trunk,machine,cream,0,Fill-in-the-Blank,Random Distractor
polo player,laurel,crocodile,swoosh,1,Idioms & Slang,icon embroidered on a polo shirt
polo player,throne,laurel,swoosh,0,Idioms & Slang,Hard Distractor
polo player,laurel,crocodile,george,0,Idioms & Slang,Random Distractor
flack,franklin,knight,baker,1,Descriptor/Adjective Synonyms,iconic soul singers
flack,franklin,plod,baker,0,Descriptor/Adjective Synonyms,Hard Distractor
flack,knight,kill bill,franklin,0,Descriptor/Adjective Synonyms,Random Distractor
speech bubble,music notes,envelope,compass,1,Noun/Concept Synonyms,icons on an iphone
compass,speech bubble,music notes,range,0,Noun/Concept Synonyms,Hard Distractor
compass,speech bubble,music notes,leonardo,0,Noun/Concept Synonyms,Random Distractor
light,burn,torch,kindle,1,Noun/Concept Synonyms,ignite
age,light,torch,burn,0,Noun/Concept Synonyms,Hard Distractor
gnarly,kindle,light,burn,0,Noun/Concept Synonyms,Random Distractor
sort,variety,kind,type,1,Noun/Concept Synonyms,ilk
sort,type,kind,complaint,0,Noun/Concept Synonyms,Hard Distractor
sort,cigarette,kind,variety,0,Noun/Concept Synonyms,Random Distractor
type,kind,sort,like,1,Noun/Concept Synonyms,ilk
like,kind,sort,guide,0,Noun/Concept Synonyms,Hard Distractor
type,like,diet,sort,0,Noun/Concept Synonyms,Random Distractor
bowler,apple,cloud,pipe,1,Noun/Concept Synonyms,imagery in magritte paintings
begins,apple,bowler,cloud,0,Noun/Concept Synonyms,Hard Distractor
bowler,pipe,badger,cloud,0,Noun/Concept Synonyms,Random Distractor
guzzle,pound down,swill,knock back,1,Noun/Concept Synonyms,imbibe
guzzle,fake,pound down,swill,0,Noun/Concept Synonyms,Hard Distractor
guzzle,swill,knock back,haiku,0,Noun/Concept Synonyms,Random Distractor
mime,mirror,ape,parrot,1,Noun/Concept Synonyms,imitate
parrot,mirror,sway,mime,0,Noun/Concept Synonyms,Hard Distractor
mime,ape,negative,parrot,0,Noun/Concept Synonyms,Random Distractor
fake,dupe,dummy,copy,1,Noun/Concept Synonyms,imitation
dupe,dummy,snob,fake,0,Noun/Concept Synonyms,Hard Distractor
dummy,exam,fake,copy,0,Noun/Concept Synonyms,Random Distractor
inspire,spur,motivate,drive,1,Noun/Concept Synonyms,impel
inspire,spur,dewpoint,motivate,0,Noun/Concept Synonyms,Hard Distractor
spur,drive,seedy,inspire,0,Noun/Concept Synonyms,Random Distractor
bushel,peck,stone,ton,1,Noun/Concept Synonyms,imperial units
language,bushel,ton,stone,0,Noun/Concept Synonyms,Hard Distractor
referee,ton,peck,stone,0,Noun/Concept Synonyms,Random Distractor
major,key,principal,critical,1,Noun/Concept Synonyms,important
pixie,key,major,principal,0,Noun/Concept Synonyms,Hard Distractor
strike,major,principal,critical,0,Noun/Concept Synonyms,Random Distractor
fine,assess,levy,charge,1,Descriptor/Adjective Synonyms,"impose, as a penalty"
fine,charge,grace,levy,0,Descriptor/Adjective Synonyms,Hard Distractor
fine,assess,vampire,levy,0,Descriptor/Adjective Synonyms,Random Distractor
levy,charge,assess,fine,1,Descriptor/Adjective Synonyms,"impose, as a penalty"
charge,point of view,levy,fine,0,Descriptor/Adjective Synonyms,Hard Distractor
assess,levy,charge,movie set,0,Descriptor/Adjective Synonyms,Random Distractor
quack,charlatan,sham,fraud,1,Noun/Concept Synonyms,impostor
quack,fraud,charlatan,record,0,Noun/Concept Synonyms,Hard Distractor
sham,fraud,charlatan,wave,0,Noun/Concept Synonyms,Random Distractor
stirring,christmas,mouse,house,1,Idioms & Slang,"in ""a visit from st. nicholas"""
house,mouse,stirring,fantasy,0,Idioms & Slang,Hard Distractor
house,for,stirring,mouse,0,Idioms & Slang,Random Distractor
testy,surly,cross,short,1,Noun/Concept Synonyms,in a bad mood
cross,hype,surly,testy,0,Noun/Concept Synonyms,Hard Distractor
testy,galleon,surly,short,0,Noun/Concept Synonyms,Random Distractor
current,happening,fresh,chic,1,Noun/Concept Synonyms,in fashion
fresh,happening,log,current,0,Noun/Concept Synonyms,Hard Distractor
current,chic,rabe,happening,0,Noun/Concept Synonyms,Random Distractor
original,unused,mint,new,1,Noun/Concept Synonyms,in pristine condition
new,mint,unite,original,0,Noun/Concept Synonyms,Hard Distractor
original,mint,burn,new,0,Noun/Concept Synonyms,Random Distractor
aware,savvy,wise,hip,1,Noun/Concept Synonyms,in the know
savvy,baron,hip,wise,0,Noun/Concept Synonyms,Hard Distractor
savvy,pop,hip,aware,0,Noun/Concept Synonyms,Random Distractor
romeo,tango,alfa,bravo,1,Noun/Concept Synonyms,in the nato alphabet
alfa,tango,papyrus,romeo,0,Noun/Concept Synonyms,Hard Distractor
crest,romeo,alfa,tango,0,Noun/Concept Synonyms,Random Distractor
uniform,echo,kilo,victor,1,Noun/Concept Synonyms,in the nato alphabet
snoop,kilo,echo,victor,0,Noun/Concept Synonyms,Hard Distractor
victor,lair,echo,kilo,0,Noun/Concept Synonyms,Random Distractor
golf,delta,bravo,lima,1,Idioms & Slang,in the nato phonetic alphabet
golf,lima,bravo,water,0,Idioms & Slang,Hard Distractor
lima,eon,golf,delta,0,Idioms & Slang,Random Distractor
only,simply,just,merely,1,Noun/Concept Synonyms,in the slightest
axe,only,simply,just,0,Noun/Concept Synonyms,Hard Distractor
merely,simply,only,rosebud,0,Noun/Concept Synonyms,Random Distractor
might,wish,may,tonight,1,Idioms & Slang,"in “star light, star bright”"
may,might,tonight,poach,0,Idioms & Slang,Hard Distractor
might,may,tonight,place,0,Idioms & Slang,Random Distractor
initial,first,premier,maiden,1,Noun/Concept Synonyms,inaugural
premier,hedge maze,initial,maiden,0,Noun/Concept Synonyms,Hard Distractor
premier,maiden,first,mung,0,Noun/Concept Synonyms,Random Distractor
episode,affair,matter,event,1,Noun/Concept Synonyms,incident
matter,handful,affair,event,0,Noun/Concept Synonyms,Hard Distractor
event,god,matter,episode,0,Noun/Concept Synonyms,Random Distractor
and,plus,also,with,1,Action/Verb Synonyms,including
with,shred,plus,also,0,Action/Verb Synonyms,Hard Distractor
plus,with,and,pinky,0,Action/Verb Synonyms,Random Distractor
mount,swell,grow,build,1,Noun/Concept Synonyms,increase
grow,swell,rough,mount,0,Noun/Concept Synonyms,Hard Distractor
establishment,mount,grow,swell,0,Noun/Concept Synonyms,Random Distractor
balloon,mount,mushroom,wax,1,Noun/Concept Synonyms,increase
wax,balloon,mount,matter,0,Noun/Concept Synonyms,Hard Distractor
mushroom,mount,wax,muddle,0,Noun/Concept Synonyms,Random Distractor
wax,mount,swell,grow,1,Noun/Concept Synonyms,"increase, in a way"
swell,grow,angst,mount,0,Noun/Concept Synonyms,Hard Distractor
mount,curveball,grow,swell,0,Noun/Concept Synonyms,Random Distractor
hike,crank,raise,jack,1,Idioms & Slang,"increase, with ""up"""
hike,raise,move,crank,0,Idioms & Slang,Hard Distractor
threepeat,crank,hike,raise,0,Idioms & Slang,Random Distractor
flew,rose,thrust,shot,1,Noun/Concept Synonyms,"increased, with “up”"
rose,false,shot,thrust,0,Noun/Concept Synonyms,Hard Distractor
cramp,rose,shot,flew,0,Noun/Concept Synonyms,Random Distractor
coarse,blue,bawdy,risque,1,Noun/Concept Synonyms,indecent
blue,coarse,risque,fleece,0,Noun/Concept Synonyms,Hard Distractor
coarse,risque,say,bawdy,0,Noun/Concept Synonyms,Random Distractor
mean,spell,suggest,signify,1,Noun/Concept Synonyms,indicate
fiddlesticks,suggest,mean,spell,0,Noun/Concept Synonyms,Hard Distractor
suggest,spell,inside,signify,0,Noun/Concept Synonyms,Random Distractor
nod,prompt,signal,cue,1,Noun/Concept Synonyms,indication
cue,signal,surface,nod,0,Noun/Concept Synonyms,Hard Distractor
pride,cue,signal,nod,0,Noun/Concept Synonyms,Random Distractor
sign,hint,flag,sign,1,Noun/Concept Synonyms,indication
hint,chocolate,sign,flag,0,Noun/Concept Synonyms,Hard Distractor
flag,hint,rinse,sign,0,Noun/Concept Synonyms,Random Distractor
trace,tell,evidence,giveaway,1,Noun/Concept Synonyms,indication
evidence,drum,tell,trace,0,Noun/Concept Synonyms,Hard Distractor
trace,tell,movie set,giveaway,0,Noun/Concept Synonyms,Random Distractor
warning,sign,message,omen,1,Members of a Set/Entities,indication of things to come
warning,omen,talk,message,0,Members of a Set/Entities,Hard Distractor
sand,warning,sign,message,0,Members of a Set/Entities,Random Distractor
word,cue,prompt,signal,1,Noun/Concept Synonyms,indication to proceed
general,prompt,signal,cue,0,Noun/Concept Synonyms,Hard Distractor
garland,prompt,word,signal,0,Noun/Concept Synonyms,Random Distractor
being,ego,self,character,1,Descriptor/Adjective Synonyms,individuality
being,ego,character,ice,0,Descriptor/Adjective Synonyms,Hard Distractor
self,celtic,being,character,0,Descriptor/Adjective Synonyms,Random Distractor
bell,diesel,singer,watt,1,Noun/Concept Synonyms,industrial revolution inventors
bell,feather,diesel,singer,0,Noun/Concept Synonyms,Hard Distractor
watt,singer,area,diesel,0,Noun/Concept Synonyms,Random Distractor
juice,pull,sway,weight,1,Noun/Concept Synonyms,influence
ounce,sway,weight,juice,0,Noun/Concept Synonyms,Hard Distractor
juice,weight,bee,pull,0,Noun/Concept Synonyms,Random Distractor
sway,sway,weight,pull,1,Noun/Concept Synonyms,influence
pull,attending,weight,sway,0,Noun/Concept Synonyms,Hard Distractor
sway,weight,kubrick,sway,0,Noun/Concept Synonyms,Random Distractor
clout,weight,clout,pull,1,Noun/Concept Synonyms,influence
clout,pull,weight,top,0,Noun/Concept Synonyms,Hard Distractor
clout,pull,evidence,weight,0,Noun/Concept Synonyms,Random Distractor
player,bio,stat,team,1,Idioms & Slang,info on a baseball card
stat,tax,bio,player,0,Idioms & Slang,Hard Distractor
bio,team,player,witherspoon,0,Idioms & Slang,Random Distractor
medium,year,artist,title,1,Idioms & Slang,info on a museum placard
one hundred,title,year,medium,0,Idioms & Slang,Hard Distractor
medium,artist,year,pants,0,Idioms & Slang,Random Distractor
iron,protein,sodium,fat,1,Idioms & Slang,info on a nutrition label
year,fat,sodium,iron,0,Idioms & Slang,Hard Distractor
are,protein,iron,sodium,0,Idioms & Slang,Random Distractor
label,artist,album,track,1,Noun/Concept Synonyms,info on a record
album,second,artist,track,0,Noun/Concept Synonyms,Hard Distractor
hurdle,label,track,album,0,Noun/Concept Synonyms,Random Distractor
leak,rat,canary,source,1,Noun/Concept Synonyms,informant
sos,canary,source,leak,0,Noun/Concept Synonyms,Hard Distractor
tidal wave,leak,rat,canary,0,Noun/Concept Synonyms,Random Distractor
intel,data,news,info,1,Noun/Concept Synonyms,information
data,seat,info,news,0,Noun/Concept Synonyms,Hard Distractor
data,hot tub nozzle,intel,info,0,Noun/Concept Synonyms,Random Distractor
diagram,map,graph,chart,1,Noun/Concept Synonyms,information displays
chart,graph,spirit,map,0,Noun/Concept Synonyms,Hard Distractor
diagram,philippine,chart,graph,0,Noun/Concept Synonyms,Random Distractor
orange,bitters,sugar,rye,1,Idioms & Slang,ingredients in an old fashioned
get out,bitters,rye,sugar,0,Idioms & Slang,Hard Distractor
bitters,fad,orange,rye,0,Idioms & Slang,Random Distractor
sugar,boba,tea,milk,1,Noun/Concept Synonyms,ingredients in bubble tea
boba,tea,milk,slug,0,Noun/Concept Synonyms,Hard Distractor
sugar,milk,status,tea,0,Noun/Concept Synonyms,Random Distractor
eggs,flour,butter,sugar,1,Idioms & Slang,ingredients in classic pound cake
sugar,yard,butter,eggs,0,Idioms & Slang,Hard Distractor
eggs,butter,sugar,dill,0,Idioms & Slang,Random Distractor
stock,beans,vegetables,pasta,1,Noun/Concept Synonyms,ingredients in minestrone
vegetables,beans,plug,pasta,0,Noun/Concept Synonyms,Hard Distractor
vegetables,reich,beans,stock,0,Noun/Concept Synonyms,Random Distractor
puff,pull,drag,draw,1,Noun/Concept Synonyms,inhalation
drag,puff,lettuce,pull,0,Noun/Concept Synonyms,Hard Distractor
pull,drag,hitch,draw,0,Noun/Concept Synonyms,Random Distractor
soul,heart,essence,spirit,1,Noun/Concept Synonyms,inherent nature
trim,heart,soul,spirit,0,Noun/Concept Synonyms,Hard Distractor
essence,heart,ranking,soul,0,Noun/Concept Synonyms,Random Distractor
beatle,flee,nat,aunt,1,Word Structure/Play,insect homophones
stats,beatle,nat,aunt,0,Word Structure/Play,Hard Distractor
flee,catch,beatle,nat,0,Word Structure/Play,Random Distractor
ant,beetle,termite,mantis,1,Noun/Concept Synonyms,insects
beetle,termite,iguana,ant,0,Noun/Concept Synonyms,Hard Distractor
necklace,termite,beetle,ant,0,Noun/Concept Synonyms,Random Distractor
racks,bag,tiles,board,1,Noun/Concept Synonyms,inside a scrabble box
racks,board,emoji,tiles,0,Noun/Concept Synonyms,Hard Distractor
board,tiles,racks,large,0,Noun/Concept Synonyms,Random Distractor
scoop,word,skinny,dope,1,Noun/Concept Synonyms,inside info
skinny,napoleon,dope,word,0,Noun/Concept Synonyms,Hard Distractor
skinny,scoop,track,word,0,Noun/Concept Synonyms,Random Distractor
skinny,dirt,scoop,dish,1,Noun/Concept Synonyms,inside info
skinny,pecan,scoop,dirt,0,Noun/Concept Synonyms,Hard Distractor
skinny,dish,ebay,scoop,0,Noun/Concept Synonyms,Random Distractor
original,fresh,novel,creative,1,Noun/Concept Synonyms,inspired
novel,fresh,side,original,0,Noun/Concept Synonyms,Hard Distractor
cooler,fresh,original,creative,0,Noun/Concept Synonyms,Random Distractor
outlet,sconce,baseboard,switch,1,Noun/Concept Synonyms,installed on a wall
sconce,outlet,hair,switch,0,Noun/Concept Synonyms,Hard Distractor
outlet,switch,incense,baseboard,0,Noun/Concept Synonyms,Random Distractor
coach,guide,train,direct,1,Noun/Concept Synonyms,instruct
guide,direct,train,tongue,0,Noun/Concept Synonyms,Hard Distractor
gauge,guide,coach,train,0,Noun/Concept Synonyms,Random Distractor
symbol,liar,loot,base,1,Word Structure/Play,instrument homophones
liar,base,pork,loot,0,Word Structure/Play,Hard Distractor
woman,base,symbol,liar,0,Word Structure/Play,Random Distractor
recorder,jug,whistle,pipe,1,Members of a Set/Entities,instruments you blow into
whistle,jug,balm,pipe,0,Members of a Set/Entities,Hard Distractor
jug,whistle,pipe,egg,0,Members of a Set/Entities,Random Distractor
low,short,wanting,shy,1,Noun/Concept Synonyms,insufficient
short,low,wanting,position,0,Noun/Concept Synonyms,Hard Distractor
cylinder,low,wanting,shy,0,Noun/Concept Synonyms,Random Distractor
zing,knock,slight,burn,1,Noun/Concept Synonyms,insult
knock,slight,burn,mirth,0,Noun/Concept Synonyms,Hard Distractor
slight,burn,stirrer,zing,0,Noun/Concept Synonyms,Random Distractor
barb,diss,dig,jab,1,Noun/Concept Synonyms,insult
diss,barb,dig,trait,0,Noun/Concept Synonyms,Hard Distractor
hercule,barb,diss,dig,0,Noun/Concept Synonyms,Random Distractor
jab,slight,dig,burn,1,Noun/Concept Synonyms,insult
jab,dig,burn,trim,0,Noun/Concept Synonyms,Hard Distractor
slight,hotshot,dig,burn,0,Noun/Concept Synonyms,Random Distractor
air,vibe,halo,aura,1,Descriptor/Adjective Synonyms,intangible quality
vibe,fake,aura,halo,0,Descriptor/Adjective Synonyms,Hard Distractor
vibe,halo,either,aura,0,Descriptor/Adjective Synonyms,Random Distractor
sleeper,asset,mole,agent,1,Descriptor/Adjective Synonyms,intelligence operative
agent,sleeper,sunny,asset,0,Descriptor/Adjective Synonyms,Hard Distractor
sleeper,mole,smoker,agent,0,Descriptor/Adjective Synonyms,Random Distractor
bright,quick,sharp,clever,1,Noun/Concept Synonyms,intelligent
clever,bright,quick,sorry,0,Noun/Concept Synonyms,Hard Distractor
quick,bright,mingle,sharp,0,Noun/Concept Synonyms,Random Distractor
quick,smart,sharp,bright,1,Noun/Concept Synonyms,intelligent
tarragon,quick,bright,smart,0,Noun/Concept Synonyms,Hard Distractor
fare,sharp,quick,bright,0,Noun/Concept Synonyms,Random Distractor
wow,man,boy,goodness,1,Noun/Concept Synonyms,interjections
tidal wave,man,goodness,wow,0,Noun/Concept Synonyms,Hard Distractor
balance sheet,goodness,boy,wow,0,Noun/Concept Synonyms,Random Distractor
probe,examine,question,grill,1,Noun/Concept Synonyms,interrogate
reception,grill,probe,question,0,Noun/Concept Synonyms,Hard Distractor
question,bat,probe,examine,0,Noun/Concept Synonyms,Random Distractor
spell,stretch,while,period,1,Noun/Concept Synonyms,interval of time
straight,spell,period,while,0,Noun/Concept Synonyms,Hard Distractor
while,period,fuzz,spell,0,Noun/Concept Synonyms,Random Distractor
private,secret,personal,inner,1,Noun/Concept Synonyms,intimate and undisclosed
secret,personal,waxy,inner,0,Noun/Concept Synonyms,Hard Distractor
ski poles,inner,private,secret,0,Noun/Concept Synonyms,Random Distractor
rattle,daunt,bully,cow,1,Noun/Concept Synonyms,intimidate
daunt,hit,bully,rattle,0,Noun/Concept Synonyms,Hard Distractor
cow,bully,neuroplastic,rattle,0,Noun/Concept Synonyms,Random Distractor
willing,game,eager,down,1,Noun/Concept Synonyms,into it
game,cut,willing,eager,0,Noun/Concept Synonyms,Hard Distractor
eager,game,down,tesla,0,Noun/Concept Synonyms,Random Distractor
pluck,pluck,nerve,grit,1,Descriptor/Adjective Synonyms,intrepidity
pluck,pluck,giant,grit,0,Descriptor/Adjective Synonyms,Hard Distractor
grit,pluck,confer,pluck,0,Descriptor/Adjective Synonyms,Random Distractor
grit,resolve,heart,fortitude,1,Descriptor/Adjective Synonyms,intrepidity
resolve,heart,matter,fortitude,0,Descriptor/Adjective Synonyms,Hard Distractor
fortitude,grit,clove,resolve,0,Descriptor/Adjective Synonyms,Random Distractor
desire,drive,resolve,will,1,Descriptor/Adjective Synonyms,intrinsic motivators
will,resolve,desire,ducky,0,Descriptor/Adjective Synonyms,Hard Distractor
pause,will,drive,desire,0,Descriptor/Adjective Synonyms,Random Distractor
outpouring,tidal wave,torrent,avalanche,1,Noun/Concept Synonyms,inundation
torrent,outpouring,ideate,avalanche,0,Noun/Concept Synonyms,Hard Distractor
tidal wave,id,avalanche,torrent,0,Noun/Concept Synonyms,Random Distractor
ad-lib,make up,improv,freestyle,1,Noun/Concept Synonyms,invent as you go
ad-lib,freestyle,make up,scramble,0,Noun/Concept Synonyms,Hard Distractor
freestyle,improv,strut,ad-lib,0,Noun/Concept Synonyms,Random Distractor
hold,trade,short,hedge,1,Noun/Concept Synonyms,investment verbs
hold,hedge,short,saloon,0,Noun/Concept Synonyms,Hard Distractor
hold,hedge,geoduck,trade,0,Noun/Concept Synonyms,Random Distractor
bond,stock,option,cd,1,Noun/Concept Synonyms,investments
stock,cd,option,ditch,0,Noun/Concept Synonyms,Hard Distractor
bond,cd,option,bravo,0,Noun/Concept Synonyms,Random Distractor
sink,toothbrush,drill,x-ray,1,Idioms & Slang,involved in a dentist visit
x-ray,sink,toothbrush,banshee,0,Idioms & Slang,Hard Distractor
drill,sink,bandage,x-ray,0,Idioms & Slang,Random Distractor
clock,mail,maps,notes,1,Noun/Concept Synonyms,iphone apps
yogurt,notes,clock,mail,0,Noun/Concept Synonyms,Hard Distractor
clock,notes,calico,mail,0,Noun/Concept Synonyms,Random Distractor
exclamation points,thumbs up,heart,question mark,1,Noun/Concept Synonyms,iphone message tapback responses
thumbs up,question mark,heart,pie,0,Noun/Concept Synonyms,Hard Distractor
question mark,ante,exclamation points,heart,0,Noun/Concept Synonyms,Random Distractor
rose,will,may,drew,1,Noun/Concept Synonyms,irregular verbs
drew,round,rose,will,0,Noun/Concept Synonyms,Hard Distractor
dent,rose,drew,may,0,Noun/Concept Synonyms,Random Distractor
bug,steam,nettle,ruffle,1,Noun/Concept Synonyms,irritate
nettle,ruffle,bug,stern,0,Noun/Concept Synonyms,Hard Distractor
steam,ruffle,burrito,bug,0,Noun/Concept Synonyms,Random Distractor
japan,malta,cuba,palau,1,Members of a Set/Entities,island countries
canine,japan,cuba,malta,0,Members of a Set/Entities,Hard Distractor
malta,cuba,palau,spit,0,Members of a Set/Entities,Random Distractor
parmesan,venetian,neapolitan,bolognese,1,Noun/Concept Synonyms,italian demonyms
bolognese,parmesan,neapolitan,washing,0,Noun/Concept Synonyms,Hard Distractor
elephant,parmesan,neapolitan,venetian,0,Noun/Concept Synonyms,Random Distractor
record,coin,stamp,comic,1,Noun/Concept Synonyms,item in a collection
record,coin,cedar,stamp,0,Noun/Concept Synonyms,Hard Distractor
stamp,record,designation,coin,0,Noun/Concept Synonyms,Random Distractor
sock,earbud,ski,bookend,1,Noun/Concept Synonyms,item sold in pairs
earbud,harem,bookend,sock,0,Noun/Concept Synonyms,Hard Distractor
ski,sock,earbud,fringe,0,Noun/Concept Synonyms,Random Distractor
sheet,towel,pillowcase,washcloth,1,Members of a Set/Entities,items in a linen closet
air purifier,sheet,towel,washcloth,0,Members of a Set/Entities,Hard Distractor
towel,pillowcase,washcloth,bears,0,Members of a Set/Entities,Random Distractor
hotel,token,house,deed,1,Members of a Set/Entities,items in a monopoly box
hotel,house,lid,deed,0,Members of a Set/Entities,Hard Distractor
deed,sentence,hotel,token,0,Members of a Set/Entities,Random Distractor
thread,button,scissors,needle,1,Members of a Set/Entities,items in a sewing kit
needle,scissors,cheesesteak,button,0,Members of a Set/Entities,Hard Distractor
scissors,touching,needle,thread,0,Members of a Set/Entities,Random Distractor
key ring,figurine,postcard,magnet,1,Members of a Set/Entities,items in a souvenir shop
postcard,figurine,book,key ring,0,Members of a Set/Entities,Hard Distractor
key ring,figurine,postcard,baguette,0,Members of a Set/Entities,Random Distractor
domino,marble,jack,stick,1,Members of a Set/Entities,items in classic kids’ games
rim,stick,jack,marble,0,Members of a Set/Entities,Hard Distractor
jack,domino,akeem,stick,0,Members of a Set/Entities,Random Distractor
pot,rabbit,ass,knife,1,Fill-in-the-Blank,jack ___
rabbit,pot,ass,street,0,Fill-in-the-Blank,Hard Distractor
macho,knife,pot,rabbit,0,Fill-in-the-Blank,Random Distractor
frost,black,sparrow,ma,1,Noun/Concept Synonyms,jacks
sparrow,ma,juice,black,0,Noun/Concept Synonyms,Hard Distractor
frost,sparrow,ma,wilson,0,Noun/Concept Synonyms,Random Distractor
monk,parker,holiday,hancock,1,Noun/Concept Synonyms,jazz legends
monk,decline,hancock,holiday,0,Noun/Concept Synonyms,Hard Distractor
holiday,cuba,monk,hancock,0,Noun/Concept Synonyms,Random Distractor
pendant,brooch,bangle,anklet,1,Descriptor/Adjective Synonyms,jewelry
bangle,brooch,spin,anklet,0,Descriptor/Adjective Synonyms,Hard Distractor
bangle,hawk,pendant,anklet,0,Descriptor/Adjective Synonyms,Random Distractor
signs,her,gladiator,joker,1,Trivia/Pop Culture,joaquin phoenix movies
her,joker,gay,gladiator,0,Trivia/Pop Culture,Hard Distractor
gladiator,signs,her,blast,0,Trivia/Pop Culture,Random Distractor
legend,candy,major,carpenter,1,Noun/Concept Synonyms,johns
carpenter,simply,legend,candy,0,Noun/Concept Synonyms,Hard Distractor
nugget,major,legend,candy,0,Noun/Concept Synonyms,Random Distractor
bond,combine,wed,fuse,1,Noun/Concept Synonyms,join
lead,wed,bond,combine,0,Noun/Concept Synonyms,Hard Distractor
fuse,bond,combine,lanthanum,0,Noun/Concept Synonyms,Random Distractor
hip,wrist,shoulder,knee,1,Noun/Concept Synonyms,joints
shoulder,scale,hip,knee,0,Noun/Concept Synonyms,Hard Distractor
entrance,knee,shoulder,hip,0,Noun/Concept Synonyms,Random Distractor
razz,tease,rib,kid,1,Noun/Concept Synonyms,joke around with
bib,tease,kid,rib,0,Noun/Concept Synonyms,Hard Distractor
razz,turncoat,kid,tease,0,Noun/Concept Synonyms,Random Distractor
leap,spring,bound,vault,1,Noun/Concept Synonyms,jump into the air
vault,leap,spring,breast,0,Noun/Concept Synonyms,Hard Distractor
butt,leap,vault,bound,0,Noun/Concept Synonyms,Random Distractor
cricket,frog,hare,kangaroo,1,Members of a Set/Entities,jumping animals
frog,hare,kangaroo,curtain,0,Members of a Set/Entities,Hard Distractor
cricket,frog,starboard,hare,0,Members of a Set/Entities,Random Distractor
metamorphosis,castle,judgment,trial,1,Idioms & Slang,"kafka works, with ""the"""
castle,metamorphosis,judgment,mic,0,Idioms & Slang,Hard Distractor
judgment,castle,courage,trial,0,Idioms & Slang,Random Distractor
silo,cloister,separate,seclude,1,Action/Verb Synonyms,keep apart
separate,silo,launchpad,seclude,0,Action/Verb Synonyms,Hard Distractor
seclude,separate,discard,cloister,0,Action/Verb Synonyms,Random Distractor
insist,linger,harp,dwell,1,Idioms & Slang,"keep going on about, with “on”"
linger,insist,driver license,harp,0,Idioms & Slang,Hard Distractor
thigh-high,insist,linger,dwell,0,Idioms & Slang,Random Distractor
clap,bob,snap,tap,1,Action/Verb Synonyms,keep rhythm with music
snap,clap,tap,fool,0,Action/Verb Synonyms,Hard Distractor
channel,snap,bob,tap,0,Action/Verb Synonyms,Random Distractor
follow,track,watch,monitor,1,Action/Verb Synonyms,keep tabs on
monitor,follow,watch,flounder,0,Action/Verb Synonyms,Hard Distractor
track,monitor,attempt,follow,0,Action/Verb Synonyms,Random Distractor
recipe,ticket,secret,formula,1,Idioms & Slang,"key to success, so to speak"
ticket,egg,secret,recipe,0,Idioms & Slang,Hard Distractor
gorilla,ticket,formula,recipe,0,Idioms & Slang,Random Distractor
tab,option,return,shift,1,Noun/Concept Synonyms,keyboard keys
tab,return,shift,amenable,0,Noun/Concept Synonyms,Hard Distractor
n.f.l.,tab,return,option,0,Noun/Concept Synonyms,Random Distractor
paste,quit,print,save,1,Noun/Concept Synonyms,keyboard shortcut commands
save,quit,meg,paste,0,Noun/Concept Synonyms,Hard Distractor
monitor,paste,print,save,0,Noun/Concept Synonyms,Random Distractor
champ,tiger,sport,buddy,1,Noun/Concept Synonyms,kiddo
sport,champ,buddy,yea,0,Noun/Concept Synonyms,Hard Distractor
cryptography,sport,tiger,champ,0,Noun/Concept Synonyms,Random Distractor
method,character,stage,film,1,Trivia/Pop Culture,kinds of actors
film,method,gladiator,stage,0,Trivia/Pop Culture,Hard Distractor
method,film,bale,character,0,Trivia/Pop Culture,Random Distractor
pharaoh,fire,carpenter,army,1,Members of a Set/Entities,kinds of ants
fire,pharaoh,army,superhero,0,Members of a Set/Entities,Hard Distractor
pharaoh,army,fire,links,0,Members of a Set/Entities,Random Distractor
egg,everything,poppy,plain,1,Members of a Set/Entities,kinds of bagels
plain,strap,poppy,egg,0,Members of a Set/Entities,Hard Distractor
plain,egg,python,everything,0,Members of a Set/Entities,Random Distractor
kidney,navy,mung,pinto,1,Members of a Set/Entities,kinds of beans
kidney,navy,chalk,pinto,0,Members of a Set/Entities,Hard Distractor
commerce,kidney,mung,navy,0,Members of a Set/Entities,Random Distractor
sun,brown,polar,black,1,Members of a Set/Entities,kinds of bears
spring,brown,polar,black,0,Members of a Set/Entities,Hard Distractor
sun,brown,polar,shadowboxer,0,Members of a Set/Entities,Random Distractor
sleigh,bunk,murphy,canopy,1,Members of a Set/Entities,kinds of beds
murphy,bunk,canopy,derby,0,Members of a Set/Entities,Hard Distractor
murphy,slip,bunk,canopy,0,Members of a Set/Entities,Random Distractor
river,flower,nail,oyster,1,Members of a Set/Entities,kinds of beds
river,whip,oyster,flower,0,Members of a Set/Entities,Hard Distractor
flower,river,oyster,pronto,0,Members of a Set/Entities,Random Distractor
platinum,strawberry,honey,dirty,1,Members of a Set/Entities,kinds of blond
bust,platinum,dirty,strawberry,0,Members of a Set/Entities,Hard Distractor
dirty,saint valentine,platinum,strawberry,0,Members of a Set/Entities,Random Distractor
navy,tiffany,baby,sky,1,Members of a Set/Entities,kinds of blue
sky,tiffany,bracket,baby,0,Members of a Set/Entities,Hard Distractor
tiffany,navy,toucan,baby,0,Members of a Set/Entities,Random Distractor
ankle,go-go,cowboy,thigh-high,1,Members of a Set/Entities,kinds of boots
schedule,thigh-high,ankle,go-go,0,Members of a Set/Entities,Hard Distractor
rot,cowboy,thigh-high,go-go,0,Members of a Set/Entities,Random Distractor
friendship,charm,id,tennis,1,Members of a Set/Entities,kinds of bracelets
friendship,tennis,king,charm,0,Members of a Set/Entities,Hard Distractor
id,friendship,charm,pump,0,Members of a Set/Entities,Random Distractor
demi,push-up,sports,wireless,1,Members of a Set/Entities,kinds of bras
demi,fish,sports,push-up,0,Members of a Set/Entities,Hard Distractor
demi,sports,wireless,secret,0,Members of a Set/Entities,Random Distractor
crypto,tech,pharma,finance,1,Members of a Set/Entities,kinds of bros
pharma,tech,finance,push-up,0,Members of a Set/Entities,Hard Distractor
tech,pharma,crypto,static,0,Members of a Set/Entities,Random Distractor
marble,crumb,pound,birthday,1,Members of a Set/Entities,kinds of cake
birthday,marble,twins,crumb,0,Members of a Set/Entities,Hard Distractor
pound,7-eleven,crumb,birthday,0,Members of a Set/Entities,Random Distractor
telephoto,macro,zoom,fisheye,1,Members of a Set/Entities,kinds of camera lenses
macro,fisheye,telephoto,image,0,Members of a Set/Entities,Hard Distractor
otto,fisheye,telephoto,macro,0,Members of a Set/Entities,Random Distractor
baseball,set,magic,tarot,1,Members of a Set/Entities,kinds of cards
baseball,chad,set,tarot,0,Members of a Set/Entities,Hard Distractor
magic,tarot,bolster,baseball,0,Members of a Set/Entities,Random Distractor
bust,statue,relief,torso,1,Members of a Set/Entities,kinds of carvings
statue,relief,tank,torso,0,Members of a Set/Entities,Hard Distractor
statue,torso,relief,liner,0,Members of a Set/Entities,Random Distractor
bubble,pie,bar,line,1,Members of a Set/Entities,kinds of charts
pearl,line,bar,pie,0,Members of a Set/Entities,Hard Distractor
bar,bubble,line,brooch,0,Members of a Set/Entities,Random Distractor
jack,blue,swiss,goat,1,Members of a Set/Entities,kinds of cheeses
cue,jack,goat,swiss,0,Members of a Set/Entities,Hard Distractor
swiss,goat,toward,jack,0,Members of a Set/Entities,Random Distractor
camel,duffle,trench,pea,1,Members of a Set/Entities,kinds of coats
trench,pea,camel,bell,0,Members of a Set/Entities,Hard Distractor
resin,duffle,trench,pea,0,Members of a Set/Entities,Random Distractor
beauty,staring,talent,popularity,1,Members of a Set/Entities,kinds of contests
popularity,volleyball,staring,beauty,0,Members of a Set/Entities,Hard Distractor
ice cube,popularity,talent,staring,0,Members of a Set/Entities,Random Distractor
sugar,fortune,oatmeal,rainbow,1,Members of a Set/Entities,kinds of cookies
sugar,chip,fortune,rainbow,0,Members of a Set/Entities,Hard Distractor
rainbow,oatmeal,fortune,record,0,Members of a Set/Entities,Random Distractor
peanut,olive,corn,palm,1,Members of a Set/Entities,kinds of cooking oil
peanut,palm,teeter-totter,olive,0,Members of a Set/Entities,Hard Distractor
palm,olive,peanut,bowler,0,Members of a Set/Entities,Random Distractor
umbilical,spinal,bungee,extension,1,Members of a Set/Entities,kinds of cords
butter,spinal,bungee,umbilical,0,Members of a Set/Entities,Hard Distractor
umbilical,bungee,extension,ploy,0,Members of a Set/Entities,Random Distractor
ritz,goldfish,ritz,animal,1,Members of a Set/Entities,kinds of crackers
goldfish,peanut,animal,ritz,0,Members of a Set/Entities,Hard Distractor
ritz,ritz,follow,goldfish,0,Members of a Set/Entities,Random Distractor
animal,club,goldfish,oyster,1,Members of a Set/Entities,kinds of crackers
oyster,whac-a-mole,club,animal,0,Members of a Set/Entities,Hard Distractor
club,chain,goldfish,animal,0,Members of a Set/Entities,Random Distractor
modern,tap,swing,salsa,1,Members of a Set/Entities,kinds of dance
modern,salsa,tap,loris,0,Members of a Set/Entities,Hard Distractor
tap,salsa,latitude,modern,0,Members of a Set/Entities,Random Distractor
disk,card,drive,cloud,1,Members of a Set/Entities,kinds of digital storage
cloud,card,rattle,disk,0,Members of a Set/Entities,Hard Distractor
frog,card,disk,cloud,0,Members of a Set/Entities,Random Distractor
hoop,chandelier,stud,drop,1,Members of a Set/Entities,kinds of earrings
drop,chandelier,stud,timpani,0,Members of a Set/Entities,Hard Distractor
chandelier,drop,hoop,peg,0,Members of a Set/Entities,Random Distractor
bar,physical,final,oral,1,Members of a Set/Entities,kinds of exams
physical,bar,final,ken,0,Members of a Set/Entities,Hard Distractor
oral,rush,final,physical,0,Members of a Set/Entities,Random Distractor
fan,historical,science,pulp,1,Members of a Set/Entities,kinds of fiction
pulp,fan,historical,wink,0,Members of a Set/Entities,Hard Distractor
historical,fan,bust,pulp,0,Members of a Set/Entities,Random Distractor
iron,wood,driver,wedge,1,Members of a Set/Entities,kinds of golf clubs
iron,wood,wedge,trap,0,Members of a Set/Entities,Hard Distractor
driver,bugs,wood,iron,0,Members of a Set/Entities,Random Distractor
thank you,congratulations,get well,birthday,1,Members of a Set/Entities,kinds of greeting cards
get well,duke,congratulations,birthday,0,Members of a Set/Entities,Hard Distractor
birthday,congratulations,thank you,squeal,0,Members of a Set/Entities,Random Distractor
snapback,pillbox,beret,derby,1,Members of a Set/Entities,kinds of hats
derby,echo,beret,snapback,0,Members of a Set/Entities,Hard Distractor
colossus,snapback,pillbox,beret,0,Members of a Set/Entities,Random Distractor
kitten,stiletto,cuban,wedge,1,Members of a Set/Entities,kinds of heels
vending,stiletto,cuban,kitten,0,Members of a Set/Entities,Hard Distractor
kitten,four-letter words,stiletto,cuban,0,Members of a Set/Entities,Random Distractor
percussion,string,brass,wind,1,Members of a Set/Entities,kinds of instruments
wind,point,percussion,brass,0,Members of a Set/Entities,Hard Distractor
wind,wow,brass,string,0,Members of a Set/Entities,Random Distractor
flare,mom,skinny,boyfriend,1,Members of a Set/Entities,kinds of jeans
skinny,flare,tape,mom,0,Members of a Set/Entities,Hard Distractor
angry,flare,mom,skinny,0,Members of a Set/Entities,Random Distractor
charm,ring,chain,bangle,1,Members of a Set/Entities,kinds of jewelry
commerce,ring,bangle,charm,0,Members of a Set/Entities,Hard Distractor
unicorn,ring,charm,chain,0,Members of a Set/Entities,Random Distractor
practical,dad,inside,knock-knock,1,Members of a Set/Entities,kinds of jokes
dad,knock-knock,coat rack,inside,0,Members of a Set/Entities,Hard Distractor
inside,practical,knock-knock,magazine,0,Members of a Set/Entities,Random Distractor
butter,butcher,butterfly,bowie,1,Members of a Set/Entities,kinds of knives
butcher,stick,bowie,butterfly,0,Members of a Set/Entities,Hard Distractor
butter,bah,butcher,bowie,0,Members of a Set/Entities,Random Distractor
sign,programming,body,spoken,1,Members of a Set/Entities,kinds of language
sign,spoken,drool,body,0,Members of a Set/Entities,Hard Distractor
referee,sign,programming,spoken,0,Members of a Set/Entities,Random Distractor
leaf,butter,iceberg,romaine,1,Members of a Set/Entities,kinds of lettuce
iceberg,carnation,romaine,butter,0,Members of a Set/Entities,Hard Distractor
in,leaf,iceberg,romaine,0,Members of a Set/Entities,Random Distractor
liner,balm,gloss,stain,1,Members of a Set/Entities,kinds of lip makeup
balm,preamp,gloss,liner,0,Members of a Set/Entities,Hard Distractor
ease,liner,balm,stain,0,Members of a Set/Entities,Random Distractor
laundry,short,to-do,bucket,1,Members of a Set/Entities,kinds of lists
to-do,jack,bucket,short,0,Members of a Set/Entities,Hard Distractor
to-do,medicine,laundry,short,0,Members of a Set/Entities,Random Distractor
carry-on,hard-shell,roller,duffel,1,Members of a Set/Entities,kinds of luggage
carry-on,roller,hard-shell,hurricane,0,Members of a Set/Entities,Hard Distractor
hard-shell,roller,comics,duffel,0,Members of a Set/Entities,Random Distractor
sewing,enigma,vending,pinball,1,Members of a Set/Entities,kinds of machines
sewing,vending,seal,pinball,0,Members of a Set/Entities,Hard Distractor
resume,pinball,vending,sewing,0,Members of a Set/Entities,Random Distractor
venison,beef,pork,poultry,1,Members of a Set/Entities,kinds of meat
elmo,pork,poultry,beef,0,Members of a Set/Entities,Hard Distractor
unforgettable,pork,beef,poultry,0,Members of a Set/Entities,Random Distractor
oyster,trumpet,morel,button,1,Members of a Set/Entities,kinds of mushrooms
button,morel,trumpet,fantasy,0,Members of a Set/Entities,Hard Distractor
scrub,morel,trumpet,button,0,Members of a Set/Entities,Random Distractor
flat,natural,whole,quarter,1,Members of a Set/Entities,kinds of notes
natural,jellyfish,quarter,flat,0,Members of a Set/Entities,Hard Distractor
dramatic,quarter,flat,whole,0,Members of a Set/Entities,Random Distractor
whole,perfect,odd,prime,1,Members of a Set/Entities,kinds of numbers
lifesaver,whole,perfect,odd,0,Members of a Set/Entities,Hard Distractor
prime,roster,whole,perfect,0,Members of a Set/Entities,Random Distractor
cargo,stirrup,hammer,capri,1,Members of a Set/Entities,kinds of pants
stirrup,sandwich,hammer,capri,0,Members of a Set/Entities,Hard Distractor
cargo,capri,country,hammer,0,Members of a Set/Entities,Random Distractor
capri,jogger,jean,slack,1,Members of a Set/Entities,"kinds of pants minus ""s"""
slack,jogger,tortoise,capri,0,Members of a Set/Entities,Hard Distractor
slack,jean,plead,jogger,0,Members of a Set/Entities,Random Distractor
construction,tissue,graph,wax,1,Members of a Set/Entities,kinds of paper
inner tube,graph,tissue,construction,0,Members of a Set/Entities,Hard Distractor
tissue,graph,hover,construction,0,Members of a Set/Entities,Random Distractor
dinner,cocktail,surprise,birthday,1,Members of a Set/Entities,kinds of parties
birthday,dinner,library,surprise,0,Members of a Set/Entities,Hard Distractor
personal,cocktail,dinner,surprise,0,Members of a Set/Entities,Random Distractor
macaroni,emperor,king,chinstrap,1,Members of a Set/Entities,kinds of penguins
macaroni,king,chinstrap,sum,0,Members of a Set/Entities,Hard Distractor
chinstrap,cafeteria,king,macaroni,0,Members of a Set/Entities,Random Distractor
electronic,player,grand,upright,1,Members of a Set/Entities,kinds of pianos
player,electronic,upright,jordan,0,Members of a Set/Entities,Hard Distractor
upright,grand,turtle,player,0,Members of a Set/Entities,Random Distractor
dill,kosher,sweet,sour,1,Members of a Set/Entities,kinds of pickles
sour,dill,kosher,sun,0,Members of a Set/Entities,Hard Distractor
sculpture,sour,dill,sweet,0,Members of a Set/Entities,Random Distractor
veggie,plain,hawaiian,supreme,1,Members of a Set/Entities,kinds of pizza
flight path,supreme,veggie,hawaiian,0,Members of a Set/Entities,Hard Distractor
replica,supreme,veggie,hawaiian,0,Members of a Set/Entities,Random Distractor
vine,shrub,herb,tree,1,Members of a Set/Entities,kinds of plants
tree,herb,vine,stern,0,Members of a Set/Entities,Hard Distractor
shrub,tree,herb,divine,0,Members of a Set/Entities,Random Distractor
snowball,water balloon,pillow,food,1,Members of a Set/Entities,kinds of play fights
golf course,pillow,water balloon,food,0,Members of a Set/Entities,Hard Distractor
pillow,snowball,water balloon,soursop,0,Members of a Set/Entities,Random Distractor
omaha,stud,strip,draw,1,Members of a Set/Entities,kinds of poker
stud,domino,omaha,draw,0,Members of a Set/Entities,Hard Distractor
omaha,stud,hank,strip,0,Members of a Set/Entities,Random Distractor
blooper,demo,highlight,sizzle,1,Members of a Set/Entities,kinds of reels
demo,blooper,highlight,to-do,0,Members of a Set/Entities,Hard Distractor
highlight,peddle,sizzle,demo,0,Members of a Set/Entities,Random Distractor
slate,limestone,marble,flint,1,Members of a Set/Entities,kinds of rocks
flint,slate,bull,marble,0,Members of a Set/Entities,Hard Distractor
slate,flint,marble,uphold,0,Members of a Set/Entities,Random Distractor
greek,chef,garden,wedge,1,Members of a Set/Entities,kinds of salad
chef,colorado,garden,wedge,0,Members of a Set/Entities,Hard Distractor
homework,greek,wedge,garden,0,Members of a Set/Entities,Random Distractor
green,wedge,greek,caesar,1,Members of a Set/Entities,kinds of salads
caesar,lavender,greek,wedge,0,Members of a Set/Entities,Hard Distractor
green,wedge,annex,greek,0,Members of a Set/Entities,Random Distractor
oxford,polo,flannel,tee,1,Members of a Set/Entities,kinds of shirts
sports,polo,tee,flannel,0,Members of a Set/Entities,Hard Distractor
dumbo,flannel,tee,oxford,0,Members of a Set/Entities,Random Distractor
pump,slide,mule,flat,1,Members of a Set/Entities,kinds of shoes
goldfish,slide,pump,mule,0,Members of a Set/Entities,Hard Distractor
flat,slide,mule,rout,0,Members of a Set/Entities,Random Distractor
boxer,bike,cargo,bermuda,1,Members of a Set/Entities,kinds of shorts
beaker,bike,boxer,bermuda,0,Members of a Set/Entities,Hard Distractor
cargo,bike,birthmark,boxer,0,Members of a Set/Entities,Random Distractor
poodle,pencil,mini,wrap,1,Members of a Set/Entities,kinds of skirts
fin,mini,poodle,pencil,0,Members of a Set/Entities,Hard Distractor
pencil,mini,poodle,excuse,0,Members of a Set/Entities,Random Distractor
rattle,coral,king,garter,1,Members of a Set/Entities,kinds of snakes
coral,drive,garter,rattle,0,Members of a Set/Entities,Hard Distractor
garter,coral,king,passage,0,Members of a Set/Entities,Random Distractor
adder,moccasin,boa,mamba,1,Members of a Set/Entities,kinds of snakes
boa,trident,mamba,moccasin,0,Members of a Set/Entities,Hard Distractor
announcement,adder,mamba,boa,0,Members of a Set/Entities,Random Distractor
dress,crew,compression,ankle,1,Members of a Set/Entities,kinds of socks
compression,animal,crew,ankle,0,Members of a Set/Entities,Hard Distractor
ex,compression,ankle,crew,0,Members of a Set/Entities,Random Distractor
toilet,tissue,crepe,rolling,1,Members of a Set/Entities,kinds of soft/lightweight paper
toilet,tissue,rolling,wheel,0,Members of a Set/Entities,Hard Distractor
rolling,crepe,tissue,galosh,0,Members of a Set/Entities,Random Distractor
folk,siren,love,swan,1,Trivia/Pop Culture,kinds of songs
folk,ferry,love,swan,0,Trivia/Pop Culture,Hard Distractor
lincoln,swan,siren,love,0,Trivia/Pop Culture,Random Distractor
chateaubriand,porterhouse,flatiron,tomahawk,1,Members of a Set/Entities,kinds of steaks
waffle iron,chateaubriand,tomahawk,porterhouse,0,Members of a Set/Entities,Hard Distractor
flatiron,chateaubriand,porterhouse,dinosaur,0,Members of a Set/Entities,Random Distractor
gaffer,electrical,duct,packing,1,Members of a Set/Entities,kinds of tape
electrical,gaffer,panda,packing,0,Members of a Set/Entities,Hard Distractor
packing,aria,gaffer,electrical,0,Members of a Set/Entities,Random Distractor
clay,carpet,hard,grass,1,Members of a Set/Entities,kinds of tennis courts
hard,carpet,mare,grass,0,Members of a Set/Entities,Hard Distractor
grass,recipe,hard,clay,0,Members of a Set/Entities,Random Distractor
roma,cherry,grape,plum,1,Members of a Set/Entities,kinds of tomatoes
roma,plum,georgia,cherry,0,Members of a Set/Entities,Hard Distractor
pec,cherry,plum,roma,0,Members of a Set/Entities,Random Distractor
monster,garbage,dump,pickup,1,Members of a Set/Entities,kinds of trucks
monster,garbage,satchel,pickup,0,Members of a Set/Entities,Hard Distractor
boo,pickup,garbage,dump,0,Members of a Set/Entities,Random Distractor
hipster,brief,boxer,thong,1,Members of a Set/Entities,kinds of underwear
deed,boxer,brief,hipster,0,Members of a Set/Entities,Hard Distractor
hipster,saint patrick,thong,boxer,0,Members of a Set/Entities,Random Distractor
bikini,g-string,thong,hipster,1,Members of a Set/Entities,kinds of underwear
bikini,curtain,hipster,thong,0,Members of a Set/Entities,Hard Distractor
bikini,thong,hipster,pawn,0,Members of a Set/Entities,Random Distractor
still,spring,mineral,tap,1,Members of a Set/Entities,kinds of water
protractor,tap,still,spring,0,Members of a Set/Entities,Hard Distractor
spring,tap,still,petty,0,Members of a Set/Entities,Random Distractor
right,blue,gray,fin,1,Members of a Set/Entities,kinds of whales
blue,gray,cricket,fin,0,Members of a Set/Entities,Hard Distractor
fin,gray,right,tetra,0,Members of a Set/Entities,Random Distractor
crescent,socket,monkey,allen,1,Members of a Set/Entities,kinds of wrenches
socket,monkey,favorite,allen,0,Members of a Set/Entities,Hard Distractor
socket,allen,crescent,hermit,0,Members of a Set/Entities,Random Distractor
cake,kong,tut,cobra,1,Fill-in-the-Blank,king ___
cake,due,tut,cobra,0,Fill-in-the-Blank,Hard Distractor
tut,cake,kong,bent,0,Fill-in-the-Blank,Random Distractor
x,smooch,smack,peck,1,Noun/Concept Synonyms,kiss
smack,peck,fix,smooch,0,Noun/Concept Synonyms,Hard Distractor
smooch,smack,manatee,peck,0,Noun/Concept Synonyms,Random Distractor
ladle,grater,peeler,whisk,1,Noun/Concept Synonyms,kitchen utensils
whisk,grater,sock,ladle,0,Noun/Concept Synonyms,Hard Distractor
ladle,feelings,grater,peeler,0,Noun/Concept Synonyms,Random Distractor
trifle,trinket,thingamajig,tchotchke,1,Noun/Concept Synonyms,knickknack
trifle,trinket,pebble,tchotchke,0,Noun/Concept Synonyms,Hard Distractor
tchotchke,xerox,trifle,trinket,0,Noun/Concept Synonyms,Random Distractor
copy,replica,bootleg,fake,1,Noun/Concept Synonyms,knockoff
copy,replica,fake,normal,0,Noun/Concept Synonyms,Hard Distractor
fortitude,copy,bootleg,replica,0,Noun/Concept Synonyms,Random Distractor
ding-dong,yahoo,dodo,yo-yo,1,Noun/Concept Synonyms,knucklehead
dodo,yahoo,collective,yo-yo,0,Noun/Concept Synonyms,Hard Distractor
iodine,ding-dong,yo-yo,dodo,0,Noun/Concept Synonyms,Random Distractor
praise,glory,credit,props,1,Noun/Concept Synonyms,kudos
glory,props,credit,stern,0,Noun/Concept Synonyms,Hard Distractor
glory,praise,props,crisp,0,Noun/Concept Synonyms,Random Distractor
dropper,beaker,goggles,microscope,1,Members of a Set/Entities,lab equipment
goggles,dropper,angel,microscope,0,Members of a Set/Entities,Hard Distractor
bead,microscope,dropper,goggles,0,Members of a Set/Entities,Random Distractor
shy,low,short,light,1,Action/Verb Synonyms,lacking
shy,light,short,plus,0,Action/Verb Synonyms,Hard Distractor
thatch,short,low,light,0,Action/Verb Synonyms,Random Distractor
bird,gaga,macbeth,luck,1,Fill-in-the-Blank,lady ___
bird,earth,macbeth,gaga,0,Fill-in-the-Blank,Hard Distractor
macbeth,luck,gaga,elite,0,Fill-in-the-Blank,Random Distractor
canyon,mountain,valley,plateau,1,Noun/Concept Synonyms,land formations
plateau,canyon,fry,mountain,0,Noun/Concept Synonyms,Hard Distractor
canyon,cut,plateau,valley,0,Noun/Concept Synonyms,Random Distractor
atoll,bar,island,key,1,Noun/Concept Synonyms,land surrounded by water
key,island,atoll,move,0,Noun/Concept Synonyms,Hard Distractor
ram,bar,island,atoll,0,Noun/Concept Synonyms,Random Distractor
bluff,basin,cape,plain,1,Noun/Concept Synonyms,landforms
plain,designation,basin,bluff,0,Noun/Concept Synonyms,Hard Distractor
cape,for,plain,bluff,0,Noun/Concept Synonyms,Random Distractor
cape,gorge,ridge,crater,1,Noun/Concept Synonyms,landforms
crater,cape,ridge,coo,0,Noun/Concept Synonyms,Hard Distractor
cape,crater,ziti,gorge,0,Noun/Concept Synonyms,Random Distractor
wall street,brooklyn bridge,city hall,bowling green,1,Noun/Concept Synonyms,landmarks in downtown nyc
bowling green,wall street,sit,city hall,0,Noun/Concept Synonyms,Hard Distractor
dip,brooklyn bridge,city hall,bowling green,0,Noun/Concept Synonyms,Random Distractor
fantasy,dream,never never,la-la,1,Noun/Concept Synonyms,lands of the imagination
trough,dream,never never,fantasy,0,Noun/Concept Synonyms,Hard Distractor
laser,fantasy,never never,dream,0,Noun/Concept Synonyms,Random Distractor
check,tie,finish,bask,1,Word Structure/Play,language homophones
rose,bask,check,tie,0,Word Structure/Play,Hard Distractor
finish,tie,neo,check,0,Word Structure/Play,Random Distractor
speed,resolution,storage,ram,1,Noun/Concept Synonyms,laptop specs
ram,idea,speed,resolution,0,Noun/Concept Synonyms,Hard Distractor
speed,resolution,ploy,storage,0,Noun/Concept Synonyms,Random Distractor
ton,mass,slew,sea,1,Descriptor/Adjective Synonyms,large amount
scepter,ton,slew,mass,0,Descriptor/Adjective Synonyms,Hard Distractor
mud,ton,mass,sea,0,Descriptor/Adjective Synonyms,Random Distractor
bundle,pile,fortune,mint,1,Descriptor/Adjective Synonyms,large amount of money
mint,winner,pile,fortune,0,Descriptor/Adjective Synonyms,Hard Distractor
pile,wink,mint,bundle,0,Descriptor/Adjective Synonyms,Random Distractor
vessel,craft,ship,barge,1,Descriptor/Adjective Synonyms,large boat
ship,craft,vessel,can,0,Descriptor/Adjective Synonyms,Hard Distractor
vessel,friends,barge,ship,0,Descriptor/Adjective Synonyms,Random Distractor
flock,crowd,host,sea,1,Descriptor/Adjective Synonyms,large group
flock,host,sea,definitive,0,Descriptor/Adjective Synonyms,Hard Distractor
contrast,host,crowd,flock,0,Descriptor/Adjective Synonyms,Random Distractor
luxor,excalibur,encore,aria,1,Noun/Concept Synonyms,las vegas casino hotels
encore,excalibur,luxor,bolt,0,Noun/Concept Synonyms,Hard Distractor
cran,excalibur,encore,luxor,0,Noun/Concept Synonyms,Random Distractor
street,rainbow,kangaroo,neighborhood,1,Trivia/Pop Culture,last words in long-running children’s show titles
street,euphoria,rainbow,kangaroo,0,Trivia/Pop Culture,Hard Distractor
neighborhood,street,kangaroo,rink,0,Trivia/Pop Culture,Random Distractor
from,sea,to,shining,1,Idioms & Slang,last words in “america the beautiful”
shining,wrench,from,sea,0,Idioms & Slang,Hard Distractor
from,sea,doggy,to,0,Idioms & Slang,Random Distractor
butterfly,seville,flute,bess,1,Trivia/Pop Culture,last words of famous opera titles
bess,butterfly,flute,liberty,0,Trivia/Pop Culture,Hard Distractor
butterfly,bess,seville,bowie,0,Trivia/Pop Culture,Random Distractor
supper,laugh,resort,straw,1,Fill-in-the-Blank,last ___
jell,straw,supper,laugh,0,Fill-in-the-Blank,Hard Distractor
lab,resort,straw,laugh,0,Fill-in-the-Blank,Random Distractor
mamba,meringue,tangy,simba,1,Word Structure/Play,latin dances with a vowel changed
meringue,whistleblew,tangy,mamba,0,Word Structure/Play,Hard Distractor
simba,tangy,mamba,tweeze,0,Word Structure/Play,Random Distractor
pro,ab,sub,sine,1,Noun/Concept Synonyms,latin prepositions
sub,pointer,sine,pro,0,Noun/Concept Synonyms,Hard Distractor
figment,ab,pro,sub,0,Noun/Concept Synonyms,Random Distractor
vox,quid,ergo,caveat,1,Noun/Concept Synonyms,latin words
sandbox,vox,quid,caveat,0,Noun/Concept Synonyms,Hard Distractor
league,caveat,ergo,vox,0,Noun/Concept Synonyms,Random Distractor
lol,rofl,haha,dead,1,Noun/Concept Synonyms,"laughter, in a text"
slip,rofl,dead,lol,0,Noun/Concept Synonyms,Hard Distractor
born,lol,rofl,haha,0,Noun/Concept Synonyms,Random Distractor
gush,flatter,praise,fawn,1,Noun/Concept Synonyms,lay it on thick
fawn,key,flatter,praise,0,Noun/Concept Synonyms,Hard Distractor
fawn,constellation,gush,praise,0,Noun/Concept Synonyms,Random Distractor
ferry,mercury,nicks,plant,1,Trivia/Pop Culture,lead singers of ’70s rock bands
nicks,plant,pop,ferry,0,Trivia/Pop Culture,Hard Distractor
plant,nicks,mercury,yap,0,Trivia/Pop Culture,Random Distractor
moderate,anchor,host,present,1,Trivia/Pop Culture,"lead, as a tv program"
host,jackson,present,anchor,0,Trivia/Pop Culture,Hard Distractor
beak,host,present,anchor,0,Trivia/Pop Culture,Random Distractor
king,gore,carter,tutu,1,Idioms & Slang,leaders who received the nobel peace prize
tutu,gore,editor,carter,0,Idioms & Slang,Hard Distractor
gore,breathe,king,tutu,0,Idioms & Slang,Random Distractor
maroon,desert,strand,ditch,1,Action/Verb Synonyms,leave high and dry
desert,march,maroon,ditch,0,Action/Verb Synonyms,Hard Distractor
strand,tag,maroon,desert,0,Action/Verb Synonyms,Random Distractor
dip,bounce,jet,split,1,Action/Verb Synonyms,leave quickly
exhibit,split,dip,jet,0,Action/Verb Synonyms,Hard Distractor
bounce,panama,dip,split,0,Action/Verb Synonyms,Random Distractor
blue,liberal,progressive,left,1,Descriptor/Adjective Synonyms,"left-leaning, politically"
liberal,left,progressive,solid,0,Descriptor/Adjective Synonyms,Hard Distractor
progressive,left,blue,fryer,0,Descriptor/Adjective Synonyms,Random Distractor
ankle,knee,thigh,shin,1,Noun/Concept Synonyms,leg parts
ankle,far,shin,knee,0,Noun/Concept Synonyms,Hard Distractor
shin,hunter,thigh,knee,0,Noun/Concept Synonyms,Random Distractor
suits,goliath,damages,matlock,1,Noun/Concept Synonyms,legal dramas
goliath,suits,mitt,damages,0,Noun/Concept Synonyms,Hard Distractor
suits,damages,vehicle,goliath,0,Noun/Concept Synonyms,Random Distractor
trial,inquiry,hearing,proceeding,1,Noun/Concept Synonyms,legal session
proceeding,hearing,inquiry,hobbes,0,Noun/Concept Synonyms,Hard Distractor
hearing,trial,proceeding,fantasy,0,Noun/Concept Synonyms,Random Distractor
lawsuit,action,claim,complaint,1,Noun/Concept Synonyms,legal terms
lawsuit,complaint,tiramisu,action,0,Noun/Concept Synonyms,Hard Distractor
action,lawsuit,complaint,disapprove,0,Noun/Concept Synonyms,Random Distractor
gable,dean,garland,temple,1,Descriptor/Adjective Synonyms,legends of classic hollywood
gable,temple,garland,super,0,Descriptor/Adjective Synonyms,Hard Distractor
dean,temple,dub,gable,0,Descriptor/Adjective Synonyms,Random Distractor
leader,speaker,chair,whip,1,Descriptor/Adjective Synonyms,legislative roles
whip,char,leader,chair,0,Descriptor/Adjective Synonyms,Hard Distractor
runner,chair,speaker,leader,0,Descriptor/Adjective Synonyms,Random Distractor
short,jean,tight,pant,1,Noun/Concept Synonyms,"legwear, in the singular"
tight,torch,pant,short,0,Noun/Concept Synonyms,Hard Distractor
tight,cannonball,pant,short,0,Noun/Concept Synonyms,Random Distractor
loose,lax,slack,easy,1,Noun/Concept Synonyms,lenient
slack,loose,down,lax,0,Noun/Concept Synonyms,Hard Distractor
slack,loose,lax,vault,0,Noun/Concept Synonyms,Random Distractor
que,elle,are,queue,1,Word Structure/Play,letter homophones
que,queue,are,wink,0,Word Structure/Play,Hard Distractor
queue,que,are,excused,0,Word Structure/Play,Random Distractor
queue,sea,why,🫖,1,Word Structure/Play,letter homophones
sea,🫖,hairy,why,0,Word Structure/Play,Hard Distractor
sea,why,gimmick,queue,0,Word Structure/Play,Random Distractor
🐑,are,🐝,👁️,1,Word Structure/Play,letter homophones
abut,are,🐑,🐝,0,Word Structure/Play,Hard Distractor
are,operate,🐑,🐝,0,Word Structure/Play,Random Distractor
sincerely,love,best,cheers,1,Word Structure/Play,letter sign-offs
meringue,love,cheers,sincerely,0,Word Structure/Play,Hard Distractor
love,best,age,cheers,0,Word Structure/Play,Random Distractor
gee,bee,jay,ex,1,Word Structure/Play,letter spellings
ex,bee,jay,trayed,0,Word Structure/Play,Hard Distractor
leadership,bee,jay,ex,0,Word Structure/Play,Random Distractor
tissue,atom,cell,organ,1,Noun/Concept Synonyms,levels of biological organization
pan,atom,cell,tissue,0,Noun/Concept Synonyms,Hard Distractor
organ,cinch,atom,tissue,0,Noun/Concept Synonyms,Random Distractor
relations,fling,thing,affair,1,Noun/Concept Synonyms,liaison
thing,relations,rib,fling,0,Noun/Concept Synonyms,Hard Distractor
hidden,thing,affair,relations,0,Noun/Concept Synonyms,Random Distractor
tan,camel,fawn,khaki,1,Noun/Concept Synonyms,light brown shades
howl,camel,tan,fawn,0,Noun/Concept Synonyms,Hard Distractor
camel,fawn,skort,khaki,0,Noun/Concept Synonyms,Random Distractor
bulb,rail,year,beer,1,Fill-in-the-Blank,light ___
year,boy,bulb,rail,0,Fill-in-the-Blank,Hard Distractor
beer,tornado,rail,bulb,0,Fill-in-the-Blank,Random Distractor
exit,applause,walk,recording,1,Members of a Set/Entities,light-up signs
walk,tan,exit,recording,0,Members of a Set/Entities,Hard Distractor
walk,departed,applause,recording,0,Members of a Set/Entities,Random Distractor
rod,strike,bug,bolt,1,Fill-in-the-Blank,lightning ___
pasta,strike,bolt,rod,0,Fill-in-the-Blank,Hard Distractor
rod,lol,strike,bug,0,Fill-in-the-Blank,Random Distractor
baby,wayne,jon,kim,1,Fill-in-the-Blank,lil ___ rappers
room,kim,baby,wayne,0,Fill-in-the-Blank,Hard Distractor
jon,baby,kim,prose,0,Fill-in-the-Blank,Random Distractor
program,bill,schedule,slate,1,Noun/Concept Synonyms,lineup
bill,slate,gorilla,program,0,Noun/Concept Synonyms,Hard Distractor
slate,bill,program,baked,0,Noun/Concept Synonyms,Random Distractor
teddy,garter,slip,hose,1,Noun/Concept Synonyms,lingerie
garter,hose,slip,trick,0,Noun/Concept Synonyms,Hard Distractor
slip,garter,hop,hose,0,Noun/Concept Synonyms,Random Distractor
slip,garter,thong,teddy,1,Noun/Concept Synonyms,lingerie
take,thong,slip,garter,0,Noun/Concept Synonyms,Hard Distractor
teddy,garter,slip,cost,0,Noun/Concept Synonyms,Random Distractor
oil,coolant,brake fluid,fuel,1,Idioms & Slang,liquids you put into cars
brake fluid,fuel,coolant,n.f.l. player,0,Idioms & Slang,Hard Distractor
rapport,oil,brake fluid,coolant,0,Idioms & Slang,Random Distractor
liter,fifth,pint,handle,1,Noun/Concept Synonyms,liquor bottle sizes
handle,flush,liter,fifth,0,Noun/Concept Synonyms,Hard Distractor
liter,hornet’s nest,handle,fifth,0,Noun/Concept Synonyms,Random Distractor
roster,slate,ticket,ballot,1,Noun/Concept Synonyms,list of candidates
slate,potassium,ticket,roster,0,Noun/Concept Synonyms,Hard Distractor
ticket,begins,ballot,roster,0,Noun/Concept Synonyms,Random Distractor
charge,sue,move,serve,1,Noun/Concept Synonyms,litigation verbs
move,slate,sue,charge,0,Noun/Concept Synonyms,Hard Distractor
charge,move,fringe,serve,0,Noun/Concept Synonyms,Random Distractor
touch,drop,dab,splash,1,Noun/Concept Synonyms,little bit
drop,dab,splash,peak,0,Noun/Concept Synonyms,Hard Distractor
splash,dab,fist,drop,0,Noun/Concept Synonyms,Random Distractor
splash,sprinkle,drop,spot,1,Idioms & Slang,little bit of a beverage
sprinkle,charge,splash,drop,0,Idioms & Slang,Hard Distractor
drop,splash,launchpad,spot,0,Idioms & Slang,Random Distractor
drop,pinch,dash,splash,1,Idioms & Slang,"little bit, in a recipe"
pinch,dash,drop,toiletries,0,Idioms & Slang,Hard Distractor
splash,half,dash,pinch,0,Idioms & Slang,Random Distractor
legend,proof,large,room,1,Fill-in-the-Blank,living ___
room,large,proof,grip,0,Fill-in-the-Blank,Hard Distractor
proof,program,large,room,0,Fill-in-the-Blank,Random Distractor
chameleon,monitor,gecko,iguana,1,Noun/Concept Synonyms,lizards
gecko,iguana,new,monitor,0,Noun/Concept Synonyms,Hard Distractor
chameleon,confetti,monitor,gecko,0,Noun/Concept Synonyms,Random Distractor
dive,haunt,establishment,joint,1,Noun/Concept Synonyms,local watering hole
flier,joint,haunt,establishment,0,Noun/Concept Synonyms,Hard Distractor
dive,seventh heaven,establishment,joint,0,Noun/Concept Synonyms,Random Distractor
coach,mustang,godiva,polo,1,Noun/Concept Synonyms,logos with horses
expletives,coach,godiva,polo,0,Noun/Concept Synonyms,Hard Distractor
polo,coach,oracle,mustang,0,Noun/Concept Synonyms,Random Distractor
sub,grinder,hero,hoagie,1,Noun/Concept Synonyms,long sandwiches
sub,hoagie,hero,three,0,Noun/Concept Synonyms,Hard Distractor
sub,butter,hero,hoagie,0,Noun/Concept Synonyms,Random Distractor
pin,lance,spit,skewer,1,Noun/Concept Synonyms,"long, sharp objects"
skewer,spit,pin,variety,0,Noun/Concept Synonyms,Hard Distractor
lance,spit,skewer,farm,0,Noun/Concept Synonyms,Random Distractor
staff,rod,pole,stick,1,Noun/Concept Synonyms,"long, skinny objects"
pole,amenable,staff,stick,0,Noun/Concept Synonyms,Hard Distractor
pole,asterisk,rod,staff,0,Noun/Concept Synonyms,Random Distractor
alpaca,afghan,yak,angora,1,Members of a Set/Entities,long-haired animals
cotton swab,angora,afghan,alpaca,0,Members of a Set/Entities,Hard Distractor
angora,yak,french,alpaca,0,Members of a Set/Entities,Random Distractor
bow,legs,horn,fellow,1,Fill-in-the-Blank,long___
fellow,sweet,bow,legs,0,Fill-in-the-Blank,Hard Distractor
legs,fellow,shindig,bow,0,Fill-in-the-Blank,Random Distractor
guard,watch,mind,tend,1,Noun/Concept Synonyms,look after
tend,guard,snob,watch,0,Noun/Concept Synonyms,Hard Distractor
tend,watch,mind,depend,0,Noun/Concept Synonyms,Random Distractor
speed,tweet,bug,pork,1,Word Structure/Play,looney tunes characters minus a letter
silver,speed,tweet,bug,0,Word Structure/Play,Hard Distractor
consideration,speed,bug,pork,0,Word Structure/Play,Random Distractor
duck,pig,martian,bunny,1,Trivia/Pop Culture,looney tunes figures
weed,martian,pig,bunny,0,Trivia/Pop Culture,Hard Distractor
duck,pig,navy,martian,0,Trivia/Pop Culture,Random Distractor
hoop,ring,circle,band,1,Noun/Concept Synonyms,loop
circle,ring,hoop,craven,0,Noun/Concept Synonyms,Hard Distractor
cant,ring,band,hoop,0,Noun/Concept Synonyms,Random Distractor
bug,flip,wig,freak,1,Idioms & Slang,"lose it, with ""out"""
bug,vane,wig,flip,0,Idioms & Slang,Hard Distractor
oppenheimer,flip,bug,freak,0,Idioms & Slang,Random Distractor
dear,peach,doll,angel,1,Noun/Concept Synonyms,lovely person
peach,dear,doll,write,0,Noun/Concept Synonyms,Hard Distractor
angel,plain,dear,doll,0,Noun/Concept Synonyms,Random Distractor
kind,sweet,warm,tender,1,Action/Verb Synonyms,loving
warm,kind,crouch,tender,0,Action/Verb Synonyms,Hard Distractor
warm,sweet,tender,jobs,0,Action/Verb Synonyms,Random Distractor
scoop,info,dish,dope,1,Noun/Concept Synonyms,lowdown
lie,dope,info,dish,0,Noun/Concept Synonyms,Hard Distractor
aster,dope,dish,info,0,Noun/Concept Synonyms,Random Distractor
foot,bottom,foundation,base,1,Noun/Concept Synonyms,lowest part
foundation,base,foot,like,0,Noun/Concept Synonyms,Hard Distractor
floater,bottom,foundation,foot,0,Noun/Concept Synonyms,Random Distractor
foundation,foot,bottom,base,1,Noun/Concept Synonyms,lowest point
foot,base,bozo,foundation,0,Noun/Concept Synonyms,Hard Distractor
foundation,baguette,foot,bottom,0,Noun/Concept Synonyms,Random Distractor
sense,mind,marbles,wits,1,Descriptor/Adjective Synonyms,lucidity
sense,wits,stella,mind,0,Descriptor/Adjective Synonyms,Hard Distractor
marbles,fungus,mind,sense,0,Descriptor/Adjective Synonyms,Random Distractor
moon,rainbow,clover,horseshoe,1,Noun/Concept Synonyms,lucky charms marshmallows
source,clover,horseshoe,moon,0,Noun/Concept Synonyms,Hard Distractor
moon,rainbow,champion,horseshoe,0,Noun/Concept Synonyms,Random Distractor
duck,charm,strike,break,1,Fill-in-the-Blank,lucky ___
duck,charm,tuesday,break,0,Fill-in-the-Blank,Hard Distractor
strike,break,crack,charm,0,Fill-in-the-Blank,Random Distractor
great,legend,icon,lion,1,Descriptor/Adjective Synonyms,luminary
icon,legend,great,mind,0,Descriptor/Adjective Synonyms,Hard Distractor
lion,great,insult,icon,0,Descriptor/Adjective Synonyms,Random Distractor
melt,wrap,club,hero,1,Noun/Concept Synonyms,lunch orders
wrap,melt,coach,hero,0,Noun/Concept Synonyms,Hard Distractor
feta,wrap,hero,club,0,Noun/Concept Synonyms,Random Distractor
grand,lavish,opulent,deluxe,1,Descriptor/Adjective Synonyms,luxurious
grand,opulent,deluxe,showboat,0,Descriptor/Adjective Synonyms,Hard Distractor
millennium,deluxe,opulent,lavish,0,Descriptor/Adjective Synonyms,Random Distractor
satin,silk,chiffon,velvet,1,Descriptor/Adjective Synonyms,luxurious fabrics
favor,silk,velvet,satin,0,Descriptor/Adjective Synonyms,Hard Distractor
velvet,beep beep,satin,chiffon,0,Descriptor/Adjective Synonyms,Random Distractor
old,signs,split,glass,1,Trivia/Pop Culture,m. night shyamalan movies
signs,beast,split,old,0,Trivia/Pop Culture,Hard Distractor
signs,split,reich,glass,0,Trivia/Pop Culture,Random Distractor
met,tiger,twin,cub,1,Members of a Set/Entities,m.l.b. team member
twin,adidas,tiger,cub,0,Members of a Set/Entities,Hard Distractor
twin,met,cub,woodstock,0,Members of a Set/Entities,Random Distractor
ray,national,red,angel,1,Members of a Set/Entities,m.l.b. team member
ray,squad,angel,national,0,Members of a Set/Entities,Hard Distractor
always,ray,angel,national,0,Members of a Set/Entities,Random Distractor
yanks,jays,nats,cards,1,Members of a Set/Entities,"m.l.b. teams, for short"
nats,yanks,jays,ankle,0,Members of a Set/Entities,Hard Distractor
nats,yanks,cache,cards,0,Members of a Set/Entities,Random Distractor
shift,control,command,option,1,Noun/Concept Synonyms,mac keyboard keys
display,shift,command,option,0,Noun/Concept Synonyms,Hard Distractor
base,control,command,shift,0,Noun/Concept Synonyms,Random Distractor
fury,mad,road,max,1,Noun/Concept Synonyms,mad max fury road
fury,mad,max,heel,0,Noun/Concept Synonyms,Hard Distractor
mad,road,max,helena,0,Noun/Concept Synonyms,Random Distractor
hoof,claw,horn,nail,1,Noun/Concept Synonyms,made of keratin
hoof,horn,nail,handy,0,Noun/Concept Synonyms,Hard Distractor
claw,map,hoof,nail,0,Noun/Concept Synonyms,Random Distractor
dash,hyphen,minus,underscore,1,Noun/Concept Synonyms,made with horizontal lines
hyphen,buy,dash,underscore,0,Noun/Concept Synonyms,Hard Distractor
hyphen,minus,underscore,queens,0,Noun/Concept Synonyms,Random Distractor
cherish,holiday,music,frozen,1,Trivia/Pop Culture,madonna songs
frozen,holiday,music,speed,0,Trivia/Pop Culture,Hard Distractor
cherish,holiday,music,dealings,0,Trivia/Pop Culture,Random Distractor
wired,people,us,fortune,1,Noun/Concept Synonyms,magazines
concert,fortune,us,people,0,Noun/Concept Synonyms,Hard Distractor
people,us,wired,wisdom,0,Noun/Concept Synonyms,Random Distractor
rolling stone,time,star,billboard,1,Noun/Concept Synonyms,magazines
time,star,billboard,chill,0,Noun/Concept Synonyms,Hard Distractor
time,star,oven,billboard,0,Noun/Concept Synonyms,Random Distractor
essence,time,vogue,people,1,Noun/Concept Synonyms,magazines
essence,time,beaufort scale,vogue,0,Noun/Concept Synonyms,Hard Distractor
vogue,time,people,gemini,0,Noun/Concept Synonyms,Random Distractor
o,ok,o,us,1,Noun/Concept Synonyms,magazines
echo,o,us,o,0,Noun/Concept Synonyms,Hard Distractor
o,noaa,ok,us,0,Noun/Concept Synonyms,Random Distractor
fortune,mad,nature,w,1,Noun/Concept Synonyms,magazines
w,pumpkin,nature,fortune,0,Noun/Concept Synonyms,Hard Distractor
w,flop,mad,nature,0,Noun/Concept Synonyms,Random Distractor
abracadabra,please,thank you,presto,1,Descriptor/Adjective Synonyms,magic words
please,abracadabra,success,presto,0,Descriptor/Adjective Synonyms,Hard Distractor
please,abracadabra,presto,astronaut,0,Descriptor/Adjective Synonyms,Random Distractor
kingdom,marker,mushroom,carpet,1,Fill-in-the-Blank,magic ___
mushroom,marker,carpet,motor,0,Fill-in-the-Blank,Hard Distractor
carpet,stride,kingdom,mushroom,0,Fill-in-the-Blank,Random Distractor
noble,great,grand,lofty,1,Descriptor/Adjective Synonyms,magnanimous
noble,soy,grand,lofty,0,Descriptor/Adjective Synonyms,Hard Distractor
bough,lofty,noble,great,0,Descriptor/Adjective Synonyms,Random Distractor
bamboo,dragon,wind,season,1,Noun/Concept Synonyms,mahjong tiles
bamboo,stock,wind,dragon,0,Noun/Concept Synonyms,Hard Distractor
wind,dragon,dasani,bamboo,0,Noun/Concept Synonyms,Random Distractor
music,downloads,documents,desktop,1,Idioms & Slang,main folders in a computer
toilet paper,music,desktop,downloads,0,Idioms & Slang,Hard Distractor
tread,downloads,desktop,documents,0,Idioms & Slang,Random Distractor
backbone,anchor,pillar,cornerstone,1,Descriptor/Adjective Synonyms,mainstay
footprint,pillar,backbone,anchor,0,Descriptor/Adjective Synonyms,Hard Distractor
backbone,sumo,cornerstone,anchor,0,Descriptor/Adjective Synonyms,Random Distractor
botch,spoil,blow,butcher,1,Action/Verb Synonyms,make a hash of
spoil,impression,botch,butcher,0,Action/Verb Synonyms,Hard Distractor
butcher,tire,spoil,botch,0,Action/Verb Synonyms,Random Distractor
tie,square,draw,even,1,Idioms & Slang,"make equal, as a score"
draw,chick,tie,even,0,Idioms & Slang,Hard Distractor
even,tie,draw,scram,0,Idioms & Slang,Random Distractor
fulfill,honor,keep,uphold,1,Idioms & Slang,"make good on, as a promise"
keep,shape,uphold,honor,0,Idioms & Slang,Hard Distractor
sew,uphold,fulfill,keep,0,Idioms & Slang,Random Distractor
suit,tickle,please,delight,1,Action/Verb Synonyms,make happy
suit,ball,please,tickle,0,Action/Verb Synonyms,Hard Distractor
tickle,saw,please,suit,0,Action/Verb Synonyms,Random Distractor
tickle,tickle,charm,please,1,Action/Verb Synonyms,make happy
tickle,market,tickle,charm,0,Action/Verb Synonyms,Hard Distractor
tickle,goblet,tickle,please,0,Action/Verb Synonyms,Random Distractor
delight,please,amuse,delight,1,Action/Verb Synonyms,make happy
ragtag,please,delight,delight,0,Action/Verb Synonyms,Hard Distractor
amuse,please,delight,cheesecake,0,Action/Verb Synonyms,Random Distractor
grate,mince,slice,cube,1,Members of a Set/Entities,make into smaller pieces while cooking
grate,bulldog,mince,slice,0,Members of a Set/Entities,Hard Distractor
beastie,mince,grate,slice,0,Members of a Set/Entities,Random Distractor
present,exhibit,display,show,1,Action/Verb Synonyms,make public
present,zip,display,show,0,Action/Verb Synonyms,Hard Distractor
show,suit,present,exhibit,0,Action/Verb Synonyms,Random Distractor
clip,trim,cut,pare,1,Action/Verb Synonyms,make shorter
bolt,clip,trim,cut,0,Action/Verb Synonyms,Hard Distractor
trim,lather,clip,cut,0,Action/Verb Synonyms,Random Distractor
highlighter,blush,powder,foundation,1,Noun/Concept Synonyms,makeup
blush,eggnog,foundation,highlighter,0,Noun/Concept Synonyms,Hard Distractor
foundation,blush,powder,wings,0,Noun/Concept Synonyms,Random Distractor
buck,billy,ram,buck,1,Members of a Set/Entities,male animals
goblin,buck,billy,buck,0,Members of a Set/Entities,Hard Distractor
ram,buck,billy,journal,0,Members of a Set/Entities,Random Distractor
jack,jack,bull,tom,1,Members of a Set/Entities,male animals
bull,jack,page,jack,0,Members of a Set/Entities,Hard Distractor
jack,tom,jack,bathroom,0,Members of a Set/Entities,Random Distractor
bull,boar,jack,buck,1,Members of a Set/Entities,male animals
buck,jack,sign,boar,0,Members of a Set/Entities,Hard Distractor
boar,bull,jack,apple of discord,0,Members of a Set/Entities,Random Distractor
trojan horse,virus,worm,backdoor,1,Descriptor/Adjective Synonyms,malicious software
worm,trojan horse,backdoor,solid,0,Descriptor/Adjective Synonyms,Hard Distractor
worm,backdoor,virus,ankle,0,Descriptor/Adjective Synonyms,Random Distractor
fever,fad,bug,craze,1,Noun/Concept Synonyms,mania
fad,so-so,craze,bug,0,Noun/Concept Synonyms,Hard Distractor
fad,denim,craze,fever,0,Noun/Concept Synonyms,Random Distractor
clip,file,polish,buff,1,Noun/Concept Synonyms,manicure steps
clip,file,polish,cable,0,Noun/Concept Synonyms,Hard Distractor
saint patrick,buff,file,polish,0,Noun/Concept Synonyms,Random Distractor
shop,mill,plant,factory,1,Action/Verb Synonyms,manufacturing locations
mill,plant,factory,sunny-side up,0,Action/Verb Synonyms,Hard Distractor
plant,shop,factory,struck,0,Action/Verb Synonyms,Random Distractor
destination,starting point,route,stops,1,Noun/Concept Synonyms,map app options
that,route,starting point,stops,0,Noun/Concept Synonyms,Hard Distractor
stops,starting point,commandments,destination,0,Noun/Concept Synonyms,Random Distractor
compass,key,inset,scale,1,Noun/Concept Synonyms,map features
inset,dateline,scale,compass,0,Noun/Concept Synonyms,Hard Distractor
compass,scale,key,symphony,0,Noun/Concept Synonyms,Random Distractor
ding,scratch,chip,nick,1,Noun/Concept Synonyms,mar
scratch,ding,chip,murphy,0,Noun/Concept Synonyms,Hard Distractor
hoarse,chip,scratch,nick,0,Noun/Concept Synonyms,Random Distractor
honey,hero,someday,fantasy,1,Idioms & Slang,mariah carey number one hits
hero,fantasy,honey,google,0,Idioms & Slang,Hard Distractor
someday,honey,fantasy,sports,0,Idioms & Slang,Random Distractor
gull,puffin,pelican,booby,1,Noun/Concept Synonyms,marine birds
pelican,gull,puffin,blow,0,Noun/Concept Synonyms,Hard Distractor
booby,arts,pelican,puffin,0,Noun/Concept Synonyms,Random Distractor
star,coral,jelly,sponge,1,Descriptor/Adjective Synonyms,"marine invertebrates, familiarly"
coral,jelly,sponge,tetra,0,Descriptor/Adjective Synonyms,Hard Distractor
sponge,star,curt,coral,0,Descriptor/Adjective Synonyms,Random Distractor
seal,otter,manatee,dolphin,1,Noun/Concept Synonyms,marine mammals
otter,dolphin,dot,seal,0,Noun/Concept Synonyms,Hard Distractor
seal,ducky,otter,dolphin,0,Noun/Concept Synonyms,Random Distractor
cross,check,tick,strike,1,Noun/Concept Synonyms,mark as completed
cross,tick,coach,strike,0,Noun/Concept Synonyms,Hard Distractor
tick,strike,check,sprout,0,Noun/Concept Synonyms,Random Distractor
like,favorite,bookmark,save,1,Noun/Concept Synonyms,mark online for later
like,stringy,favorite,bookmark,0,Noun/Concept Synonyms,Hard Distractor
like,favorite,followers,save,0,Noun/Concept Synonyms,Random Distractor
koala,wombat,kangaroo,wallaby,1,Noun/Concept Synonyms,marsupials
wombat,koala,spoil,wallaby,0,Noun/Concept Synonyms,Hard Distractor
iguana,wombat,koala,wallaby,0,Noun/Concept Synonyms,Random Distractor
twist,gin,dry,dry,1,Noun/Concept Synonyms,martini specifications
twist,collect,gin,dry,0,Noun/Concept Synonyms,Hard Distractor
judgment,gin,twist,dry,0,Noun/Concept Synonyms,Random Distractor
perfect,dirty,shaken,wet,1,Noun/Concept Synonyms,martini specifications
sphere,dirty,shaken,wet,0,Noun/Concept Synonyms,Hard Distractor
spelling,perfect,wet,dirty,0,Noun/Concept Synonyms,Random Distractor
dirty,dry,up,twist,1,Noun/Concept Synonyms,martini specifications
twist,hush,dirty,up,0,Noun/Concept Synonyms,Hard Distractor
dry,sprite,up,dirty,0,Noun/Concept Synonyms,Random Distractor
giant,monster,super,jumbo,1,Descriptor/Adjective Synonyms,massive
giant,walls,monster,super,0,Descriptor/Adjective Synonyms,Hard Distractor
string lights,jumbo,giant,super,0,Descriptor/Adjective Synonyms,Random Distractor
china,linen,crystal,silver,1,Idioms & Slang,materials associated with fancy dining
gather,china,silver,linen,0,Idioms & Slang,Hard Distractor
china,silver,crystal,slipper,0,Idioms & Slang,Random Distractor
max,log,tan,mod,1,Noun/Concept Synonyms,math abbreviations
log,max,glyph,tan,0,Noun/Concept Synonyms,Hard Distractor
max,log,mod,wedge,0,Noun/Concept Synonyms,Random Distractor
good shepherd,rainmaker,martian,departed,1,Trivia/Pop Culture,"matt damon movies, with ""the"""
good shepherd,her,rainmaker,departed,0,Trivia/Pop Culture,Hard Distractor
departed,rainmaker,phew,good shepherd,0,Trivia/Pop Culture,Random Distractor
queen,full,king,king,1,Noun/Concept Synonyms,mattress sizes
full,king,queen,stew,0,Noun/Concept Synonyms,Hard Distractor
lazy susan,full,king,queen,0,Noun/Concept Synonyms,Random Distractor
twin,full,twin,queen,1,Noun/Concept Synonyms,mattress sizes
filter,twin,queen,full,0,Noun/Concept Synonyms,Hard Distractor
queen,curve,twin,full,0,Noun/Concept Synonyms,Random Distractor
pole,flower,day,fly,1,Fill-in-the-Blank,may___
water,pole,flower,day,0,Fill-in-the-Blank,Hard Distractor
fly,day,jogger,flower,0,Fill-in-the-Blank,Random Distractor
tool,medium,vehicle,mechanism,1,Noun/Concept Synonyms,means
mechanism,median,tool,medium,0,Noun/Concept Synonyms,Hard Distractor
medium,mechanism,tool,dutch,0,Noun/Concept Synonyms,Random Distractor
organ,medium,instrument,vehicle,1,Noun/Concept Synonyms,means
vehicle,medium,strike,organ,0,Noun/Concept Synonyms,Hard Distractor
carom,vehicle,organ,instrument,0,Noun/Concept Synonyms,Random Distractor
plane,train,car,boat,1,Noun/Concept Synonyms,means of transportation
car,train,sherry,plane,0,Noun/Concept Synonyms,Hard Distractor
pat,train,boat,plane,0,Noun/Concept Synonyms,Random Distractor
crime,temperature,angle,education,1,Noun/Concept Synonyms,measured in degrees
tie,angle,crime,temperature,0,Noun/Concept Synonyms,Hard Distractor
chicken little,crime,angle,education,0,Noun/Concept Synonyms,Random Distractor
yard,sack,reception,attempt,1,Noun/Concept Synonyms,measured in football stats
bonus,yard,sack,reception,0,Noun/Concept Synonyms,Hard Distractor
reception,yard,announcement,attempt,0,Noun/Concept Synonyms,Random Distractor
scale,ruler,compass,watch,1,Members of a Set/Entities,measuring instruments
kidney,compass,scale,watch,0,Members of a Set/Entities,Hard Distractor
watch,compass,conductor,scale,0,Members of a Set/Entities,Random Distractor
poke,pry,nose around,snoop,1,Noun/Concept Synonyms,meddle
shred,nose around,poke,pry,0,Noun/Concept Synonyms,Hard Distractor
melodrama,pry,nose around,poke,0,Noun/Concept Synonyms,Random Distractor
publicity,coverage,exposure,press,1,Noun/Concept Synonyms,media attention
exposure,publicity,gas,press,0,Noun/Concept Synonyms,Hard Distractor
publicity,coverage,number,press,0,Noun/Concept Synonyms,Random Distractor
intern,attending,resident,fellow,1,Noun/Concept Synonyms,medical roles
return,intern,attending,resident,0,Noun/Concept Synonyms,Hard Distractor
resident,fellow,attending,stables,0,Noun/Concept Synonyms,Random Distractor
spray,tablet,capsule,syrup,1,Noun/Concept Synonyms,medicine formats
capsule,request,spray,tablet,0,Noun/Concept Synonyms,Hard Distractor
spray,capsule,emerald,tablet,0,Noun/Concept Synonyms,Random Distractor
cream,patch,tablet,cream,1,Noun/Concept Synonyms,medicine formats
principal,tablet,patch,cream,0,Noun/Concept Synonyms,Hard Distractor
cream,stinker,patch,tablet,0,Noun/Concept Synonyms,Random Distractor
club,spear,sword,mace,1,Noun/Concept Synonyms,medieval weapons
level,club,spear,sword,0,Noun/Concept Synonyms,Hard Distractor
blood,sword,spear,mace,0,Noun/Concept Synonyms,Random Distractor
average,fair,so-so,ok,1,Noun/Concept Synonyms,meh
average,full,fair,ok,0,Noun/Concept Synonyms,Hard Distractor
ok,pitch,so-so,fair,0,Noun/Concept Synonyms,Random Distractor
stitch,rocky,scratchy,chip,1,Idioms & Slang,member of a cartoon duo
scratchy,chip,stitch,darn,0,Idioms & Slang,Hard Distractor
stitch,chip,scratchy,attending,0,Idioms & Slang,Random Distractor
banshee,heartbreaker,pip,wailer,1,Idioms & Slang,member of a classic backing band
shoo-in,wailer,banshee,heartbreaker,0,Idioms & Slang,Hard Distractor
wailer,post,heartbreaker,pip,0,Idioms & Slang,Random Distractor
wing,maverick,cowboy,star,1,Members of a Set/Entities,member of a dallas pro sports team
star,cowboy,train,maverick,0,Members of a Set/Entities,Hard Distractor
drape,cowboy,wing,star,0,Members of a Set/Entities,Random Distractor
bangle,go-go,supreme,chick,1,Idioms & Slang,member of a girl group
bangle,flint,chick,go-go,0,Idioms & Slang,Hard Distractor
spotty,go-go,chick,bangle,0,Idioms & Slang,Random Distractor
animal,bacteria,fungus,plant,1,Idioms & Slang,member of a kingdom in taxonomy
fungus,hornet’s nest,plant,bacteria,0,Idioms & Slang,Hard Distractor
animal,bacteria,plant,bally,0,Idioms & Slang,Random Distractor
sea,dwarf,wonder,sin,1,Noun/Concept Synonyms,member of a septet
sea,dwarf,wonder,ledger,0,Noun/Concept Synonyms,Hard Distractor
dwarf,sea,knock back,wonder,0,Noun/Concept Synonyms,Random Distractor
celtic,packer,yankee,canadien,1,Members of a Set/Entities,member of a team with the most championships in their respective sports
packer,mince,canadien,celtic,0,Members of a Set/Entities,Hard Distractor
celtic,96,canadien,packer,0,Members of a Set/Entities,Random Distractor
monster,minion,car,incredible,1,Idioms & Slang,member of a titular group in an animation franchise
christmas,incredible,minion,monster,0,Idioms & Slang,Hard Distractor
leap,monster,minion,car,0,Idioms & Slang,Random Distractor
kink,animal,supreme,door,1,Idioms & Slang,member of a ’60s band
kink,door,photoshop,animal,0,Idioms & Slang,Hard Distractor
door,kink,animal,petal,0,Idioms & Slang,Random Distractor
sin,wonder,sister,sea,1,Members of a Set/Entities,members of a septet
crook,wonder,sister,sin,0,Members of a Set/Entities,Hard Distractor
sea,sheriff,sister,sin,0,Members of a Set/Entities,Random Distractor
stooge,amigo,king,tenor,1,Members of a Set/Entities,members of a trio
tenor,sunset,stooge,king,0,Members of a Set/Entities,Hard Distractor
tenor,wanting,king,amigo,0,Members of a Set/Entities,Random Distractor
glee,mirth,festivity,cheer,1,Noun/Concept Synonyms,merriment
mirth,cheer,glee,dry,0,Noun/Concept Synonyms,Hard Distractor
mirth,cheer,you,festivity,0,Noun/Concept Synonyms,Random Distractor
thatch,mop,shock,tangle,1,Noun/Concept Synonyms,mess of hair
plan,tangle,mop,shock,0,Noun/Concept Synonyms,Hard Distractor
americano,mop,thatch,shock,0,Noun/Concept Synonyms,Random Distractor
mane,tangle,mop,mat,1,Noun/Concept Synonyms,mess of hair
tangle,mane,mop,wrist,0,Noun/Concept Synonyms,Hard Distractor
mop,tangle,mat,slope,0,Noun/Concept Synonyms,Random Distractor
spoil,fluff,blow,bumble,1,Noun/Concept Synonyms,mess up
stick,spoil,blow,bumble,0,Noun/Concept Synonyms,Hard Distractor
spoil,fluff,bumble,computer,0,Noun/Concept Synonyms,Random Distractor
scrape,scratch,score,scar,1,Idioms & Slang,mess up the surface of
scrape,scratch,scar,windy,0,Idioms & Slang,Hard Distractor
pen,scrape,score,scratch,0,Idioms & Slang,Random Distractor
tin,lead,mercury,gold,1,Noun/Concept Synonyms,metal elements
mercury,tin,address,gold,0,Noun/Concept Synonyms,Hard Distractor
tin,gold,mercury,depot,0,Noun/Concept Synonyms,Random Distractor
iron,copper,gold,zinc,1,Noun/Concept Synonyms,metal elements
copper,zinc,channel,gold,0,Noun/Concept Synonyms,Hard Distractor
side,iron,zinc,copper,0,Noun/Concept Synonyms,Random Distractor
silver,nickel,lead,tin,1,Noun/Concept Synonyms,metal elements
silver,tin,stroke,nickel,0,Noun/Concept Synonyms,Hard Distractor
silver,mu,tin,nickel,0,Noun/Concept Synonyms,Random Distractor
bombshell,twist,wrench,curveball,1,Noun/Concept Synonyms,metaphor for something unexpected
bombshell,parrot,wrench,twist,0,Noun/Concept Synonyms,Hard Distractor
deep,wrench,curveball,bombshell,0,Noun/Concept Synonyms,Random Distractor
whirlwind,circus,roller coaster,soap opera,1,Idioms & Slang,metaphors for a dramatic and chaotic event
soap opera,roller coaster,circus,flint,0,Idioms & Slang,Hard Distractor
circus,kiss,roller coaster,soap opera,0,Idioms & Slang,Random Distractor
picnic,breeze,pie,abc,1,Members of a Set/Entities,metaphors for easy things
abc,powder,pie,picnic,0,Members of a Set/Entities,Hard Distractor
ferry,breeze,abc,picnic,0,Members of a Set/Entities,Random Distractor
hornet’s nest,can of worms,minefield,pandora’s box,1,Idioms & Slang,metaphors for potentially volatile situations
hornet’s nest,pandora’s box,can of worms,chip,0,Idioms & Slang,Hard Distractor
hornet’s nest,can of worms,planet,pandora’s box,0,Idioms & Slang,Random Distractor
means,channel,vehicle,medium,1,Noun/Concept Synonyms,method
channel,vehicle,medium,florist,0,Noun/Concept Synonyms,Hard Distractor
medium,channel,vehicle,holy,0,Noun/Concept Synonyms,Random Distractor
micro,mega,kilo,pico,1,Word Structure/Play,metric prefixes
mega,micro,man,pico,0,Word Structure/Play,Hard Distractor
pico,micro,mega,jolly,0,Word Structure/Play,Random Distractor
spirit,grit,resolve,fight,1,Noun/Concept Synonyms,mettle
fight,spirit,resolve,crunch,0,Noun/Concept Synonyms,Hard Distractor
fight,midnight,spirit,resolve,0,Noun/Concept Synonyms,Random Distractor
teams,edge,office,windows,1,Noun/Concept Synonyms,microsoft products
teams,windows,gumshoe,office,0,Noun/Concept Synonyms,Hard Distractor
windows,office,knew,teams,0,Noun/Concept Synonyms,Random Distractor
word,edge,bing,surface,1,Noun/Concept Synonyms,microsoft products
edge,thousand,bing,word,0,Noun/Concept Synonyms,Hard Distractor
edge,laser,word,bing,0,Noun/Concept Synonyms,Random Distractor
fudge,shoot,frick,shoot,1,Noun/Concept Synonyms,mild oaths
shoot,shoot,frick,tank,0,Noun/Concept Synonyms,Hard Distractor
shoot,fudge,frick,well,0,Noun/Concept Synonyms,Random Distractor
darn,heck,fie,frick,1,Noun/Concept Synonyms,mild oaths
cradle,fie,darn,heck,0,Noun/Concept Synonyms,Hard Distractor
minion,heck,fie,darn,0,Noun/Concept Synonyms,Random Distractor
fiddlesticks,sugar,fudge,fudge,1,Noun/Concept Synonyms,mild oaths
sugar,hop,fudge,fudge,0,Noun/Concept Synonyms,Hard Distractor
fudge,fiddlesticks,sugar,tom thumb,0,Noun/Concept Synonyms,Random Distractor
sphere,circle,scene,world,1,Noun/Concept Synonyms,milieu
sea breeze,sphere,scene,circle,0,Noun/Concept Synonyms,Hard Distractor
sphere,scene,black widow,circle,0,Noun/Concept Synonyms,Random Distractor
fatigue,drab,camo,khaki,1,Noun/Concept Synonyms,military clothing descriptors
drab,tale,camo,khaki,0,Noun/Concept Synonyms,Hard Distractor
fatigue,khaki,pee,drab,0,Noun/Concept Synonyms,Random Distractor
bug,cold,cough,chill,1,Noun/Concept Synonyms,minor ailments
twin,cold,bug,cough,0,Noun/Concept Synonyms,Hard Distractor
chill,bug,wee,cough,0,Noun/Concept Synonyms,Random Distractor
hash,medley,jumble,stew,1,Noun/Concept Synonyms,mishmash
jumble,sanitize,hash,stew,0,Noun/Concept Synonyms,Hard Distractor
jumble,medley,hash,pit,0,Noun/Concept Synonyms,Random Distractor
soften,dampen,temper,cushion,1,Noun/Concept Synonyms,mitigate
speed,soften,cushion,temper,0,Noun/Concept Synonyms,Hard Distractor
dampen,dragon,temper,soften,0,Noun/Concept Synonyms,Random Distractor
ray,royal,met,angel,1,Noun/Concept Synonyms,mlb player
ray,shock,met,angel,0,Noun/Concept Synonyms,Hard Distractor
royal,met,angel,balloon animal,0,Noun/Concept Synonyms,Random Distractor
can,will,must,might,1,Noun/Concept Synonyms,modal verbs
columnist,must,can,will,0,Noun/Concept Synonyms,Hard Distractor
must,can,will,cavity,0,Noun/Concept Synonyms,Random Distractor
yardstick,benchmark,gauge,standard,1,Noun/Concept Synonyms,model for reference
benchmark,grate,standard,yardstick,0,Noun/Concept Synonyms,Hard Distractor
skybox,standard,benchmark,yardstick,0,Noun/Concept Synonyms,Random Distractor
podcast,smartwatch,crypto,vape,1,Noun/Concept Synonyms,modern inventions
podcast,smartwatch,vape,bumper,0,Noun/Concept Synonyms,Hard Distractor
podcast,smartwatch,clingy,crypto,0,Noun/Concept Synonyms,Random Distractor
train,car,boat,plane,1,Noun/Concept Synonyms,modes of transportation
car,boat,loin,train,0,Noun/Concept Synonyms,Hard Distractor
boat,snail,plane,train,0,Noun/Concept Synonyms,Random Distractor
baby,toy,mini,pocket,1,Noun/Concept Synonyms,modifiers meaning “small”
stamp,toy,mini,baby,0,Noun/Concept Synonyms,Hard Distractor
mini,trees,toy,pocket,0,Noun/Concept Synonyms,Random Distractor
rum,lime,soda,mint,1,Noun/Concept Synonyms,mojito ingredients
rum,spat,mint,lime,0,Noun/Concept Synonyms,Hard Distractor
soda,rum,pardon,mint,0,Noun/Concept Synonyms,Random Distractor
cool,temper,moderate,settle,1,Descriptor/Adjective Synonyms,mollify
temper,settle,chiffon,cool,0,Descriptor/Adjective Synonyms,Hard Distractor
tech,settle,moderate,temper,0,Descriptor/Adjective Synonyms,Random Distractor
pamper,humor,indulge,baby,1,Noun/Concept Synonyms,mollycoddle
tap,indulge,pamper,humor,0,Noun/Concept Synonyms,Hard Distractor
humor,mia,pamper,indulge,0,Noun/Concept Synonyms,Random Distractor
jail,boardwalk,chance,go,1,Noun/Concept Synonyms,monopoly squares
go,chance,jail,room,0,Noun/Concept Synonyms,Hard Distractor
boardwalk,jail,pronounced,go,0,Noun/Concept Synonyms,Random Distractor
purr,buzz,drone,hum,1,Descriptor/Adjective Synonyms,monotonous sounds
drone,bay,purr,buzz,0,Descriptor/Adjective Synonyms,Hard Distractor
hum,float,purr,drone,0,Descriptor/Adjective Synonyms,Random Distractor
gas,cable,electric,water,1,Noun/Concept Synonyms,monthly bills
water,gas,shepherd,electric,0,Noun/Concept Synonyms,Hard Distractor
gas,cable,water,slides,0,Noun/Concept Synonyms,Random Distractor
gas,internet,rent,phone,1,Noun/Concept Synonyms,monthly expenses
rent,volume,phone,internet,0,Noun/Concept Synonyms,Hard Distractor
bess,internet,rent,phone,0,Noun/Concept Synonyms,Random Distractor
goose,earth,may i,superior,1,Fill-in-the-Blank,mother ___
may i,superior,baby,earth,0,Fill-in-the-Blank,Hard Distractor
earth,superior,goose,eggs,0,Fill-in-the-Blank,Random Distractor
bus,car,motorcycle,truck,1,Noun/Concept Synonyms,motor vehicles
multi,bus,car,motorcycle,0,Noun/Concept Synonyms,Hard Distractor
truck,bus,motorcycle,tue,0,Noun/Concept Synonyms,Random Distractor
fuji,hood,olympus,whitney,1,Fill-in-the-Blank,mount ___
lip,fuji,whitney,hood,0,Fill-in-the-Blank,Hard Distractor
whitney,yea,hood,fuji,0,Fill-in-the-Blank,Random Distractor
hover,scroll,click,drag,1,Noun/Concept Synonyms,mouse actions
click,hover,drag,tee,0,Noun/Concept Synonyms,Hard Distractor
drag,hover,wand,scroll,0,Noun/Concept Synonyms,Random Distractor
bolt,barrel,hurtle,tear,1,Action/Verb Synonyms,move at breakneck speed
barrel,python,hurtle,tear,0,Action/Verb Synonyms,Hard Distractor
tear,pine,hurtle,barrel,0,Action/Verb Synonyms,Random Distractor
sway,swing,rock,wave,1,Action/Verb Synonyms,move back and forth
amuse,wave,swing,sway,0,Action/Verb Synonyms,Hard Distractor
rock,wave,crud,swing,0,Action/Verb Synonyms,Random Distractor
progress,advance,push,march,1,Action/Verb Synonyms,move forward
advance,nurse,march,progress,0,Action/Verb Synonyms,Hard Distractor
push,unused,progress,march,0,Action/Verb Synonyms,Random Distractor
glide,sail,coast,breeze,1,Idioms & Slang,move in an effortless way
coast,venus de milo,breeze,glide,0,Idioms & Slang,Hard Distractor
disapprove,coast,breeze,glide,0,Idioms & Slang,Random Distractor
flap,wave,sway,blow,1,Action/Verb Synonyms,move in the wind
wave,shrink,blow,sway,0,Action/Verb Synonyms,Hard Distractor
sway,bully,flap,wave,0,Action/Verb Synonyms,Random Distractor
dash,bolt,fly,dart,1,Action/Verb Synonyms,move quickly
fly,steaming,dash,dart,0,Action/Verb Synonyms,Hard Distractor
bolt,fly,dash,red,0,Action/Verb Synonyms,Random Distractor
barrel,bolt,zip,zip,1,Action/Verb Synonyms,move quickly
zip,steaming,zip,barrel,0,Action/Verb Synonyms,Hard Distractor
barrel,loafer,zip,zip,0,Action/Verb Synonyms,Random Distractor
race,fly,dart,dash,1,Action/Verb Synonyms,move quickly
fly,desert,dash,dart,0,Action/Verb Synonyms,Hard Distractor
dash,thingamajig,dart,race,0,Action/Verb Synonyms,Random Distractor
steal,slip,tiptoe,creep,1,Action/Verb Synonyms,move stealthily
tiptoe,creep,steal,siring,0,Action/Verb Synonyms,Hard Distractor
creep,cyber,steal,tiptoe,0,Action/Verb Synonyms,Random Distractor
fly,soar,glide,float,1,Action/Verb Synonyms,move through the air
glide,float,soar,sweet,0,Action/Verb Synonyms,Hard Distractor
crater,soar,float,fly,0,Action/Verb Synonyms,Random Distractor
push,drive,prompt,propel,1,Action/Verb Synonyms,move to action
crossword,prompt,push,drive,0,Action/Verb Synonyms,Hard Distractor
prompt,shipshape,drive,propel,0,Action/Verb Synonyms,Random Distractor
groove,bop,sway,bounce,1,Action/Verb Synonyms,move to the music
sway,bop,kettle,groove,0,Action/Verb Synonyms,Hard Distractor
baroque,groove,bounce,sway,0,Action/Verb Synonyms,Random Distractor
fly,race,blaze,tear,1,Action/Verb Synonyms,move with speed
race,fly,blaze,stone,0,Action/Verb Synonyms,Hard Distractor
race,tear,fly,coaster,0,Action/Verb Synonyms,Random Distractor
picture,flick,feature,film,1,Noun/Concept Synonyms,movie
picture,film,feature,tilt-a-whirl,0,Noun/Concept Synonyms,Hard Distractor
flick,film,picture,sparkles,0,Noun/Concept Synonyms,Random Distractor
tilt,zoom,pan,dolly,1,Noun/Concept Synonyms,movie camera verbs
cross,pan,dolly,zoom,0,Noun/Concept Synonyms,Hard Distractor
tilt,zoom,pan,supper,0,Noun/Concept Synonyms,Random Distractor
romance,musical,western,horror,1,Members of a Set/Entities,movie genres
musical,western,horror,gum,0,Members of a Set/Entities,Hard Distractor
western,horror,musical,eggs,0,Members of a Set/Entities,Random Distractor
alien,wicked,gladiator,venom,1,Trivia/Pop Culture,movie series with 2024 releases
venom,bogus,gladiator,alien,0,Trivia/Pop Culture,Hard Distractor
ill,wicked,alien,gladiator,0,Trivia/Pop Culture,Random Distractor
cast,plot,genre,title,1,Noun/Concept Synonyms,movie summary info
plot,cast,title,pigeon,0,Noun/Concept Synonyms,Hard Distractor
title,cast,hijinks,genre,0,Noun/Concept Synonyms,Random Distractor
munich,chicago,rio,philadelphia,1,Members of a Set/Entities,movie title cities
rio,philadelphia,organ,munich,0,Members of a Set/Entities,Hard Distractor
chicago,philadelphia,rio,lovelace,0,Members of a Set/Entities,Random Distractor
elf,saw,her,big,1,Trivia/Pop Culture,movies
big,her,beast,elf,0,Trivia/Pop Culture,Hard Distractor
touch up,big,elf,saw,0,Trivia/Pop Culture,Random Distractor
ghost,casper,let me in,twilight,1,Trivia/Pop Culture,movies featuring supernatural romance
let me in,ghost,twilight,horror,0,Trivia/Pop Culture,Hard Distractor
let me in,casper,and,ghost,0,Trivia/Pop Culture,Random Distractor
commando,brazil,clue,witness,1,Trivia/Pop Culture,movies from 1985
clue,brave,commando,witness,0,Trivia/Pop Culture,Hard Distractor
brazil,witness,commando,rooster,0,Trivia/Pop Culture,Random Distractor
apollo,samurai,fantastic,candles,1,Trivia/Pop Culture,movies minus numbers
candles,samurai,apollo,radical,0,Trivia/Pop Culture,Hard Distractor
fantastic,kid,samurai,apollo,0,Trivia/Pop Culture,Random Distractor
epic,film series,feature,short,1,Trivia/Pop Culture,movies of various lengths
cheshire cat,feature,short,film series,0,Trivia/Pop Culture,Hard Distractor
short,selling,epic,film series,0,Trivia/Pop Culture,Random Distractor
mother,them,airplane,oklahoma,1,Trivia/Pop Culture,movies with “!”
airplane,monster,oklahoma,mother,0,Trivia/Pop Culture,Hard Distractor
them,oklahoma,stallion,mother,0,Trivia/Pop Culture,Random Distractor
goodfella,jaw,car,swinger,1,Trivia/Pop Culture,movies with “s” removed
car,jaw,saw,swinger,0,Trivia/Pop Culture,Hard Distractor
jaw,swing,swinger,car,0,Trivia/Pop Culture,Random Distractor
peanut,bean,fox,clean,1,Fill-in-the-Blank,mr. ___
river,bean,fox,clean,0,Fill-in-the-Blank,Hard Distractor
bean,collective,clean,fox,0,Fill-in-the-Blank,Random Distractor
jackass,cribs,state,catfish,1,Trivia/Pop Culture,mtv shows
cribs,peacock,state,catfish,0,Trivia/Pop Culture,Hard Distractor
cribs,state,fraud,jackass,0,Trivia/Pop Culture,Random Distractor
drove,pack,sea,host,1,Noun/Concept Synonyms,multitude
wing,sea,host,pack,0,Noun/Concept Synonyms,Hard Distractor
subaru,host,pack,drove,0,Noun/Concept Synonyms,Random Distractor
town,city,county,village,1,Noun/Concept Synonyms,municipalities
town,city,village,meow,0,Noun/Concept Synonyms,Hard Distractor
handles,county,town,village,0,Noun/Concept Synonyms,Random Distractor
scooter,gonzo,beaker,animal,1,Noun/Concept Synonyms,muppets
beaker,nerve,animal,gonzo,0,Noun/Concept Synonyms,Hard Distractor
description,gonzo,beaker,scooter,0,Noun/Concept Synonyms,Random Distractor
mist,fog,haze,cloud,1,Noun/Concept Synonyms,murky condition
purge,fog,haze,mist,0,Noun/Concept Synonyms,Hard Distractor
haze,mist,singer,cloud,0,Noun/Concept Synonyms,Random Distractor
squad,shammy,spec,strap,1,Members of a Set/Entities,muscle nicknames plus “s”
squad,kitten,spec,strap,0,Members of a Set/Entities,Hard Distractor
strap,squad,shammy,moneypenny,0,Members of a Set/Entities,Random Distractor
tri,quad,pec,lat,1,Idioms & Slang,"muscles, informally"
lat,pec,quad,lab,0,Idioms & Slang,Hard Distractor
pec,quad,tri,hip,0,Idioms & Slang,Random Distractor
tri,pec,quad,ab,1,Idioms & Slang,"muscles, informally"
coast,ab,pec,quad,0,Idioms & Slang,Hard Distractor
quad,checkers,tri,ab,0,Idioms & Slang,Random Distractor
jacked,built,ripped,swole,1,Noun/Concept Synonyms,muscular
ripped,select,swole,built,0,Noun/Concept Synonyms,Hard Distractor
built,swole,jacked,about time,0,Noun/Concept Synonyms,Random Distractor
pop,metal,emo,funk,1,Members of a Set/Entities,music genres
bulls,metal,pop,funk,0,Members of a Set/Entities,Hard Distractor
pop,metal,emo,bass,0,Members of a Set/Entities,Random Distractor
country,jazz,rock,blues,1,Members of a Set/Entities,music genres
blues,country,rock,bangle,0,Members of a Set/Entities,Hard Distractor
rock,jazz,country,a cappella,0,Members of a Set/Entities,Random Distractor
pop,folk,punk,rap,1,Members of a Set/Entities,music genres
dinner,punk,pop,rap,0,Members of a Set/Entities,Hard Distractor
mirror,folk,rap,pop,0,Members of a Set/Entities,Random Distractor
dub,pop,emo,trap,1,Members of a Set/Entities,music genres
pop,pack,emo,dub,0,Members of a Set/Entities,Hard Distractor
dub,silk,pop,emo,0,Members of a Set/Entities,Random Distractor
blues,soul,funk,country,1,Members of a Set/Entities,music genres
bath,country,soul,funk,0,Members of a Set/Entities,Hard Distractor
blues,soul,college,funk,0,Members of a Set/Entities,Random Distractor
rocky,skat,bluest,pope,1,Word Structure/Play,music genres plus a letter
whale,bluest,pope,rocky,0,Word Structure/Play,Hard Distractor
skat,rocky,pope,awful,0,Word Structure/Play,Random Distractor
stop,rewind,shuffle,skip,1,Descriptor/Adjective Synonyms,music player buttons
vibe,stop,shuffle,skip,0,Descriptor/Adjective Synonyms,Hard Distractor
shuffle,project,stop,rewind,0,Descriptor/Adjective Synonyms,Random Distractor
rolling stone,pitchfork,billboard,billboard,1,Descriptor/Adjective Synonyms,music publications
rolling stone,glue,billboard,pitchfork,0,Descriptor/Adjective Synonyms,Hard Distractor
billboard,billboard,pitchfork,act,0,Descriptor/Adjective Synonyms,Random Distractor
spin,pitchfork,spin,mojo,1,Descriptor/Adjective Synonyms,music publications
spin,mojo,spin,tights,0,Descriptor/Adjective Synonyms,Hard Distractor
j,pitchfork,spin,spin,0,Descriptor/Adjective Synonyms,Random Distractor
theremin,harp,bass,timpani,1,Members of a Set/Entities,musical instruments
bass,timpani,theremin,pop,0,Members of a Set/Entities,Hard Distractor
bass,theremin,timpani,signs,0,Members of a Set/Entities,Random Distractor
bassoon,tambourine,trombone,recorder,1,Members of a Set/Entities,musical instruments
recorder,tambourine,trombone,dragon,0,Members of a Set/Entities,Hard Distractor
recorder,bassoon,tambourine,pare,0,Members of a Set/Entities,Random Distractor
organ,harp,horn,triangle,1,Members of a Set/Entities,musical instruments
triangle,heels,horn,organ,0,Members of a Set/Entities,Hard Distractor
harp,organ,ella,horn,0,Members of a Set/Entities,Random Distractor
organ,bass,triangle,harp,1,Members of a Set/Entities,musical instruments
harp,triangle,birthday,bass,0,Members of a Set/Entities,Hard Distractor
triangle,organ,briny,harp,0,Members of a Set/Entities,Random Distractor
horn,recorder,horn,fiddle,1,Members of a Set/Entities,musical instruments
fiddle,house,horn,horn,0,Members of a Set/Entities,Hard Distractor
pinwheel,fiddle,horn,recorder,0,Members of a Set/Entities,Random Distractor
la,ti,fa,do,1,Noun/Concept Synonyms,musical notes
do,la,unicorn,ti,0,Noun/Concept Synonyms,Hard Distractor
la,do,blond,ti,0,Noun/Concept Synonyms,Random Distractor
wind,rhythm,string,brass,1,Noun/Concept Synonyms,musical sections
string,brass,prisoner,rhythm,0,Noun/Concept Synonyms,Hard Distractor
marble,rhythm,string,wind,0,Noun/Concept Synonyms,Random Distractor
hair,rent,grease,company,1,Noun/Concept Synonyms,musicals
hug,hair,grease,rent,0,Noun/Concept Synonyms,Hard Distractor
rent,hair,wild,grease,0,Noun/Concept Synonyms,Random Distractor
carousel,chicago,cabaret,cats,1,Noun/Concept Synonyms,musicals beginning with “c”
index,chicago,carousel,cats,0,Noun/Concept Synonyms,Hard Distractor
mall,cabaret,cats,chicago,0,Noun/Concept Synonyms,Random Distractor
fannie,scats,chair,brent,1,Word Structure/Play,musicals plus starting letter
brent,fannie,pagan,scats,0,Word Structure/Play,Hard Distractor
brent,scats,flare,fannie,0,Word Structure/Play,Random Distractor
horseshoe,handlebar,pencil,walrus,1,Noun/Concept Synonyms,mustaches
pencil,walrus,horseshoe,tackle,0,Noun/Concept Synonyms,Hard Distractor
horseshoe,pencil,modern,walrus,0,Noun/Concept Synonyms,Random Distractor
bird,jordan,james,curry,1,Noun/Concept Synonyms,n.b.a. greats
james,write,curry,jordan,0,Noun/Concept Synonyms,Hard Distractor
james,bird,roughly,jordan,0,Noun/Concept Synonyms,Random Distractor
sun,net,spur,buck,1,Noun/Concept Synonyms,n.b.a. player
har-har,buck,spur,net,0,Noun/Concept Synonyms,Hard Distractor
rapid,net,buck,sun,0,Noun/Concept Synonyms,Random Distractor
clipper,rocket,pacer,spur,1,Members of a Set/Entities,n.b.a. team player
yin-yang symbol,clipper,rocket,spur,0,Members of a Set/Entities,Hard Distractor
rocket,tapioca,clipper,spur,0,Members of a Set/Entities,Random Distractor
spurs,bucks,hornets,bulls,1,Members of a Set/Entities,n.b.a. teams
bucks,bar,spurs,hornets,0,Members of a Set/Entities,Hard Distractor
bulls,montero,spurs,bucks,0,Members of a Set/Entities,Random Distractor
horseshoe,lightning bolt,buffalo,fleur-de-lis,1,Members of a Set/Entities,n.f.l. team logos
buffalo,salsa,horseshoe,fleur-de-lis,0,Members of a Set/Entities,Hard Distractor
lightning bolt,couple,fleur-de-lis,horseshoe,0,Members of a Set/Entities,Random Distractor
cowboy,jet,raven,ram,1,Members of a Set/Entities,n.f.l. team member
spring,ram,cowboy,raven,0,Members of a Set/Entities,Hard Distractor
keys,ram,cowboy,jet,0,Members of a Set/Entities,Random Distractor
flyer,duck,senator,star,1,Members of a Set/Entities,n.h.l. team member
duck,star,senator,romaine,0,Members of a Set/Entities,Hard Distractor
flyer,duck,microphone,senator,0,Members of a Set/Entities,Random Distractor
stars,kraken,flames,wild,1,Members of a Set/Entities,n.h.l. teams
stars,sun,flames,wild,0,Members of a Set/Entities,Hard Distractor
stars,kraken,mink,flames,0,Members of a Set/Entities,Random Distractor
mole rat,gun,eye,truth,1,Fill-in-the-Blank,naked ___
mole rat,electronic,truth,gun,0,Fill-in-the-Blank,Hard Distractor
jacket,eye,mole rat,gun,0,Fill-in-the-Blank,Random Distractor
mic,curt,kneel,dug,1,Word Structure/Play,name homophones
dug,way,kneel,curt,0,Word Structure/Play,Hard Distractor
mic,kneel,dug,leprechaun,0,Word Structure/Play,Random Distractor
matte,hairy,wane,peat,1,Word Structure/Play,name homophones
wane,peat,base,hairy,0,Word Structure/Play,Hard Distractor
wane,slope,peat,matte,0,Word Structure/Play,Random Distractor
rev,prof,ms,gen,1,Word Structure/Play,name prefixes
rev,prof,gen,butte,0,Word Structure/Play,Hard Distractor
gen,crowd,ms,rev,0,Word Structure/Play,Random Distractor
brand,game,drop,names,1,Fill-in-the-Blank,name ___
brand,marker,game,drop,0,Fill-in-the-Blank,Hard Distractor
brand,blind,names,game,0,Fill-in-the-Blank,Random Distractor
theater,greek/roman god,spacecraft,fictional boxer,1,Idioms & Slang,"named ""apollo"""
spacecraft,greek/roman god,theater,tap,0,Idioms & Slang,Hard Distractor
spacecraft,nude,fictional boxer,theater,0,Idioms & Slang,Random Distractor
frankincense,jackpot,nickname,markdown,1,Members of a Set/Entities,names ending in “k” plus word
frankincense,nickname,jackpot,genie,0,Members of a Set/Entities,Hard Distractor
markdown,loco,frankincense,nickname,0,Members of a Set/Entities,Random Distractor
jeopardy,pink,airplane,yahoo,1,Members of a Set/Entities,"names featuring ""!"""
jeopardy,yahoo,airplane,packing,0,Members of a Set/Entities,Hard Distractor
pink,yahoo,caret,jeopardy,0,Members of a Set/Entities,Random Distractor
emmy,edie,cece,katie,1,Word Structure/Play,names that sound like two letters
cece,katie,poach,edie,0,Word Structure/Play,Hard Distractor
edie,emmy,ore,cece,0,Word Structure/Play,Random Distractor
viking,voyager,galileo,pioneer,1,Noun/Concept Synonyms,nasa spacecraft
rain,galileo,pioneer,voyager,0,Noun/Concept Synonyms,Hard Distractor
voyager,ding,pioneer,viking,0,Noun/Concept Synonyms,Random Distractor
anthem,motto,seal,flag,1,Members of a Set/Entities,national symbols
seal,anthem,motto,potato,0,Members of a Set/Entities,Hard Distractor
father,flag,anthem,motto,0,Members of a Set/Entities,Random Distractor
foxtrot,victor,hotel,yankee,1,Descriptor/Adjective Synonyms,nato phonetic alphabet
fine,hotel,foxtrot,yankee,0,Descriptor/Adjective Synonyms,Hard Distractor
whitney,yankee,hotel,foxtrot,0,Descriptor/Adjective Synonyms,Random Distractor
faculty,flair,talent,instinct,1,Descriptor/Adjective Synonyms,natural ability
faculty,glue,talent,flair,0,Descriptor/Adjective Synonyms,Hard Distractor
camp,talent,faculty,instinct,0,Descriptor/Adjective Synonyms,Random Distractor
savanna,cliff,brook,dale,1,Noun/Concept Synonyms,natural features
savanna,cliff,dale,slug,0,Noun/Concept Synonyms,Hard Distractor
cliff,dale,ambergris,savanna,0,Noun/Concept Synonyms,Random Distractor
lightning,fire,volcano,sun,1,Noun/Concept Synonyms,natural producers of heat
fire,limb,sun,lightning,0,Noun/Concept Synonyms,Hard Distractor
tilt-a-whirl,fire,lightning,sun,0,Noun/Concept Synonyms,Random Distractor
kobe,bird,curry,magic,1,Descriptor/Adjective Synonyms,"nba legends, familiarly"
rough,magic,bird,kobe,0,Descriptor/Adjective Synonyms,Hard Distractor
bird,siren,kobe,curry,0,Descriptor/Adjective Synonyms,Random Distractor
sun,thunder,king,magic,1,Members of a Set/Entities,nba players
sun,airplane,king,thunder,0,Members of a Set/Entities,Hard Distractor
silo,sun,thunder,king,0,Members of a Set/Entities,Random Distractor
bucks,nets,jazz,heat,1,Members of a Set/Entities,nba teams
grass,heat,bucks,jazz,0,Members of a Set/Entities,Hard Distractor
alternative,nets,bucks,jazz,0,Members of a Set/Entities,Random Distractor
scoop,boat,v,crew,1,Noun/Concept Synonyms,necklines
scoop,boat,lick,crew,0,Noun/Concept Synonyms,Hard Distractor
presto,v,boat,scoop,0,Noun/Concept Synonyms,Random Distractor
ascot,tie,scarf,bolo,1,Noun/Concept Synonyms,neckwear
ascot,ledger,scarf,bolo,0,Noun/Concept Synonyms,Hard Distractor
lib,bolo,scarf,tie,0,Noun/Concept Synonyms,Random Distractor
drop cloth,roller,paint,tape,1,Idioms & Slang,needs for painting a room
roller,paint,tape,wrist,0,Idioms & Slang,Hard Distractor
tape,mosquito,roller,drop cloth,0,Idioms & Slang,Random Distractor
dice,scorecard,pencil,cup,1,Noun/Concept Synonyms,needs for playing yahtzee
cup,pop,pencil,dice,0,Noun/Concept Synonyms,Hard Distractor
scorecard,pencil,stow,dice,0,Noun/Concept Synonyms,Random Distractor
envelope,name,stamp,address,1,Word Structure/Play,needs for sending a letter
pluto,name,stamp,envelope,0,Word Structure/Play,Hard Distractor
envelope,stamp,court,address,0,Word Structure/Play,Random Distractor
rubber bands,basin,dye,shirt,1,Idioms & Slang,needs for tie-dyeing a shirt
rubber bands,dye,basin,biopic,0,Idioms & Slang,Hard Distractor
mama,rubber bands,dye,basin,0,Idioms & Slang,Random Distractor
jitter,butterfly,willy,nerve,1,Noun/Concept Synonyms,"nervousness, in the singular"
see,butterfly,nerve,jitter,0,Noun/Concept Synonyms,Hard Distractor
built,jitter,butterfly,willy,0,Noun/Concept Synonyms,Random Distractor
though,however,still,yet,1,Descriptor/Adjective Synonyms,nevertheless
still,survey,though,however,0,Descriptor/Adjective Synonyms,Hard Distractor
still,yet,cornucopia,however,0,Descriptor/Adjective Synonyms,Random Distractor
gooden,strawberry,piazza,seaver,1,Noun/Concept Synonyms,new york mets legends
gooden,strawberry,piazza,lemmings,0,Noun/Concept Synonyms,Hard Distractor
martial arts,piazza,gooden,strawberry,0,Noun/Concept Synonyms,Random Distractor
net,met,ranger,jet,1,Members of a Set/Entities,new york sports team members
ranger,jet,met,tweezers,0,Members of a Set/Entities,Hard Distractor
met,ranger,jet,go-go,0,Members of a Set/Entities,Random Distractor
wire,flash,bulletin,report,1,Noun/Concept Synonyms,news announcement
radical,report,flash,wire,0,Noun/Concept Synonyms,Hard Distractor
wire,report,bluff,bulletin,0,Noun/Concept Synonyms,Random Distractor
lede,dateline,photo,caption,1,Noun/Concept Synonyms,news article features
caption,photo,dateline,dodge,0,Noun/Concept Synonyms,Hard Distractor
lede,curses,dateline,photo,0,Noun/Concept Synonyms,Random Distractor
copy,sports,city,culture,1,Noun/Concept Synonyms,newspaper desks
copy,city,max,sports,0,Noun/Concept Synonyms,Hard Distractor
speedy,sports,city,culture,0,Noun/Concept Synonyms,Random Distractor
columnist,photographer,reporter,editor,1,Noun/Concept Synonyms,newspaper jobs
editor,columnist,photographer,spoon,0,Noun/Concept Synonyms,Hard Distractor
photographer,ring,editor,reporter,0,Noun/Concept Synonyms,Random Distractor
globe,mirror,post,sun,1,Members of a Set/Entities,newspaper names
post,tunisia,sun,mirror,0,Members of a Set/Entities,Hard Distractor
post,globe,kinder,sun,0,Members of a Set/Entities,Random Distractor
chronicle,register,herald,sun,1,Members of a Set/Entities,newspaper names
chronicle,register,sun,satellite dish,0,Members of a Set/Entities,Hard Distractor
runt,herald,sun,register,0,Members of a Set/Entities,Random Distractor
arts,business,comics,sports,1,Noun/Concept Synonyms,newspaper sections
arts,sports,snack,comics,0,Noun/Concept Synonyms,Hard Distractor
sports,giveaway,business,comics,0,Noun/Concept Synonyms,Random Distractor
business,national,opinion,style,1,Noun/Concept Synonyms,newspaper sections
opinion,national,business,cape,0,Noun/Concept Synonyms,Hard Distractor
style,opinion,business,seltzer,0,Noun/Concept Synonyms,Random Distractor
post,globe,sun,journal,1,Noun/Concept Synonyms,newspapers
globe,journal,ronald,sun,0,Noun/Concept Synonyms,Hard Distractor
sun,post,globe,ball-in-cup,0,Noun/Concept Synonyms,Random Distractor
heart,nucleus,hub,center,1,Noun/Concept Synonyms,nexus
rumble,center,heart,hub,0,Noun/Concept Synonyms,Hard Distractor
nucleus,have,hub,center,0,Noun/Concept Synonyms,Random Distractor
packer,raven,cowboy,bronco,1,Members of a Set/Entities,nfl players
packer,breeze,raven,cowboy,0,Members of a Set/Entities,Hard Distractor
raven,bronco,frame,packer,0,Members of a Set/Entities,Random Distractor
commander,bill,bear,brown,1,Members of a Set/Entities,nfl players
bear,commander,brown,base,0,Members of a Set/Entities,Hard Distractor
bill,brown,claves,bear,0,Members of a Set/Entities,Random Distractor
moniker,designation,handle,sobriquet,1,Noun/Concept Synonyms,nickname
designation,sobriquet,genre,handle,0,Noun/Concept Synonyms,Hard Distractor
handle,sobriquet,moniker,swimming pool,0,Noun/Concept Synonyms,Random Distractor
drink,deep,briny,blue,1,Members of a Set/Entities,"nicknames for the sea, with “the”"
deep,manhattan,briny,drink,0,Members of a Set/Entities,Hard Distractor
blue,deep,cocoa,drink,0,Members of a Set/Entities,Random Distractor
sue,josh,chuck,rob,1,Members of a Set/Entities,nicknames that are verbs
pipe,chuck,sue,rob,0,Members of a Set/Entities,Hard Distractor
sue,specify,chuck,josh,0,Members of a Set/Entities,Random Distractor
bill,tom,pat,bob,1,Members of a Set/Entities,nicknames that have other meanings
pat,bill,tom,sprinkler,0,Members of a Set/Entities,Hard Distractor
part,bob,pat,tom,0,Members of a Set/Entities,Random Distractor
club,lounge,bar,disco,1,Noun/Concept Synonyms,nightspots
ski,lounge,club,disco,0,Noun/Concept Synonyms,Hard Distractor
glow,bar,club,disco,0,Noun/Concept Synonyms,Random Distractor
owl,moth,wolf,bat,1,Members of a Set/Entities,nocturnal animals
owl,bat,pump,wolf,0,Members of a Set/Entities,Hard Distractor
wolf,bat,owl,celsius,0,Members of a Set/Entities,Random Distractor
row,racket,clatter,ruckus,1,Noun/Concept Synonyms,noisy disturbance
clatter,row,ruckus,arm,0,Noun/Concept Synonyms,Hard Distractor
row,clatter,racket,asset,0,Noun/Concept Synonyms,Random Distractor
plastic,credit,charge,card,1,Noun/Concept Synonyms,non-cash way to pay
card,charge,butter,plastic,0,Noun/Concept Synonyms,Hard Distractor
grumble,card,charge,credit,0,Noun/Concept Synonyms,Random Distractor
baloney,bull,rubbish,bunk,1,Noun/Concept Synonyms,nonsense
bull,rivet,rubbish,bunk,0,Noun/Concept Synonyms,Hard Distractor
corset,baloney,bull,rubbish,0,Noun/Concept Synonyms,Random Distractor
baloney,tripe,bull,bunk,1,Noun/Concept Synonyms,nonsense
heart,bull,tripe,bunk,0,Noun/Concept Synonyms,Hard Distractor
bull,baloney,bunk,plancha,0,Noun/Concept Synonyms,Random Distractor
bunk,crock,baloney,tripe,1,Noun/Concept Synonyms,nonsense
tripe,jersey,bunk,crock,0,Noun/Concept Synonyms,Hard Distractor
correspond,bunk,crock,baloney,0,Noun/Concept Synonyms,Random Distractor
mean,par,average,standard,1,Noun/Concept Synonyms,norm
average,standard,dash,par,0,Noun/Concept Synonyms,Hard Distractor
average,standard,parens,mean,0,Noun/Concept Synonyms,Random Distractor
suck,stink,bite,blow,1,Noun/Concept Synonyms,not be good
suck,deny,blow,bite,0,Noun/Concept Synonyms,Hard Distractor
stink,suck,blow,notice,0,Noun/Concept Synonyms,Random Distractor
but,besides,save,except,1,Noun/Concept Synonyms,not including
except,but,blessing,save,0,Noun/Concept Synonyms,Hard Distractor
besides,but,wanda,save,0,Noun/Concept Synonyms,Random Distractor
gone,mia,elsewhere,absent,1,Noun/Concept Synonyms,not present
concentration,mia,absent,gone,0,Noun/Concept Synonyms,Hard Distractor
mia,elsewhere,gone,comics,0,Noun/Concept Synonyms,Random Distractor
uneven,rugged,rough,bumpy,1,Noun/Concept Synonyms,"not smooth, as terrain"
rough,cheek,uneven,bumpy,0,Noun/Concept Synonyms,Hard Distractor
rough,uneven,bumpy,tigers,0,Noun/Concept Synonyms,Random Distractor
buggy,spotty,erratic,glitchy,1,Descriptor/Adjective Synonyms,not working reliably
buggy,spotty,pile,erratic,0,Descriptor/Adjective Synonyms,Hard Distractor
amy,buggy,glitchy,erratic,0,Descriptor/Adjective Synonyms,Random Distractor
special,pilot,finale,premiere,1,Trivia/Pop Culture,notable tv episodes
special,pilot,bugbear,premiere,0,Trivia/Pop Culture,Hard Distractor
outfit,pilot,finale,premiere,0,Trivia/Pop Culture,Random Distractor
ion,ship,ness,dom,1,Word Structure/Play,noun suffixes
ship,ness,trilobite,ion,0,Word Structure/Play,Hard Distractor
dom,ship,scary,ness,0,Word Structure/Play,Random Distractor
liberty,life,happiness,pursuit,1,Trivia/Pop Culture,nouns from a famous line in the declaration of independence
liberty,life,mario,happiness,0,Trivia/Pop Culture,Hard Distractor
chase,liberty,pursuit,happiness,0,Trivia/Pop Culture,Random Distractor
plan,canal,panama,man,1,Word Structure/Play,nouns in a famous palindrome
puffing,panama,man,plan,0,Word Structure/Play,Hard Distractor
panama,shine,man,canal,0,Word Structure/Play,Random Distractor
handful,pest,pain,bother,1,Noun/Concept Synonyms,nuisance
pest,give,bother,pain,0,Noun/Concept Synonyms,Hard Distractor
wooden,handful,bother,pest,0,Noun/Concept Synonyms,Random Distractor
tow,eon,ether,net,1,Word Structure/Play,number anagrams
tow,net,keto,ether,0,Word Structure/Play,Hard Distractor
ether,eon,hammy,net,0,Word Structure/Play,Random Distractor
won,ate,too,for,1,Word Structure/Play,number homophones
pant,ate,for,too,0,Word Structure/Play,Hard Distractor
assembly,ate,won,for,0,Word Structure/Play,Random Distractor
451,2001,"20,000",22,1,Noun/Concept Synonyms,numbers in book titles
451,2001,22,cat,0,Noun/Concept Synonyms,Hard Distractor
"20,000",2001,22,drawback,0,Noun/Concept Synonyms,Random Distractor
sour,sight,sen,sine,1,Word Structure/Play,numbers with first letters replaced by “s”
sen,ars,sour,sine,0,Word Structure/Play,Hard Distractor
sour,cabaret,sine,sight,0,Word Structure/Play,Random Distractor
audio,games,news,cooking,1,Noun/Concept Synonyms,nyt offerings
audio,cooking,root,games,0,Noun/Concept Synonyms,Hard Distractor
wi-fi,news,cooking,audio,0,Noun/Concept Synonyms,Random Distractor
holder,rest,base,stand,1,Noun/Concept Synonyms,object used for support
holder,consent,base,rest,0,Noun/Concept Synonyms,Hard Distractor
stand,base,holder,phish,0,Noun/Concept Synonyms,Random Distractor
aegis,pandora’s box,apple of discord,golden fleece,1,Noun/Concept Synonyms,objects from greek myth
lace,golden fleece,aegis,apple of discord,0,Noun/Concept Synonyms,Hard Distractor
apple of discord,block party,pandora’s box,golden fleece,0,Noun/Concept Synonyms,Random Distractor
point,line,solid,plane,1,Idioms & Slang,"objects in 0-, 1-, 2- and 3-dimensional space"
slide,solid,point,plane,0,Idioms & Slang,Hard Distractor
gaga,line,plane,solid,0,Idioms & Slang,Random Distractor
line,plane,point,solid,1,Idioms & Slang,"objects in 0-, 1-, 2- and 3-dimensional space"
point,okey-doke,line,plane,0,Idioms & Slang,Hard Distractor
movie set,solid,point,plane,0,Idioms & Slang,Random Distractor
washboard,saw,spoons,jug,1,Members of a Set/Entities,objects played as instruments
spoons,jug,washboard,egg,0,Members of a Set/Entities,Hard Distractor
washboard,settle,spoons,jug,0,Members of a Set/Entities,Random Distractor
baseball glove,can opener,golf club,guitar,1,Idioms & Slang,objects that may be right- or left-handed
golf club,can opener,guitar,close,0,Idioms & Slang,Hard Distractor
nice,guitar,can opener,baseball glove,0,Idioms & Slang,Random Distractor
chip,phone,wave,scope,1,Word Structure/Play,objects with the prefix “micro-”
best,phone,wave,chip,0,Word Structure/Play,Hard Distractor
wave,bully,phone,chip,0,Word Structure/Play,Random Distractor
stop,block,clog,jam,1,Noun/Concept Synonyms,obstruct
roots,clog,block,stop,0,Noun/Concept Synonyms,Hard Distractor
clog,block,negative,stop,0,Noun/Concept Synonyms,Random Distractor
bag,snag,land,secure,1,Noun/Concept Synonyms,obtain
secure,bag,snag,thrill,0,Noun/Concept Synonyms,Hard Distractor
bag,land,folding,snag,0,Noun/Concept Synonyms,Random Distractor
win,get,score,land,1,Noun/Concept Synonyms,obtain
score,hoot,win,land,0,Noun/Concept Synonyms,Hard Distractor
win,get,score,nifty,0,Noun/Concept Synonyms,Random Distractor
clear,pronounced,marked,striking,1,Descriptor/Adjective Synonyms,obvious
figure,marked,pronounced,striking,0,Descriptor/Adjective Synonyms,Hard Distractor
marked,clear,striking,aurora,0,Descriptor/Adjective Synonyms,Random Distractor
prayer,proposal,dubbing,apology,1,Idioms & Slang,occasions when one might kneel
prayer,proposal,ash,apology,0,Idioms & Slang,Hard Distractor
proposal,senator,prayer,apology,0,Idioms & Slang,Random Distractor
smith,miller,mason,fisher,1,Members of a Set/Entities,occupational surnames
miller,bounce,fisher,mason,0,Members of a Set/Entities,Hard Distractor
mason,miller,proud,fisher,0,Members of a Set/Entities,Random Distractor
drift,current,wave,tide,1,Members of a Set/Entities,ocean phenomena
drift,current,wave,nose,0,Members of a Set/Entities,Hard Distractor
wet,wave,tide,current,0,Members of a Set/Entities,Random Distractor
big,popular,hot,in,1,Noun/Concept Synonyms,of-the-moment
hot,big,popular,tube,0,Noun/Concept Synonyms,Hard Distractor
in,big,change,hot,0,Noun/Concept Synonyms,Random Distractor
digression,tangent,detour,aside,1,Descriptor/Adjective Synonyms,off-topic remarks
stop,digression,detour,aside,0,Descriptor/Adjective Synonyms,Hard Distractor
digression,aside,reaction,detour,0,Descriptor/Adjective Synonyms,Random Distractor
vanilla,ivory,eggshell,cream,1,Noun/Concept Synonyms,off-white shades
ivory,vanilla,cream,ergo,0,Noun/Concept Synonyms,Hard Distractor
eggshell,vanilla,ivory,southwest,0,Noun/Concept Synonyms,Random Distractor
approval,consent,support,blessing,1,Noun/Concept Synonyms,official sanctioning
blessing,support,lesson,approval,0,Noun/Concept Synonyms,Hard Distractor
support,consent,keep,approval,0,Noun/Concept Synonyms,Random Distractor
maxim,chestnut,saw,adage,1,Noun/Concept Synonyms,old saying
maxim,pull,chestnut,saw,0,Noun/Concept Synonyms,Hard Distractor
adage,maxim,saw,popper,0,Noun/Concept Synonyms,Random Distractor
numbers,judges,job,daniel,1,Noun/Concept Synonyms,old testament books
job,numbers,daniel,clover,0,Noun/Concept Synonyms,Hard Distractor
job,daniel,numbers,chiffon,0,Noun/Concept Synonyms,Random Distractor
stuffy,traditional,straight,square,1,Noun/Concept Synonyms,old-fashioned
stuffy,guard,straight,square,0,Noun/Concept Synonyms,Hard Distractor
straight,square,ideate,traditional,0,Noun/Concept Synonyms,Random Distractor
wall street,nixon,platoon,jfk,1,Trivia/Pop Culture,oliver stone movies
teller,platoon,wall street,nixon,0,Trivia/Pop Culture,Hard Distractor
wall street,nixon,par,platoon,0,Trivia/Pop Culture,Random Distractor
breaking,surfing,taekwondo,trampoline,1,Trivia/Pop Culture,olympic events since 2000
taekwondo,surfing,breaking,candles,0,Trivia/Pop Culture,Hard Distractor
walnut,surfing,breaking,trampoline,0,Trivia/Pop Culture,Random Distractor
trampoline,hockey,breaking,skeleton,1,Members of a Set/Entities,olympic sports
root,trampoline,hockey,breaking,0,Members of a Set/Entities,Hard Distractor
hockey,breaking,outlet,trampoline,0,Members of a Set/Entities,Random Distractor
box,plate,base,mound,1,Noun/Concept Synonyms,on a baseball field
jam,box,base,plate,0,Noun/Concept Synonyms,Hard Distractor
base,towboat,mound,plate,0,Noun/Concept Synonyms,Random Distractor
level,flat,flush,even,1,Noun/Concept Synonyms,on the same plane
level,flat,even,pluck,0,Noun/Concept Synonyms,Hard Distractor
flush,ego,flat,even,0,Noun/Concept Synonyms,Random Distractor
pawn,puppet,instrument,tool,1,Noun/Concept Synonyms,one being manipulated
inner,puppet,instrument,tool,0,Noun/Concept Synonyms,Hard Distractor
pawn,puppet,rice cooker,instrument,0,Noun/Concept Synonyms,Random Distractor
buck,smacker,single,clam,1,Noun/Concept Synonyms,one dollar
shoot,clam,smacker,buck,0,Noun/Concept Synonyms,Hard Distractor
smacker,cape cod,buck,clam,0,Noun/Concept Synonyms,Random Distractor
aviator,flier,ace,pilot,1,Noun/Concept Synonyms,one flying an airplane
flier,ace,pilot,sensation,0,Noun/Concept Synonyms,Hard Distractor
wireless,ace,flier,pilot,0,Noun/Concept Synonyms,Random Distractor
month,juror,donut,rose,1,Noun/Concept Synonyms,one in a dozen
juror,bank,month,rose,0,Noun/Concept Synonyms,Hard Distractor
donut,almanac,month,rose,0,Noun/Concept Synonyms,Random Distractor
egg,month,juror,rose,1,Noun/Concept Synonyms,one in a dozen
pride,rose,juror,month,0,Noun/Concept Synonyms,Hard Distractor
juror,maps,rose,egg,0,Noun/Concept Synonyms,Random Distractor
donut,month,juror,inch,1,Idioms & Slang,one in a group of twelve
donut,juror,month,amp,0,Idioms & Slang,Hard Distractor
donut,inch,month,ziti,0,Idioms & Slang,Random Distractor
volunteer,guinea pig,participant,subject,1,Idioms & Slang,one in a research study
hair,guinea pig,volunteer,subject,0,Idioms & Slang,Hard Distractor
hallway,guinea pig,participant,volunteer,0,Idioms & Slang,Random Distractor
sister,deadly sin,continent,wonder,1,Noun/Concept Synonyms,one in a septet
lime,deadly sin,continent,wonder,0,Noun/Concept Synonyms,Hard Distractor
cranium,continent,wonder,sister,0,Noun/Concept Synonyms,Random Distractor
agent,plant,spy,mole,1,Noun/Concept Synonyms,one involved in espionage
agent,mole,spy,reliquary,0,Noun/Concept Synonyms,Hard Distractor
agent,spy,mole,feeling,0,Noun/Concept Synonyms,Random Distractor
train,chain,string,series,1,Noun/Concept Synonyms,one thing after another
string,train,series,cymbal,0,Noun/Concept Synonyms,Hard Distractor
swab,chain,series,train,0,Noun/Concept Synonyms,Random Distractor
hot dog,peacock,ham,showboat,1,Trivia/Pop Culture,one who likes showing off
hot dog,blade,ham,peacock,0,Trivia/Pop Culture,Hard Distractor
sure,peacock,showboat,hot dog,0,Trivia/Pop Culture,Random Distractor
principal,headliner,star,lead,1,Noun/Concept Synonyms,one with top billing
star,lead,canopy,headliner,0,Noun/Concept Synonyms,Hard Distractor
lead,headliner,saxophone,principal,0,Noun/Concept Synonyms,Random Distractor
gusher,ocher,kenya,pelvis,1,Word Structure/Play,one-named singer plus starting letter
ocher,pelvis,gusher,egads,0,Word Structure/Play,Hard Distractor
gusher,diva,ocher,pelvis,0,Word Structure/Play,Random Distractor
mother,president,saint patrick,saint valentine,1,Noun/Concept Synonyms,ones celebrated with holidays
president,root,mother,saint valentine,0,Noun/Concept Synonyms,Hard Distractor
president,saint patrick,why,saint valentine,0,Noun/Concept Synonyms,Random Distractor
boxer,monk,judge,wizard,1,Noun/Concept Synonyms,ones wearing robes
monk,judge,wizard,kiln,0,Noun/Concept Synonyms,Hard Distractor
judge,often,wizard,boxer,0,Noun/Concept Synonyms,Random Distractor
connoisseur,critic,expert,snob,1,Noun/Concept Synonyms,ones with discerning tastes
snob,connoisseur,expert,circuit,0,Noun/Concept Synonyms,Hard Distractor
critic,ibex,snob,expert,0,Noun/Concept Synonyms,Random Distractor
devil,elf,batman,vulcan,1,Noun/Concept Synonyms,ones with pointy ears
vulcan,devil,elf,plaid,0,Noun/Concept Synonyms,Hard Distractor
dive,devil,elf,batman,0,Noun/Concept Synonyms,Random Distractor
former,prior,past,late,1,Noun/Concept Synonyms,onetime
prior,former,dirty,past,0,Noun/Concept Synonyms,Hard Distractor
prior,past,late,airs,0,Noun/Concept Synonyms,Random Distractor
character,makeup,nature,fiber,1,Noun/Concept Synonyms,one’s constitution
fiber,character,fedora,makeup,0,Noun/Concept Synonyms,Hard Distractor
solar panel,character,fiber,nature,0,Noun/Concept Synonyms,Random Distractor
influencer,ambassador,model,streamer,1,Descriptor/Adjective Synonyms,online personality
store,ambassador,influencer,streamer,0,Descriptor/Adjective Synonyms,Hard Distractor
influencer,model,purge,streamer,0,Descriptor/Adjective Synonyms,Random Distractor
thud,plop,splash,bang,1,Noun/Concept Synonyms,onomatopoeia
plop,splash,thud,pot,0,Noun/Concept Synonyms,Hard Distractor
splash,cucumber,thud,plop,0,Noun/Concept Synonyms,Random Distractor
birth,start,dawn,creation,1,Noun/Concept Synonyms,onset
start,birth,lights,dawn,0,Noun/Concept Synonyms,Hard Distractor
dawn,birth,start,starting point,0,Noun/Concept Synonyms,Random Distractor
juice,fire,zip,energy,1,Noun/Concept Synonyms,oomph
fire,zip,energy,spear,0,Noun/Concept Synonyms,Hard Distractor
energy,juice,jennifer,fire,0,Noun/Concept Synonyms,Random Distractor
court,yard,square,plaza,1,Noun/Concept Synonyms,open space
yard,court,square,gold,0,Noun/Concept Synonyms,Hard Distractor
court,square,plaza,spacecraft,0,Noun/Concept Synonyms,Random Distractor
working,active,functional,running,1,Action/Verb Synonyms,operating
cornucopia,functional,active,working,0,Action/Verb Synonyms,Hard Distractor
active,functional,jellyfish,working,0,Action/Verb Synonyms,Random Distractor
break,time,shot,chance,1,Descriptor/Adjective Synonyms,opportunity
time,shot,chance,curse,0,Descriptor/Adjective Synonyms,Hard Distractor
time,break,eat,chance,0,Descriptor/Adjective Synonyms,Random Distractor
shot,turn,chance,opening,1,Descriptor/Adjective Synonyms,opportunity
turn,opening,shot,blue,0,Descriptor/Adjective Synonyms,Hard Distractor
lyre,shot,turn,chance,0,Descriptor/Adjective Synonyms,Random Distractor
trim,tidy,clean,neat,1,Descriptor/Adjective Synonyms,orderly
tidy,clean,thunder,trim,0,Descriptor/Adjective Synonyms,Hard Distractor
neat,clean,tidy,jackie,0,Descriptor/Adjective Synonyms,Random Distractor
vanilla,plain,standard,normal,1,Descriptor/Adjective Synonyms,ordinary
plain,buzz,normal,vanilla,0,Descriptor/Adjective Synonyms,Hard Distractor
reporter,standard,normal,vanilla,0,Descriptor/Adjective Synonyms,Random Distractor
tongue,tripe,heart,gizzard,1,Noun/Concept Synonyms,organ meats
howard,tongue,gizzard,tripe,0,Noun/Concept Synonyms,Hard Distractor
auto,heart,tongue,gizzard,0,Noun/Concept Synonyms,Random Distractor
hearth,lunge,skink,colony,1,Word Structure/Play,organ plus a letter
court,lunge,colony,skink,0,Word Structure/Play,Hard Distractor
skink,colony,goat,lunge,0,Word Structure/Play,Random Distractor
party,team,group,club,1,Noun/Concept Synonyms,organization
group,part,club,team,0,Noun/Concept Synonyms,Hard Distractor
club,verdana,party,group,0,Noun/Concept Synonyms,Random Distractor
tree,chain,pyramid,ladder,1,Descriptor/Adjective Synonyms,"organizational structures, metaphorically"
chain,tree,bent,ladder,0,Descriptor/Adjective Synonyms,Hard Distractor
chain,ladder,tree,rack,0,Descriptor/Adjective Synonyms,Random Distractor
kidney,lung,heart,liver,1,Noun/Concept Synonyms,organs
kidney,fiction,liver,heart,0,Noun/Concept Synonyms,Hard Distractor
lung,kidney,secrets,liver,0,Noun/Concept Synonyms,Random Distractor
n.f.l.,nasa,paramount,subaru,1,Idioms & Slang,orgs with stars in their logos
n.f.l.,paramount,lamp,nasa,0,Idioms & Slang,Hard Distractor
paramount,subaru,n.f.l.,oar,0,Idioms & Slang,Random Distractor
genesis,seed,germ,source,1,Noun/Concept Synonyms,origin
seed,germ,source,speed,0,Noun/Concept Synonyms,Hard Distractor
germ,genesis,matrix,seed,0,Noun/Concept Synonyms,Random Distractor
root,cradle,font,source,1,Noun/Concept Synonyms,origin
pain,font,source,root,0,Noun/Concept Synonyms,Hard Distractor
source,elm,font,cradle,0,Noun/Concept Synonyms,Random Distractor
thimble,boot,iron,top hat,1,Noun/Concept Synonyms,original monopoly tokens
tee,boot,iron,thimble,0,Noun/Concept Synonyms,Hard Distractor
iron,seitan,thimble,top hat,0,Noun/Concept Synonyms,Random Distractor
ruffle,trim,frill,fringe,1,Noun/Concept Synonyms,ornamental border
frill,ruffle,standard,trim,0,Noun/Concept Synonyms,Hard Distractor
trim,frill,fringe,2001,0,Noun/Concept Synonyms,Random Distractor
bridges,phoenix,washington,irons,1,Trivia/Pop Culture,oscar-winning actors
bridges,washington,phoenix,berry,0,Trivia/Pop Culture,Hard Distractor
washington,phoenix,irons,extent,0,Trivia/Pop Culture,Random Distractor
garish,bright,flashy,loud,1,Noun/Concept Synonyms,"ostentatious, as an outfit"
bright,loud,drop,garish,0,Noun/Concept Synonyms,Hard Distractor
garish,loud,fiction,flashy,0,Noun/Concept Synonyms,Random Distractor
mate,complement,match,partner,1,Noun/Concept Synonyms,other half
mate,partner,complement,praise,0,Noun/Concept Synonyms,Hard Distractor
partner,match,salts,mate,0,Noun/Concept Synonyms,Random Distractor
better,top,eclipse,surpass,1,Noun/Concept Synonyms,outdo
angel,surpass,top,eclipse,0,Noun/Concept Synonyms,Hard Distractor
surpass,top,putter,eclipse,0,Noun/Concept Synonyms,Random Distractor
festival,tailgate,picnic,block party,1,Noun/Concept Synonyms,outdoor events
picnic,may,block party,tailgate,0,Noun/Concept Synonyms,Hard Distractor
tailgate,festival,airplane,block party,0,Noun/Concept Synonyms,Random Distractor
frank,vocal,loud,direct,1,Noun/Concept Synonyms,outspoken
vocal,scroll,frank,direct,0,Noun/Concept Synonyms,Hard Distractor
loud,frank,be kind rewind,vocal,0,Noun/Concept Synonyms,Random Distractor
timer,broil,bake,light,1,Noun/Concept Synonyms,oven buttons
light,surreal,broil,bake,0,Noun/Concept Synonyms,Hard Distractor
getaway,light,broil,bake,0,Noun/Concept Synonyms,Random Distractor
corn,cheese,pap,mush,1,Noun/Concept Synonyms,overly sentimental work
cheese,corn,mush,decanter,0,Noun/Concept Synonyms,Hard Distractor
mush,pap,gingerbread,cheese,0,Noun/Concept Synonyms,Random Distractor
bore,held,possessed,had,1,Noun/Concept Synonyms,owned
bore,suggestive,had,held,0,Noun/Concept Synonyms,Hard Distractor
held,bore,bagel,had,0,Noun/Concept Synonyms,Random Distractor
squirrel,store,stash,stow,1,Idioms & Slang,pack (away) for future use
jackknife,stash,stow,store,0,Idioms & Slang,Hard Distractor
maxi,stow,store,stash,0,Idioms & Slang,Random Distractor
dense,thick,tight,compact,1,Noun/Concept Synonyms,packed
compact,tight,thick,who,0,Noun/Concept Synonyms,Hard Distractor
knock,tight,thick,dense,0,Noun/Concept Synonyms,Random Distractor
contact,login,about,home,1,Noun/Concept Synonyms,pages on a website
home,contact,pottery,about,0,Noun/Concept Synonyms,Hard Distractor
login,about,contact,different,0,Noun/Concept Synonyms,Random Distractor
pearl,matte,gloss,eggshell,1,Noun/Concept Synonyms,paint finishes
level,gloss,matte,pearl,0,Noun/Concept Synonyms,Hard Distractor
crossword,pearl,matte,gloss,0,Noun/Concept Synonyms,Random Distractor
whistler,munch,bacon,close,1,Noun/Concept Synonyms,painters
associate,close,whistler,munch,0,Noun/Concept Synonyms,Hard Distractor
close,guest,munch,whistler,0,Noun/Concept Synonyms,Random Distractor
palette,easel,canvas,brush,1,Action/Verb Synonyms,painting accessories
easel,canvas,birth,brush,0,Action/Verb Synonyms,Hard Distractor
bowler,canvas,palette,easel,0,Action/Verb Synonyms,Random Distractor
ski poles,knitting needles,chopsticks,claves,1,Noun/Concept Synonyms,pairs of rods
chopsticks,ski poles,knitting needles,ticket,0,Noun/Concept Synonyms,Hard Distractor
maps,ski poles,chopsticks,knitting needles,0,Noun/Concept Synonyms,Random Distractor
bib,eye,pop,gag,1,Word Structure/Play,palindromes
bib,aaron,eye,gag,0,Word Structure/Play,Hard Distractor
carp,pop,gag,eye,0,Word Structure/Play,Random Distractor
abba,kayak,nun,stats,1,Word Structure/Play,palindromes
nun,stats,stick,kayak,0,Word Structure/Play,Hard Distractor
nun,kayak,abba,working,0,Word Structure/Play,Random Distractor
kayak,otto,hannah,level,1,Word Structure/Play,palindromes
hannah,kayak,level,world,0,Word Structure/Play,Hard Distractor
kayak,scimitar,hannah,otto,0,Word Structure/Play,Random Distractor
natan,eve,racecar,mom,1,Word Structure/Play,palindromes
but,mom,eve,racecar,0,Word Structure/Play,Hard Distractor
champion,eve,mom,natan,0,Word Structure/Play,Random Distractor
refer,tenet,level,pep,1,Word Structure/Play,palindromes featuring “e”
refer,lane,tenet,level,0,Word Structure/Play,Hard Distractor
level,roast,refer,pep,0,Word Structure/Play,Random Distractor
tree,sunday,reader,beach,1,Fill-in-the-Blank,palm ___
beach,sunday,natural,tree,0,Fill-in-the-Blank,Hard Distractor
sunday,reader,pentacles,tree,0,Fill-in-the-Blank,Random Distractor
sheet,page,leaf,folio,1,Noun/Concept Synonyms,paper in a book
folio,page,sheet,pepper,0,Noun/Concept Synonyms,Hard Distractor
page,archer,sheet,folio,0,Noun/Concept Synonyms,Random Distractor
clip,tiger,trail,towel,1,Fill-in-the-Blank,paper ___
tiger,figure,trail,towel,0,Fill-in-the-Blank,Hard Distractor
clip,kidney,tiger,towel,0,Fill-in-the-Blank,Random Distractor
classic,model,textbook,definitive,1,Descriptor/Adjective Synonyms,paradigmatic
model,definitive,textbook,hunky-dory,0,Descriptor/Adjective Synonyms,Hard Distractor
truce,definitive,model,classic,0,Descriptor/Adjective Synonyms,Random Distractor
bench,tree,statue,pigeon,1,Noun/Concept Synonyms,park staples
pigeon,tree,statue,bitter,0,Noun/Concept Synonyms,Hard Distractor
pigeon,bench,tree,brat,0,Noun/Concept Synonyms,Random Distractor
spin,angle,slant,bias,1,Descriptor/Adjective Synonyms,partiality
spin,angle,bread,slant,0,Descriptor/Adjective Synonyms,Hard Distractor
slant,spin,angle,continent,0,Descriptor/Adjective Synonyms,Random Distractor
box,fence,dive,row,1,Members of a Set/Entities,participate in summer olympic events
dive,willy,fence,box,0,Members of a Set/Entities,Hard Distractor
box,dive,fence,to,0,Members of a Set/Entities,Random Distractor
shred,crumb,morsel,grain,1,Noun/Concept Synonyms,particle
grain,shred,buzz,crumb,0,Noun/Concept Synonyms,Hard Distractor
shred,crumb,morsel,decaf,0,Noun/Concept Synonyms,Random Distractor
backboard,net,rim,pole,1,Members of a Set/Entities,parts of a basketball hoop
goober,pole,backboard,rim,0,Members of a Set/Entities,Hard Distractor
rim,testy,backboard,pole,0,Members of a Set/Entities,Random Distractor
trailer,axles,hitch,tractor,1,Members of a Set/Entities,parts of a big rig
hitch,axles,trailer,referee,0,Members of a Set/Entities,Hard Distractor
tractor,laundromat,trailer,hitch,0,Members of a Set/Entities,Random Distractor
saddle,pedal,chain,wheel,1,Members of a Set/Entities,parts of a bike
baby,wheel,chain,pedal,0,Members of a Set/Entities,Hard Distractor
chain,wheel,pedal,security,0,Members of a Set/Entities,Random Distractor
spine,cover,page,jacket,1,Members of a Set/Entities,parts of a book
jacket,fujifilm,page,spine,0,Members of a Set/Entities,Hard Distractor
page,cover,jacket,crater,0,Members of a Set/Entities,Random Distractor
spine,jacket,page,cover,1,Members of a Set/Entities,parts of a book
printer,spine,page,cover,0,Members of a Set/Entities,Hard Distractor
spine,cover,page,snoop,0,Members of a Set/Entities,Random Distractor
spine,leaves,cover,jacket,1,Members of a Set/Entities,parts of a book
cover,leaves,spine,genie,0,Members of a Set/Entities,Hard Distractor
nothing,leaves,jacket,cover,0,Members of a Set/Entities,Random Distractor
tire,trunk,hood,bumper,1,Members of a Set/Entities,parts of a car
thumb,tire,hood,trunk,0,Members of a Set/Entities,Hard Distractor
trunk,bumper,nudity,hood,0,Members of a Set/Entities,Random Distractor
belt,wheel,mirror,horn,1,Members of a Set/Entities,parts of a car
phoenix,horn,mirror,wheel,0,Members of a Set/Entities,Hard Distractor
wheel,stress,horn,mirror,0,Members of a Set/Entities,Random Distractor
wheel,shock,tank,dash,1,Members of a Set/Entities,"parts of a car, informally"
monitor,tank,wheel,shock,0,Members of a Set/Entities,Hard Distractor
shock,dash,us,wheel,0,Members of a Set/Entities,Random Distractor
beret,badge,sash,skirt,1,Members of a Set/Entities,parts of a classic girl scout uniform
sash,beret,skirt,messenger,0,Members of a Set/Entities,Hard Distractor
good shepherd,skirt,badge,sash,0,Members of a Set/Entities,Random Distractor
library,cafeteria,dorm,quad,1,Members of a Set/Entities,parts of a college campus
dorm,cafeteria,ridge,library,0,Members of a Set/Entities,Hard Distractor
butcher,quad,library,cafeteria,0,Members of a Set/Entities,Random Distractor
insurance,vacation,salary,bonus,1,Members of a Set/Entities,parts of a compensation package
insurance,washboard,vacation,bonus,0,Members of a Set/Entities,Hard Distractor
vacation,hijinks,insurance,bonus,0,Members of a Set/Entities,Random Distractor
goatee,pitchfork,tail,horns,1,Members of a Set/Entities,parts of a devil costume
pitchfork,horns,cowboy,tail,0,Members of a Set/Entities,Hard Distractor
goatee,psychic,tail,horns,0,Members of a Set/Entities,Random Distractor
hinge,frame,handle,lock,1,Members of a Set/Entities,parts of a door
frame,glove,lock,hinge,0,Members of a Set/Entities,Hard Distractor
ming,lock,frame,handle,0,Members of a Set/Entities,Random Distractor
touchdown,takeoff,taxi,cruise,1,Members of a Set/Entities,parts of a flight
taxi,takeoff,cruise,planet,0,Members of a Set/Entities,Hard Distractor
enigma,takeoff,touchdown,taxi,0,Members of a Set/Entities,Random Distractor
sole,arch,ball,heel,1,Members of a Set/Entities,parts of a foot
arch,gossip,sole,ball,0,Members of a Set/Entities,Hard Distractor
go-ahead,arch,heel,sole,0,Members of a Set/Entities,Random Distractor
crag,ledge,cliff,ridge,1,Members of a Set/Entities,parts of a mountain
ledge,philadelphia,crag,ridge,0,Members of a Set/Entities,Hard Distractor
ridge,cliff,ledge,boob,0,Members of a Set/Entities,Random Distractor
speaker,turntable,amp,preamp,1,Members of a Set/Entities,parts of a record player setup
speaker,preamp,amp,fork,0,Members of a Set/Entities,Hard Distractor
raindrop,amp,preamp,speaker,0,Members of a Set/Entities,Random Distractor
delta,bank,mouth,bed,1,Members of a Set/Entities,parts of a river
mouth,bank,delta,squid,0,Members of a Set/Entities,Hard Distractor
delta,bank,bed,earring,0,Members of a Set/Entities,Random Distractor
shoulder,divider,lane,median,1,Members of a Set/Entities,parts of a road
polar bear,divider,shoulder,lane,0,Members of a Set/Entities,Hard Distractor
shoulder,median,divider,passport,0,Members of a Set/Entities,Random Distractor
deck,anchor,bridge,aft,1,Members of a Set/Entities,parts of a ship
deck,anchor,chorus,aft,0,Members of a Set/Entities,Hard Distractor
hotel,deck,bridge,aft,0,Members of a Set/Entities,Random Distractor
bow,mast,deck,fore,1,Members of a Set/Entities,parts of a ship
mast,token,fore,bow,0,Members of a Set/Entities,Hard Distractor
deck,ruler,bow,fore,0,Members of a Set/Entities,Random Distractor
sole,heel,upper,tongue,1,Members of a Set/Entities,parts of a shoe
ewe,upper,heel,tongue,0,Members of a Set/Entities,Hard Distractor
sole,upper,tongue,shamrock,0,Members of a Set/Entities,Random Distractor
bridge,chorus,hook,refrain,1,Members of a Set/Entities,parts of a song
refrain,bridge,chorus,capri,0,Members of a Set/Entities,Hard Distractor
bridge,chorus,hook,shammy,0,Members of a Set/Entities,Random Distractor
fork,plate,napkin,glass,1,Members of a Set/Entities,parts of a table setting
napkin,plate,trench,fork,0,Members of a Set/Entities,Hard Distractor
bel,plate,glass,fork,0,Members of a Set/Entities,Random Distractor
chain,flapper,float,handle,1,Members of a Set/Entities,parts of a toilet tank
flapper,float,he,chain,0,Members of a Set/Entities,Hard Distractor
float,chain,handle,parker,0,Members of a Set/Entities,Random Distractor
pulp,root,enamel,crown,1,Members of a Set/Entities,parts of a tooth
heel,crown,enamel,pulp,0,Members of a Set/Entities,Hard Distractor
enamel,pulp,crown,trifecta,0,Members of a Set/Entities,Random Distractor
bracket,round,bye,seed,1,Members of a Set/Entities,parts of a tournament setup
bye,round,airplane,bracket,0,Members of a Set/Entities,Hard Distractor
round,sock,bye,seed,0,Members of a Set/Entities,Random Distractor
root,trunk,leaf,branch,1,Members of a Set/Entities,parts of a tree
root,chip,branch,leaf,0,Members of a Set/Entities,Hard Distractor
branch,trunk,w,root,0,Members of a Set/Entities,Random Distractor
strap,hand,dial,crown,1,Members of a Set/Entities,parts of a watch
strap,i,hand,dial,0,Members of a Set/Entities,Hard Distractor
dial,underscore,crown,strap,0,Members of a Set/Entities,Random Distractor
banner,menu,header,sidebar,1,Members of a Set/Entities,parts of a website
honeycomb,banner,sidebar,header,0,Members of a Set/Entities,Hard Distractor
sidebar,thunder,header,menu,0,Members of a Set/Entities,Random Distractor
hub,spoke,rim,tire,1,Members of a Set/Entities,parts of a wheel
plasma,rim,tire,hub,0,Members of a Set/Entities,Hard Distractor
spoke,hub,tire,razz,0,Members of a Set/Entities,Random Distractor
robe,staff,hat,beard,1,Members of a Set/Entities,parts of a wizard costume
robe,hat,court,staff,0,Members of a Set/Entities,Hard Distractor
hat,robe,staff,banana,0,Members of a Set/Entities,Random Distractor
nose,engine,wing,cabin,1,Members of a Set/Entities,parts of an airplane
engine,horn,wing,nose,0,Members of a Set/Entities,Hard Distractor
millennium,wing,engine,nose,0,Members of a Set/Entities,Random Distractor
hangar,runway,terminal,tarmac,1,Members of a Set/Entities,parts of an airport
heel,tarmac,hangar,terminal,0,Members of a Set/Entities,Hard Distractor
convey,runway,tarmac,terminal,0,Members of a Set/Entities,Random Distractor
halo,robe,wings,harp,1,Members of a Set/Entities,parts of an angel costume
halo,harp,robe,pop,0,Members of a Set/Entities,Hard Distractor
vintage,harp,wings,robe,0,Members of a Set/Entities,Random Distractor
pickup,fret,peg,string,1,Members of a Set/Entities,parts of an electric guitar
barcode,fret,peg,string,0,Members of a Set/Entities,Hard Distractor
stern,fret,pickup,string,0,Members of a Set/Entities,Random Distractor
whip,fedora,satchel,bomber,1,Members of a Set/Entities,parts of an indiana jones costume
whip,satchel,button,bomber,0,Members of a Set/Entities,Hard Distractor
whip,capsule,bomber,fedora,0,Members of a Set/Entities,Random Distractor
rind,stem,seed,core,1,Members of a Set/Entities,parts of fruit you might not eat
core,stem,rind,mama,0,Members of a Set/Entities,Hard Distractor
emoji,rind,seed,core,0,Members of a Set/Entities,Random Distractor
drum,hammer,canal,anvil,1,Members of a Set/Entities,parts of the ear
canal,finance,anvil,drum,0,Members of a Set/Entities,Hard Distractor
drum,hammer,caravan,canal,0,Members of a Set/Entities,Random Distractor
iris,cone,lens,pupil,1,Members of a Set/Entities,parts of the eye
party,lens,iris,pupil,0,Members of a Set/Entities,Hard Distractor
pupil,opposite,iris,cone,0,Members of a Set/Entities,Random Distractor
dud,drip,bore,drag,1,Noun/Concept Synonyms,party pooper
drip,dud,drag,associate,0,Noun/Concept Synonyms,Hard Distractor
contain,bore,drip,dud,0,Noun/Concept Synonyms,Random Distractor
bar,torch,time,buck,1,Fill-in-the-Blank,pass the ___
fling,time,buck,bar,0,Fill-in-the-Blank,Hard Distractor
torch,time,buck,knock back,0,Fill-in-the-Blank,Random Distractor
extreme,intense,deep,fierce,1,Noun/Concept Synonyms,"passionate, as a feeling"
condition,intense,deep,fierce,0,Noun/Concept Synonyms,Hard Distractor
intense,floyd,extreme,fierce,0,Noun/Concept Synonyms,Random Distractor
ribbon,elbow,wheel,ear,1,Noun/Concept Synonyms,pasta shapes
elbow,ribbon,howard,wheel,0,Noun/Concept Synonyms,Hard Distractor
wheel,song,elbow,ear,0,Noun/Concept Synonyms,Random Distractor
bowtie,spiral,shell,elbow,1,Noun/Concept Synonyms,pasta shapes
elbow,spiral,bowtie,tee,0,Noun/Concept Synonyms,Hard Distractor
spiral,shell,bowtie,titanic,0,Noun/Concept Synonyms,Random Distractor
bowtie,wheel,elbow,tube,1,Noun/Concept Synonyms,pasta shapes
bowtie,crook,elbow,wheel,0,Noun/Concept Synonyms,Hard Distractor
wheel,bowtie,7-eleven,tube,0,Noun/Concept Synonyms,Random Distractor
honeycomb,checkers,stripes,camo,1,Noun/Concept Synonyms,patterns
honeycomb,checkers,camo,crash,0,Noun/Concept Synonyms,Hard Distractor
stripes,camo,flail,checkers,0,Noun/Concept Synonyms,Random Distractor
paisley,stripes,plaid,houndstooth,1,Noun/Concept Synonyms,patterns
paisley,plaid,houndstooth,parrot,0,Noun/Concept Synonyms,Hard Distractor
jerry,paisley,stripes,houndstooth,0,Noun/Concept Synonyms,Random Distractor
pony,ante,settle,cough,1,Noun/Concept Synonyms,"pay, with “up”"
clam,ante,settle,cough,0,Noun/Concept Synonyms,Hard Distractor
settle,cough,pony,attending,0,Noun/Concept Synonyms,Random Distractor
masterpiece,nova,nature,frontline,1,Trivia/Pop Culture,pbs shows
masterpiece,grinch,nature,frontline,0,Trivia/Pop Culture,Hard Distractor
nature,masterpiece,waits,nova,0,Trivia/Pop Culture,Random Distractor
coat,pod,green,soup,1,Fill-in-the-Blank,pea ___
pod,coat,jay,green,0,Fill-in-the-Blank,Hard Distractor
owes,green,coat,pod,0,Fill-in-the-Blank,Random Distractor
swell,dandy,fine,ducky,1,Descriptor/Adjective Synonyms,peachy
fine,root,dandy,swell,0,Descriptor/Adjective Synonyms,Hard Distractor
swell,dandy,ducky,spilling,0,Descriptor/Adjective Synonyms,Random Distractor
nifty,super,neat,swell,1,Noun/Concept Synonyms,peachy keen
swell,neat,nifty,hi,0,Noun/Concept Synonyms,Hard Distractor
pedestrian,nifty,super,swell,0,Noun/Concept Synonyms,Random Distractor
off,weird,curious,funny,1,Noun/Concept Synonyms,peculiar
funny,weird,off,denim,0,Noun/Concept Synonyms,Hard Distractor
funny,weird,curious,collins,0,Noun/Concept Synonyms,Random Distractor
levy,butler,bloom,guthrie,1,Members of a Set/Entities,people whose first names are u.s. cities
ford,levy,guthrie,butler,0,Members of a Set/Entities,Hard Distractor
info,levy,butler,guthrie,0,Members of a Set/Entities,Random Distractor
catch,clock,register,notice,1,Descriptor/Adjective Synonyms,perceive
clock,slice,catch,register,0,Descriptor/Adjective Synonyms,Hard Distractor
notice,clock,catch,prune,0,Descriptor/Adjective Synonyms,Random Distractor
observe,catch,notice,see,1,Descriptor/Adjective Synonyms,perceive
see,thank you,notice,catch,0,Descriptor/Adjective Synonyms,Hard Distractor
dress,observe,catch,notice,0,Descriptor/Adjective Synonyms,Random Distractor
rattle,drum,triangle,bell,1,Members of a Set/Entities,percussion instruments
bell,triangle,rattle,jumbo shrimp,0,Members of a Set/Entities,Hard Distractor
a novel,bell,drum,rattle,0,Members of a Set/Entities,Random Distractor
punch,poke,pierce,bore,1,Noun/Concept Synonyms,perforate
punch,bore,pierce,sorry,0,Noun/Concept Synonyms,Hard Distractor
bet,pierce,bore,punch,0,Noun/Concept Synonyms,Random Distractor
tank,flail,flounder,flop,1,Action/Verb Synonyms,perform poorly
tank,crush,flail,flounder,0,Action/Verb Synonyms,Hard Distractor
queens,tank,flounder,flop,0,Action/Verb Synonyms,Random Distractor
ace,nail,rock,crush,1,Action/Verb Synonyms,perform well on
nail,rock,account,ace,0,Action/Verb Synonyms,Hard Distractor
rock,nail,ace,seychelles,0,Action/Verb Synonyms,Random Distractor
stand-up,singer,dancer,actor,1,Action/Verb Synonyms,performing artists
hug,dancer,singer,stand-up,0,Action/Verb Synonyms,Hard Distractor
singer,gecko,dancer,actor,0,Action/Verb Synonyms,Random Distractor
age,day,time,era,1,Noun/Concept Synonyms,period
time,halter,day,age,0,Noun/Concept Synonyms,Hard Distractor
zest,time,age,day,0,Noun/Concept Synonyms,Random Distractor
as,k,be,i,1,Members of a Set/Entities,periodic table symbols
k,be,thank you,as,0,Members of a Set/Entities,Hard Distractor
k,as,clever,be,0,Members of a Set/Entities,Random Distractor
fe,he,i,ni,1,Members of a Set/Entities,periodic table symbols
he,plane,ni,i,0,Members of a Set/Entities,Hard Distractor
mime,he,fe,i,0,Members of a Set/Entities,Random Distractor
edge,border,fringe,skirt,1,Descriptor/Adjective Synonyms,periphery
fringe,skirt,border,zest,0,Descriptor/Adjective Synonyms,Hard Distractor
skirt,legal,border,fringe,0,Descriptor/Adjective Synonyms,Random Distractor
hold,stay,last,stand,1,Noun/Concept Synonyms,persist
stand,stay,tangle,last,0,Noun/Concept Synonyms,Hard Distractor
last,stay,stand,hay,0,Noun/Concept Synonyms,Random Distractor
chair,director,chief,head,1,Noun/Concept Synonyms,person in charge
extract,head,chair,chief,0,Noun/Concept Synonyms,Hard Distractor
chief,director,chair,fire,0,Noun/Concept Synonyms,Random Distractor
nail file,brush,tweezers,mirror,1,Members of a Set/Entities,personal grooming items
nail file,brush,seam,tweezers,0,Members of a Set/Entities,Hard Distractor
mirror,prairie,brush,nail file,0,Members of a Set/Entities,Random Distractor
effect,good,belonging,possession,1,Noun/Concept Synonyms,personal property minus “s”
good,howl,possession,effect,0,Noun/Concept Synonyms,Hard Distractor
china,effect,possession,good,0,Noun/Concept Synonyms,Random Distractor
angle,bent,lens,point of view,1,Descriptor/Adjective Synonyms,perspective
angle,spoil,point of view,lens,0,Descriptor/Adjective Synonyms,Hard Distractor
bent,point of view,angle,cupid,0,Descriptor/Adjective Synonyms,Random Distractor
nag,hound,bug,badger,1,Noun/Concept Synonyms,pester
bug,final,badger,hound,0,Noun/Concept Synonyms,Hard Distractor
nag,hound,beginner,badger,0,Noun/Concept Synonyms,Random Distractor
ride,badger,bug,harry,1,Noun/Concept Synonyms,pester
bug,ride,harry,skipper,0,Noun/Concept Synonyms,Hard Distractor
ride,badger,radiate,harry,0,Noun/Concept Synonyms,Random Distractor
nags,hounds,bugs,badgers,1,Noun/Concept Synonyms,pesters
nags,bugs,dig,hounds,0,Noun/Concept Synonyms,Hard Distractor
bout,badgers,bugs,nags,0,Noun/Concept Synonyms,Random Distractor
pan,rabbit,piper,parker,1,Fill-in-the-Blank,peter ___
piper,pan,selling,parker,0,Fill-in-the-Blank,Hard Distractor
piper,pan,rabbit,moccasins,0,Fill-in-the-Blank,Random Distractor
campaign,press,appeal,lobby,1,Noun/Concept Synonyms,petition (for)
lobby,color,campaign,appeal,0,Noun/Concept Synonyms,Hard Distractor
toxic,appeal,press,campaign,0,Noun/Concept Synonyms,Random Distractor
melting,condensation,vaporization,freezing,1,Noun/Concept Synonyms,phase transitions for liquids
freezing,vaporization,melting,baboon,0,Noun/Concept Synonyms,Hard Distractor
melting,john,freezing,condensation,0,Noun/Concept Synonyms,Random Distractor
rustle,marks,lock,pane,1,Word Structure/Play,philosopher homophones
pane,are,rustle,lock,0,Word Structure/Play,Hard Distractor
lock,rustle,sundry,marks,0,Word Structure/Play,Random Distractor
service,signal,reception,bars,1,Descriptor/Adjective Synonyms,phone connectivity
reception,service,skirt,signal,0,Descriptor/Adjective Synonyms,Hard Distractor
reception,bars,punt,service,0,Descriptor/Adjective Synonyms,Random Distractor
stress,rhythm,intonation,loudness,1,Descriptor/Adjective Synonyms,phonetic elements of speech
intonation,stress,dump,loudness,0,Descriptor/Adjective Synonyms,Hard Distractor
stress,felicity,intonation,rhythm,0,Descriptor/Adjective Synonyms,Random Distractor
snap,pic,shot,still,1,Noun/Concept Synonyms,photo
snap,shot,still,bob,0,Noun/Concept Synonyms,Hard Distractor
snap,pic,shot,here,0,Noun/Concept Synonyms,Random Distractor
eyedropper,eraser,magic wand,lasso,1,Members of a Set/Entities,photoshop tools
eraser,moon,eyedropper,magic wand,0,Members of a Set/Entities,Hard Distractor
edelweiss,eraser,lasso,eyedropper,0,Members of a Set/Entities,Random Distractor
catch,see,spot,note,1,Noun/Concept Synonyms,pick up on
catch,note,warren,see,0,Noun/Concept Synonyms,Hard Distractor
fixed,see,note,catch,0,Noun/Concept Synonyms,Random Distractor
cooler,utensils,basket,blanket,1,Descriptor/Adjective Synonyms,picnic accessories
basket,speculation,cooler,blanket,0,Descriptor/Adjective Synonyms,Hard Distractor
utensils,chock,blanket,cooler,0,Descriptor/Adjective Synonyms,Random Distractor
icon,symbol,character,glyph,1,Noun/Concept Synonyms,pictograph
character,long,icon,glyph,0,Noun/Concept Synonyms,Hard Distractor
truce,character,icon,symbol,0,Noun/Concept Synonyms,Random Distractor
hanger,hammer,level,nail,1,Noun/Concept Synonyms,picture hanging needs
level,nail,hanger,hang,0,Noun/Concept Synonyms,Hard Distractor
hanger,level,pacer,hammer,0,Noun/Concept Synonyms,Random Distractor
olive branch,arrows,eagle,shield,1,Idioms & Slang,pictured on the u.s. great seal
shield,stand,arrows,olive branch,0,Idioms & Slang,Hard Distractor
umbrella,shield,olive branch,eagle,0,Idioms & Slang,Random Distractor
breast,wing,tender,drumstick,1,Members of a Set/Entities,pieces of chicken
tender,wing,dice,drumstick,0,Members of a Set/Entities,Hard Distractor
wing,tender,sell,breast,0,Members of a Set/Entities,Random Distractor
chair,table,bed,couch,1,Members of a Set/Entities,pieces of furniture
drib,bed,table,chair,0,Members of a Set/Entities,Hard Distractor
bed,couch,ink,chair,0,Members of a Set/Entities,Random Distractor
puck,ball,stone,birdie,1,Members of a Set/Entities,pieces of olympic sports equipment
ball,puck,beanbag,birdie,0,Members of a Set/Entities,Hard Distractor
ball,birdie,starting point,stone,0,Members of a Set/Entities,Random Distractor
brace,support,prop,post,1,Noun/Concept Synonyms,pillar
brace,peck,prop,support,0,Noun/Concept Synonyms,Hard Distractor
prop,support,sew,post,0,Noun/Concept Synonyms,Random Distractor
steer,direct,guide,lead,1,Noun/Concept Synonyms,pilot
steer,lead,never never,guide,0,Noun/Concept Synonyms,Hard Distractor
steer,lead,guide,spoil,0,Noun/Concept Synonyms,Random Distractor
flipper,plunger,ball,bumper,1,Noun/Concept Synonyms,pinball machine components
bumper,plunger,ball,mountain,0,Noun/Concept Synonyms,Hard Distractor
volumetric,plunger,flipper,bumper,0,Noun/Concept Synonyms,Random Distractor
filter,tamper,pipe cleaner,lighter,1,Action/Verb Synonyms,pipe-smoking accessories
filter,pipe cleaner,lighter,sense,0,Action/Verb Synonyms,Hard Distractor
lighter,british magazine,pipe cleaner,filter,0,Action/Verb Synonyms,Random Distractor
zest,kick,punch,zing,1,Descriptor/Adjective Synonyms,piquancy
punch,kick,zing,blowout,0,Descriptor/Adjective Synonyms,Hard Distractor
zest,punch,kick,carte,0,Descriptor/Adjective Synonyms,Random Distractor
zip,bite,tang,kick,1,Descriptor/Adjective Synonyms,piquancy
zip,bite,kick,operation,0,Descriptor/Adjective Synonyms,Hard Distractor
tang,bite,kick,👽,0,Descriptor/Adjective Synonyms,Random Distractor
brave,coco,up,cars,1,Trivia/Pop Culture,pixar movies
cars,brave,coco,i,0,Trivia/Pop Culture,Hard Distractor
environ,cars,brave,coco,0,Trivia/Pop Culture,Random Distractor
racecar,grumpy old man,talking doll,clownfish,1,Noun/Concept Synonyms,pixar protagonists
racecar,clownfish,talking doll,tea,0,Noun/Concept Synonyms,Hard Distractor
clownfish,talking doll,nothing,racecar,0,Noun/Concept Synonyms,Random Distractor
port,jack,outlet,socket,1,Idioms & Slang,place to plug something in
socket,outlet,jack,lions,0,Idioms & Slang,Hard Distractor
sam,outlet,jack,socket,0,Idioms & Slang,Random Distractor
vault,chest,coffer,safe,1,Noun/Concept Synonyms,place to store valuables
safe,chest,vault,style,0,Noun/Concept Synonyms,Hard Distractor
safe,vault,coffer,solution,0,Noun/Concept Synonyms,Random Distractor
put,laid,sat,placed,1,Noun/Concept Synonyms,placed down
put,rhythm,placed,sat,0,Noun/Concept Synonyms,Hard Distractor
laid,clash,sat,put,0,Noun/Concept Synonyms,Random Distractor
temple,shrine,reliquary,altar,1,Noun/Concept Synonyms,places for worship
root,temple,shrine,altar,0,Noun/Concept Synonyms,Hard Distractor
intercom,altar,temple,reliquary,0,Noun/Concept Synonyms,Random Distractor
champagne,nice,tours,dijon,1,Noun/Concept Synonyms,places in france
nice,dijon,dip,champagne,0,Noun/Concept Synonyms,Hard Distractor
tours,champagne,honeybee,nice,0,Noun/Concept Synonyms,Random Distractor
nice,angers,reunion,champagne,1,Noun/Concept Synonyms,places in france
champagne,angers,nice,curb,0,Noun/Concept Synonyms,Hard Distractor
reunion,brown,angers,champagne,0,Noun/Concept Synonyms,Random Distractor
wall street,chinatown,dumbo,manhattan,1,Members of a Set/Entities,places in new york city
chinatown,manhattan,snowglobe,dumbo,0,Members of a Set/Entities,Hard Distractor
wall street,checkers,manhattan,chinatown,0,Members of a Set/Entities,Random Distractor
gulf,chevron,shell,7-eleven,1,Noun/Concept Synonyms,places that sell gas
7-eleven,shell,chevron,qualifier,0,Noun/Concept Synonyms,Hard Distractor
gulf,hancock,shell,chevron,0,Noun/Concept Synonyms,Random Distractor
wallet,atm,tip jar,cash register,1,Idioms & Slang,places to find paper money
cash register,atm,wallet,education,0,Idioms & Slang,Hard Distractor
stunt,atm,tip jar,wallet,0,Idioms & Slang,Random Distractor
red carpet,american flag,uber rating,galaxy,1,Noun/Concept Synonyms,places to find stars
american flag,fiesta,uber rating,galaxy,0,Noun/Concept Synonyms,Hard Distractor
uber rating,american flag,one,galaxy,0,Noun/Concept Synonyms,Random Distractor
web,net,snare,tangle,1,Noun/Concept Synonyms,places to get trapped
net,web,tangle,bear,0,Noun/Concept Synonyms,Hard Distractor
missing,net,tangle,snare,0,Noun/Concept Synonyms,Random Distractor
rocker,swing,hammock,cradle,1,Idioms & Slang,places to lie/sit that move
swing,hammock,title,rocker,0,Idioms & Slang,Hard Distractor
rocker,cradle,gear,hammock,0,Idioms & Slang,Random Distractor
outlet,market,mall,outlet,1,Noun/Concept Synonyms,places to shop
mall,skipper,outlet,outlet,0,Noun/Concept Synonyms,Hard Distractor
outlet,outlet,mall,violet,0,Noun/Concept Synonyms,Random Distractor
store,bazaar,market,fair,1,Noun/Concept Synonyms,places to shop
market,action,bazaar,fair,0,Noun/Concept Synonyms,Hard Distractor
fair,market,bale,store,0,Noun/Concept Synonyms,Random Distractor
land,world,city,town,1,Word Structure/Play,places used in retail suffixes
world,city,land,nat,0,Word Structure/Play,Hard Distractor
jinx,world,land,city,0,Word Structure/Play,Random Distractor
gym,courtroom,park,dugout,1,Noun/Concept Synonyms,places with benches
gall,dugout,courtroom,park,0,Noun/Concept Synonyms,Hard Distractor
gym,dugout,scented,courtroom,0,Noun/Concept Synonyms,Random Distractor
bowling alley,highway,supermarket,swimming pool,1,Noun/Concept Synonyms,places with lanes
pace,bowling alley,swimming pool,supermarket,0,Noun/Concept Synonyms,Hard Distractor
supermarket,swimming pool,jostle,highway,0,Noun/Concept Synonyms,Random Distractor
genus,cars,darth,bluto,1,Word Structure/Play,planets/dwarf planet with first letter changed
dope,darth,bluto,cars,0,Word Structure/Play,Hard Distractor
trap,bluto,darth,genus,0,Word Structure/Play,Random Distractor
sprout,bud,bloom,shoot,1,Noun/Concept Synonyms,plant growths
shoot,knitting needles,bloom,sprout,0,Noun/Concept Synonyms,Hard Distractor
shoot,problem,bloom,bud,0,Noun/Concept Synonyms,Random Distractor
anise,fennel,licorice,tarragon,1,Noun/Concept Synonyms,plants with similar flavors
chop,licorice,fennel,anise,0,Noun/Concept Synonyms,Hard Distractor
between,licorice,fennel,anise,0,Noun/Concept Synonyms,Random Distractor
trick,fool,prank,punk,1,Action/Verb Synonyms,play a joke on
fool,jam,punk,prank,0,Action/Verb Synonyms,Hard Distractor
what if,trick,fool,prank,0,Action/Verb Synonyms,Random Distractor
groove,rock,shred,jam,1,Action/Verb Synonyms,play music with passion
shred,sham,rock,jam,0,Action/Verb Synonyms,Hard Distractor
rock,jam,peek,groove,0,Action/Verb Synonyms,Random Distractor
solo,jam,shred,noodle,1,Action/Verb Synonyms,play some electric guitar
solo,jam,noodle,vanilla,0,Action/Verb Synonyms,Hard Distractor
jam,solo,knee,noodle,0,Action/Verb Synonyms,Random Distractor
date,doh,dirty,dead,1,Fill-in-the-Blank,play ___
doh,date,dirty,vampire,0,Fill-in-the-Blank,Hard Distractor
doh,dead,date,gerbil,0,Fill-in-the-Blank,Random Distractor
kid,rib,tease,josh,1,Noun/Concept Synonyms,playfully bother
dip,rib,kid,josh,0,Noun/Concept Synonyms,Hard Distractor
tease,rib,purl,kid,0,Noun/Concept Synonyms,Random Distractor
kid,tease,rib,needle,1,Noun/Concept Synonyms,playfully poke fun at
needle,kid,axe,rib,0,Noun/Concept Synonyms,Hard Distractor
rib,kid,needle,paragraph,0,Noun/Concept Synonyms,Random Distractor
swings,slide,teeter-totter,monkey bars,1,Members of a Set/Entities,playground equipment
monkey bars,teeter-totter,swings,moose,0,Members of a Set/Entities,Hard Distractor
teeter-totter,hull,slide,swings,0,Members of a Set/Entities,Random Distractor
swing,sandbox,slide,seesaw,1,Noun/Concept Synonyms,playground fixtures
sandbox,slide,seesaw,look,0,Noun/Concept Synonyms,Hard Distractor
swing,darth,sandbox,slide,0,Noun/Concept Synonyms,Random Distractor
tag,hide,dodge,hop,1,Noun/Concept Synonyms,playground verbs
hide,hop,plaque,tag,0,Noun/Concept Synonyms,Hard Distractor
hop,sear,tag,dodge,0,Noun/Concept Synonyms,Random Distractor
spade,heart,diamond,club,1,Action/Verb Synonyms,playing card suits
watch,diamond,heart,club,0,Action/Verb Synonyms,Hard Distractor
spade,pet shop,diamond,heart,0,Action/Verb Synonyms,Random Distractor
jack,kings,ace,queens,1,Action/Verb Synonyms,playing cards
kings,queens,endeavor,ace,0,Action/Verb Synonyms,Hard Distractor
cheshire cat,queens,kings,ace,0,Action/Verb Synonyms,Random Distractor
king,jacks,aces,queen,1,Action/Verb Synonyms,playing cards
jacks,broom,queen,aces,0,Action/Verb Synonyms,Hard Distractor
jacks,queen,reflection,king,0,Action/Verb Synonyms,Random Distractor
scent,fragrance,bouquet,aroma,1,Noun/Concept Synonyms,pleasant smells
bouquet,fragrance,eggshell,scent,0,Noun/Concept Synonyms,Hard Distractor
fragrance,aroma,bouquet,critic,0,Noun/Concept Synonyms,Random Distractor
snake,pipe,wrench,plunger,1,Members of a Set/Entities,plumbing equipment
boxer,plunger,snake,pipe,0,Members of a Set/Entities,Hard Distractor
plunger,pipe,filet,snake,0,Members of a Set/Entities,Random Distractor
sack,raid,rob,loot,1,Noun/Concept Synonyms,plunder
sack,raid,whistler,rob,0,Noun/Concept Synonyms,Hard Distractor
black widow,sack,raid,loot,0,Noun/Concept Synonyms,Random Distractor
booty,loot,swag,spoils,1,Noun/Concept Synonyms,plunder
loot,booty,swag,game,0,Noun/Concept Synonyms,Hard Distractor
loot,swag,glad-hand,booty,0,Noun/Concept Synonyms,Random Distractor
sheep,squid,deer,shrimp,1,Members of a Set/Entities,plural animals identical to their singular forms
deer,sheep,dna,shrimp,0,Members of a Set/Entities,Hard Distractor
squid,deer,roy,shrimp,0,Members of a Set/Entities,Random Distractor
dice,mice,lice,oxen,1,Word Structure/Play,plural words that are very different from their singular forms
oxen,soul,lice,mice,0,Word Structure/Play,Hard Distractor
lice,oxen,joker,dice,0,Word Structure/Play,Random Distractor
up first,radiolab,wtf,serial,1,Noun/Concept Synonyms,podcasts
stretch,wtf,radiolab,serial,0,Noun/Concept Synonyms,Hard Distractor
knight,up first,wtf,serial,0,Noun/Concept Synonyms,Random Distractor
meter,verse,line,rhyme,1,Noun/Concept Synonyms,poetry terms
meter,candy,rhyme,line,0,Noun/Concept Synonyms,Hard Distractor
line,verse,rhyme,charade,0,Noun/Concept Synonyms,Random Distractor
position,perspective,lens,angle,1,Noun/Concept Synonyms,point of view
position,lens,perspective,vile,0,Noun/Concept Synonyms,Hard Distractor
perspective,trundle,lens,angle,0,Noun/Concept Synonyms,Random Distractor
call,check,raise,fold,1,Noun/Concept Synonyms,poker actions
call,fold,kernel,check,0,Noun/Concept Synonyms,Hard Distractor
raise,call,blizzard,check,0,Noun/Concept Synonyms,Random Distractor
fold,call,check,bet,1,Noun/Concept Synonyms,poker actions
bet,warrior,call,check,0,Noun/Concept Synonyms,Hard Distractor
bet,call,spreadsheet,check,0,Noun/Concept Synonyms,Random Distractor
bones,elementary,kojak,monk,1,Noun/Concept Synonyms,police procedurals
bones,kojak,elementary,slope,0,Noun/Concept Synonyms,Hard Distractor
bones,monk,tripod,elementary,0,Noun/Concept Synonyms,Random Distractor
relations,congress,commerce,intimacy,1,Noun/Concept Synonyms,polite terms for sex
congress,relations,lad,commerce,0,Noun/Concept Synonyms,Hard Distractor
hell,commerce,intimacy,congress,0,Noun/Concept Synonyms,Random Distractor
noodle,muse,reflect,deliberate,1,Noun/Concept Synonyms,ponder
deliberate,judge,noodle,reflect,0,Noun/Concept Synonyms,Hard Distractor
noodle,trident,reflect,muse,0,Noun/Concept Synonyms,Random Distractor
grande,mars,styles,swift,1,Noun/Concept Synonyms,pop megastars
swift,rivet,styles,grande,0,Noun/Concept Synonyms,Hard Distractor
grande,swift,styles,language,0,Noun/Concept Synonyms,Random Distractor
mar,key,style,spear,1,Noun/Concept Synonyms,pop singers minus “s”
mar,smell,key,spear,0,Noun/Concept Synonyms,Hard Distractor
spear,ink,style,mar,0,Noun/Concept Synonyms,Random Distractor
kettle,stovetop,microwave,popper,1,Action/Verb Synonyms,popcorn-making methods
commerce,stovetop,microwave,kettle,0,Action/Verb Synonyms,Hard Distractor
stovetop,kettle,popper,nifty,0,Action/Verb Synonyms,Random Distractor
share,piece,take,cut,1,Noun/Concept Synonyms,portion of profit
share,piece,percentage,take,0,Noun/Concept Synonyms,Hard Distractor
cut,golf course,piece,share,0,Noun/Concept Synonyms,Random Distractor
for,pro,aye,yea,1,Noun/Concept Synonyms,positions in favor
yea,legend,for,aye,0,Noun/Concept Synonyms,Hard Distractor
yea,pro,gee,for,0,Noun/Concept Synonyms,Random Distractor
boot,tow,ticket,points,1,Idioms & Slang,possible results of a traffic violation
robot,tow,ticket,boot,0,Idioms & Slang,Hard Distractor
boot,liver,ticket,tow,0,Idioms & Slang,Random Distractor
stall,punt,hold,table,1,Noun/Concept Synonyms,postpone
desert,stall,table,hold,0,Noun/Concept Synonyms,Hard Distractor
hold,punt,table,bent,0,Noun/Concept Synonyms,Random Distractor
sticker,belly,hole,luck,1,Fill-in-the-Blank,pot___
deal,sticker,luck,belly,0,Fill-in-the-Blank,Hard Distractor
hole,civic,belly,luck,0,Fill-in-the-Blank,Random Distractor
wing,breast,tender,thigh,1,Noun/Concept Synonyms,poultry cuts
quarter,thigh,breast,wing,0,Noun/Concept Synonyms,Hard Distractor
thigh,the green mile,wing,breast,0,Noun/Concept Synonyms,Random Distractor
tender,wing,breast,thigh,1,Noun/Concept Synonyms,poultry cuts
tender,wing,thigh,licorice,0,Noun/Concept Synonyms,Hard Distractor
breast,thigh,acorn,wing,0,Noun/Concept Synonyms,Random Distractor
outage,short,surge,spike,1,Noun/Concept Synonyms,power issues
spike,short,surge,democratic,0,Noun/Concept Synonyms,Hard Distractor
spike,counter,surge,outage,0,Noun/Concept Synonyms,Random Distractor
ranger,nap,plant,trip,1,Fill-in-the-Blank,power ___
trip,beastie,plant,ranger,0,Fill-in-the-Blank,Hard Distractor
nap,plant,trip,rats,0,Fill-in-the-Blank,Random Distractor
feather,mushroom,flower,star,1,Idioms & Slang,power-ups in super mario world
flower,instagram,star,feather,0,Idioms & Slang,Hard Distractor
star,flower,menthol,feather,0,Idioms & Slang,Random Distractor
toilet paper,moon,egg,streak,1,Noun/Concept Synonyms,prank verbs
overlook,streak,toilet paper,moon,0,Noun/Concept Synonyms,Hard Distractor
moon,egg,streak,could,0,Noun/Concept Synonyms,Random Distractor
jabber,chat,gab,blather,1,Noun/Concept Synonyms,prattle on
chat,jabber,nice,gab,0,Noun/Concept Synonyms,Hard Distractor
chat,gab,left,blather,0,Noun/Concept Synonyms,Random Distractor
cusp,eve,brink,verge,1,Noun/Concept Synonyms,precipice
brink,verge,server,eve,0,Noun/Concept Synonyms,Hard Distractor
eve,murphy,verge,cusp,0,Noun/Concept Synonyms,Random Distractor
mess,fix,pickle,jam,1,Noun/Concept Synonyms,predicament
jam,citrus,pickle,mess,0,Noun/Concept Synonyms,Hard Distractor
chicken,jam,fix,mess,0,Noun/Concept Synonyms,Random Distractor
fix,hole,spot,corner,1,Noun/Concept Synonyms,predicament
spot,corner,impact,fix,0,Noun/Concept Synonyms,Hard Distractor
hole,act,fix,corner,0,Noun/Concept Synonyms,Random Distractor
binds,jams,spots,pickles,1,Noun/Concept Synonyms,predicaments
pickles,jams,drip,spots,0,Noun/Concept Synonyms,Hard Distractor
mickey mouse,pickles,spots,jams,0,Noun/Concept Synonyms,Random Distractor
forecast,divine,read,call,1,Noun/Concept Synonyms,predict
read,bristle,divine,call,0,Noun/Concept Synonyms,Hard Distractor
ross,call,read,divine,0,Noun/Concept Synonyms,Random Distractor
hyper,over,super,extra,1,Word Structure/Play,prefix meaning “very”
super,hyper,extra,crowd,0,Word Structure/Play,Hard Distractor
super,hard taco,hyper,over,0,Word Structure/Play,Random Distractor
pro,sub,super,retro,1,Word Structure/Play,prefixes
retro,chair,sub,super,0,Word Structure/Play,Hard Distractor
pro,diablo,sub,retro,0,Word Structure/Play,Random Distractor
demo,auto,bureau,pluto,1,Word Structure/Play,prefixes with -cracy
demo,bureau,auto,you,0,Word Structure/Play,Hard Distractor
demo,dust,bureau,auto,0,Word Structure/Play,Random Distractor
cures,smokes,salts,cans,1,Noun/Concept Synonyms,"preserves, as meat"
smokes,hat,cures,salts,0,Noun/Concept Synonyms,Hard Distractor
kneel,smokes,cures,cans,0,Noun/Concept Synonyms,Random Distractor
run,direct,lead,chair,1,Noun/Concept Synonyms,preside over
chair,lead,signal,run,0,Noun/Concept Synonyms,Hard Distractor
lead,direct,withdraw,run,0,Noun/Concept Synonyms,Random Distractor
chester,harry,calvin,grover,1,Members of a Set/Entities,presidential first names
calvin,tote,grover,chester,0,Members of a Set/Entities,Hard Distractor
chester,nonstop,calvin,grover,0,Members of a Set/Entities,Random Distractor
lincoln,ford,grant,wilson,1,Noun/Concept Synonyms,presidents
amy,ford,lincoln,wilson,0,Noun/Concept Synonyms,Hard Distractor
wilson,lincoln,ranch,grant,0,Noun/Concept Synonyms,Random Distractor
imagine,think,figure,suspect,1,Noun/Concept Synonyms,presume
suspect,pull,figure,imagine,0,Noun/Concept Synonyms,Hard Distractor
suspect,figure,think,mario,0,Noun/Concept Synonyms,Random Distractor
affect,charade,front,airs,1,Noun/Concept Synonyms,pretense
affect,airs,prior,front,0,Noun/Concept Synonyms,Hard Distractor
factory,charade,affect,front,0,Noun/Concept Synonyms,Random Distractor
good,penny,please,woman,1,Fill-in-the-Blank,pretty ___
penny,please,medicine,good,0,Fill-in-the-Blank,Hard Distractor
good,penny,please,wail,0,Fill-in-the-Blank,Random Distractor
poke,stick,jab,pierce,1,Noun/Concept Synonyms,prick
jab,ploy,pierce,poke,0,Noun/Concept Synonyms,Hard Distractor
poke,stick,pierce,plaque,0,Noun/Concept Synonyms,Random Distractor
first,chief,principal,main,1,Descriptor/Adjective Synonyms,primary
main,chief,first,scepter,0,Descriptor/Adjective Synonyms,Hard Distractor
chief,organize,main,first,0,Descriptor/Adjective Synonyms,Random Distractor
gibbon,bonobo,gorilla,baboon,1,Noun/Concept Synonyms,primates
produce,gorilla,gibbon,bonobo,0,Noun/Concept Synonyms,Hard Distractor
cigar,gorilla,gibbon,baboon,0,Noun/Concept Synonyms,Random Distractor
bulletin,announcement,notice,poster,1,Noun/Concept Synonyms,printed notification
announcement,poster,notice,hub,0,Noun/Concept Synonyms,Hard Distractor
announcement,notice,poster,poland,0,Noun/Concept Synonyms,Random Distractor
team,number,college,position,1,Noun/Concept Synonyms,pro athlete data
college,position,black,team,0,Noun/Concept Synonyms,Hard Distractor
position,orange,number,team,0,Noun/Concept Synonyms,Random Distractor
undertaker,hitman,rock,snake,1,Idioms & Slang,"pro wrestling icons, with “the”"
rock,wish,undertaker,snake,0,Idioms & Slang,Hard Distractor
undertaker,rock,snake,ars,0,Idioms & Slang,Random Distractor
caravan,parade,train,fleet,1,Noun/Concept Synonyms,procession
fleet,caravan,clownfish,train,0,Noun/Concept Synonyms,Hard Distractor
foils,caravan,fleet,parade,0,Noun/Concept Synonyms,Random Distractor
reserve,secure,book,charter,1,Noun/Concept Synonyms,procure in advance
secure,reserve,raw,charter,0,Noun/Concept Synonyms,Hard Distractor
secure,adage,book,reserve,0,Noun/Concept Synonyms,Random Distractor
cone,pollen,acorn,sap,1,Noun/Concept Synonyms,produced by trees
acorn,pollen,beat,cone,0,Noun/Concept Synonyms,Hard Distractor
surround,sap,pollen,acorn,0,Noun/Concept Synonyms,Random Distractor
line,trade,field,business,1,Noun/Concept Synonyms,profession
trade,line,business,live,0,Noun/Concept Synonyms,Hard Distractor
field,business,eek,line,0,Noun/Concept Synonyms,Random Distractor
ruby,java,basic,python,1,Action/Verb Synonyms,programming languages
love,ruby,python,basic,0,Action/Verb Synonyms,Hard Distractor
java,pelvis,ruby,python,0,Action/Verb Synonyms,Random Distractor
drag,inch,creep,crawl,1,Descriptor/Adjective Synonyms,progress slowly
charge,inch,crawl,drag,0,Descriptor/Adjective Synonyms,Hard Distractor
drag,inch,keys,crawl,0,Descriptor/Adjective Synonyms,Random Distractor
deny,forbid,ban,block,1,Noun/Concept Synonyms,prohibit
ban,forbid,weave,block,0,Noun/Concept Synonyms,Hard Distractor
forbid,caboose,ban,block,0,Noun/Concept Synonyms,Random Distractor
deny,bar,refuse,block,1,Descriptor/Adjective Synonyms,"prohibit, as entry"
block,thunder,bar,deny,0,Descriptor/Adjective Synonyms,Hard Distractor
bar,refuse,deny,no sweat,0,Descriptor/Adjective Synonyms,Random Distractor
cage,bacon,ford,cruise,1,Trivia/Pop Culture,prolific actors
cruise,paris,bacon,ford,0,Trivia/Pop Culture,Hard Distractor
glamour,ford,bacon,cage,0,Trivia/Pop Culture,Random Distractor
sell,market,pitch,hype,1,Noun/Concept Synonyms,promote
hype,sell,pitch,lyre,0,Noun/Concept Synonyms,Hard Distractor
mu,hype,sell,pitch,0,Noun/Concept Synonyms,Random Distractor
here,wee,theme,use,1,Noun/Concept Synonyms,pronoun plus “e”
use,here,theme,price,0,Noun/Concept Synonyms,Hard Distractor
theme,opening,wee,use,0,Noun/Concept Synonyms,Random Distractor
i,you,they,me,1,Noun/Concept Synonyms,pronouns
me,they,i,recess,0,Noun/Concept Synonyms,Hard Distractor
they,bolo,me,you,0,Noun/Concept Synonyms,Random Distractor
us,we,it,them,1,Noun/Concept Synonyms,pronouns
it,red,them,we,0,Noun/Concept Synonyms,Hard Distractor
we,us,mario world,them,0,Noun/Concept Synonyms,Random Distractor
hop,leap,jump,spring,1,Noun/Concept Synonyms,propel into the air
hop,spring,hertz,jump,0,Noun/Concept Synonyms,Hard Distractor
jump,spring,reserve,leap,0,Noun/Concept Synonyms,Random Distractor
jazzercise,paralympics,pokémon,wikipedia,1,Noun/Concept Synonyms,proper noun portmanteaux
wikipedia,paralympics,stalk,jazzercise,0,Noun/Concept Synonyms,Hard Distractor
wikipedia,toothpaste,paralympics,pokémon,0,Noun/Concept Synonyms,Random Distractor
john malkovich,las vegas,private ryan,amy,1,Trivia/Pop Culture,proper nouns after gerunds in '90s movie titles
las vegas,pip,private ryan,john malkovich,0,Trivia/Pop Culture,Hard Distractor
private ryan,amy,sting,las vegas,0,Trivia/Pop Culture,Random Distractor
yankees,kate,birdie,dolly,1,Idioms & Slang,proper nouns in broadway musical titles that are spoken phrases
yankees,kate,birdie,president,0,Idioms & Slang,Hard Distractor
dolly,yankees,xanadu,kate,0,Idioms & Slang,Random Distractor
donut,pacifier,skateboard,saxophone,1,Trivia/Pop Culture,props for characters on “the simpsons”
pacifier,plum,skateboard,saxophone,0,Trivia/Pop Culture,Hard Distractor
venetian,pacifier,donut,skateboard,0,Trivia/Pop Culture,Random Distractor
pad,buffer,shield,cushion,1,Descriptor/Adjective Synonyms,protective barrier
ladder,buffer,shield,cushion,0,Descriptor/Adjective Synonyms,Hard Distractor
cushion,buffer,pad,tesla,0,Descriptor/Adjective Synonyms,Random Distractor
skin,shell,scales,bark,1,Descriptor/Adjective Synonyms,protective coverings in nature
shell,down,scales,bark,0,Descriptor/Adjective Synonyms,Hard Distractor
bark,bock,skin,shell,0,Descriptor/Adjective Synonyms,Random Distractor
milk,guts,beans,tea,1,Members of a Set/Entities,proverbial things that are spilled
tea,beans,awareness ribbon,milk,0,Members of a Set/Entities,Hard Distractor
tea,pride,milk,beans,0,Members of a Set/Entities,Random Distractor
hornets’ nest,can,tires,habit,1,Members of a Set/Entities,proverbial things to kick
needle,tires,hornets’ nest,habit,0,Members of a Set/Entities,Hard Distractor
solfege,tires,can,hornets’ nest,0,Members of a Set/Entities,Random Distractor
explain,expand,specify,elaborate,1,Noun/Concept Synonyms,provide more details
explain,expand,slack,specify,0,Noun/Concept Synonyms,Hard Distractor
elaborate,specify,expand,wraparound,0,Noun/Concept Synonyms,Random Distractor
character,image,reputation,name,1,Descriptor/Adjective Synonyms,public standing
image,reputation,character,compass,0,Descriptor/Adjective Synonyms,Hard Distractor
image,reputation,pollinate,name,0,Descriptor/Adjective Synonyms,Random Distractor
exposure,press,attention,coverage,1,Members of a Set/Entities,publicity
bass,attention,press,exposure,0,Members of a Set/Entities,Hard Distractor
coverage,buzz,press,exposure,0,Members of a Set/Entities,Random Distractor
copy,words,writing,text,1,Noun/Concept Synonyms,published lines
words,text,writing,wing,0,Noun/Concept Synonyms,Hard Distractor
fair,words,copy,text,0,Noun/Concept Synonyms,Random Distractor
yank,jerk,wrench,tug,1,Noun/Concept Synonyms,pull
tug,excused,jerk,wrench,0,Noun/Concept Synonyms,Hard Distractor
jerk,wrench,tug,true,0,Noun/Concept Synonyms,Random Distractor
yank,tear,wrench,rip,1,Noun/Concept Synonyms,pull using force
yank,tear,flipper,rip,0,Noun/Concept Synonyms,Hard Distractor
rip,razz,yank,wrench,0,Noun/Concept Synonyms,Random Distractor
sock,slug,blow,belt,1,Noun/Concept Synonyms,punch
blow,belt,slug,puff,0,Noun/Concept Synonyms,Hard Distractor
belt,current,sock,slug,0,Noun/Concept Synonyms,Random Distractor
pound,sock,pop,slug,1,Noun/Concept Synonyms,punch
pocket,pop,slug,sock,0,Noun/Concept Synonyms,Hard Distractor
slug,vintage,sock,pound,0,Noun/Concept Synonyms,Random Distractor
hyphen,period,dash,colon,1,Noun/Concept Synonyms,punctuation marks
period,colon,hyphen,balcony,0,Noun/Concept Synonyms,Hard Distractor
hyphen,period,dash,sec,0,Noun/Concept Synonyms,Random Distractor
slash,colon,comma,period,1,Noun/Concept Synonyms,punctuation marks
comma,crest,colon,period,0,Noun/Concept Synonyms,Hard Distractor
period,comma,colon,malt,0,Noun/Concept Synonyms,Random Distractor
crate,collar,bowl,bed,1,Noun/Concept Synonyms,puppy purchases
crate,front,collar,bowl,0,Noun/Concept Synonyms,Hard Distractor
bed,collar,crate,baggage,0,Noun/Concept Synonyms,Random Distractor
bottle,mobile,crib,rattle,1,Descriptor/Adjective Synonyms,purchases for a baby
mobile,crib,bottle,pretty,0,Descriptor/Adjective Synonyms,Hard Distractor
crib,mobile,simmer,rattle,0,Descriptor/Adjective Synonyms,Random Distractor
rain,prose,haze,heart,1,Fill-in-the-Blank,purple ___
haze,prose,8,rain,0,Fill-in-the-Blank,Hard Distractor
prose,hedge,haze,rain,0,Fill-in-the-Blank,Random Distractor
dog,tail,shadow,track,1,Noun/Concept Synonyms,pursue
trade,shadow,tail,track,0,Noun/Concept Synonyms,Hard Distractor
pale,tail,shadow,dog,0,Noun/Concept Synonyms,Random Distractor
chase,tail,track,follow,1,Noun/Concept Synonyms,pursue
spitball,chase,track,tail,0,Noun/Concept Synonyms,Hard Distractor
tail,animal print,follow,track,0,Noun/Concept Synonyms,Random Distractor
trail,stalk,hunt,track,1,Noun/Concept Synonyms,pursue
reward,hunt,trail,track,0,Noun/Concept Synonyms,Hard Distractor
tittle,hunt,stalk,track,0,Noun/Concept Synonyms,Random Distractor
hunt,chase,quest,search,1,Noun/Concept Synonyms,pursuit
search,company,chase,hunt,0,Noun/Concept Synonyms,Hard Distractor
hunt,quest,search,license,0,Noun/Concept Synonyms,Random Distractor
shoulder,barge,jostle,muscle,1,Noun/Concept Synonyms,push through a crowd
muscle,shoulder,elf,barge,0,Noun/Concept Synonyms,Hard Distractor
muscle,jostle,make do,barge,0,Noun/Concept Synonyms,Random Distractor
hits,taps,clicks,presses,1,Noun/Concept Synonyms,"pushes, as a button"
presses,hits,clicks,trinket,0,Noun/Concept Synonyms,Hard Distractor
hits,washboard,clicks,taps,0,Noun/Concept Synonyms,Random Distractor
give,pronounce,present,deliver,1,Idioms & Slang,"put forward, as an announcement"
present,give,earthworm,pronounce,0,Idioms & Slang,Hard Distractor
present,give,what if,pronounce,0,Idioms & Slang,Random Distractor
bet,chance,gamble,risk,1,Action/Verb Synonyms,put on the line
chance,bet,gamble,slice,0,Action/Verb Synonyms,Hard Distractor
risk,clicks,chance,gamble,0,Action/Verb Synonyms,Random Distractor
crack,slight,dig,barb,1,Noun/Concept Synonyms,putdown
slight,dig,crack,outlet,0,Noun/Concept Synonyms,Hard Distractor
trinket,dig,slight,crack,0,Noun/Concept Synonyms,Random Distractor
wet,cold,windy,gray,1,Idioms & Slang,qualities of a rainy day
cold,gray,have,windy,0,Idioms & Slang,Hard Distractor
cold,bulky,wet,windy,0,Idioms & Slang,Random Distractor
stringy,dry,chewy,tough,1,Noun/Concept Synonyms,qualities of overcooked meat
butter,chewy,stringy,dry,0,Noun/Concept Synonyms,Hard Distractor
dry,stringy,draw,chewy,0,Noun/Concept Synonyms,Random Distractor
lift,bounce,volume,body,1,Noun/Concept Synonyms,qualities of thick hair
body,lift,officiant,volume,0,Noun/Concept Synonyms,Hard Distractor
back,volume,bounce,body,0,Noun/Concept Synonyms,Random Distractor
count,total,number,amount,1,Descriptor/Adjective Synonyms,quantity
net,number,total,amount,0,Descriptor/Adjective Synonyms,Hard Distractor
number,yahoo,amount,total,0,Descriptor/Adjective Synonyms,Random Distractor
some,several,many,few,1,Noun/Concept Synonyms,quantity words
some,several,few,can,0,Noun/Concept Synonyms,Hard Distractor
many,several,some,ant,0,Noun/Concept Synonyms,Random Distractor
tiff,scrap,row,fight,1,Noun/Concept Synonyms,quarrel
fight,tiff,chrome,scrap,0,Noun/Concept Synonyms,Hard Distractor
scrap,row,touch,fight,0,Noun/Concept Synonyms,Random Distractor
bed,mary,bee,mother,1,Fill-in-the-Blank,queen ___
mary,macbeth,mother,bee,0,Fill-in-the-Blank,Hard Distractor
bed,bee,gall,mother,0,Fill-in-the-Blank,Random Distractor
swim,dip,splash,dive,1,Idioms & Slang,quick jump in the pool
swim,dip,dive,speed,0,Idioms & Slang,Hard Distractor
day,dive,dip,splash,0,Idioms & Slang,Random Distractor
look,gander,glance,glimpse,1,Noun/Concept Synonyms,quick peek
glimpse,glance,jinx,gander,0,Noun/Concept Synonyms,Hard Distractor
gander,glance,grammy,look,0,Noun/Concept Synonyms,Random Distractor
blast,rave,bash,blowout,1,Descriptor/Adjective Synonyms,quite the party
blowout,bash,rave,being,0,Descriptor/Adjective Synonyms,Hard Distractor
blowout,bash,blast,quite,0,Descriptor/Adjective Synonyms,Random Distractor
chatterbox,blabbermouth,prattler,windbag,1,Noun/Concept Synonyms,quite the talker
windbag,prattler,turncoat,blabbermouth,0,Noun/Concept Synonyms,Hard Distractor
blabbermouth,blue,chatterbox,windbag,0,Noun/Concept Synonyms,Random Distractor
gross,king,stern,glass,1,Members of a Set/Entities,radio hall of fame members
stern,king,demi,glass,0,Members of a Set/Entities,Hard Distractor
glass,king,gross,lag,0,Members of a Set/Entities,Random Distractor
copy,out,roger,over,1,Noun/Concept Synonyms,radio lingo
roger,out,copy,bunker,0,Noun/Concept Synonyms,Hard Distractor
roger,mochi,copy,over,0,Noun/Concept Synonyms,Random Distractor
roger,negative,over,copy,1,Noun/Concept Synonyms,radio lingo
over,negative,copy,ear,0,Noun/Concept Synonyms,Hard Distractor
negative,over,jargon,copy,0,Noun/Concept Synonyms,Random Distractor
channel,band,frequency,station,1,Noun/Concept Synonyms,radio tuning options
channel,liquid,station,frequency,0,Noun/Concept Synonyms,Hard Distractor
station,portugal,frequency,channel,0,Noun/Concept Synonyms,Random Distractor
forest,coat,maker,bow,1,Fill-in-the-Blank,rain___
day,bow,coat,forest,0,Fill-in-the-Blank,Hard Distractor
hoho,coat,bow,maker,0,Fill-in-the-Blank,Random Distractor
grime,bounce,drill,crunk,1,Members of a Set/Entities,rap subgenres
grime,drill,crunk,jungle,0,Members of a Set/Entities,Hard Distractor
grime,command,crunk,bounce,0,Members of a Set/Entities,Random Distractor
q-tip,ice cube,common,future,1,Noun/Concept Synonyms,rappers
q-tip,future,boardwalk,ice cube,0,Noun/Concept Synonyms,Hard Distractor
ice cube,future,common,scimitar,0,Noun/Concept Synonyms,Random Distractor
tip,pain,40,cole,1,Word Structure/Play,rappers minus first letter
40,haystack,cole,tip,0,Word Structure/Play,Hard Distractor
pain,cornichon,40,cole,0,Word Structure/Play,Random Distractor
pac,savage,chainz,cent,1,Noun/Concept Synonyms,rappers minus numbers
savage,accept,cent,pac,0,Noun/Concept Synonyms,Hard Distractor
savage,cent,pac,rocker,0,Noun/Concept Synonyms,Random Distractor
rough,gruff,husky,hoarse,1,Descriptor/Adjective Synonyms,raspy
husky,gruff,nerve,hoarse,0,Descriptor/Adjective Synonyms,Hard Distractor
hoarse,gruff,rough,thigh-high,0,Descriptor/Adjective Synonyms,Random Distractor
percentage,thumbs,stars,a-f,1,Noun/Concept Synonyms,ratings systems
false,percentage,a-f,thumbs,0,Noun/Concept Synonyms,Hard Distractor
thumbs,percentage,a-f,guest,0,Noun/Concept Synonyms,Random Distractor
basis,foundation,reason,grounds,1,Noun/Concept Synonyms,rationale
fade,grounds,basis,foundation,0,Noun/Concept Synonyms,Hard Distractor
basis,buddy,grounds,reason,0,Noun/Concept Synonyms,Random Distractor
message,ping,text,contact,1,Noun/Concept Synonyms,reach out to
ping,text,message,windbag,0,Noun/Concept Synonyms,Hard Distractor
amount,message,ping,text,0,Noun/Concept Synonyms,Random Distractor
96,mow,noon,sis,1,Idioms & Slang,reads the same rotated 180°
mow,sis,96,badge,0,Idioms & Slang,Hard Distractor
noon,96,nibble,mow,0,Idioms & Slang,Random Distractor
estate,madrid,world,deal,1,Fill-in-the-Blank,real ___
estate,hole,madrid,world,0,Fill-in-the-Blank,Hard Distractor
madrid,estate,deal,idaho,0,Fill-in-the-Blank,Random Distractor
catfish,chopped,survivor,alone,1,Trivia/Pop Culture,reality shows
catfish,alone,let me in,chopped,0,Trivia/Pop Culture,Hard Distractor
survivor,alone,prune,catfish,0,Trivia/Pop Culture,Random Distractor
domain,field,sphere,area,1,Noun/Concept Synonyms,realm of expertise
song,sphere,field,domain,0,Noun/Concept Synonyms,Hard Distractor
7,area,sphere,domain,0,Noun/Concept Synonyms,Random Distractor
bounce,ricochet,carom,bank,1,Noun/Concept Synonyms,rebound
scruff,bounce,carom,bank,0,Noun/Concept Synonyms,Hard Distractor
bounce,bank,baloney,ricochet,0,Noun/Concept Synonyms,Random Distractor
columbia,virgin,capitol,island,1,Noun/Concept Synonyms,record labels
island,keys,columbia,virgin,0,Noun/Concept Synonyms,Hard Distractor
virgin,island,awareness ribbon,capitol,0,Noun/Concept Synonyms,Random Distractor
shoebox,brick,fish tank,microwave,1,Noun/Concept Synonyms,rectangular prisms
fish tank,plateau,brick,shoebox,0,Noun/Concept Synonyms,Hard Distractor
fish tank,shoebox,fork,microwave,0,Noun/Concept Synonyms,Random Distractor
glass,metal,plastic,paper,1,Action/Verb Synonyms,recycling categories
draconian,glass,metal,paper,0,Action/Verb Synonyms,Hard Distractor
plastic,glass,paper,keen,0,Action/Verb Synonyms,Random Distractor
bull,carpet,meat,cross,1,Fill-in-the-Blank,red ___
meat,bar,carpet,cross,0,Fill-in-the-Blank,Hard Distractor
carpet,finger roll,bull,cross,0,Fill-in-the-Blank,Random Distractor
velvet,herring,delicious,tape,1,Fill-in-the-Blank,red ___
delicious,trail,tape,herring,0,Fill-in-the-Blank,Hard Distractor
velvet,extension,delicious,herring,0,Fill-in-the-Blank,Random Distractor
elegance,grace,style,taste,1,Descriptor/Adjective Synonyms,refined sensibility
grace,style,multiply,elegance,0,Descriptor/Adjective Synonyms,Hard Distractor
rugged,grace,taste,elegance,0,Descriptor/Adjective Synonyms,Random Distractor
gleam,glitter,sparkle,flash,1,Noun/Concept Synonyms,reflect light
sparkle,reel,flash,gleam,0,Noun/Concept Synonyms,Hard Distractor
flash,froth,sparkle,glitter,0,Noun/Concept Synonyms,Random Distractor
buy,trust,believe,accept,1,Noun/Concept Synonyms,regard as true
accept,believe,bridge,trust,0,Noun/Concept Synonyms,Hard Distractor
buy,trust,accept,beret,0,Noun/Concept Synonyms,Random Distractor
about,toward,on,concerning,1,Action/Verb Synonyms,regarding
on,concerning,toward,sponge,0,Action/Verb Synonyms,Hard Distractor
on,toward,concerning,carafe,0,Action/Verb Synonyms,Random Distractor
limit,check,curb,contain,1,Noun/Concept Synonyms,regulate
curb,check,limit,yield,0,Noun/Concept Synonyms,Hard Distractor
julienne,contain,limit,curb,0,Noun/Concept Synonyms,Random Distractor
parrot,echo,repeat,quote,1,Noun/Concept Synonyms,reiterate
dupe,repeat,parrot,quote,0,Noun/Concept Synonyms,Hard Distractor
echo,quote,organ,parrot,0,Noun/Concept Synonyms,Random Distractor
insurance,escrow,appraisal,mortgage,1,Idioms & Slang,related to buying a home
escrow,mortgage,appraisal,lose,0,Idioms & Slang,Hard Distractor
escrow,poke,insurance,mortgage,0,Idioms & Slang,Random Distractor
acoustic,auditory,heard,sonic,1,Noun/Concept Synonyms,related to sound/hearing
symbol,heard,sonic,acoustic,0,Noun/Concept Synonyms,Hard Distractor
sonic,underline,auditory,heard,0,Noun/Concept Synonyms,Random Distractor
conductor,car,track,station,1,Noun/Concept Synonyms,related to trains
conductor,track,jean,car,0,Noun/Concept Synonyms,Hard Distractor
conductor,sort,car,track,0,Noun/Concept Synonyms,Random Distractor
mother,cousin,nephew,aunt,1,Noun/Concept Synonyms,relatives
nephew,aunt,cylinder,mother,0,Noun/Concept Synonyms,Hard Distractor
cousin,lavender,aunt,mother,0,Noun/Concept Synonyms,Random Distractor
hang,loaf,chill,lounge,1,Noun/Concept Synonyms,relax
hitch,hang,lounge,chill,0,Noun/Concept Synonyms,Hard Distractor
lounge,chill,i ran,hang,0,Noun/Concept Synonyms,Random Distractor
lounge,loaf,chill,veg,1,Noun/Concept Synonyms,relax
loaf,veg,chill,myself,0,Noun/Concept Synonyms,Hard Distractor
loaf,chill,vend,veg,0,Noun/Concept Synonyms,Random Distractor
pastor,lama,cardinal,monk,1,Trivia/Pop Culture,religious figures
cardinal,rex,lama,pastor,0,Trivia/Pop Culture,Hard Distractor
lama,monk,dock,pastor,0,Trivia/Pop Culture,Random Distractor
power,menu,volume,channel,1,Noun/Concept Synonyms,remote control buttons
channel,menu,wing,volume,0,Noun/Concept Synonyms,Hard Distractor
power,house,volume,channel,0,Noun/Concept Synonyms,Random Distractor
menu,back,select,home,1,Noun/Concept Synonyms,remote control buttons
select,lid,menu,back,0,Noun/Concept Synonyms,Hard Distractor
menu,select,back,river,0,Noun/Concept Synonyms,Random Distractor
stop,home,mute,volume,1,Noun/Concept Synonyms,remote control functions
stop,volume,mute,fur,0,Noun/Concept Synonyms,Hard Distractor
lickety,stop,mute,volume,0,Noun/Concept Synonyms,Random Distractor
country,woods,bush,sticks,1,Noun/Concept Synonyms,remote rural area
country,bush,sticks,lax,0,Noun/Concept Synonyms,Hard Distractor
sticks,woods,tizzy,country,0,Noun/Concept Synonyms,Random Distractor
thread,wax,pluck,laser,1,Noun/Concept Synonyms,"remove, as body hair"
aviator,laser,wax,thread,0,Noun/Concept Synonyms,Hard Distractor
room,wax,laser,thread,0,Noun/Concept Synonyms,Random Distractor
wipe,flick,sweep,brush,1,Noun/Concept Synonyms,"remove, as crumbs"
brush,sweep,flick,expiration,0,Noun/Concept Synonyms,Hard Distractor
brush,wipe,bib,flick,0,Noun/Concept Synonyms,Random Distractor
pares,shells,shucks,peels,1,Noun/Concept Synonyms,removes the covering of
shells,popular,shucks,peels,0,Noun/Concept Synonyms,Hard Distractor
pares,shucks,craven,peels,0,Noun/Concept Synonyms,Random Distractor
work,upgrades,construction,repairs,1,Noun/Concept Synonyms,renovations
construction,upgrades,book,repairs,0,Noun/Concept Synonyms,Hard Distractor
fire truck,work,construction,repairs,0,Noun/Concept Synonyms,Random Distractor
there,hear,tut,knock,1,Idioms & Slang,repeated words in expressions
there,hear,knock,hitman,0,Idioms & Slang,Hard Distractor
knock,there,grande,hear,0,Idioms & Slang,Random Distractor
copy,extra,spare,backup,1,Noun/Concept Synonyms,replacement
lose,spare,extra,copy,0,Noun/Concept Synonyms,Hard Distractor
copy,extra,spare,there,0,Noun/Concept Synonyms,Random Distractor
backup,substitute,cover,sub,1,Noun/Concept Synonyms,replacement
backup,substitute,sub,several,0,Noun/Concept Synonyms,Hard Distractor
dovetail,substitute,sub,cover,0,Noun/Concept Synonyms,Random Distractor
relief,alternate,cover,backup,1,Noun/Concept Synonyms,replacement
shake,backup,alternate,cover,0,Noun/Concept Synonyms,Hard Distractor
pin,backup,relief,alternate,0,Noun/Concept Synonyms,Random Distractor
lyre,big bear,centaur,hunter,1,Noun/Concept Synonyms,represented by constellations
lyre,big bear,centaur,chevron,0,Noun/Concept Synonyms,Hard Distractor
lyre,centaur,big bear,stare,0,Noun/Concept Synonyms,Random Distractor
intro class,devil,james bond,cannabis,1,Noun/Concept Synonyms,represented by three-digit numbers
devil,intro class,baby,cannabis,0,Noun/Concept Synonyms,Hard Distractor
devil,intro class,james bond,xerox,0,Noun/Concept Synonyms,Random Distractor
standing,face,image,regard,1,Noun/Concept Synonyms,reputation
regard,o,image,standing,0,Noun/Concept Synonyms,Hard Distractor
standing,image,40,face,0,Noun/Concept Synonyms,Random Distractor
bank,save,stash,store,1,Noun/Concept Synonyms,reserve for later
bank,store,officiant,save,0,Noun/Concept Synonyms,Hard Distractor
save,bank,store,notorious,0,Noun/Concept Synonyms,Random Distractor
stay,live,dwell,inhabit,1,Noun/Concept Synonyms,reside
stay,dwell,inhabit,part one,0,Noun/Concept Synonyms,Hard Distractor
inhabit,cream,dwell,live,0,Noun/Concept Synonyms,Random Distractor
mat,band,dumbbell,bench,1,Members of a Set/Entities,resistance training equipment
mat,band,dumbbell,triangle,0,Members of a Set/Entities,Hard Distractor
band,mat,bench,hop,0,Members of a Set/Entities,Random Distractor
right,correct,bingo,yes,1,Idioms & Slang,response to a correct answer
yes,bingo,correct,crud,0,Idioms & Slang,Hard Distractor
bingo,yes,honda,correct,0,Idioms & Slang,Random Distractor
starter,dessert,side,main,1,Noun/Concept Synonyms,restaurant courses
main,dolly,side,starter,0,Noun/Concept Synonyms,Hard Distractor
starter,dessert,side,bears,0,Noun/Concept Synonyms,Random Distractor
dishwasher,cook,host,server,1,Noun/Concept Synonyms,restaurant jobs
cook,pioneers,server,dishwasher,0,Noun/Concept Synonyms,Hard Distractor
sketch,host,server,dishwasher,0,Noun/Concept Synonyms,Random Distractor
booth,counter,table,bar,1,Noun/Concept Synonyms,restaurant seating options
table,booth,pamper,counter,0,Noun/Concept Synonyms,Hard Distractor
booth,bar,vamp,counter,0,Noun/Concept Synonyms,Random Distractor
tap,sparkling,bottled,still,1,Noun/Concept Synonyms,restaurant water options
sparkling,tap,bottled,slug,0,Noun/Concept Synonyms,Hard Distractor
heyday,tap,bottled,sparkling,0,Noun/Concept Synonyms,Random Distractor
chef,server,host,bartender,1,Noun/Concept Synonyms,restaurant workers
chef,bartender,server,sting,0,Noun/Concept Synonyms,Hard Distractor
host,kite,bartender,chef,0,Noun/Concept Synonyms,Random Distractor
check,curb,limit,stem,1,Noun/Concept Synonyms,restrain
vape,stem,check,limit,0,Noun/Concept Synonyms,Hard Distractor
stem,check,success,curb,0,Noun/Concept Synonyms,Random Distractor
check,block,stop,dam,1,Noun/Concept Synonyms,restrict
block,read,stop,dam,0,Noun/Concept Synonyms,Hard Distractor
american flag,check,dam,stop,0,Noun/Concept Synonyms,Random Distractor
check,curb,limit,cap,1,Noun/Concept Synonyms,restrict
check,limit,curb,glass,0,Noun/Concept Synonyms,Hard Distractor
cap,curb,water wings,limit,0,Noun/Concept Synonyms,Random Distractor
fruit,product,return,yield,1,Noun/Concept Synonyms,result
product,yield,return,pant,0,Noun/Concept Synonyms,Hard Distractor
product,fruit,return,zin,0,Noun/Concept Synonyms,Random Distractor
product,sum,difference,quotient,1,Descriptor/Adjective Synonyms,results of some arithmetic
sum,product,ella,quotient,0,Descriptor/Adjective Synonyms,Hard Distractor
quotient,difference,oops,sum,0,Descriptor/Adjective Synonyms,Random Distractor
ditch,pit,hole,trench,1,Noun/Concept Synonyms,results of some digging
trench,hole,pit,shaken,0,Noun/Concept Synonyms,Hard Distractor
felicity,hole,pit,ditch,0,Noun/Concept Synonyms,Random Distractor
best boy,idea,stables,kroner,1,Word Structure/Play,retail chains with a letter changed
best boy,stables,chi,idea,0,Word Structure/Play,Hard Distractor
best boy,idea,stables,incredible,0,Word Structure/Play,Random Distractor
lime,pickle,mortar,jenny,1,Word Structure/Play,rhyme with u.s. coins
darth,jenny,pickle,lime,0,Word Structure/Play,Hard Distractor
mortar,lunch,pickle,jenny,0,Word Structure/Play,Random Distractor
karen,aaron,darren,sharon,1,Word Structure/Play,rhymes
karen,aaron,sharon,eye,0,Word Structure/Play,Hard Distractor
aaron,karen,sharon,munich,0,Word Structure/Play,Random Distractor
fryer,fire,choir,liar,1,Word Structure/Play,rhymes
fire,geez,liar,fryer,0,Word Structure/Play,Hard Distractor
fire,goofy,choir,fryer,0,Word Structure/Play,Random Distractor
hurdle,confections,grands,swelling sea,1,Word Structure/Play,rhymes for new york times games
grands,hurdle,swelling sea,darth,0,Word Structure/Play,Hard Distractor
confections,tray,swelling sea,grands,0,Word Structure/Play,Random Distractor
widen,vixen,pagan,smarter,1,Word Structure/Play,rhymes of u.s. president names
pagan,smarter,why,vixen,0,Word Structure/Play,Hard Distractor
pagan,widen,programming,smarter,0,Word Structure/Play,Random Distractor
hubbub,nitwit,backpack,ragtag,1,Action/Verb Synonyms,rhyming compound words
nitwit,file,backpack,hubbub,0,Action/Verb Synonyms,Hard Distractor
backpack,ragtag,roots,hubbub,0,Action/Verb Synonyms,Random Distractor
downtown,backpack,cookbook,bigwig,1,Action/Verb Synonyms,rhyming compound words
genesis,cookbook,bigwig,downtown,0,Action/Verb Synonyms,Hard Distractor
cookbook,bigwig,backpack,delicate,0,Action/Verb Synonyms,Random Distractor
be kind rewind,fright night,e.t.,kill bill,1,Action/Verb Synonyms,rhyming titles
fish,kill bill,be kind rewind,fright night,0,Action/Verb Synonyms,Hard Distractor
e.t.,fright night,rocker,kill bill,0,Action/Verb Synonyms,Random Distractor
clear,drain,empty,flush,1,Noun/Concept Synonyms,rid of contents
drain,empty,aim,clear,0,Noun/Concept Synonyms,Hard Distractor
flush,drain,clear,race,0,Noun/Concept Synonyms,Random Distractor
stiff,rob,hose,fleece,1,Noun/Concept Synonyms,rip off
hoop,fleece,hose,stiff,0,Noun/Concept Synonyms,Hard Distractor
stiff,hose,latex,fleece,0,Noun/Concept Synonyms,Random Distractor
torn,cleft,split,rent,1,Noun/Concept Synonyms,ripped
cleft,moderate,rent,split,0,Noun/Concept Synonyms,Hard Distractor
split,weed,cleft,rent,0,Noun/Concept Synonyms,Random Distractor
spicy,blue,adult,suggestive,1,Noun/Concept Synonyms,risqué
adult,play,spicy,blue,0,Noun/Concept Synonyms,Hard Distractor
spicy,blue,suggestive,triple crown,0,Noun/Concept Synonyms,Random Distractor
avenue,drag,drive,artery,1,Noun/Concept Synonyms,road
holmes,artery,drive,drag,0,Noun/Concept Synonyms,Hard Distractor
drive,avenue,drag,ella,0,Noun/Concept Synonyms,Random Distractor
alley,lane,drive,street,1,Members of a Set/Entities,road names
street,alley,drive,roller,0,Members of a Set/Entities,Hard Distractor
street,alley,drive,noaa,0,Members of a Set/Entities,Random Distractor
anvil,coyote,boulder,tnt,1,Noun/Concept Synonyms,road runner cartoon staples
coyote,anvil,boulder,haul,0,Noun/Concept Synonyms,Hard Distractor
equal,coyote,tnt,boulder,0,Noun/Concept Synonyms,Random Distractor
casino,heat,taxi driver,joker,1,Noun/Concept Synonyms,robert de niro films
sos,taxi driver,joker,casino,0,Noun/Concept Synonyms,Hard Distractor
heat,casino,basin,taxi driver,0,Noun/Concept Synonyms,Random Distractor
healthy,strong,fit,sound,1,Noun/Concept Synonyms,robust
strong,chapstick,fit,healthy,0,Noun/Concept Synonyms,Hard Distractor
fit,togo,strong,healthy,0,Noun/Concept Synonyms,Random Distractor
heart,queen,madonna,prince,1,Idioms & Slang,rock & roll hall of fame inductees
prince,drop,heart,madonna,0,Idioms & Slang,Hard Distractor
madonna,cumin,heart,queen,0,Idioms & Slang,Random Distractor
glam,metal,goth,punk,1,Members of a Set/Entities,rock genres
punk,zipper,glam,goth,0,Members of a Set/Entities,Hard Distractor
glam,gulch,goth,punk,0,Members of a Set/Entities,Random Distractor
arena,garage,alternative,classic,1,Members of a Set/Entities,rock music subgenres
garage,hammer,arena,alternative,0,Members of a Set/Entities,Hard Distractor
classic,assignment,arena,alternative,0,Members of a Set/Entities,Random Distractor
paper,shoot,scissors,rock,1,Noun/Concept Synonyms,rock paper scissors
rock,shoot,paper,line,0,Noun/Concept Synonyms,Hard Distractor
rock,palette,shoot,scissors,0,Noun/Concept Synonyms,Random Distractor
star,candy,bottom,garden,1,Fill-in-the-Blank,rock ___
witch,candy,star,garden,0,Fill-in-the-Blank,Hard Distractor
ab,star,candy,bottom,0,Fill-in-the-Blank,Random Distractor
picture,rocky,show,horror,1,Trivia/Pop Culture,rocky horror picture show
horror,show,rocky,notorious,0,Trivia/Pop Culture,Hard Distractor
origami,picture,show,horror,0,Trivia/Pop Culture,Random Distractor
rat,hamster,vole,gerbil,1,Noun/Concept Synonyms,rodents
gerbil,vole,hamster,fair,0,Noun/Concept Synonyms,Hard Distractor
rat,vole,irate,hamster,0,Noun/Concept Synonyms,Random Distractor
rocky,itchy,pinky,chip,1,Idioms & Slang,rodents who are first in a cartoon duo
itchy,organize,pinky,chip,0,Idioms & Slang,Hard Distractor
itchy,rocky,chip,bluster,0,Idioms & Slang,Random Distractor
stick,bat,club,staff,1,Noun/Concept Synonyms,rods
staff,club,spoon,bat,0,Noun/Concept Synonyms,Hard Distractor
bat,listen,staff,club,0,Noun/Concept Synonyms,Random Distractor
crochet hook,crowbar,crook,candy cane,1,Idioms & Slang,rods that curve at one end
candy cane,crook,raffle,crowbar,0,Idioms & Slang,Hard Distractor
crook,candy cane,crochet hook,rhine,0,Idioms & Slang,Random Distractor
v,l,m,d,1,Noun/Concept Synonyms,roman numerals
l,m,saloon,d,0,Noun/Concept Synonyms,Hard Distractor
m,l,mud,d,0,Noun/Concept Synonyms,Random Distractor
connection,spark,feelings,vibe,1,Descriptor/Adjective Synonyms,romantic beginnings
connection,vibe,spark,mine,0,Descriptor/Adjective Synonyms,Hard Distractor
vibe,spark,point,feelings,0,Descriptor/Adjective Synonyms,Random Distractor
yours,always,kisses,love,1,Word Structure/Play,romantic letter sign-offs
kisses,love,yours,able,0,Word Structure/Play,Hard Distractor
always,kisses,thick,yours,0,Word Structure/Play,Random Distractor
lover,steady,sweetheart,flame,1,Descriptor/Adjective Synonyms,romantic partner
sweetheart,giant,flame,steady,0,Descriptor/Adjective Synonyms,Hard Distractor
lean,lover,sweetheart,flame,0,Descriptor/Adjective Synonyms,Random Distractor
attraction,sparks,chemistry,fireworks,1,Descriptor/Adjective Synonyms,romantic rapport
sparks,chemistry,blast,fireworks,0,Descriptor/Adjective Synonyms,Hard Distractor
chemistry,use,sparks,fireworks,0,Descriptor/Adjective Synonyms,Random Distractor
thing,pair,couple,item,1,Descriptor/Adjective Synonyms,romantic twosome
item,thing,giant,couple,0,Descriptor/Adjective Synonyms,Hard Distractor
drugstore,pair,item,thing,0,Descriptor/Adjective Synonyms,Random Distractor
spark,fireworks,connection,chemistry,1,Descriptor/Adjective Synonyms,romantic vibe
fireworks,flack,connection,spark,0,Descriptor/Adjective Synonyms,Hard Distractor
chemistry,spark,pox,fireworks,0,Descriptor/Adjective Synonyms,Random Distractor
study,den,kitchen,bedroom,1,Noun/Concept Synonyms,rooms in a house
bedroom,sun,den,study,0,Noun/Concept Synonyms,Hard Distractor
hoarse,study,kitchen,bedroom,0,Noun/Concept Synonyms,Random Distractor
study,lounge,library,hall,1,Idioms & Slang,rooms in the game clue
engross,study,hall,library,0,Idioms & Slang,Hard Distractor
hall,cost,study,library,0,Idioms & Slang,Random Distractor
handset,cradle,dial,cord,1,Noun/Concept Synonyms,rotary phone parts
cradle,unrestraint,handset,cord,0,Noun/Concept Synonyms,Hard Distractor
handset,dial,cradle,prod,0,Noun/Concept Synonyms,Random Distractor
crank,turn,wind,reel,1,Noun/Concept Synonyms,rotate
crank,turn,wind,function,0,Noun/Concept Synonyms,Hard Distractor
crank,nephew,wind,reel,0,Noun/Concept Synonyms,Random Distractor
even,odd,black,red,1,Noun/Concept Synonyms,roulette bets
black,odd,red,scale,0,Noun/Concept Synonyms,Hard Distractor
even,odd,hydrant,black,0,Noun/Concept Synonyms,Random Distractor
red,even,odd,black,1,Noun/Concept Synonyms,roulette options
even,black,odd,bubbles,0,Noun/Concept Synonyms,Hard Distractor
faucet,even,odd,black,0,Noun/Concept Synonyms,Random Distractor
pancake,record,coaster,frisbee,1,Members of a Set/Entities,round flat things
record,coaster,pancake,school,0,Members of a Set/Entities,Hard Distractor
startle,frisbee,coaster,record,0,Members of a Set/Entities,Random Distractor
funding,golf,applause,drinks,1,Fill-in-the-Blank,round of ___
applause,spoon,drinks,funding,0,Fill-in-the-Blank,Hard Distractor
golf,funding,applause,express,0,Fill-in-the-Blank,Random Distractor
globe,ball,orb,sphere,1,Noun/Concept Synonyms,round three-dimensional objects
ball,neutral,globe,sphere,0,Noun/Concept Synonyms,Hard Distractor
sphere,globe,dodge,ball,0,Noun/Concept Synonyms,Random Distractor
prince,baron,king,earl,1,Noun/Concept Synonyms,royal and noble titles
king,earl,baron,lose,0,Noun/Concept Synonyms,Hard Distractor
chicken little,baron,king,prince,0,Noun/Concept Synonyms,Random Distractor
we,flush,family,jelly,1,Fill-in-the-Blank,royal ___
family,we,cheese,jelly,0,Fill-in-the-Blank,Hard Distractor
family,hub,jelly,flush,0,Fill-in-the-Blank,Random Distractor
grate,gnash,grind,scrape,1,Noun/Concept Synonyms,rub together
gnash,scrape,grind,mousse,0,Noun/Concept Synonyms,Hard Distractor
grind,gnash,scrape,beep beep,0,Noun/Concept Synonyms,Random Distractor
urgent,void,approved,paid,1,Noun/Concept Synonyms,rubber stamp words
paid,void,snack,approved,0,Noun/Concept Synonyms,Hard Distractor
urgent,approved,paid,vast,0,Noun/Concept Synonyms,Random Distractor
soul,cement,band,duckie,1,Fill-in-the-Blank,rubber ___
cement,band,mario world,duckie,0,Fill-in-the-Blank,Hard Distractor
cement,soul,duckie,gaffer,0,Fill-in-the-Blank,Random Distractor
point,stare,whisper,snicker,1,Members of a Set/Entities,rude things to do
sprinkler,whisper,stare,snicker,0,Members of a Set/Entities,Hard Distractor
stare,snicker,point,mobile,0,Members of a Set/Entities,Random Distractor
interrupt,point,stare,litter,1,Members of a Set/Entities,rude things to do
interrupt,mung,point,stare,0,Members of a Set/Entities,Hard Distractor
stare,laundromat,litter,interrupt,0,Members of a Set/Entities,Random Distractor
desert,jilt,ignore,ghost,1,Noun/Concept Synonyms,rudely break off contact
ghost,trinket,ignore,jilt,0,Noun/Concept Synonyms,Hard Distractor
ignore,finish,ghost,desert,0,Noun/Concept Synonyms,Random Distractor
root,dig,sift,comb,1,Noun/Concept Synonyms,rummage
comb,sports,root,dig,0,Noun/Concept Synonyms,Hard Distractor
root,delta,sift,dig,0,Noun/Concept Synonyms,Random Distractor
race,dash,sprint,bolt,1,Action/Verb Synonyms,run quickly
race,vacuum,bolt,sprint,0,Action/Verb Synonyms,Hard Distractor
race,gucci,sprint,dash,0,Action/Verb Synonyms,Random Distractor
pedestrian,banal,everyday,humdrum,1,Noun/Concept Synonyms,run-of-the-mill
muzzle,humdrum,everyday,pedestrian,0,Noun/Concept Synonyms,Hard Distractor
everyday,humdrum,gothic,banal,0,Noun/Concept Synonyms,Random Distractor
blew,burst,split,broke,1,Noun/Concept Synonyms,ruptured
beetle,blew,broke,burst,0,Noun/Concept Synonyms,Hard Distractor
broke,strong,blew,split,0,Noun/Concept Synonyms,Random Distractor
draft,puff,blow,gust,1,Noun/Concept Synonyms,rush of wind
puff,gust,draft,fire,0,Noun/Concept Synonyms,Hard Distractor
dialect,puff,gust,draft,0,Noun/Concept Synonyms,Random Distractor
gust,blow,blast,gale,1,Noun/Concept Synonyms,rush of wind
blast,gale,sock,gust,0,Noun/Concept Synonyms,Hard Distractor
gust,blow,gale,cheddar,0,Noun/Concept Synonyms,Random Distractor
tar,salty dog,swab,skipper,1,Noun/Concept Synonyms,sailor
swab,tar,salty dog,naive,0,Noun/Concept Synonyms,Hard Distractor
tar,skipper,swab,coo,0,Noun/Concept Synonyms,Random Distractor
ruffle,combo,goldfish,taki,1,Noun/Concept Synonyms,salty snack unit
ruffle,goldfish,combo,poplar,0,Noun/Concept Synonyms,Hard Distractor
goldfish,taki,blanket,combo,0,Noun/Concept Synonyms,Random Distractor
praise,applaud,hail,honor,1,Noun/Concept Synonyms,salute
praise,honor,applaud,medium,0,Noun/Concept Synonyms,Hard Distractor
driver,honor,hail,praise,0,Noun/Concept Synonyms,Random Distractor
haven,retreat,port,shelter,1,Descriptor/Adjective Synonyms,sanctuary
shelter,haven,port,monster,0,Descriptor/Adjective Synonyms,Hard Distractor
quarrel,retreat,shelter,haven,0,Descriptor/Adjective Synonyms,Random Distractor
melt,sub,club,cuban,1,Noun/Concept Synonyms,sandwiches
fix,sub,club,cuban,0,Noun/Concept Synonyms,Hard Distractor
melt,peppermint patty,cuban,sub,0,Noun/Concept Synonyms,Random Distractor
stone,paper,castle,piper,1,Fill-in-the-Blank,sand___
stone,paper,mock,piper,0,Fill-in-the-Blank,Hard Distractor
piper,pomp,paper,castle,0,Fill-in-the-Blank,Random Distractor
dasher,comet,vixen,cupid,1,Noun/Concept Synonyms,santa’s reindeer
vixen,dasher,latex,cupid,0,Noun/Concept Synonyms,Hard Distractor
comet,taco,cupid,dasher,0,Noun/Concept Synonyms,Random Distractor
cheek,mouth,attitude,lip,1,Noun/Concept Synonyms,sassiness
cheek,lip,blend,mouth,0,Noun/Concept Synonyms,Hard Distractor
mouth,cheek,lip,signify,0,Noun/Concept Synonyms,Random Distractor
cute,smart,wise,fresh,1,Descriptor/Adjective Synonyms,sassy
crowd,wise,cute,fresh,0,Descriptor/Adjective Synonyms,Hard Distractor
cute,fresh,smart,sinker,0,Descriptor/Adjective Synonyms,Random Distractor
lampoon,cracked,onion,mad,1,Descriptor/Adjective Synonyms,"satirical publications, familiarly"
lampoon,cracked,mad,sour,0,Descriptor/Adjective Synonyms,Hard Distractor
lampoon,tint,cracked,mad,0,Descriptor/Adjective Synonyms,Random Distractor
pay,clear,square,settle,1,Noun/Concept Synonyms,"satisfy, as debts"
square,pay,clear,surface,0,Noun/Concept Synonyms,Hard Distractor
clear,pay,settle,joke,0,Noun/Concept Synonyms,Random Distractor
plum,soy,xo,oyster,1,Noun/Concept Synonyms,sauces in chinese cuisine
current,xo,oyster,plum,0,Noun/Concept Synonyms,Hard Distractor
oyster,xo,plum,sierra,0,Noun/Concept Synonyms,Random Distractor
racket,fast one,hustle,con,1,Noun/Concept Synonyms,scam
con,racket,hustle,manner,0,Noun/Concept Synonyms,Hard Distractor
spine,fast one,con,hustle,0,Noun/Concept Synonyms,Random Distractor
aroma,note,nose,bouquet,1,Noun/Concept Synonyms,scents of wine
note,bouquet,um,nose,0,Noun/Concept Synonyms,Hard Distractor
cigarette,note,nose,bouquet,0,Noun/Concept Synonyms,Random Distractor
trick,ploy,con,sting,1,Noun/Concept Synonyms,scheme
ploy,con,trick,current,0,Noun/Concept Synonyms,Hard Distractor
con,sting,trick,rewind,0,Noun/Concept Synonyms,Random Distractor
plot,hustle,racket,ruse,1,Noun/Concept Synonyms,scheme
racket,top hat,hustle,plot,0,Noun/Concept Synonyms,Hard Distractor
vex,ruse,plot,hustle,0,Noun/Concept Synonyms,Random Distractor
snoot,snout,beak,honker,1,Noun/Concept Synonyms,schnozz
beak,snout,foxglove,snoot,0,Noun/Concept Synonyms,Hard Distractor
slide,honker,snout,beak,0,Noun/Concept Synonyms,Random Distractor
lab,library,gym,auditorium,1,Noun/Concept Synonyms,school facilities
gym,library,tripe,auditorium,0,Noun/Concept Synonyms,Hard Distractor
bolt cutter,library,auditorium,lab,0,Noun/Concept Synonyms,Random Distractor
fish,hard knocks,thought,rock,1,Fill-in-the-Blank,school of ___
game,thought,hard knocks,rock,0,Fill-in-the-Blank,Random Distractor
lunch,recess,homeroom,class,1,Noun/Concept Synonyms,school periods
rear,lunch,homeroom,recess,0,Noun/Concept Synonyms,Hard Distractor
recess,class,lunch,friar,0,Noun/Concept Synonyms,Random Distractor
pen,ruler,tape,scissors,1,Noun/Concept Synonyms,school supplies
scissors,tape,pen,filling,0,Noun/Concept Synonyms,Hard Distractor
scissors,tape,ruler,year,0,Noun/Concept Synonyms,Random Distractor
dune,alien,avatar,tron,1,Noun/Concept Synonyms,sci-fi franchises
cell,tron,avatar,dune,0,Noun/Concept Synonyms,Hard Distractor
alien,tron,avatar,spoke,0,Noun/Concept Synonyms,Random Distractor
abyss,fly,thing,matrix,1,Trivia/Pop Culture,"sci-fi movies, with “the”"
thing,merida,abyss,matrix,0,Trivia/Pop Culture,Hard Distractor
diamonds,fly,abyss,matrix,0,Trivia/Pop Culture,Random Distractor
bunch,ruffle,pucker,gather,1,Descriptor/Adjective Synonyms,"scrunch, as fabric"
pucker,ruffle,concentration,gather,0,Descriptor/Adjective Synonyms,Hard Distractor
bunch,gather,pucker,make do,0,Descriptor/Adjective Synonyms,Random Distractor
tank,snorkel,fins,mask,1,Noun/Concept Synonyms,scuba gear
attitude,snorkel,tank,fins,0,Noun/Concept Synonyms,Hard Distractor
education,tank,fins,mask,0,Noun/Concept Synonyms,Random Distractor
squid,ray,crab,sponge,1,Members of a Set/Entities,sea creatures
sponge,squid,mom,ray,0,Members of a Set/Entities,Hard Distractor
squid,crab,gull,sponge,0,Members of a Set/Entities,Random Distractor
change,cucumber,lion,legs,1,Fill-in-the-Blank,sea ___
cucumber,change,bathroom,lion,0,Fill-in-the-Blank,Hard Distractor
lion,ryan,legs,cucumber,0,Fill-in-the-Blank,Random Distractor
harp,monk,hooded,harbor,1,Noun/Concept Synonyms,seals
land,hooded,harp,monk,0,Noun/Concept Synonyms,Hard Distractor
harbor,inspiration,harp,monk,0,Noun/Concept Synonyms,Random Distractor
baltic,philippine,red,black,1,Noun/Concept Synonyms,seas
baltic,philippine,red,command,0,Noun/Concept Synonyms,Hard Distractor
baltic,black,red,uppercut,0,Noun/Concept Synonyms,Random Distractor
private,remote,hidden,secret,1,Noun/Concept Synonyms,secluded
language,private,hidden,remote,0,Noun/Concept Synonyms,Hard Distractor
remote,private,secret,partridge,0,Noun/Concept Synonyms,Random Distractor
clyde,cher,teller,hardy,1,Trivia/Pop Culture,second in a famous real-life duo
clyde,hardy,genie,teller,0,Trivia/Pop Culture,Hard Distractor
cher,hardy,teller,grumble,0,Trivia/Pop Culture,Random Distractor
gamble,noble,young,johnson,1,Members of a Set/Entities,second names in companies with ampersands
penn,johnson,gamble,young,0,Members of a Set/Entities,Hard Distractor
idaho,gamble,johnson,noble,0,Members of a Set/Entities,Random Distractor
peaks,velvet,highway,drive,1,Idioms & Slang,second words in david lynch titles
highway,uncle,velvet,drive,0,Idioms & Slang,Hard Distractor
peaks,velvet,badgers,drive,0,Idioms & Slang,Random Distractor
masque,cask,fall,pit,1,Idioms & Slang,"second words in poe stories, after ""the"""
cask,masque,knit,fall,0,Idioms & Slang,Hard Distractor
fall,cask,eek,masque,0,Idioms & Slang,Random Distractor
dogs,fiction,unchained,brown,1,Trivia/Pop Culture,second words in tarantino movies
unchained,bogeyman,brown,fiction,0,Trivia/Pop Culture,Hard Distractor
dogs,brown,shelter,unchained,0,Trivia/Pop Culture,Random Distractor
mia,gimme,queen,trouper,1,Idioms & Slang,second words in titles of abba hits
gimme,trouper,queen,mushroom,0,Idioms & Slang,Hard Distractor
mia,gimme,trouper,tourist,0,Idioms & Slang,Random Distractor
russian,mule,mary,breeze,1,Idioms & Slang,second words of vodka cocktails
mule,russian,frank,mary,0,Idioms & Slang,Hard Distractor
breeze,mule,mary,jolly,0,Idioms & Slang,Random Distractor
bell,darling,hook,pan,1,Trivia/Pop Culture,second words of “peter pan” characters
darling,wicked,bell,hook,0,Trivia/Pop Culture,Hard Distractor
darling,hook,bell,proboscis,0,Trivia/Pop Culture,Random Distractor
coming,nature,fiddle,guess,1,Fill-in-the-Blank,second ___
coming,rod,fiddle,guess,0,Fill-in-the-Blank,Hard Distractor
broke,coming,fiddle,nature,0,Fill-in-the-Blank,Random Distractor
fiddle,guess,nature,wind,1,Fill-in-the-Blank,second ___
fiddle,folk,wind,guess,0,Fill-in-the-Blank,Hard Distractor
nature,guess,peke,fiddle,0,Fill-in-the-Blank,Random Distractor
code,sauce,agent,santa,1,Fill-in-the-Blank,secret ___
blow,code,sauce,santa,0,Fill-in-the-Blank,Hard Distractor
pile,agent,santa,code,0,Fill-in-the-Blank,Random Distractor
latex,gum,sap,resin,1,Noun/Concept Synonyms,secreted by trees
resin,gum,fellow,sap,0,Noun/Concept Synonyms,Hard Distractor
sap,bass,resin,latex,0,Noun/Concept Synonyms,Random Distractor
division,wing,division,tier,1,Noun/Concept Synonyms,section
tier,division,interaction,division,0,Noun/Concept Synonyms,Hard Distractor
scram,division,wing,division,0,Noun/Concept Synonyms,Random Distractor
branch,rank,class,limb,1,Noun/Concept Synonyms,section
cradle,branch,class,rank,0,Noun/Concept Synonyms,Hard Distractor
baseball,limb,class,branch,0,Noun/Concept Synonyms,Random Distractor
stage,chapter,phase,period,1,Noun/Concept Synonyms,section of one’s life
phase,chapter,period,resistance,0,Noun/Concept Synonyms,Hard Distractor
period,stage,chapter,involved,0,Noun/Concept Synonyms,Random Distractor
request,book,reserve,order,1,Noun/Concept Synonyms,secure in advance
backup,request,reserve,book,0,Noun/Concept Synonyms,Hard Distractor
book,humor,request,order,0,Noun/Concept Synonyms,Random Distractor
register,scanner,conveyor belt,scale,1,Idioms & Slang,seen at a grocery checkout counter
register,conveyor belt,feather,scale,0,Idioms & Slang,Hard Distractor
register,scale,scanner,playwright,0,Idioms & Slang,Random Distractor
jumbotron,skybox,scoreboard,astroturf,1,Members of a Set/Entities,seen at a sports stadium
scoreboard,saw,skybox,astroturf,0,Members of a Set/Entities,Hard Distractor
scoreboard,jumbotron,duckie,skybox,0,Members of a Set/Entities,Random Distractor
cake,altar,bouquet,ring,1,Noun/Concept Synonyms,seen at a wedding
buns,ring,cake,bouquet,0,Noun/Concept Synonyms,Hard Distractor
altar,latitude,ring,cake,0,Noun/Concept Synonyms,Random Distractor
cone,little spoon,cup,scoop,1,Idioms & Slang,seen at an ice cream shop
scoop,cup,little spoon,northwest,0,Idioms & Slang,Hard Distractor
woods,scoop,cone,cup,0,Idioms & Slang,Random Distractor
trapeze,ring,clown,tent,1,Noun/Concept Synonyms,seen at the circus
tent,clown,trapeze,wok,0,Noun/Concept Synonyms,Hard Distractor
clown,swing state,ring,tent,0,Noun/Concept Synonyms,Random Distractor
jelly bean,egg,bunny,peep,1,Noun/Concept Synonyms,seen during easter
egg,peep,bunny,craze,0,Noun/Concept Synonyms,Hard Distractor
jelly bean,egg,beanie,peep,0,Noun/Concept Synonyms,Random Distractor
pitchfork,bale,horse,trough,1,Noun/Concept Synonyms,seen in a barn
trough,pitchfork,tight,horse,0,Noun/Concept Synonyms,Hard Distractor
mart,bale,trough,pitchfork,0,Noun/Concept Synonyms,Random Distractor
counter,range,sink,fridge,1,Noun/Concept Synonyms,seen in a kitchen
wrong,counter,fridge,range,0,Noun/Concept Synonyms,Hard Distractor
sunrise,sink,range,counter,0,Noun/Concept Synonyms,Random Distractor
hamper,washer,iron,dryer,1,Idioms & Slang,seen in a laundry room
set,dryer,washer,iron,0,Idioms & Slang,Hard Distractor
iron,washer,hamper,haystack,0,Idioms & Slang,Random Distractor
mirror,scale,locker,bench,1,Idioms & Slang,seen in a locker room
locker,bench,mirror,marco polo,0,Idioms & Slang,Hard Distractor
abecedarium,scale,locker,mirror,0,Idioms & Slang,Random Distractor
photo,visa,name,stamp,1,Noun/Concept Synonyms,seen in a passport
photo,visa,name,torrent,0,Noun/Concept Synonyms,Hard Distractor
wraparound,name,photo,stamp,0,Noun/Concept Synonyms,Random Distractor
clay,kiln,wheel,glaze,1,Idioms & Slang,seen in a pottery studio
heart,kiln,clay,wheel,0,Idioms & Slang,Hard Distractor
clay,wheel,joke,kiln,0,Idioms & Slang,Random Distractor
cast,director,title,studio,1,Noun/Concept Synonyms,seen in opening credits
director,title,studio,spoke,0,Noun/Concept Synonyms,Hard Distractor
harp,director,title,cast,0,Noun/Concept Synonyms,Random Distractor
mushroom,puddle,earthworm,mud,1,Idioms & Slang,seen in the aftermath of a rainstorm
earthworm,mushroom,bills,puddle,0,Idioms & Slang,Hard Distractor
geoffrey rush,mud,earthworm,mushroom,0,Idioms & Slang,Random Distractor
princess,parrot,genie,monkey,1,Noun/Concept Synonyms,seen in “aladdin”
genie,absorb,parrot,princess,0,Noun/Concept Synonyms,Hard Distractor
princess,parrot,monkey,punch,0,Noun/Concept Synonyms,Random Distractor
prince,slipper,ball,pumpkin,1,Noun/Concept Synonyms,seen in “cinderella”
prince,pumpkin,sugar,slipper,0,Noun/Concept Synonyms,Hard Distractor
pumpkin,slipper,prince,cane,0,Noun/Concept Synonyms,Random Distractor
ladder,barrel,hammer,gorilla,1,Noun/Concept Synonyms,seen in “donkey kong”
barrel,gorilla,ladder,amount,0,Noun/Concept Synonyms,Hard Distractor
whiskers,hammer,gorilla,ladder,0,Noun/Concept Synonyms,Random Distractor
rubble,bone,dinosaur,club,1,Noun/Concept Synonyms,seen in “the flintstones”
club,tug,rubble,dinosaur,0,Noun/Concept Synonyms,Hard Distractor
club,rubble,dolittle,dinosaur,0,Noun/Concept Synonyms,Random Distractor
twins,hedge maze,typewriter,axe,1,Noun/Concept Synonyms,seen in “the shining”
twins,axe,hand,hedge maze,0,Noun/Concept Synonyms,Hard Distractor
trot,twins,typewriter,hedge maze,0,Noun/Concept Synonyms,Random Distractor
chicken,tractor,farmer,barn,1,Noun/Concept Synonyms,seen on a farm
tractor,chicken,aim,farmer,0,Noun/Concept Synonyms,Hard Distractor
chicken,farmer,horsefeathers,tractor,0,Noun/Concept Synonyms,Random Distractor
club,hole,cart,tee,1,Idioms & Slang,seen on a golf course
cart,tee,birdie,club,0,Idioms & Slang,Hard Distractor
tee,liquid,hole,club,0,Idioms & Slang,Random Distractor
candlestick,placemat,plate,pitcher,1,Idioms & Slang,seen on a table at a dinner party
pitcher,plate,placemat,clock,0,Idioms & Slang,Hard Distractor
let me in,placemat,pitcher,plate,0,Idioms & Slang,Random Distractor
eagle,washington,seal,pyramid,1,Idioms & Slang,seen on a u.s. dollar bill
seal,vane,pyramid,eagle,0,Idioms & Slang,Hard Distractor
pyramid,upper,seal,washington,0,Idioms & Slang,Random Distractor
torch,shield,eagle,monticello,1,Idioms & Slang,seen on backs of u.s. coins
eagle,shield,torch,rumpelstiltskin,0,Idioms & Slang,Hard Distractor
shield,eagle,range,torch,0,Idioms & Slang,Random Distractor
rose,card,heart,chocolate,1,Noun/Concept Synonyms,seen on valentine’s day
card,relief,rose,heart,0,Noun/Concept Synonyms,Hard Distractor
card,raindrop,chocolate,heart,0,Noun/Concept Synonyms,Random Distractor
bin,metal detector,carry-on,x-ray,1,Idioms & Slang,seen while going through airport security
metal detector,carry-on,x-ray,wings,0,Idioms & Slang,Hard Distractor
flush,metal detector,carry-on,bin,0,Idioms & Slang,Random Distractor
cycle,phase,stage,round,1,Noun/Concept Synonyms,segment of a process
stage,round,phase,second,0,Noun/Concept Synonyms,Hard Distractor
for,cycle,round,phase,0,Noun/Concept Synonyms,Random Distractor
mark,check,x,tick,1,Idioms & Slang,"select, as a box on a form"
arrow,mark,x,tick,0,Idioms & Slang,Hard Distractor
swim,check,x,mark,0,Idioms & Slang,Random Distractor
touch,smell,taste,sight,1,Noun/Concept Synonyms,senses
taste,sight,touch,crunch,0,Noun/Concept Synonyms,Hard Distractor
touch,taste,sight,sponge,0,Noun/Concept Synonyms,Random Distractor
part,fork,split,divide,1,Noun/Concept Synonyms,separate
fork,mustard,split,part,0,Noun/Concept Synonyms,Hard Distractor
people eater,divide,part,split,0,Noun/Concept Synonyms,Random Distractor
series,streak,run,string,1,Noun/Concept Synonyms,sequence
bread,streak,series,string,0,Noun/Concept Synonyms,Hard Distractor
series,run,streak,bowie,0,Noun/Concept Synonyms,Random Distractor
chain,string,train,series,1,Noun/Concept Synonyms,sequence
string,series,chain,ranking,0,Noun/Concept Synonyms,Hard Distractor
string,mace,train,chain,0,Noun/Concept Synonyms,Random Distractor
zodiac,psycho,monster,seven,1,Trivia/Pop Culture,serial killer movies
psycho,zodiac,snow,seven,0,Trivia/Pop Culture,Hard Distractor
vitamin,monster,zodiac,psycho,0,Trivia/Pop Culture,Random Distractor
thread,chain,conversation,chat,1,Noun/Concept Synonyms,series of messages
tnt,thread,chat,chain,0,Noun/Concept Synonyms,Hard Distractor
chat,growl,chain,thread,0,Noun/Concept Synonyms,Random Distractor
solid,tangible,firm,concrete,1,Noun/Concept Synonyms,"set, as plans"
contact,solid,concrete,firm,0,Noun/Concept Synonyms,Hard Distractor
firm,contrast,tangible,concrete,0,Noun/Concept Synonyms,Random Distractor
med,off,lo,hi,1,Idioms & Slang,settings on an appliance knob
fungus,off,lo,hi,0,Idioms & Slang,Hard Distractor
lo,off,octopussy,med,0,Idioms & Slang,Random Distractor
happy,bashful,grumpy,doc,1,Noun/Concept Synonyms,seven dwarfs
doc,bashful,grumpy,sister,0,Noun/Concept Synonyms,Hard Distractor
doc,bashful,happy,chemise,0,Noun/Concept Synonyms,Random Distractor
sleep,grump,dope,do,1,Word Structure/Play,seven dwarfs minus last letter
dope,grump,sphynx,sleep,0,Word Structure/Play,Hard Distractor
sleep,do,stringy,grump,0,Word Structure/Play,Random Distractor
jet,sable,raven,ebony,1,Noun/Concept Synonyms,shades of black
fur,raven,jet,ebony,0,Noun/Concept Synonyms,Hard Distractor
jet,sable,raven,germ,0,Noun/Concept Synonyms,Random Distractor
raven,charcoal,jet,onyx,1,Noun/Concept Synonyms,shades of black
jet,drop,onyx,charcoal,0,Noun/Concept Synonyms,Hard Distractor
jet,charcoal,raven,extract,0,Noun/Concept Synonyms,Random Distractor
powder,baby,ice,sky,1,Noun/Concept Synonyms,shades of blue
ice,powder,baby,comb,0,Noun/Concept Synonyms,Hard Distractor
sky,powder,stop sign,baby,0,Noun/Concept Synonyms,Random Distractor
royal,powder,baby,midnight,1,Noun/Concept Synonyms,shades of blue
royal,powder,ranking,midnight,0,Noun/Concept Synonyms,Hard Distractor
baby,powder,midnight,chip,0,Noun/Concept Synonyms,Random Distractor
olive,forest,kelly,emerald,1,Noun/Concept Synonyms,shades of green
olive,democratic,forest,emerald,0,Noun/Concept Synonyms,Hard Distractor
emerald,bench,olive,forest,0,Noun/Concept Synonyms,Random Distractor
lime,pea,hunter,olive,1,Noun/Concept Synonyms,shades of green
olive,slope,lime,pea,0,Noun/Concept Synonyms,Hard Distractor
lime,hunter,placed,olive,0,Noun/Concept Synonyms,Random Distractor
bottle,forest,mint,kelly,1,Noun/Concept Synonyms,shades of green
elementary,mint,bottle,forest,0,Noun/Concept Synonyms,Hard Distractor
preamp,mint,kelly,bottle,0,Noun/Concept Synonyms,Random Distractor
maroon,ruby,rose,brick,1,Noun/Concept Synonyms,shades of red
rose,maroon,brick,baseboard,0,Noun/Concept Synonyms,Hard Distractor
ruby,rose,maroon,amazing,0,Noun/Concept Synonyms,Random Distractor
ruby,brick,cherry,cherry,1,Noun/Concept Synonyms,shades of red
ruby,cherry,brick,reception,0,Noun/Concept Synonyms,Hard Distractor
cherry,w,cherry,brick,0,Noun/Concept Synonyms,Random Distractor
gold,canary,mustard,lemon,1,Noun/Concept Synonyms,shades of yellow
mustard,protein,gold,lemon,0,Noun/Concept Synonyms,Hard Distractor
lemon,mustard,ares,gold,0,Noun/Concept Synonyms,Random Distractor
viola,juliet,duncan,puck,1,Trivia/Pop Culture,shakespeare characters
ring,duncan,juliet,viola,0,Trivia/Pop Culture,Hard Distractor
puck,juliet,viola,nymph,0,Trivia/Pop Culture,Random Distractor
wilt,art,anon,thou,1,Noun/Concept Synonyms,shakespearean words
art,thou,boulder,wilt,0,Noun/Concept Synonyms,Hard Distractor
thou,lola,art,anon,0,Noun/Concept Synonyms,Random Distractor
nerve,gall,cheek,brass,1,Descriptor/Adjective Synonyms,shameless boldness
gall,rout,nerve,cheek,0,Descriptor/Adjective Synonyms,Hard Distractor
nerve,brass,gall,kong,0,Descriptor/Adjective Synonyms,Random Distractor
circle,horseshoe,triangle,pitchfork,1,Word Structure/Play,shapes of capital greek letters
circle,triangle,horseshoe,deli,0,Word Structure/Play,Hard Distractor
pitchfork,horseshoe,triangle,ducky,0,Word Structure/Play,Random Distractor
collective,mutual,joint,common,1,Noun/Concept Synonyms,shared
common,mutual,collective,spat,0,Noun/Concept Synonyms,Hard Distractor
common,collective,joint,home,0,Noun/Concept Synonyms,Random Distractor
tack,pin,brad,nail,1,Noun/Concept Synonyms,sharp fasteners
nail,tack,pin,record,0,Noun/Concept Synonyms,Hard Distractor
nail,pin,operate,tack,0,Noun/Concept Synonyms,Random Distractor
spine,barb,needle,bristle,1,Noun/Concept Synonyms,sharp protrusion
spine,bristle,breast,barb,0,Noun/Concept Synonyms,Hard Distractor
rover,needle,spine,bristle,0,Noun/Concept Synonyms,Random Distractor
bite,spice,edge,punch,1,Descriptor/Adjective Synonyms,sharp quality
giant,punch,spice,edge,0,Descriptor/Adjective Synonyms,Hard Distractor
bite,spice,edge,thumbs up,0,Descriptor/Adjective Synonyms,Random Distractor
hairpin,dogleg,zag,switchback,1,Noun/Concept Synonyms,sharp turns
switchback,zag,dogleg,credit,0,Noun/Concept Synonyms,Hard Distractor
foot,hairpin,zag,switchback,0,Noun/Concept Synonyms,Random Distractor
resolution,detail,definition,clarity,1,Idioms & Slang,"sharpness, as of an image"
clarity,pal,resolution,definition,0,Idioms & Slang,Hard Distractor
resolution,detail,definition,reverse,0,Idioms & Slang,Random Distractor
steer,direct,lead,guide,1,Noun/Concept Synonyms,shepherd
direct,steer,minus,lead,0,Noun/Concept Synonyms,Hard Distractor
lead,direct,steer,thigh-high,0,Noun/Concept Synonyms,Random Distractor
stern,port,starboard,bow,1,Noun/Concept Synonyms,ship directions
wing,port,bow,starboard,0,Noun/Concept Synonyms,Hard Distractor
🧀,stern,bow,port,0,Noun/Concept Synonyms,Random Distractor
button,pocket,cuff,collar,1,Noun/Concept Synonyms,shirt features
button,pocket,dry,cuff,0,Noun/Concept Synonyms,Hard Distractor
pocket,cuff,collar,moderate,0,Noun/Concept Synonyms,Random Distractor
tee,crop,polo,tank,1,Noun/Concept Synonyms,shirts
polo,horseshoe,crop,tank,0,Noun/Concept Synonyms,Hard Distractor
crop,gooden,tank,polo,0,Noun/Concept Synonyms,Random Distractor
wave,value,jock,horror,1,Fill-in-the-Blank,shock ___
value,horror,chemical,wave,0,Fill-in-the-Blank,Hard Distractor
jock,ponder,wave,value,0,Fill-in-the-Blank,Random Distractor
lace,heel,sole,tongue,1,Noun/Concept Synonyms,shoe parts
typewriter,sole,tongue,heel,0,Noun/Concept Synonyms,Hard Distractor
lap,tongue,sole,heel,0,Noun/Concept Synonyms,Random Distractor
sole,eyelet,lace,tongue,1,Noun/Concept Synonyms,shoe parts
party,lace,tongue,sole,0,Noun/Concept Synonyms,Hard Distractor
eyelet,skin,lace,sole,0,Noun/Concept Synonyms,Random Distractor
wedge,slide,clog,slide,1,Noun/Concept Synonyms,shoes
slide,ma,clog,wedge,0,Noun/Concept Synonyms,Hard Distractor
wedge,ascot,clog,slide,0,Noun/Concept Synonyms,Random Distractor
pump,mule,mary jane,flat,1,Noun/Concept Synonyms,shoes
mary jane,pump,flat,teabag,0,Noun/Concept Synonyms,Hard Distractor
flat,lord,pump,mule,0,Noun/Concept Synonyms,Random Distractor
jiff,flash,bit,sec,1,Noun/Concept Synonyms,short period of time
bit,frozen,jiff,flash,0,Noun/Concept Synonyms,Hard Distractor
sec,flash,stinker,bit,0,Noun/Concept Synonyms,Random Distractor
print,find,copy,save,1,Noun/Concept Synonyms,shortcut commands
bug,save,copy,find,0,Noun/Concept Synonyms,Hard Distractor
chapter,print,save,copy,0,Noun/Concept Synonyms,Random Distractor
strut,posture,peacock,grandstand,1,Trivia/Pop Culture,show off
if,posture,strut,grandstand,0,Trivia/Pop Culture,Hard Distractor
peacock,grandstand,bela,posture,0,Trivia/Pop Culture,Random Distractor
redden,pant,cramp,sweat,1,Trivia/Pop Culture,show signs of physical exertion
sweat,cramp,pant,partridge,0,Trivia/Pop Culture,Hard Distractor
seam,pant,redden,cramp,0,Trivia/Pop Culture,Random Distractor
usher,guide,lead,direct,1,Trivia/Pop Culture,show the way
direct,lead,usher,statuette,0,Trivia/Pop Culture,Hard Distractor
direct,ground,guide,usher,0,Trivia/Pop Culture,Random Distractor
er,scrubs,ratched,house,1,Trivia/Pop Culture,shows set in hospitals
house,signs,scrubs,er,0,Trivia/Pop Culture,Hard Distractor
private ryan,house,scrubs,ratched,0,Trivia/Pop Culture,Random Distractor
education,occupation,spouse,born,1,Idioms & Slang,sidebar info on a person’s wikipedia page
occupation,education,right,spouse,0,Idioms & Slang,Hard Distractor
stain,born,spouse,occupation,0,Idioms & Slang,Random Distractor
goose,hobbes,watson,robin,1,Noun/Concept Synonyms,sidekicks
goose,hobbes,dig,watson,0,Noun/Concept Synonyms,Hard Distractor
goose,robin,benchmark,watson,0,Noun/Concept Synonyms,Random Distractor
grate,gutter,manhole,curb,1,Noun/Concept Synonyms,sidewalk sights
now,curb,manhole,gutter,0,Noun/Concept Synonyms,Hard Distractor
peeler,manhole,gutter,curb,0,Noun/Concept Synonyms,Random Distractor
whistle,hail,wave,flag,1,Idioms & Slang,"signal down, as a taxi"
hail,thing,whistle,flag,0,Idioms & Slang,Hard Distractor
bozo,hail,wave,whistle,0,Idioms & Slang,Random Distractor
weight,gravity,import,substance,1,Noun/Concept Synonyms,significance
paste,gravity,import,weight,0,Noun/Concept Synonyms,Hard Distractor
establishment,substance,import,gravity,0,Noun/Concept Synonyms,Random Distractor
major,serious,important,big,1,Noun/Concept Synonyms,significant
big,major,sin,serious,0,Noun/Concept Synonyms,Hard Distractor
important,big,chat,serious,0,Noun/Concept Synonyms,Random Distractor
mean,convey,express,spell,1,Descriptor/Adjective Synonyms,signify
intimate,express,convey,mean,0,Descriptor/Adjective Synonyms,Hard Distractor
spell,poster,convey,express,0,Descriptor/Adjective Synonyms,Random Distractor
hush,peace,still,calm,1,Noun/Concept Synonyms,silence
calm,still,peace,dome,0,Noun/Concept Synonyms,Hard Distractor
still,hush,stocks,peace,0,Noun/Concept Synonyms,Random Distractor
would,calf,colonel,chalk,1,Idioms & Slang,"silent ""l"""
calf,greenlight,would,chalk,0,Idioms & Slang,Hard Distractor
calf,would,chalk,food court,0,Idioms & Slang,Random Distractor
depot,poirot,apostle,mortgage,1,Idioms & Slang,"silent ""t"""
poirot,idaho,depot,mortgage,0,Idioms & Slang,Hard Distractor
apostle,kid,poirot,mortgage,0,Idioms & Slang,Random Distractor
gnaw,gnat,gnome,gnocchi,1,Noun/Concept Synonyms,silent “g”
generate,gnocchi,gnat,gnaw,0,Noun/Concept Synonyms,Hard Distractor
gnat,gnaw,gnome,summer,0,Noun/Concept Synonyms,Random Distractor
doorknob,topknot,knife,unknown,1,Noun/Concept Synonyms,silent “k”
unknown,aunt,doorknob,knife,0,Noun/Concept Synonyms,Hard Distractor
knife,deceit,doorknob,topknot,0,Noun/Concept Synonyms,Random Distractor
salmon,colonel,walk,yolk,1,Noun/Concept Synonyms,silent “l”
ferry,yolk,colonel,walk,0,Noun/Concept Synonyms,Hard Distractor
gable,yolk,colonel,walk,0,Noun/Concept Synonyms,Random Distractor
witch,castle,listen,hustle,1,Noun/Concept Synonyms,silent “t”
hustle,carat,castle,witch,0,Noun/Concept Synonyms,Hard Distractor
ferris,listen,castle,witch,0,Noun/Concept Synonyms,Random Distractor
wreath,sword,wrap,playwright,1,Noun/Concept Synonyms,silent “w”
playwright,pack,sword,wreath,0,Noun/Concept Synonyms,Hard Distractor
sword,wrap,melting,wreath,0,Noun/Concept Synonyms,Random Distractor
wrist,two,wrong,answer,1,Noun/Concept Synonyms,silent “w”
answer,two,wrong,acorn,0,Noun/Concept Synonyms,Hard Distractor
two,wrong,wrist,finally,0,Noun/Concept Synonyms,Random Distractor
yahoo,goof,goose,dodo,1,Noun/Concept Synonyms,silly person
yahoo,goose,king,dodo,0,Noun/Concept Synonyms,Hard Distractor
goose,dodo,goof,curveball,0,Noun/Concept Synonyms,Random Distractor
screen,fox,spoon,lining,1,Fill-in-the-Blank,silver ___
lining,fox,spoon,slush,0,Fill-in-the-Blank,Hard Distractor
fox,cement,lining,screen,0,Fill-in-the-Blank,Random Distractor
baggie,barge,pisa,comer,1,Word Structure/Play,simpson family members with first letter changed
comer,rose,pisa,barge,0,Word Structure/Play,Hard Distractor
baggie,stream,pisa,barge,0,Word Structure/Play,Random Distractor
wonder,king,keys,legend,1,Noun/Concept Synonyms,singer-songwriter pianists
aria,legend,keys,king,0,Noun/Concept Synonyms,Hard Distractor
king,historical,keys,wonder,0,Noun/Concept Synonyms,Random Distractor
gorilla,beetle,monkey,bird,1,Word Structure/Play,single animal in a creatively spelled band name
monkey,dioxide,beetle,bird,0,Word Structure/Play,Hard Distractor
beetle,bird,gorilla,casserole,0,Word Structure/Play,Random Distractor
lap,cycle,turn,revolution,1,Noun/Concept Synonyms,single rotation
lap,deposit,cycle,turn,0,Noun/Concept Synonyms,Hard Distractor
columnist,revolution,lap,turn,0,Noun/Concept Synonyms,Random Distractor
moose,buffalo,deer,fish,1,Members of a Set/Entities,single/plural animals
levy,buffalo,deer,moose,0,Members of a Set/Entities,Hard Distractor
impression,deer,buffalo,fish,0,Members of a Set/Entities,Random Distractor
friend,countryman,roman,ear,1,Trivia/Pop Culture,singular noun in a famous “julius caesar” line
ear,show,roman,countryman,0,Trivia/Pop Culture,Hard Distractor
countryman,basketball,ear,roman,0,Trivia/Pop Culture,Random Distractor
pant,goggle,tong,boxer,1,Members of a Set/Entities,singular of things seen in pairs
tong,blow,goggle,pant,0,Members of a Set/Entities,Hard Distractor
pant,baking,tong,boxer,0,Members of a Set/Entities,Random Distractor
partridge,cleaver,tanner,bunker,1,Noun/Concept Synonyms,sitcom families
cleaver,tanner,order,partridge,0,Noun/Concept Synonyms,Hard Distractor
tanner,cleaver,pisa,partridge,0,Noun/Concept Synonyms,Random Distractor
blossom,community,coach,full house,1,Noun/Concept Synonyms,sitcoms
blossom,community,stuff,coach,0,Noun/Concept Synonyms,Hard Distractor
full house,coach,community,bandage,0,Noun/Concept Synonyms,Random Distractor
placed,put,set,left,1,Noun/Concept Synonyms,situated
left,put,lobe,set,0,Noun/Concept Synonyms,Hard Distractor
placed,set,parallel,put,0,Noun/Concept Synonyms,Random Distractor
tidy,healthy,handsome,respectable,1,Noun/Concept Synonyms,"sizable, as an amount"
respectable,handsome,tidy,lunch,0,Noun/Concept Synonyms,Hard Distractor
tidy,respectable,croquet,handsome,0,Noun/Concept Synonyms,Random Distractor
thumb,leaf,flip,riffle,1,Noun/Concept Synonyms,"skim through, as pages"
thumb,har-har,riffle,leaf,0,Noun/Concept Synonyms,Hard Distractor
flip,riffle,blaze,leaf,0,Noun/Concept Synonyms,Random Distractor
combination,dry,oily,normal,1,Noun/Concept Synonyms,skin types
dry,oily,combination,serious,0,Noun/Concept Synonyms,Hard Distractor
dry,quarterback,combination,oily,0,Noun/Concept Synonyms,Random Distractor
subterfuge,chicanery,legerdemain,deceit,1,Descriptor/Adjective Synonyms,skulduggery
deceit,subterfuge,legerdemain,party,0,Descriptor/Adjective Synonyms,Hard Distractor
deceit,mirror,subterfuge,chicanery,0,Descriptor/Adjective Synonyms,Random Distractor
dive,scraper,rocket,lark,1,Fill-in-the-Blank,sky___
proud,scraper,rocket,dive,0,Fill-in-the-Blank,Hard Distractor
spike,scraper,dive,rocket,0,Fill-in-the-Blank,Random Distractor
weed,grass,herb,mary jane,1,Idioms & Slang,slang for cannabis
tag,grass,weed,herb,0,Idioms & Slang,Hard Distractor
sore,mary jane,weed,herb,0,Idioms & Slang,Random Distractor
outfit,threads,getup,duds,1,Idioms & Slang,slang for clothes
getup,outfit,duds,sprinkle,0,Idioms & Slang,Hard Distractor
duds,springboard,threads,outfit,0,Idioms & Slang,Random Distractor
rocket fuel,java,brew,mud,1,Idioms & Slang,slang for coffee
mud,itchy,java,brew,0,Idioms & Slang,Hard Distractor
rocket fuel,mud,java,dramatic,0,Idioms & Slang,Random Distractor
mud,brew,joe,java,1,Idioms & Slang,slang for coffee
easy,joe,brew,mud,0,Idioms & Slang,Hard Distractor
joe,poke,brew,java,0,Idioms & Slang,Random Distractor
bud,chum,mate,pal,1,Idioms & Slang,slang for friend
pal,chum,knife,mate,0,Idioms & Slang,Hard Distractor
bud,seychelles,pal,chum,0,Idioms & Slang,Random Distractor
coconut,crown,skull,dome,1,Idioms & Slang,slang for head
coconut,paper,skull,crown,0,Idioms & Slang,Hard Distractor
skull,image,dome,coconut,0,Idioms & Slang,Random Distractor
crown,noodle,dome,melon,1,Idioms & Slang,slang for head
dome,crown,linger,melon,0,Idioms & Slang,Hard Distractor
melon,crown,rags-to-riches,noodle,0,Idioms & Slang,Random Distractor
digs,crib,joint,pad,1,Idioms & Slang,slang for home
crib,now,joint,digs,0,Idioms & Slang,Hard Distractor
pad,airs,digs,crib,0,Idioms & Slang,Random Distractor
paper,change,dough,green,1,Idioms & Slang,slang for money
cherish,green,paper,change,0,Idioms & Slang,Hard Distractor
hoho,change,green,dough,0,Idioms & Slang,Random Distractor
cheddar,stacks,paper,scratch,1,Idioms & Slang,slang for money
sure thing,cheddar,scratch,stacks,0,Idioms & Slang,Hard Distractor
cheddar,scratch,scratchy,stacks,0,Idioms & Slang,Random Distractor
kisser,trap,chops,yap,1,Idioms & Slang,slang for mouth
velvet,kisser,trap,chops,0,Idioms & Slang,Hard Distractor
yap,trap,chatter,chops,0,Idioms & Slang,Random Distractor
glossy,zine,rag,mag,1,Idioms & Slang,slang for printed matter
glossy,schmaltz,rag,zine,0,Idioms & Slang,Hard Distractor
mag,glossy,feud,rag,0,Idioms & Slang,Random Distractor
can,john,can,throne,1,Idioms & Slang,slang for toilet
can,john,shakespeare,throne,0,Idioms & Slang,Hard Distractor
can,throne,john,jerk,0,Idioms & Slang,Random Distractor
head,john,head,throne,1,Idioms & Slang,slang for toilet
head,ride,head,john,0,Idioms & Slang,Hard Distractor
dime,john,throne,head,0,Idioms & Slang,Random Distractor
zip,jack,love,squat,1,Idioms & Slang,slang for zero
jack,zip,squat,swoosh,0,Idioms & Slang,Hard Distractor
squirrel,zip,jack,love,0,Idioms & Slang,Random Distractor
nothing,jack,nada,squat,1,Idioms & Slang,slang for zero
nada,jack,squat,freak,0,Idioms & Slang,Hard Distractor
nothing,squat,scales,nada,0,Idioms & Slang,Random Distractor
suit,copper,hack,shrink,1,Members of a Set/Entities,slangy names for professions
hack,shrink,moccasin,copper,0,Members of a Set/Entities,Hard Distractor
shrink,forget,suit,hack,0,Members of a Set/Entities,Random Distractor
point,tip,prong,tine,1,Noun/Concept Synonyms,slender projections
tip,prong,bing,tine,0,Noun/Concept Synonyms,Hard Distractor
tine,tip,point,photographer,0,Noun/Concept Synonyms,Random Distractor
jim,pickings,shady,fit,1,Fill-in-the-Blank,slim ___
jim,cock,shady,pickings,0,Fill-in-the-Blank,Hard Distractor
shady,fit,bus,jim,0,Fill-in-the-Blank,Random Distractor
earthworm,salamander,eel,slug,1,Members of a Set/Entities,slimy animals
slug,earthworm,globe,eel,0,Members of a Set/Entities,Hard Distractor
salamander,tinker,earthworm,eel,0,Members of a Set/Entities,Random Distractor
cherry,7,bar,bell,1,Members of a Set/Entities,slot machine symbols
bar,trees,7,bell,0,Members of a Set/Entities,Hard Distractor
booty,bell,bar,7,0,Members of a Set/Entities,Random Distractor
loris,snail,tortoise,sloth,1,Members of a Set/Entities,slow animals
snail,sloth,tortoise,rap,0,Members of a Set/Entities,Hard Distractor
loris,snail,deliver,sloth,0,Members of a Set/Entities,Random Distractor
dab,dollop,drop,dash,1,Descriptor/Adjective Synonyms,small amount
drop,dash,name,dollop,0,Descriptor/Adjective Synonyms,Hard Distractor
drop,ball-in-cup,dollop,dab,0,Descriptor/Adjective Synonyms,Random Distractor
bite,sample,taste,mouthful,1,Idioms & Slang,small amount of food to try
taste,mouthful,golf club,bite,0,Idioms & Slang,Hard Distractor
bite,mouthful,sample,toilet,0,Idioms & Slang,Random Distractor
scratch,mark,nick,chip,1,Descriptor/Adjective Synonyms,small imperfection
scratch,mark,nick,ding,0,Descriptor/Adjective Synonyms,Hard Distractor
scratch,nick,chip,pub,0,Descriptor/Adjective Synonyms,Random Distractor
ding,dent,nick,scratch,1,Descriptor/Adjective Synonyms,small imperfection
dent,nick,skate,ding,0,Descriptor/Adjective Synonyms,Hard Distractor
ding,duffle,dent,scratch,0,Descriptor/Adjective Synonyms,Random Distractor
blender,toaster,microwave,rice cooker,1,Descriptor/Adjective Synonyms,small kitchen appliances
blender,microwave,rice cooker,see,0,Descriptor/Adjective Synonyms,Hard Distractor
rice cooker,toaster,from,microwave,0,Descriptor/Adjective Synonyms,Random Distractor
doll,miniature,model,figure,1,Descriptor/Adjective Synonyms,small likeness
pike,figure,miniature,doll,0,Descriptor/Adjective Synonyms,Hard Distractor
model,talent,doll,miniature,0,Descriptor/Adjective Synonyms,Random Distractor
nook,recess,cranny,niche,1,Descriptor/Adjective Synonyms,small opening
cranny,edge,nook,recess,0,Descriptor/Adjective Synonyms,Hard Distractor
nook,recess,lawyer,niche,0,Descriptor/Adjective Synonyms,Random Distractor
pom-pom,pearl,mothball,pea,1,Members of a Set/Entities,small spherical things
pom-pom,pearl,mothball,construction,0,Members of a Set/Entities,Hard Distractor
fungus,mothball,pom-pom,pea,0,Members of a Set/Entities,Random Distractor
glen,dell,hollow,valley,1,Descriptor/Adjective Synonyms,small wooded area
please,dell,glen,hollow,0,Descriptor/Adjective Synonyms,Hard Distractor
glen,carter,dell,hollow,0,Descriptor/Adjective Synonyms,Random Distractor
fry,world,wonder,talk,1,Fill-in-the-Blank,small ___
fry,bull,talk,world,0,Fill-in-the-Blank,Hard Distractor
fry,wonder,world,cape cod,0,Fill-in-the-Blank,Random Distractor
rinky-dink,mickey mouse,two-bit,trivial,1,Noun/Concept Synonyms,small-time
mickey mouse,rinky-dink,carafe,trivial,0,Noun/Concept Synonyms,Hard Distractor
rinky-dink,iceberg,two-bit,trivial,0,Noun/Concept Synonyms,Random Distractor
shred,trace,lick,ounce,1,Noun/Concept Synonyms,smallest amount
lick,spit,shred,ounce,0,Noun/Concept Synonyms,Hard Distractor
shred,ounce,lick,sweeping,0,Noun/Concept Synonyms,Random Distractor
clock,calendar,camera,calculator,1,Idioms & Slang,smartphone features beginning with “c”
fingerprint,calendar,camera,clock,0,Idioms & Slang,Hard Distractor
camera,clock,jenny,calendar,0,Idioms & Slang,Random Distractor
dash,pinch,touch,bit,1,Noun/Concept Synonyms,smidgen
broad,bit,pinch,dash,0,Noun/Concept Synonyms,Hard Distractor
dash,end,pinch,bit,0,Noun/Concept Synonyms,Random Distractor
file,buff,grind,sand,1,Noun/Concept Synonyms,smooth using friction
file,buff,columnist,grind,0,Noun/Concept Synonyms,Hard Distractor
file,buff,grind,good shepherd,0,Noun/Concept Synonyms,Random Distractor
hoho,yodel,devil dog,ding dong,1,Noun/Concept Synonyms,snack cakes
hoho,route,ding dong,yodel,0,Noun/Concept Synonyms,Hard Distractor
yodel,hoho,devil dog,nail,0,Noun/Concept Synonyms,Random Distractor
python,viper,mamba,boa,1,Noun/Concept Synonyms,snakes
mamba,python,racket,viper,0,Noun/Concept Synonyms,Hard Distractor
highway,mamba,viper,boa,0,Noun/Concept Synonyms,Random Distractor
puma,nike,adidas,reebok,1,Members of a Set/Entities,sneaker brands
adidas,wireless,puma,reebok,0,Members of a Set/Entities,Hard Distractor
that,puma,adidas,reebok,0,Members of a Set/Entities,Random Distractor
vans,jordan,converse,puma,1,Members of a Set/Entities,sneaker brands
vans,jordan,salary,converse,0,Members of a Set/Entities,Hard Distractor
rubber,converse,jordan,puma,0,Members of a Set/Entities,Random Distractor
impression,sense,hunch,feeling,1,Action/Verb Synonyms,sneaking suspicion
mind,feeling,hunch,impression,0,Action/Verb Synonyms,Hard Distractor
symbol,feeling,sense,hunch,0,Action/Verb Synonyms,Random Distractor
rostrum,beak,proboscis,muzzle,1,Noun/Concept Synonyms,snouts
rostrum,pox,proboscis,muzzle,0,Noun/Concept Synonyms,Hard Distractor
legerdemain,proboscis,rostrum,beak,0,Noun/Concept Synonyms,Random Distractor
bash,blowout,party,shindig,1,Noun/Concept Synonyms,social gathering
party,blowout,bash,day,0,Noun/Concept Synonyms,Hard Distractor
blowout,party,shindig,snug,0,Noun/Concept Synonyms,Random Distractor
function,party,event,reception,1,Noun/Concept Synonyms,social gathering
party,reception,function,sea,0,Noun/Concept Synonyms,Hard Distractor
lipid,function,party,reception,0,Noun/Concept Synonyms,Random Distractor
like,share,subscribe,follow,1,Noun/Concept Synonyms,social media actions
share,follow,like,sticks,0,Noun/Concept Synonyms,Hard Distractor
subscribe,like,zodiac,share,0,Noun/Concept Synonyms,Random Distractor
in,tube,gram,book,1,Noun/Concept Synonyms,social media app endings
nail,book,gram,in,0,Noun/Concept Synonyms,Hard Distractor
tube,in,book,cannonball,0,Noun/Concept Synonyms,Random Distractor
sprite,squirt,mug,crush,1,Members of a Set/Entities,soda brands
tire,sprite,mug,crush,0,Members of a Set/Entities,Hard Distractor
funny,sprite,crush,squirt,0,Members of a Set/Entities,Random Distractor
sundae,malt,float,shake,1,Noun/Concept Synonyms,soda fountain orders
sundae,float,honor,malt,0,Noun/Concept Synonyms,Hard Distractor
float,malt,shake,oppenheimer,0,Noun/Concept Synonyms,Random Distractor
light,radiation,flare,corona,1,Noun/Concept Synonyms,solar emanations
light,radiation,tang,corona,0,Noun/Concept Synonyms,Hard Distractor
corona,flare,rug,light,0,Noun/Concept Synonyms,Random Distractor
individual,party,person,character,1,Descriptor/Adjective Synonyms,somebody
character,person,party,trim,0,Descriptor/Adjective Synonyms,Hard Distractor
individual,person,party,join,0,Descriptor/Adjective Synonyms,Random Distractor
party,individual,character,person,1,Descriptor/Adjective Synonyms,somebody
bay,person,character,party,0,Descriptor/Adjective Synonyms,Hard Distractor
party,individual,character,remainder,0,Descriptor/Adjective Synonyms,Random Distractor
breeze,picnic,snap,cinch,1,Action/Verb Synonyms,something easy to do
breeze,snap,minefield,picnic,0,Action/Verb Synonyms,Hard Distractor
snap,picnic,leverage,cinch,0,Action/Verb Synonyms,Random Distractor
pin,code,key,password,1,Action/Verb Synonyms,something entered for access
key,password,bet,pin,0,Action/Verb Synonyms,Hard Distractor
key,code,bias,password,0,Action/Verb Synonyms,Random Distractor
gem,beauty,marvel,peach,1,Action/Verb Synonyms,something exemplary
marvel,beauty,peach,code,0,Action/Verb Synonyms,Hard Distractor
marvel,gem,peach,dinner,0,Action/Verb Synonyms,Random Distractor
benefit,fruit,reward,return,1,Idioms & Slang,something gained from hard work
british magazine,fruit,return,reward,0,Idioms & Slang,Hard Distractor
return,weed,fruit,reward,0,Idioms & Slang,Random Distractor
drag,yawn,snooze,bore,1,Action/Verb Synonyms,something tiresome
snooze,yawn,bore,glass,0,Action/Verb Synonyms,Hard Distractor
drag,yawn,taps,bore,0,Action/Verb Synonyms,Random Distractor
track,cut,single,number,1,Noun/Concept Synonyms,song
number,cut,track,broadway,0,Noun/Concept Synonyms,Hard Distractor
cut,sing,track,number,0,Noun/Concept Synonyms,Random Distractor
satisfaction,i ran,montero,istanbul,1,Noun/Concept Synonyms,song titles with parentheses
i ran,montero,monk,istanbul,0,Noun/Concept Synonyms,Hard Distractor
plow,istanbul,i ran,montero,0,Noun/Concept Synonyms,Random Distractor
edelweiss,cabaret,mamma mia,memory,1,Trivia/Pop Culture,songs from musicals
edelweiss,pursuit,cabaret,mamma mia,0,Trivia/Pop Culture,Hard Distractor
edelweiss,cabaret,playwright,mamma mia,0,Trivia/Pop Culture,Random Distractor
alejandro,lola,stan,michelle,1,Trivia/Pop Culture,songs that are names
alejandro,psych,michelle,lola,0,Trivia/Pop Culture,Hard Distractor
michelle,constant,stan,lola,0,Trivia/Pop Culture,Random Distractor
carmela,meadow,tony,junior,1,Noun/Concept Synonyms,sopranos
carmela,pound,junior,tony,0,Noun/Concept Synonyms,Hard Distractor
duct,carmela,junior,meadow,0,Noun/Concept Synonyms,Random Distractor
hex,charm,magic,spell,1,Noun/Concept Synonyms,sorcerer’s output
magic,charm,station,hex,0,Noun/Concept Synonyms,Hard Distractor
hex,charm,spell,raffle,0,Noun/Concept Synonyms,Random Distractor
raw,sensitive,tender,delicate,1,Noun/Concept Synonyms,sore to the touch
sway,delicate,raw,sensitive,0,Noun/Concept Synonyms,Hard Distractor
pajamas,raw,tender,delicate,0,Noun/Concept Synonyms,Random Distractor
home,brain,heart,courage,1,Idioms & Slang,sought after in “the wizard of oz”
hurry,heart,brain,home,0,Idioms & Slang,Hard Distractor
home,courage,jordan,heart,0,Idioms & Slang,Random Distractor
snarl,bark,howl,bay,1,Descriptor/Adjective Synonyms,sound like a dog
bark,bay,area,howl,0,Descriptor/Adjective Synonyms,Hard Distractor
snarl,howl,mcqueen,bay,0,Descriptor/Adjective Synonyms,Random Distractor
wave,asleep,barrier,bite,1,Fill-in-the-Blank,sound ___
barrier,top ten,asleep,bite,0,Fill-in-the-Blank,Hard Distractor
wave,bite,hide,asleep,0,Fill-in-the-Blank,Random Distractor
chime,tock,cuckoo,tick,1,Idioms & Slang,sounds a cuckoo clock makes
chime,tick,cuckoo,study,0,Idioms & Slang,Hard Distractor
cuckoo,map,tock,chime,0,Idioms & Slang,Random Distractor
har-har,hoot,yuk,whoop,1,Noun/Concept Synonyms,sounds of laughter
fingers,hoot,har-har,whoop,0,Noun/Concept Synonyms,Hard Distractor
har-har,matter,whoop,yuk,0,Noun/Concept Synonyms,Random Distractor
peal,rumble,roll,clap,1,Noun/Concept Synonyms,sounds of thunder
fox,peal,clap,roll,0,Noun/Concept Synonyms,Hard Distractor
witch,peal,clap,rumble,0,Noun/Concept Synonyms,Random Distractor
tap,well,spring,rain,1,Noun/Concept Synonyms,sources of drinking water
well,sauerkraut,rain,spring,0,Noun/Concept Synonyms,Hard Distractor
photoshop,tap,well,rain,0,Noun/Concept Synonyms,Random Distractor
sunshine,citrus,leafy greens,supplements,1,Noun/Concept Synonyms,sources of vitamins
citrus,sunshine,historical,leafy greens,0,Noun/Concept Synonyms,Hard Distractor
yahoo,sunshine,supplements,citrus,0,Noun/Concept Synonyms,Random Distractor
bar,cadet,heater,station,1,Fill-in-the-Blank,space ___
heater,cadet,station,harvard,0,Fill-in-the-Blank,Hard Distractor
vendetta,bar,heater,cadet,0,Fill-in-the-Blank,Random Distractor
railroad,chance,avenue,utility,1,Idioms & Slang,spaces on a monopoly board
utility,railroad,avenue,prince,0,Idioms & Slang,Hard Distractor
railroad,popper,chance,utility,0,Idioms & Slang,Random Distractor
sus,me,yo,ella,1,Descriptor/Adjective Synonyms,spanish pronouns/possessives
me,fluke,sus,ella,0,Descriptor/Adjective Synonyms,Hard Distractor
yo,plum,sus,me,0,Descriptor/Adjective Synonyms,Random Distractor
como,rojo,soy,poco,1,Descriptor/Adjective Synonyms,spanish words
como,rojo,poco,thick,0,Descriptor/Adjective Synonyms,Hard Distractor
como,poco,rojo,gaucho,0,Descriptor/Adjective Synonyms,Random Distractor
ella,loco,mayo,gusto,1,Descriptor/Adjective Synonyms,spanish words
loco,ella,dead,gusto,0,Descriptor/Adjective Synonyms,Hard Distractor
gusto,watson,loco,mayo,0,Descriptor/Adjective Synonyms,Random Distractor
diamond,gold,glitter,sequin,1,Members of a Set/Entities,sparkling things
racquet,sequin,gold,glitter,0,Members of a Set/Entities,Hard Distractor
pane,sequin,gold,glitter,0,Members of a Set/Entities,Random Distractor
spare,light,thin,short,1,Action/Verb Synonyms,sparse/lacking
sham,short,light,thin,0,Action/Verb Synonyms,Hard Distractor
walker,short,thin,light,0,Action/Verb Synonyms,Random Distractor
limited,collectible,exclusive,rare,1,Noun/Concept Synonyms,special edition adjectives
rare,pug,exclusive,limited,0,Noun/Concept Synonyms,Hard Distractor
collectible,exclusive,rare,short,0,Noun/Concept Synonyms,Random Distractor
dry,neat,virgin,straight,1,Noun/Concept Synonyms,specifications for a bartender
dry,virgin,straight,hooch,0,Noun/Concept Synonyms,Hard Distractor
straight,mung,virgin,neat,0,Noun/Concept Synonyms,Random Distractor
measure,count,weight,volume,1,Noun/Concept Synonyms,specs on consumer packaging
league,measure,weight,volume,0,Noun/Concept Synonyms,Hard Distractor
count,measure,weight,legerdemain,0,Noun/Concept Synonyms,Random Distractor
bump,chess,dial,demon,1,Fill-in-the-Blank,speed ___
demon,bump,proud,chess,0,Fill-in-the-Blank,Hard Distractor
dial,panel,demon,chess,0,Fill-in-the-Blank,Random Distractor
beginner,genius,amazing,solid,1,Word Structure/Play,spelling bee ranks
wine,genius,solid,beginner,0,Word Structure/Play,Hard Distractor
genius,beginner,solid,entourage,0,Word Structure/Play,Random Distractor
mazing,goo,genus,slid,1,Word Structure/Play,spelling bee ranks minus a letter
goo,wane,mazing,genus,0,Word Structure/Play,Hard Distractor
mazing,slid,goo,saxophone,0,Word Structure/Play,Random Distractor
sleep,stay,crash,bunk,1,Noun/Concept Synonyms,spend the night (at)
medium,bunk,stay,sleep,0,Noun/Concept Synonyms,Hard Distractor
refuse,bunk,sleep,stay,0,Noun/Concept Synonyms,Random Distractor
haunt,visit,frequent,patronize,1,Noun/Concept Synonyms,spend time at
visit,patronize,haunt,initial,0,Noun/Concept Synonyms,Hard Distractor
party,visit,haunt,patronize,0,Noun/Concept Synonyms,Random Distractor
bubble,tapioca,pearl,boba,1,Noun/Concept Synonyms,spheres in milk tea
boba,clog,pearl,tapioca,0,Noun/Concept Synonyms,Hard Distractor
boba,pearl,deuce,bubble,0,Noun/Concept Synonyms,Random Distractor
jawbreaker,meatball,orange,mozzarella,1,Noun/Concept Synonyms,spherical foods
orange,shallow,jawbreaker,meatball,0,Noun/Concept Synonyms,Hard Distractor
mozzarella,meatball,orange,orbit,0,Noun/Concept Synonyms,Random Distractor
marble,globe,bubble,pearl,1,Members of a Set/Entities,spherical things
pearl,bubble,globe,screen,0,Members of a Set/Entities,Hard Distractor
marble,bubble,unclad,globe,0,Members of a Set/Entities,Random Distractor
scary,ginger,baby,posh,1,Noun/Concept Synonyms,spice girls
posh,scary,justice,ginger,0,Noun/Concept Synonyms,Hard Distractor
baby,croissant,ginger,posh,0,Noun/Concept Synonyms,Random Distractor
anise,mace,clove,pepper,1,Noun/Concept Synonyms,spices
hang-up,mace,anise,clove,0,Noun/Concept Synonyms,Hard Distractor
clove,pepper,backboard,anise,0,Noun/Concept Synonyms,Random Distractor
dill,nutmeg,nutmeg,sage,1,Noun/Concept Synonyms,spices
nutmeg,sage,dill,amber,0,Noun/Concept Synonyms,Hard Distractor
nutmeg,dill,sage,enigma,0,Noun/Concept Synonyms,Random Distractor
coriander,clove,cardamom,cumin,1,Noun/Concept Synonyms,spices beginning with “c”
coriander,cardamom,needle,clove,0,Noun/Concept Synonyms,Hard Distractor
coriander,clove,flatter,cumin,0,Noun/Concept Synonyms,Random Distractor
hedgehog,cactus,mace,pineapple,1,Members of a Set/Entities,spiky things
applause,cactus,pineapple,mace,0,Members of a Set/Entities,Hard Distractor
sanction,mace,hedgehog,cactus,0,Members of a Set/Entities,Random Distractor
snail,galaxy,sunflower,cyclone,1,Noun/Concept Synonyms,spirals in nature
cyclone,snail,virgin,sunflower,0,Noun/Concept Synonyms,Hard Distractor
snail,cyclone,tripe,sunflower,0,Noun/Concept Synonyms,Random Distractor
cannonball,jackknife,backflip,bellyflop,1,Idioms & Slang,splashy ways to enter a pool
bolt cutter,backflip,cannonball,jackknife,0,Idioms & Slang,Hard Distractor
backflip,babble,bellyflop,cannonball,0,Idioms & Slang,Random Distractor
capital,brilliant,grand,fine,1,Noun/Concept Synonyms,splendid
styles,grand,fine,brilliant,0,Noun/Concept Synonyms,Hard Distractor
brilliant,grand,rest,capital,0,Noun/Concept Synonyms,Random Distractor
speech,language,tongue,dialect,1,Noun/Concept Synonyms,spoken communication
dialect,had,tongue,language,0,Noun/Concept Synonyms,Hard Distractor
speech,tongue,language,icon,0,Noun/Concept Synonyms,Random Distractor
talk,address,lecture,speech,1,Noun/Concept Synonyms,spoken presentation
address,happy hour,speech,lecture,0,Noun/Concept Synonyms,Hard Distractor
talk,tango,address,speech,0,Noun/Concept Synonyms,Random Distractor
fencing,sumo,squash,cricket,1,Members of a Set/Entities,sports
squid,sumo,squash,fencing,0,Members of a Set/Entities,Hard Distractor
fencing,sumo,brother,squash,0,Members of a Set/Entities,Random Distractor
polo,golf,judo,polo,1,Members of a Set/Entities,sports
polo,fey,polo,golf,0,Members of a Set/Entities,Hard Distractor
scales,polo,judo,polo,0,Members of a Set/Entities,Random Distractor
cricket,golf,squash,polo,1,Members of a Set/Entities,sports
dart,squash,cricket,golf,0,Members of a Set/Entities,Hard Distractor
golf,cricket,polo,oxen,0,Members of a Set/Entities,Random Distractor
viper,mustang,diablo,spider,1,Members of a Set/Entities,sports cars
salary,diablo,mustang,viper,0,Members of a Set/Entities,Hard Distractor
spider,baywatch,viper,mustang,0,Members of a Set/Entities,Random Distractor
spread,favorite,parlay,under,1,Members of a Set/Entities,sports gambling terms
parlay,dog,favorite,under,0,Members of a Set/Entities,Hard Distractor
under,favorite,parlay,livid,0,Members of a Set/Entities,Random Distractor
coach,gm,scout,player,1,Members of a Set/Entities,sports professionals
coach,gm,hammer,scout,0,Members of a Set/Entities,Hard Distractor
coach,crag,scout,gm,0,Members of a Set/Entities,Random Distractor
court,dome,rink,bowl,1,Members of a Set/Entities,sports venues
bowl,rink,dome,carry-on,0,Members of a Set/Entities,Hard Distractor
dome,rink,bowl,match,0,Members of a Set/Entities,Random Distractor
arena,diamond,field,field,1,Members of a Set/Entities,sports venues
field,field,diamond,seed,0,Members of a Set/Entities,Hard Distractor
field,overlook,diamond,arena,0,Members of a Set/Entities,Random Distractor
sheet,formula,cell,sort,1,Noun/Concept Synonyms,spreadsheet terms
formula,sheet,sort,boa,0,Noun/Concept Synonyms,Hard Distractor
sheet,cell,sort,banshee,0,Noun/Concept Synonyms,Random Distractor
onion,fling,chicken,equinox,1,Fill-in-the-Blank,spring ___
brand,onion,equinox,fling,0,Fill-in-the-Blank,Hard Distractor
fling,rake,onion,equinox,0,Fill-in-the-Blank,Random Distractor
scatter,dust,shower,pepper,1,Noun/Concept Synonyms,sprinkle
dust,pepper,vertex,scatter,0,Noun/Concept Synonyms,Hard Distractor
message,dust,pepper,scatter,0,Noun/Concept Synonyms,Random Distractor
plant,asset,agent,mole,1,Noun/Concept Synonyms,spy
agent,mole,asset,a-f,0,Noun/Concept Synonyms,Hard Distractor
salamander,asset,mole,agent,0,Noun/Concept Synonyms,Random Distractor
fritter,fiddle,throw,trifle,1,Noun/Concept Synonyms,"squander, with “away”"
bones,throw,trifle,fritter,0,Noun/Concept Synonyms,Hard Distractor
throw,fiddle,radiolab,fritter,0,Noun/Concept Synonyms,Random Distractor
one,dance,root,meal,1,Fill-in-the-Blank,square ___
blue,meal,dance,one,0,Fill-in-the-Blank,Hard Distractor
dance,dugout,one,root,0,Fill-in-the-Blank,Random Distractor
dead,smack,right,exactly,1,Descriptor/Adjective Synonyms,squarely
dead,right,rather,smack,0,Descriptor/Adjective Synonyms,Hard Distractor
quiet,dead,smack,right,0,Descriptor/Adjective Synonyms,Random Distractor
coliseum,bowl,dome,arena,1,Noun/Concept Synonyms,stadiums
coliseum,bowl,dome,put on,0,Noun/Concept Synonyms,Hard Distractor
bowl,arena,dome,nuts,0,Noun/Concept Synonyms,Random Distractor
meet,brave,face,confront,1,Idioms & Slang,"stand up to, as a challenge"
brave,star,meet,face,0,Idioms & Slang,Hard Distractor
brave,egg,confront,face,0,Idioms & Slang,Random Distractor
spark,catalyst,springboard,launchpad,1,Action/Verb Synonyms,starting point
springboard,environ,spark,launchpad,0,Action/Verb Synonyms,Hard Distractor
dollop,springboard,catalyst,spark,0,Action/Verb Synonyms,Random Distractor
octopussy,beetlejuice,foxy brown,dogma,1,Members of a Set/Entities,starting with animals
foxy brown,curl,beetlejuice,dogma,0,Members of a Set/Entities,Hard Distractor
rags-to-riches,beetlejuice,dogma,foxy brown,0,Members of a Set/Entities,Random Distractor
lunar,pufnstuf,cranium,cronut,1,Word Structure/Play,starting with bird homophones
pufnstuf,lunar,cranium,dover,0,Word Structure/Play,Hard Distractor
miller,cronut,lunar,pufnstuf,0,Word Structure/Play,Random Distractor
draconian,library,leonardo,hydrant,1,Action/Verb Synonyms,starting with constellations
nurse,hydrant,leonardo,draconian,0,Action/Verb Synonyms,Hard Distractor
draconian,leonardo,library,bogey,0,Action/Verb Synonyms,Random Distractor
bernie,rigatoni,romeo,parish,1,Members of a Set/Entities,starting with european capitals
rigatoni,bernie,parish,comic,0,Members of a Set/Entities,Hard Distractor
romeo,summertime,parish,bernie,0,Members of a Set/Entities,Random Distractor
triangle,tetracycline,monorail,dioxide,1,Word Structure/Play,starting with greek numerical prefixes
monorail,tsar,triangle,dioxide,0,Word Structure/Play,Hard Distractor
monorail,attitude,tetracycline,dioxide,0,Word Structure/Play,Random Distractor
newton,adderall,monitorship,toady,1,Action/Verb Synonyms,starting with herpetofauna
adderall,cyberspace,monitorship,toady,0,Action/Verb Synonyms,Hard Distractor
adderall,soap,monitorship,toady,0,Action/Verb Synonyms,Random Distractor
juniper,freshwater,sophocles,seneca,1,Idioms & Slang,starting with high school/college abbreviations
sophocles,seneca,freshwater,hamper,0,Idioms & Slang,Hard Distractor
juniper,freshwater,tantrum,sophocles,0,Idioms & Slang,Random Distractor
helonium,haiku,yeoman,haystack,1,Word Structure/Play,starting with homophones of greetings
haiku,yeoman,chip,helonium,0,Word Structure/Play,Hard Distractor
haiku,haystack,showboat,helonium,0,Word Structure/Play,Random Distractor
eye contact,pea soup,tea leaves,sea change,1,Word Structure/Play,starting with letter homophones
tea leaves,eye contact,sea change,heating,0,Word Structure/Play,Hard Distractor
parlay,pea soup,tea leaves,eye contact,0,Word Structure/Play,Random Distractor
calcium,triglyceride,biopic,chemise,1,Idioms & Slang,"starting with math and science classes, for short"
calcium,triglyceride,biopic,tock,0,Idioms & Slang,Hard Distractor
chemise,imagine,biopic,calcium,0,Idioms & Slang,Random Distractor
leadership,tinder,ironic,goldilocks,1,Action/Verb Synonyms,starting with metals
ironic,leadership,goldilocks,canvas,0,Action/Verb Synonyms,Hard Distractor
gimme,goldilocks,tinder,leadership,0,Action/Verb Synonyms,Random Distractor
carbon,shipshape,busboy,trainee,1,Idioms & Slang,starting with methods of transportation
shipshape,busboy,carbon,pandora’s box,0,Idioms & Slang,Hard Distractor
itch,busboy,trainee,shipshape,0,Idioms & Slang,Random Distractor
glad-hand,happy meal,sunny-side up,merry-go-round,1,Action/Verb Synonyms,starting with optimistic words
sunny-side up,running,merry-go-round,glad-hand,0,Action/Verb Synonyms,Hard Distractor
tsk,glad-hand,sunny-side up,merry-go-round,0,Action/Verb Synonyms,Random Distractor
wallet,soulmate,coconut,updo,1,Trivia/Pop Culture,starting with pixar movies
punch,soulmate,wallet,updo,0,Trivia/Pop Culture,Hard Distractor
soulmate,coconut,dweeb,updo,0,Trivia/Pop Culture,Random Distractor
histamine,mystery,ouroboros,herring,1,Action/Verb Synonyms,starting with possessive determiners
mystery,jab,ouroboros,histamine,0,Action/Verb Synonyms,Hard Distractor
ouroboros,mystery,pom,histamine,0,Action/Verb Synonyms,Random Distractor
hershey,minefield,histamine,itsy,1,Action/Verb Synonyms,starting with possessive pronouns
histamine,jab,itsy,hershey,0,Action/Verb Synonyms,Hard Distractor
minefield,histamine,itsy,durian,0,Action/Verb Synonyms,Random Distractor
kisscam,creamsicle,journeyman,rushmore,1,Trivia/Pop Culture,starting with rock bands
hermes,journeyman,creamsicle,kisscam,0,Trivia/Pop Culture,Hard Distractor
safety,kisscam,rushmore,journeyman,0,Trivia/Pop Culture,Random Distractor
mnemonic,knee,gnome,psyche,1,Word Structure/Play,starting with silent letters
rose,gnome,psyche,mnemonic,0,Word Structure/Play,Hard Distractor
knee,gnome,dear,mnemonic,0,Word Structure/Play,Random Distractor
wolf eel,scarf ring,bolt cutter,chow mein,1,Idioms & Slang,"starting with synonyms for ""eat"""
wolf eel,bolt cutter,🧀,chow mein,0,Idioms & Slang,Hard Distractor
wolf eel,denim,scarf ring,bolt cutter,0,Idioms & Slang,Random Distractor
shoo-in,scattergories,go-getter,leavening,1,Idioms & Slang,"starting with synonyms for ""scram!"""
leavening,proposal,scattergories,go-getter,0,Idioms & Slang,Hard Distractor
scattergories,leavening,shoo-in,holey,0,Idioms & Slang,Random Distractor
loofah,johnson,candle,toiletries,1,Idioms & Slang,starting with synonyms for lavatory
johnson,loofah,metamorphosis,toiletries,0,Idioms & Slang,Hard Distractor
johnson,like,toiletries,candle,0,Idioms & Slang,Random Distractor
mockingbird,kidney,ribbon,razzmatazz,1,Idioms & Slang,starting with synonyms for “tease”
ribbon,kidney,badge,mockingbird,0,Idioms & Slang,Hard Distractor
razzmatazz,ribbon,disk,kidney,0,Idioms & Slang,Random Distractor
scimitar,simmer,cymbal,symphony,1,Idioms & Slang,starting with the same sound
um,symphony,scimitar,simmer,0,Idioms & Slang,Hard Distractor
cymbal,simmer,spinach,scimitar,0,Idioms & Slang,Random Distractor
doctoring,missing,lording,siring,1,Action/Verb Synonyms,starting with titles
race,missing,lording,siring,0,Action/Verb Synonyms,Hard Distractor
missing,lording,siring,vintage,0,Action/Verb Synonyms,Random Distractor
kaleidoscope,peacock,beethoven,cornucopia,1,Action/Verb Synonyms,starting with vegetables
kaleidoscope,weed,beethoven,cornucopia,0,Action/Verb Synonyms,Hard Distractor
peacock,cornucopia,dust,kaleidoscope,0,Action/Verb Synonyms,Random Distractor
flywheel,rushmore,dashboard,dartmouth,1,Idioms & Slang,starting with ways to move quickly
rushmore,flywheel,dartmouth,boil,0,Idioms & Slang,Hard Distractor
dartmouth,flywheel,driver license,dashboard,0,Idioms & Slang,Random Distractor
rollerblade,android,rattlesnake,shakespeare,1,Idioms & Slang,"starting with “shake, rattle and roll”"
shakespeare,android,statue of liberty,rattlesnake,0,Idioms & Slang,Hard Distractor
mattress,android,shakespeare,rattlesnake,0,Idioms & Slang,Random Distractor
ken,bots,came,tan,1,Members of a Set/Entities,starts of african countries
tan,file,bots,ken,0,Members of a Set/Entities,Hard Distractor
cornucopia,tan,came,ken,0,Members of a Set/Entities,Random Distractor
fiddler,merrily,jersey,kinky,1,Noun/Concept Synonyms,starts of broadway musicals
jersey,merrily,gear,fiddler,0,Noun/Concept Synonyms,Hard Distractor
kinky,séance,fiddler,merrily,0,Noun/Concept Synonyms,Random Distractor
motor,app,sam,goo,1,Idioms & Slang,starts of cell phone makers
sam,goo,app,crystal,0,Idioms & Slang,Hard Distractor
motor,kojak,app,sam,0,Idioms & Slang,Random Distractor
haze,pec,mac,cash,1,Noun/Concept Synonyms,starts of culinary nuts
haze,seat,mac,cash,0,Noun/Concept Synonyms,Hard Distractor
haze,cash,so,pec,0,Noun/Concept Synonyms,Random Distractor
sara,luxe,wars,cope,1,Members of a Set/Entities,starts of european capitals
cope,luxe,wars,tote,0,Members of a Set/Entities,Hard Distractor
insurance,sara,luxe,cope,0,Members of a Set/Entities,Random Distractor
germ,luxe,malt,port,1,Members of a Set/Entities,starts of european countries
germ,yin-yang symbol,luxe,port,0,Members of a Set/Entities,Hard Distractor
port,broth,germ,luxe,0,Members of a Set/Entities,Random Distractor
bet,the,lamb,delt,1,Word Structure/Play,starts of greek letters
bet,delt,the,gully,0,Word Structure/Play,Hard Distractor
the,lamb,delt,pare,0,Word Structure/Play,Random Distractor
were,vamp,mum,frank,1,Noun/Concept Synonyms,starts of monsters
frank,were,refresh,vamp,0,Noun/Concept Synonyms,Hard Distractor
frank,mum,birdie,vamp,0,Noun/Concept Synonyms,Random Distractor
zit,penn,fett,torte,1,Members of a Set/Entities,starts of pasta names
zit,ibm logo,torte,fett,0,Members of a Set/Entities,Hard Distractor
poodle,penn,zit,fett,0,Members of a Set/Entities,Random Distractor
ear,mar,sat,mer,1,Members of a Set/Entities,starts of planet names
wood,ear,mar,sat,0,Members of a Set/Entities,Hard Distractor
mar,coat rack,mer,sat,0,Members of a Set/Entities,Random Distractor
butter,free,breast,back,1,Noun/Concept Synonyms,starts of swimming strokes
back,free,branch,butter,0,Noun/Concept Synonyms,Hard Distractor
bashful,free,breast,butter,0,Noun/Concept Synonyms,Random Distractor
rap,don,leo,mic,1,Idioms & Slang,starts of teenage mutant ninja turtles
subaru,leo,mic,don,0,Idioms & Slang,Hard Distractor
peer,leo,don,mic,0,Idioms & Slang,Random Distractor
nick,quart,pen,dim,1,Noun/Concept Synonyms,starts of u.s. coins
barge,nick,dim,quart,0,Noun/Concept Synonyms,Hard Distractor
quart,dim,pen,roster,0,Noun/Concept Synonyms,Random Distractor
cart,washing,bide,nix,1,Noun/Concept Synonyms,starts of u.s. presidents
concrete,bide,nix,cart,0,Noun/Concept Synonyms,Hard Distractor
washing,nix,cart,bout,0,Noun/Concept Synonyms,Random Distractor
wash,kent,mass,mary,1,Members of a Set/Entities,starts of u.s. states
mary,reading,wash,kent,0,Members of a Set/Entities,Hard Distractor
wash,rinse,kent,mary,0,Members of a Set/Entities,Random Distractor
aqua,capri,gem,sag,1,Members of a Set/Entities,starts of zodiac signs
aqua,capri,cuz,sag,0,Members of a Set/Entities,Hard Distractor
sag,gem,tantrum,capri,0,Members of a Set/Entities,Random Distractor
board,struck,gate,fish,1,Fill-in-the-Blank,star___
fish,board,flying,struck,0,Fill-in-the-Blank,Hard Distractor
board,gate,tights,struck,0,Fill-in-the-Blank,Random Distractor
ma,me,ok,la,1,Noun/Concept Synonyms,state abbreviations
hearts,me,ok,la,0,Noun/Concept Synonyms,Hard Distractor
ma,ok,me,paleontologist,0,Noun/Concept Synonyms,Random Distractor
ma,hi,co,pa,1,Noun/Concept Synonyms,state abbreviations
face,ma,pa,co,0,Noun/Concept Synonyms,Hard Distractor
pa,ma,co,knife,0,Noun/Concept Synonyms,Random Distractor
in,ma,ok,oh,1,Noun/Concept Synonyms,state abbreviations
abandon,ma,oh,in,0,Noun/Concept Synonyms,Hard Distractor
ma,volcano,in,ok,0,Noun/Concept Synonyms,Random Distractor
status,deal,situation,story,1,Noun/Concept Synonyms,state of affairs
copper,status,deal,situation,0,Noun/Concept Synonyms,Hard Distractor
resort,story,situation,deal,0,Noun/Concept Synonyms,Random Distractor
spoke,voiced,said,told,1,Noun/Concept Synonyms,stated
told,q-tip,spoke,voiced,0,Noun/Concept Synonyms,Hard Distractor
voiced,scoop,said,spoke,0,Noun/Concept Synonyms,Random Distractor
bliss,cloud nine,paradise,heaven,1,Members of a Set/Entities,states of elation
paradise,heaven,bliss,triple crown,0,Members of a Set/Entities,Hard Distractor
bliss,cloud nine,standard,paradise,0,Members of a Set/Entities,Random Distractor
solid,plasma,liquid,plasma,1,Members of a Set/Entities,states of matter
solid,tire,plasma,plasma,0,Members of a Set/Entities,Hard Distractor
taxi driver,plasma,solid,plasma,0,Members of a Set/Entities,Random Distractor
solid,liquid,solid,gas,1,Members of a Set/Entities,states of matter
disaster,solid,solid,liquid,0,Members of a Set/Entities,Hard Distractor
stable,liquid,solid,solid,0,Members of a Set/Entities,Random Distractor
plasma,liquid,gas,gas,1,Members of a Set/Entities,states of matter
liquid,cone,plasma,gas,0,Members of a Set/Entities,Hard Distractor
plasma,gas,gas,sent,0,Members of a Set/Entities,Random Distractor
tablet,crown,torch,robe,1,Noun/Concept Synonyms,statue of liberty features
crown,tablet,robe,essence,0,Noun/Concept Synonyms,Hard Distractor
crown,superhero,tablet,robe,0,Noun/Concept Synonyms,Random Distractor
ranking,standing,position,station,1,Noun/Concept Synonyms,status
position,martini,standing,ranking,0,Noun/Concept Synonyms,Hard Distractor
juliet,standing,position,station,0,Noun/Concept Synonyms,Random Distractor
skirt,t-bone,hanger,filet,1,Noun/Concept Synonyms,steak cuts
hanger,skirt,filet,domain,0,Noun/Concept Synonyms,Hard Distractor
hanger,lee,t-bone,skirt,0,Noun/Concept Synonyms,Random Distractor
pocket,swipe,nick,nick,1,Noun/Concept Synonyms,steal
swipe,pocket,nick,clock,0,Noun/Concept Synonyms,Hard Distractor
growler,nick,pocket,swipe,0,Noun/Concept Synonyms,Random Distractor
pinch,pocket,pinch,palm,1,Noun/Concept Synonyms,steal
pinch,pocket,fry,palm,0,Noun/Concept Synonyms,Hard Distractor
pocket,farmer,pinch,palm,0,Noun/Concept Synonyms,Random Distractor
swipe,palm,pocket,lift,1,Noun/Concept Synonyms,steal
swipe,save,pocket,lift,0,Noun/Concept Synonyms,Hard Distractor
palm,pocket,lift,nature,0,Noun/Concept Synonyms,Random Distractor
guide,guide,direct,shepherd,1,Noun/Concept Synonyms,steer
shepherd,guide,guide,destination,0,Noun/Concept Synonyms,Hard Distractor
guide,dribble,direct,shepherd,0,Noun/Concept Synonyms,Random Distractor
direct,lead,drive,pilot,1,Noun/Concept Synonyms,steer
drive,lead,pesto,pilot,0,Noun/Concept Synonyms,Hard Distractor
lead,drive,pilot,striking,0,Noun/Concept Synonyms,Random Distractor
lead,guide,shepherd,direct,1,Noun/Concept Synonyms,steer
hollow,shepherd,direct,guide,0,Noun/Concept Synonyms,Hard Distractor
direct,note,shepherd,lead,0,Noun/Concept Synonyms,Random Distractor
bind,spot,pickle,scrape,1,Noun/Concept Synonyms,sticky situation
dwindle,pickle,spot,bind,0,Noun/Concept Synonyms,Hard Distractor
bay,bind,pickle,scrape,0,Noun/Concept Synonyms,Random Distractor
note,rice,fingers,wicket,1,Fill-in-the-Blank,sticky ___
wicket,rice,fingers,star,0,Fill-in-the-Blank,Hard Distractor
rice,fingers,parachute,wicket,0,Fill-in-the-Blank,Random Distractor
cream,whip,whisk,beat,1,Descriptor/Adjective Synonyms,stir vigorously
cream,beat,whip,vital,0,Descriptor/Adjective Synonyms,Hard Distractor
cream,whip,wash,beat,0,Descriptor/Adjective Synonyms,Random Distractor
solid,solid,squat,stout,1,Descriptor/Adjective Synonyms,stocky
solid,squat,romp,solid,0,Descriptor/Adjective Synonyms,Hard Distractor
pitchfork,solid,solid,squat,0,Descriptor/Adjective Synonyms,Random Distractor
thick,husky,squat,thick,1,Descriptor/Adjective Synonyms,stocky
thick,husky,coral,thick,0,Descriptor/Adjective Synonyms,Hard Distractor
thick,husky,squat,railroad,0,Descriptor/Adjective Synonyms,Random Distractor
high,lit,blazed,baked,1,Noun/Concept Synonyms,stoned
lit,baked,mad,high,0,Noun/Concept Synonyms,Hard Distractor
baked,backpedal,lit,high,0,Noun/Concept Synonyms,Random Distractor
rat,fink,canary,snitch,1,Noun/Concept Synonyms,stool pigeon
rat,fink,jerk,snitch,0,Noun/Concept Synonyms,Hard Distractor
fink,rat,canary,factory,0,Noun/Concept Synonyms,Random Distractor
plateau,settle,level,flatten,1,Action/Verb Synonyms,stop changing
round,level,plateau,flatten,0,Action/Verb Synonyms,Hard Distractor
settle,sure,flatten,level,0,Action/Verb Synonyms,Random Distractor
drop,shake,break,kick,1,Noun/Concept Synonyms,"stop, as a habit"
trash,break,shake,kick,0,Noun/Concept Synonyms,Hard Distractor
shake,break,drop,chewie,0,Noun/Concept Synonyms,Random Distractor
trunk,case,crate,chest,1,Noun/Concept Synonyms,storage containers
crown,chest,trunk,crate,0,Noun/Concept Synonyms,Hard Distractor
chest,trunk,afghan,case,0,Noun/Concept Synonyms,Random Distractor
cyclone,squall,tornado,blizzard,1,Noun/Concept Synonyms,storms
blizzard,tornado,trim,cyclone,0,Noun/Concept Synonyms,Hard Distractor
blizzard,tornado,council,cyclone,0,Noun/Concept Synonyms,Random Distractor
peacock,prime,netflix,hulu,1,Action/Verb Synonyms,streaming services
dub,netflix,peacock,prime,0,Action/Verb Synonyms,Hard Distractor
prime,hulu,pic,peacock,0,Action/Verb Synonyms,Random Distractor
court,way,alley,lane,1,Word Structure/Play,street suffixes
lane,way,alley,lack,0,Word Structure/Play,Hard Distractor
way,court,slides,alley,0,Word Structure/Play,Random Distractor
lane,alley,court,drive,1,Word Structure/Play,street suffixes
pee,drive,lane,court,0,Word Structure/Play,Hard Distractor
m,court,drive,lane,0,Word Structure/Play,Random Distractor
elm,sesame,fear,jump,1,Noun/Concept Synonyms,streets on screen
elm,unicycle,fear,sesame,0,Noun/Concept Synonyms,Hard Distractor
microscope,elm,sesame,jump,0,Noun/Concept Synonyms,Random Distractor
downing,main,wall,fleet,1,Descriptor/Adjective Synonyms,streets with symbolic importance
main,wall,edge,fleet,0,Descriptor/Adjective Synonyms,Hard Distractor
fleet,downing,wall,auditorium,0,Descriptor/Adjective Synonyms,Random Distractor
test,tax,try,strain,1,Noun/Concept Synonyms,"stretch, as one’s patience"
try,order,tax,strain,0,Noun/Concept Synonyms,Hard Distractor
pen,test,tax,try,0,Noun/Concept Synonyms,Random Distractor
pepper,sprinkle,scatter,litter,1,Noun/Concept Synonyms,strew
sprinkle,scatter,litter,fall,0,Noun/Concept Synonyms,Hard Distractor
scatter,litter,pepper,sue,0,Noun/Concept Synonyms,Random Distractor
tough,stern,rigid,firm,1,Noun/Concept Synonyms,strict
firm,stern,tough,motivate,0,Noun/Concept Synonyms,Hard Distractor
tough,firm,rigid,mole,0,Noun/Concept Synonyms,Random Distractor
hit,knock,bop,tap,1,Noun/Concept Synonyms,strike
knock,bear,hit,bop,0,Noun/Concept Synonyms,Hard Distractor
japan,knock,bop,tap,0,Noun/Concept Synonyms,Random Distractor
pose,chord,deal,match,1,Fill-in-the-Blank,strike a ___
pose,corn,deal,chord,0,Fill-in-the-Blank,Hard Distractor
silo,pose,chord,deal,0,Fill-in-the-Blank,Random Distractor
cheese,theory,bikini,bean,1,Fill-in-the-Blank,string ___
cheese,bean,trip,theory,0,Fill-in-the-Blank,Hard Distractor
cheese,om,theory,bikini,0,Fill-in-the-Blank,Random Distractor
clownfish,tiger,zebra,honeybee,1,Members of a Set/Entities,striped animals
zebra,tiger,honeybee,sin,0,Members of a Set/Entities,Hard Distractor
zebra,staff,tiger,clownfish,0,Members of a Set/Entities,Random Distractor
rugby shirt,ibm logo,barcode,zebra,1,Members of a Set/Entities,stripy things
barcode,rugby shirt,zebra,packer,0,Members of a Set/Entities,Hard Distractor
ibm logo,lobe,barcode,rugby shirt,0,Members of a Set/Entities,Random Distractor
funk,musk,tang,odor,1,Noun/Concept Synonyms,strong smell
odor,funk,musk,fruit,0,Noun/Concept Synonyms,Hard Distractor
musk,funk,tang,board,0,Noun/Concept Synonyms,Random Distractor
wharf,dock,lighthouse,boardwalk,1,Noun/Concept Synonyms,structures by the shore
dock,legend,lighthouse,wharf,0,Noun/Concept Synonyms,Hard Distractor
dock,lighthouse,wharf,snow,0,Noun/Concept Synonyms,Random Distractor
scruff,whiskers,shadow,fuzz,1,Noun/Concept Synonyms,stubble
scruff,shadow,whiskers,lace,0,Noun/Concept Synonyms,Hard Distractor
monkee,scruff,fuzz,whiskers,0,Noun/Concept Synonyms,Random Distractor
firm,sound,solid,stable,1,Descriptor/Adjective Synonyms,sturdy
sound,solid,quite,firm,0,Descriptor/Adjective Synonyms,Hard Distractor
robin hood,stable,sound,solid,0,Descriptor/Adjective Synonyms,Random Distractor
sour,bitter,bock,stout,1,Noun/Concept Synonyms,styles of beer
stout,sour,bock,torn,0,Noun/Concept Synonyms,Hard Distractor
cranny,bitter,bock,sour,0,Noun/Concept Synonyms,Random Distractor
cash,brown,mercury,dylan,1,Idioms & Slang,subjects of acclaimed musical biopics
brown,mercury,rope,dylan,0,Idioms & Slang,Hard Distractor
dylan,mercury,location,cash,0,Idioms & Slang,Random Distractor
solid,filling,square,hearty,1,Noun/Concept Synonyms,"substantial, as a meal"
solid,filling,hearty,future,0,Noun/Concept Synonyms,Hard Distractor
square,belly,hearty,filling,0,Noun/Concept Synonyms,Random Distractor
tube,underground,subway,metro,1,Noun/Concept Synonyms,subterranean transit
subway,tube,metro,loin,0,Noun/Concept Synonyms,Hard Distractor
metro,subway,dewey,tube,0,Noun/Concept Synonyms,Random Distractor
fit,apt,proper,right,1,Descriptor/Adjective Synonyms,suitable
juice,right,fit,proper,0,Descriptor/Adjective Synonyms,Hard Distractor
happening,apt,fit,proper,0,Descriptor/Adjective Synonyms,Random Distractor
digest,digest,outline,brief,1,Descriptor/Adjective Synonyms,summary
brief,whispers,digest,digest,0,Descriptor/Adjective Synonyms,Hard Distractor
brief,caveat,outline,digest,0,Descriptor/Adjective Synonyms,Random Distractor
brief,abstract,rundown,abstract,1,Descriptor/Adjective Synonyms,summary
abstract,brief,solid,rundown,0,Descriptor/Adjective Synonyms,Hard Distractor
wall street,brief,abstract,abstract,0,Descriptor/Adjective Synonyms,Random Distractor
review,outline,brief,digest,1,Descriptor/Adjective Synonyms,summary
review,brief,gather,digest,0,Descriptor/Adjective Synonyms,Hard Distractor
brief,hobbes,review,outline,0,Descriptor/Adjective Synonyms,Random Distractor
tee,shorts,sunglasses,hat,1,Noun/Concept Synonyms,summer gear
hat,temple,tee,shorts,0,Noun/Concept Synonyms,Hard Distractor
shorts,omg,hat,tee,0,Noun/Concept Synonyms,Random Distractor
cherry,sprinkles,fudge,nuts,1,Noun/Concept Synonyms,sundae toppings
nuts,ram,fudge,sprinkles,0,Noun/Concept Synonyms,Hard Distractor
sprinkles,cherry,fudge,pace,0,Noun/Concept Synonyms,Random Distractor
wayfarer,aviator,wraparound,cat eye,1,Noun/Concept Synonyms,sunglasses
wraparound,wayfarer,kiss,cat eye,0,Noun/Concept Synonyms,Hard Distractor
crumb,cat eye,wraparound,aviator,0,Noun/Concept Synonyms,Random Distractor
princess,mushroom,dinosaur,plumber,1,Noun/Concept Synonyms,super mario-related
deal,princess,plumber,mushroom,0,Noun/Concept Synonyms,Hard Distractor
mushroom,plumber,bungee,dinosaur,0,Noun/Concept Synonyms,Random Distractor
pac,glue,mario world,power,1,Fill-in-the-Blank,super ___
honey,power,mario world,pac,0,Fill-in-the-Blank,Hard Distractor
lucky stiff,power,glue,mario world,0,Fill-in-the-Blank,Random Distractor
glue,tuesday,8,bowl,1,Fill-in-the-Blank,super ___
glue,demon,8,tuesday,0,Fill-in-the-Blank,Hard Distractor
8,snoop,tuesday,glue,0,Fill-in-the-Blank,Random Distractor
shallow,external,surface,cosmetic,1,Noun/Concept Synonyms,superficial
bridge,external,surface,cosmetic,0,Noun/Concept Synonyms,Hard Distractor
carpenter,cosmetic,surface,shallow,0,Noun/Concept Synonyms,Random Distractor
banner,stark,prince,wayne,1,Members of a Set/Entities,superhero last names
stark,prince,wayne,press,0,Members of a Set/Entities,Hard Distractor
wayne,alien,banner,prince,0,Members of a Set/Entities,Random Distractor
storm,black widow,flash,blade,1,Noun/Concept Synonyms,superheroes
storm,blade,cardamom,flash,0,Noun/Concept Synonyms,Hard Distractor
black widow,storm,yap,blade,0,Noun/Concept Synonyms,Random Distractor
macaroni,glitter,glue,paper,1,Noun/Concept Synonyms,supplies for macaroni art
glue,hobbes,glitter,paper,0,Noun/Concept Synonyms,Hard Distractor
height,paper,glue,glitter,0,Noun/Concept Synonyms,Random Distractor
well,store,reserve,mine,1,Descriptor/Adjective Synonyms,supply
well,mine,store,tang,0,Descriptor/Adjective Synonyms,Hard Distractor
well,mine,nail,store,0,Descriptor/Adjective Synonyms,Random Distractor
root,clap,cheer,whistle,1,Descriptor/Adjective Synonyms,support audibly
cheer,a cappella,root,whistle,0,Descriptor/Adjective Synonyms,Hard Distractor
cheer,whistle,grandfather,root,0,Descriptor/Adjective Synonyms,Random Distractor
exponent,cheerleader,advocate,champion,1,Noun/Concept Synonyms,supporter
blossom,exponent,cheerleader,champion,0,Noun/Concept Synonyms,Hard Distractor
plain,champion,advocate,cheerleader,0,Noun/Concept Synonyms,Random Distractor
best,top,beat,better,1,Noun/Concept Synonyms,surpass
save,beat,top,best,0,Noun/Concept Synonyms,Hard Distractor
showboat,best,beat,top,0,Noun/Concept Synonyms,Random Distractor
manage,get by,hack it,make do,1,Descriptor/Adjective Synonyms,survive
manage,get by,hack it,kitty,0,Descriptor/Adjective Synonyms,Hard Distractor
hack it,penny,manage,make do,0,Descriptor/Adjective Synonyms,Random Distractor
fish,massage,chef,meatball,1,Fill-in-the-Blank,swedish ___
stone,fish,chef,meatball,0,Fill-in-the-Blank,Hard Distractor
eyebrow,meatball,fish,massage,0,Fill-in-the-Blank,Random Distractor
sixteen,tooth,talk,potato,1,Fill-in-the-Blank,sweet ___
talk,little,sixteen,potato,0,Fill-in-the-Blank,Hard Distractor
straight,tooth,sixteen,potato,0,Fill-in-the-Blank,Random Distractor
gulp,belt,shot,slug,1,Noun/Concept Synonyms,swig
shot,belt,slug,farmer,0,Noun/Concept Synonyms,Hard Distractor
slug,belt,shot,proposal,0,Noun/Concept Synonyms,Random Distractor
shaft,hustle,hose,fleece,1,Noun/Concept Synonyms,swindle
badger,hustle,shaft,hose,0,Noun/Concept Synonyms,Hard Distractor
hose,candy cane,shaft,hustle,0,Noun/Concept Synonyms,Random Distractor
crook,quack,cheat,shark,1,Noun/Concept Synonyms,swindler
cheat,floor,shark,quack,0,Noun/Concept Synonyms,Hard Distractor
cheat,shark,council,quack,0,Noun/Concept Synonyms,Random Distractor
baton,wand,staff,scepter,1,Descriptor/Adjective Synonyms,symbolic rods
baton,equal,scepter,wand,0,Descriptor/Adjective Synonyms,Hard Distractor
wand,baton,candlestick,staff,0,Descriptor/Adjective Synonyms,Random Distractor
percent,at,pound,dollar,1,Members of a Set/Entities,symbols above numbers on a keyboard
dollar,veggie,pound,at,0,Members of a Set/Entities,Hard Distractor
percent,pound,dollar,curious,0,Members of a Set/Entities,Random Distractor
caret,star,brace,hash,1,Members of a Set/Entities,symbols on a keyboard
hash,brace,hammer,star,0,Members of a Set/Entities,Hard Distractor
hash,star,caret,dipsy,0,Members of a Set/Entities,Random Distractor
bullet,checkbox,hyphen,arrow,1,Members of a Set/Entities,symbols used in making lists
checkbox,hyphen,bullet,jack,0,Members of a Set/Entities,Hard Distractor
arrow,occupation,checkbox,bullet,0,Members of a Set/Entities,Random Distractor
incensed,livid,irate,furious,1,Descriptor/Adjective Synonyms,synonyms for angry
hit,irate,livid,furious,0,Descriptor/Adjective Synonyms,Hard Distractor
incensed,group,irate,livid,0,Descriptor/Adjective Synonyms,Random Distractor
spat,row,tiff,quarrel,1,Noun/Concept Synonyms,synonyms for argument
spat,moth,row,tiff,0,Noun/Concept Synonyms,Hard Distractor
spat,tiff,quarrel,thin,0,Noun/Concept Synonyms,Random Distractor
rib,needle,tease,poke,1,Noun/Concept Synonyms,synonyms for bother
tease,pint,needle,poke,0,Noun/Concept Synonyms,Hard Distractor
needle,colossus,rib,poke,0,Noun/Concept Synonyms,Random Distractor
moan,grouse,carp,gripe,1,Noun/Concept Synonyms,synonyms for complain
grouse,carp,cape,gripe,0,Noun/Concept Synonyms,Hard Distractor
grouse,carp,gripe,swab,0,Noun/Concept Synonyms,Random Distractor
chow,scarf,wolf,gobble,1,Noun/Concept Synonyms,synonyms for eat
gobble,instrument,chow,scarf,0,Noun/Concept Synonyms,Hard Distractor
chow,scarf,hangdog,gobble,0,Noun/Concept Synonyms,Random Distractor
fiction,tale,fib,lie,1,Noun/Concept Synonyms,synonyms for falsehood
tale,fiction,lie,meat,0,Noun/Concept Synonyms,Hard Distractor
tale,lie,fib,mimic,0,Noun/Concept Synonyms,Random Distractor
parrot,echo,mimic,copy,1,Noun/Concept Synonyms,synonyms for imitate
echo,clarity,copy,mimic,0,Noun/Concept Synonyms,Hard Distractor
copy,parrot,echo,cranny,0,Noun/Concept Synonyms,Random Distractor
kooky,daffy,quirky,wacky,1,Noun/Concept Synonyms,synonyms for offbeat
train,wacky,kooky,daffy,0,Noun/Concept Synonyms,Hard Distractor
wacky,quirky,kooky,deliberate,0,Noun/Concept Synonyms,Random Distractor
but,rum,ars,boot,1,Word Structure/Play,synonyms for rear end minus last letter
ars,rum,boot,rats,0,Word Structure/Play,Hard Distractor
but,rum,nasa,boot,0,Word Structure/Play,Random Distractor
low,blue,glum,down,1,Noun/Concept Synonyms,synonyms for sad
sheep,down,low,glum,0,Noun/Concept Synonyms,Hard Distractor
glum,wonka,down,low,0,Noun/Concept Synonyms,Random Distractor
peddle,move,hawk,vend,1,Noun/Concept Synonyms,synonyms for sell
vend,move,peddle,zinc,0,Noun/Concept Synonyms,Hard Distractor
equal,peddle,move,hawk,0,Noun/Concept Synonyms,Random Distractor
storm,bone,rex,shirt,1,Fill-in-the-Blank,t-___
bone,shirt,rex,soap,0,Fill-in-the-Blank,Hard Distractor
shirt,hash,bone,storm,0,Fill-in-the-Blank,Random Distractor
table,ball,net,paddle,1,Descriptor/Adjective Synonyms,table tennis needs
paddle,individual,table,ball,0,Descriptor/Adjective Synonyms,Hard Distractor
cannonball,net,ball,table,0,Descriptor/Adjective Synonyms,Random Distractor
bowl,dish,saucer,plate,1,Noun/Concept Synonyms,tableware
saucer,bowl,dish,escape,0,Noun/Concept Synonyms,Hard Distractor
tea,dish,plate,bowl,0,Noun/Concept Synonyms,Random Distractor
cilantro,salsa,lime,onion,1,Noun/Concept Synonyms,taco toppings
lime,onion,mousse,cilantro,0,Noun/Concept Synonyms,Hard Distractor
salsa,retrieve,onion,lime,0,Noun/Concept Synonyms,Random Distractor
trip,slip,spill,fall,1,Action/Verb Synonyms,take a tumble
spill,rot,slip,trip,0,Action/Verb Synonyms,Hard Distractor
slip,fall,spill,sleeve,0,Action/Verb Synonyms,Random Distractor
exploit,leverage,milk,use,1,Action/Verb Synonyms,take advantage of
use,exploit,milk,jackets,0,Action/Verb Synonyms,Hard Distractor
outlaw,use,milk,exploit,0,Action/Verb Synonyms,Random Distractor
net,make,earn,clear,1,Action/Verb Synonyms,"take home, as income"
dip,clear,net,earn,0,Action/Verb Synonyms,Hard Distractor
make,net,clear,eyedropper,0,Action/Verb Synonyms,Random Distractor
object,mind,protest,disapprove,1,Action/Verb Synonyms,take issue
scar,disapprove,object,mind,0,Action/Verb Synonyms,Hard Distractor
don,object,protest,disapprove,0,Action/Verb Synonyms,Random Distractor
question,dispute,challenge,contest,1,Action/Verb Synonyms,take issue with
dispute,challenge,question,turn,0,Action/Verb Synonyms,Hard Distractor
question,basin,challenge,dispute,0,Action/Verb Synonyms,Random Distractor
bear,assume,handle,shoulder,1,Idioms & Slang,"take on, as a responsibility"
assume,blanch,shoulder,handle,0,Idioms & Slang,Hard Distractor
handle,plaster,assume,bear,0,Idioms & Slang,Random Distractor
indict,charge,sue,file,1,Action/Verb Synonyms,take to court
file,charge,touching,indict,0,Action/Verb Synonyms,Hard Distractor
file,indict,organize,charge,0,Action/Verb Synonyms,Random Distractor
handles,tackles,does,addresses,1,Noun/Concept Synonyms,takes on
ritz,addresses,does,tackles,0,Noun/Concept Synonyms,Hard Distractor
does,handles,pegasus,tackles,0,Noun/Concept Synonyms,Random Distractor
flair,faculty,gift,genius,1,Noun/Concept Synonyms,talent
flair,genius,gift,elle,0,Noun/Concept Synonyms,Hard Distractor
faculty,gift,diet,flair,0,Noun/Concept Synonyms,Random Distractor
solid,real,concrete,material,1,Descriptor/Adjective Synonyms,tangible
solid,concrete,material,opulent,0,Descriptor/Adjective Synonyms,Hard Distractor
real,material,concrete,equinox,0,Descriptor/Adjective Synonyms,Random Distractor
mark,chump,sucker,fool,1,Noun/Concept Synonyms,target of a scheme
fool,screen,mark,chump,0,Noun/Concept Synonyms,Hard Distractor
chump,fool,mark,series,0,Noun/Concept Synonyms,Random Distractor
devil,magician,star,lovers,1,Idioms & Slang,"tarot cards, with ""the"""
lovers,bar,magician,devil,0,Idioms & Slang,Hard Distractor
star,lawsuit,devil,lovers,0,Idioms & Slang,Random Distractor
lovers,tower,fool,magician,1,Noun/Concept Synonyms,"tarot cards, with “the”"
fool,tower,except,lovers,0,Noun/Concept Synonyms,Hard Distractor
impulse,lovers,fool,magician,0,Noun/Concept Synonyms,Random Distractor
cups,pentacles,wands,swords,1,Noun/Concept Synonyms,tarot minor arcana suits
surge,cups,pentacles,swords,0,Noun/Concept Synonyms,Hard Distractor
swords,skink,cups,wands,0,Noun/Concept Synonyms,Random Distractor
lesson,exercise,assignment,drill,1,Noun/Concept Synonyms,tasks for a student
exercise,drill,sway,lesson,0,Noun/Concept Synonyms,Hard Distractor
exercise,lesson,assignment,vinaigrette,0,Noun/Concept Synonyms,Random Distractor
sing,squeal,snitch,rat,1,Noun/Concept Synonyms,tattle
snitch,sing,wii,squeal,0,Noun/Concept Synonyms,Hard Distractor
toiletries,snitch,rat,squeal,0,Noun/Concept Synonyms,Random Distractor
raspberry,jeer,hiss,boo,1,Noun/Concept Synonyms,taunts
boo,jeer,hiss,desert,0,Noun/Concept Synonyms,Hard Distractor
hiss,jeer,raspberry,olive,0,Noun/Concept Synonyms,Random Distractor
family,order,domain,class,1,Noun/Concept Synonyms,taxonomy ranks
gust,order,domain,family,0,Noun/Concept Synonyms,Hard Distractor
domain,order,class,hornets’ nest,0,Noun/Concept Synonyms,Random Distractor
coach,school,guide,train,1,Noun/Concept Synonyms,teach
school,train,guide,buy,0,Noun/Concept Synonyms,Hard Distractor
coach,guide,bud,school,0,Noun/Concept Synonyms,Random Distractor
bunch,crew,pack,group,1,Members of a Set/Entities,team
group,bill,crew,pack,0,Members of a Set/Entities,Hard Distractor
blanch,group,pack,crew,0,Members of a Set/Entities,Random Distractor
rag,rib,needle,bait,1,Noun/Concept Synonyms,tease
rib,needle,powder,bait,0,Noun/Concept Synonyms,Hard Distractor
tea bag,bait,needle,rag,0,Noun/Concept Synonyms,Random Distractor
meta,alphabet,apple,amazon,1,Noun/Concept Synonyms,tech companies
meta,amazon,chen,alphabet,0,Noun/Concept Synonyms,Hard Distractor
amazon,apple,alaska,alphabet,0,Noun/Concept Synonyms,Random Distractor
intuit,amazon,apple,oracle,1,Noun/Concept Synonyms,tech companies
risk,apple,intuit,amazon,0,Noun/Concept Synonyms,Hard Distractor
oracle,apple,curses,amazon,0,Noun/Concept Synonyms,Random Distractor
method,approach,school,philosophy,1,Noun/Concept Synonyms,technique
method,approach,philosophy,startle,0,Noun/Concept Synonyms,Hard Distractor
philosophy,method,dewey,approach,0,Noun/Concept Synonyms,Random Distractor
medicine,commute,vision,prompter,1,Fill-in-the-Blank,tele___
paper,prompter,vision,commute,0,Fill-in-the-Blank,Hard Distractor
search,medicine,vision,commute,0,Fill-in-the-Blank,Random Distractor
account,story,description,chronicle,1,Action/Verb Synonyms,telling of events
description,account,spoil,chronicle,0,Action/Verb Synonyms,Hard Distractor
story,account,insecure,description,0,Action/Verb Synonyms,Random Distractor
guide,model,blueprint,mold,1,Noun/Concept Synonyms,template
mold,blueprint,model,spell,0,Noun/Concept Synonyms,Hard Distractor
blueprint,jazz,mold,guide,0,Noun/Concept Synonyms,Random Distractor
match,game,tournament,set,1,Noun/Concept Synonyms,tennis competition units
set,ruffle,tournament,game,0,Noun/Concept Synonyms,Hard Distractor
greek,set,game,tournament,0,Noun/Concept Synonyms,Random Distractor
all,love,deuce,ad,1,Noun/Concept Synonyms,tennis scoring terms
love,ok,all,deuce,0,Noun/Concept Synonyms,Hard Distractor
love,deuce,section,ad,0,Noun/Concept Synonyms,Random Distractor
sitting,session,meeting,period,1,Noun/Concept Synonyms,term
period,warrior,meeting,session,0,Noun/Concept Synonyms,Hard Distractor
sitting,period,meeting,cup,0,Noun/Concept Synonyms,Random Distractor
vinyl,lp,wax,platter,1,Noun/Concept Synonyms,terms for records
pulse,vinyl,platter,wax,0,Noun/Concept Synonyms,Hard Distractor
platter,vinyl,wax,loaded,0,Noun/Concept Synonyms,Random Distractor
love,pumpkin,sugar,angel,1,Noun/Concept Synonyms,terms of endearment
angel,pumpkin,water,love,0,Noun/Concept Synonyms,Hard Distractor
pumpkin,hyphen,angel,love,0,Noun/Concept Synonyms,Random Distractor
treasure,darling,pumpkin,love,1,Noun/Concept Synonyms,terms of endearment
lead,treasure,love,pumpkin,0,Noun/Concept Synonyms,Hard Distractor
treasure,darling,love,poem,0,Noun/Concept Synonyms,Random Distractor
boo,sugar,honey,sweetie,1,Noun/Concept Synonyms,terms of endearment
bass,honey,sugar,sweetie,0,Noun/Concept Synonyms,Hard Distractor
sweetie,sugar,honey,stare,0,Noun/Concept Synonyms,Random Distractor
soil,land,ground,earth,1,Noun/Concept Synonyms,terra firma
land,soil,ground,wind,0,Noun/Concept Synonyms,Hard Distractor
earth,soil,garden,land,0,Noun/Concept Synonyms,Random Distractor
animal print,houndstooth,polka dot,herringbone,1,Noun/Concept Synonyms,textile patterns
houndstooth,avoid,polka dot,herringbone,0,Noun/Concept Synonyms,Hard Distractor
puddle,herringbone,polka dot,houndstooth,0,Noun/Concept Synonyms,Random Distractor
gravy,stuffing,turkey,pie,1,Action/Verb Synonyms,thanksgiving food
stuffing,earn,pie,gravy,0,Action/Verb Synonyms,Hard Distractor
stuffing,pluto,pie,turkey,0,Action/Verb Synonyms,Random Distractor
tramp,prince,rascals,mermaid,1,Fill-in-the-Blank,the little ___
butcher,mermaid,prince,tramp,0,Fill-in-the-Blank,Hard Distractor
mermaid,route,tramp,prince,0,Fill-in-the-Blank,Random Distractor
balcony,stage,box,orchestra,1,Noun/Concept Synonyms,theater sections
box,stage,spoon,orchestra,0,Noun/Concept Synonyms,Hard Distractor
stage,zin,orchestra,box,0,Noun/Concept Synonyms,Random Distractor
feynman,einstein,hawking,oppenheimer,1,Noun/Concept Synonyms,theoretical physicists
feynman,oppenheimer,einstein,track,0,Noun/Concept Synonyms,Hard Distractor
oppenheimer,einstein,crepe,hawking,0,Noun/Concept Synonyms,Random Distractor
car,bugler,africa,unicorn,1,Noun/Concept Synonyms,they have a horn
bugler,car,africa,cherry,0,Noun/Concept Synonyms,Hard Distractor
unicorn,bugler,kindness,africa,0,Noun/Concept Synonyms,Random Distractor
tests,super,computer,piano,1,Noun/Concept Synonyms,they have keys
piano,moon,tests,super,0,Noun/Concept Synonyms,Hard Distractor
piano,computer,super,sara,0,Noun/Concept Synonyms,Random Distractor
walls,musicians,pitchers,cornfield,1,Descriptor/Adjective Synonyms,they have literal/idiomatic ears
break,walls,pitchers,cornfield,0,Descriptor/Adjective Synonyms,Hard Distractor
musicians,walls,pitchers,phrase,0,Descriptor/Adjective Synonyms,Random Distractor
aquarium,geometry,tampa bay,sun,1,Noun/Concept Synonyms,they have rays
happy,aquarium,geometry,tampa bay,0,Noun/Concept Synonyms,Hard Distractor
aquarium,tampa bay,sun,mini,0,Noun/Concept Synonyms,Random Distractor
football,eddy,tornado,tasmanian devil,1,Idioms & Slang,they move in a spiral
football,silver,tornado,tasmanian devil,0,Idioms & Slang,Hard Distractor
tasmanian devil,oversight,tornado,football,0,Idioms & Slang,Random Distractor
lion,crowd,katy perry,engine,1,Noun/Concept Synonyms,they roar
engine,katy perry,crowd,fiber,0,Noun/Concept Synonyms,Hard Distractor
katy perry,engine,wallace,lion,0,Noun/Concept Synonyms,Random Distractor
pinwheel,flag,wind chime,vane,1,Idioms & Slang,they're blowin' in the wind
wind chime,flag,vane,spy,0,Idioms & Slang,Hard Distractor
flag,wind chime,vane,shin,0,Idioms & Slang,Random Distractor
tape,toilet paper,ribbon,foil,1,Idioms & Slang,they're on a roll!
foil,tape,ribbon,outlet,0,Idioms & Slang,Hard Distractor
foil,tape,toilet paper,widen,0,Idioms & Slang,Random Distractor
rob,pinch,swipe,steal,1,Noun/Concept Synonyms,thieve
pinch,den,steal,rob,0,Noun/Concept Synonyms,Hard Distractor
scrooge,steal,pinch,rob,0,Noun/Concept Synonyms,Random Distractor
skin,coat,layer,film,1,Noun/Concept Synonyms,thin covering
coat,film,radiation,layer,0,Noun/Concept Synonyms,Hard Distractor
sickle,film,layer,coat,0,Noun/Concept Synonyms,Random Distractor
film,sheet,coat,leaf,1,Noun/Concept Synonyms,thin layer
top,leaf,coat,sheet,0,Noun/Concept Synonyms,Hard Distractor
framed,leaf,coat,film,0,Noun/Concept Synonyms,Random Distractor
mix,sample,spin,scratch,1,Members of a Set/Entities,things a dj does
pillbox,sample,scratch,mix,0,Members of a Set/Entities,Hard Distractor
mix,scratch,yeoman,sample,0,Members of a Set/Entities,Random Distractor
frisbee,bone,ball,bone,1,Members of a Set/Entities,things a dog can fetch
frisbee,ball,converse,bone,0,Members of a Set/Entities,Hard Distractor
ball,bone,cowboy,frisbee,0,Members of a Set/Entities,Random Distractor
ball,frisbee,stick,stick,1,Members of a Set/Entities,things a dog can fetch
stick,ball,cricket,stick,0,Members of a Set/Entities,Hard Distractor
either,stick,frisbee,ball,0,Members of a Set/Entities,Random Distractor
ring,torch,beanbag,club,1,Members of a Set/Entities,things a juggler juggles
file,beanbag,ring,torch,0,Members of a Set/Entities,Hard Distractor
uphold,beanbag,club,torch,0,Members of a Set/Entities,Random Distractor
rattle,shed,slither,hiss,1,Members of a Set/Entities,things a rattlesnake does
rattle,checkers,hiss,slither,0,Members of a Set/Entities,Hard Distractor
shed,chief,rattle,hiss,0,Members of a Set/Entities,Random Distractor
crawl,coo,babble,nurse,1,Members of a Set/Entities,things babies do
crawl,referee,coo,nurse,0,Members of a Set/Entities,Hard Distractor
crawl,divine,coo,nurse,0,Members of a Set/Entities,Random Distractor
pollinate,buzz,dance,sting,1,Members of a Set/Entities,things bees do
sting,buzz,dance,bucket,0,Members of a Set/Entities,Hard Distractor
dance,moo,sting,pollinate,0,Members of a Set/Entities,Random Distractor
grouch,o,statuette,baloney,1,Trivia/Pop Culture,things called “oscar”
statuette,o,duncan,baloney,0,Trivia/Pop Culture,Hard Distractor
grouch,o,baloney,tarragon,0,Trivia/Pop Culture,Random Distractor
shed,knead,purr,scratch,1,Members of a Set/Entities,things cats do
sandwich,purr,knead,scratch,0,Members of a Set/Entities,Hard Distractor
purr,scratch,knead,mat,0,Members of a Set/Entities,Random Distractor
abecedarium,computer keyboard,scrabble,ouija board,1,Word Structure/Play,things featuring letters a through z
abecedarium,holi,ouija board,computer keyboard,0,Word Structure/Play,Hard Distractor
pupil,computer keyboard,ouija board,abecedarium,0,Word Structure/Play,Random Distractor
comets,dress coat,coin toss,sonic the hedgehog,1,Members of a Set/Entities,things featuring tails
kiss,comets,coin toss,dress coat,0,Members of a Set/Entities,Hard Distractor
drinks,sonic the hedgehog,coin toss,comets,0,Members of a Set/Entities,Random Distractor
balloon animal,water wings,bouncy castle,whoopee cushion,1,Members of a Set/Entities,things filled with air
mustard,water wings,whoopee cushion,balloon animal,0,Members of a Set/Entities,Hard Distractor
perch,whoopee cushion,water wings,bouncy castle,0,Members of a Set/Entities,Random Distractor
strap,lens,body,flash,1,Members of a Set/Entities,things in a camera kit
baby,flash,body,lens,0,Members of a Set/Entities,Hard Distractor
lens,strap,gnaw,body,0,Members of a Set/Entities,Random Distractor
robe,washcloth,slippers,towel,1,Members of a Set/Entities,things in a spa locker room
slippers,towel,robe,quit,0,Members of a Set/Entities,Hard Distractor
robe,towel,slippers,tables,0,Members of a Set/Entities,Random Distractor
coat rack,console,runner,bench,1,Members of a Set/Entities,things in an entryway
coat rack,bench,curveball,runner,0,Members of a Set/Entities,Hard Distractor
coat rack,console,rubbish,bench,0,Members of a Set/Entities,Random Distractor
genie,message,ship,lightning,1,Members of a Set/Entities,things in bottles
message,lightning,boar,genie,0,Members of a Set/Entities,Hard Distractor
ship,genie,lightning,fireworks,0,Members of a Set/Entities,Random Distractor
mittens,kettles,raindrops,whiskers,1,Members of a Set/Entities,things in “my favorite things”
raindrops,kettles,mittens,heaven,0,Members of a Set/Entities,Hard Distractor
whiskers,kettles,mittens,goober,0,Members of a Set/Entities,Random Distractor
xylophone,whac-a-mole,croquet,carpentry,1,Members of a Set/Entities,things involving mallets
whac-a-mole,carpentry,xylophone,face,0,Members of a Set/Entities,Hard Distractor
metroid,carpentry,whac-a-mole,xylophone,0,Members of a Set/Entities,Random Distractor
sunset,kaleidoscope,peacock,rainbow,1,Members of a Set/Entities,things known for being colorful things
kaleidoscope,sunset,trees,peacock,0,Members of a Set/Entities,Hard Distractor
sunset,buck,kaleidoscope,rainbow,0,Members of a Set/Entities,Random Distractor
fortune teller,fan,airplane,crane,1,Members of a Set/Entities,things made by folding paper
crane,airplane,fan,stick,0,Members of a Set/Entities,Hard Distractor
screwdriver,fan,crane,fortune teller,0,Members of a Set/Entities,Random Distractor
organism,honeycomb,solar panel,spreadsheet,1,Members of a Set/Entities,things made of cells
organism,ruler,honeycomb,solar panel,0,Members of a Set/Entities,Hard Distractor
solar panel,spreadsheet,busboy,honeycomb,0,Members of a Set/Entities,Random Distractor
tire,eraser,galosh,balloon,1,Members of a Set/Entities,things made of rubber
eraser,watercolor,galosh,balloon,0,Members of a Set/Entities,Hard Distractor
order,balloon,eraser,galosh,0,Members of a Set/Entities,Random Distractor
crayon,candle,honeycomb,seal,1,Members of a Set/Entities,things made of wax
seal,honeycomb,candle,sour,0,Members of a Set/Entities,Hard Distractor
candle,seal,baguette,honeycomb,0,Members of a Set/Entities,Random Distractor
pillow,boa,headdress,shuttlecock,1,Members of a Set/Entities,things made with feathers
pillow,headdress,shuttlecock,senator,0,Members of a Set/Entities,Hard Distractor
headdress,beak,boa,shuttlecock,0,Members of a Set/Entities,Random Distractor
corn dog,lollipop,ball-in-cup,cotton swab,1,Members of a Set/Entities,things on sticks
ball-in-cup,corn dog,spike,cotton swab,0,Members of a Set/Entities,Hard Distractor
dissolve,cotton swab,corn dog,lollipop,0,Members of a Set/Entities,Random Distractor
clip,file,bite,paint,1,Members of a Set/Entities,things people do to fingernails
file,clip,olympus,paint,0,Members of a Set/Entities,Hard Distractor
bite,tomato,paint,clip,0,Members of a Set/Entities,Random Distractor
maraca,hands,snowglobe,polaroid,1,Members of a Set/Entities,things people shake
maraca,snowglobe,polaroid,wolverine,0,Members of a Set/Entities,Hard Distractor
polaroid,hands,shoehorn,snowglobe,0,Members of a Set/Entities,Random Distractor
tea,aura,palm,tarot,1,Members of a Set/Entities,things read in divination
aura,cue,tea,tarot,0,Members of a Set/Entities,Hard Distractor
palm,tarot,tea,spurs,0,Members of a Set/Entities,Random Distractor
bill,letter,catalog,card,1,Members of a Set/Entities,things received in the mail
card,horn,letter,catalog,0,Members of a Set/Entities,Hard Distractor
card,bill,proper,catalog,0,Members of a Set/Entities,Random Distractor
slots,chips,dice,cards,1,Members of a Set/Entities,things seen at a casino
cards,chips,dada,dice,0,Members of a Set/Entities,Hard Distractor
chips,slots,dice,polaroid,0,Members of a Set/Entities,Random Distractor
gnome,shed,sprinkler,grill,1,Members of a Set/Entities,things seen in a yard
oatmeal,gnome,sprinkler,grill,0,Members of a Set/Entities,Hard Distractor
razzmatazz,gnome,shed,grill,0,Members of a Set/Entities,Random Distractor
cookies,cache,history,data,1,Members of a Set/Entities,things stored by a web browser
cache,gossip,cookies,data,0,Members of a Set/Entities,Hard Distractor
can of worms,cache,history,data,0,Members of a Set/Entities,Random Distractor
bottle,graduate,mushroom,salary,1,Members of a Set/Entities,things that are capped
bottle,mushroom,graduate,henhouse,0,Members of a Set/Entities,Hard Distractor
graduate,mushroom,salary,clout,0,Members of a Set/Entities,Random Distractor
shadow,doubt,movie,vote,1,Members of a Set/Entities,things that are cast
movie,timpani,doubt,shadow,0,Members of a Set/Entities,Hard Distractor
shadow,doubt,cameroon,vote,0,Members of a Set/Entities,Random Distractor
corset,hourglass,diabolo,wasp,1,Members of a Set/Entities,things that are cinched in the middle
diabolo,corset,jazz,wasp,0,Members of a Set/Entities,Hard Distractor
collection,wasp,diabolo,hourglass,0,Members of a Set/Entities,Random Distractor
baby,blow,package,speech,1,Members of a Set/Entities,things that are delivered
package,wasp,blow,speech,0,Members of a Set/Entities,Hard Distractor
heels,speech,blow,package,0,Members of a Set/Entities,Random Distractor
zodiac,clock,year,foot,1,Members of a Set/Entities,things that are divided into twelve segments
zodiac,foot,fleece,year,0,Members of a Set/Entities,Hard Distractor
year,papyrus,clock,zodiac,0,Members of a Set/Entities,Random Distractor
caterpillar,peach,fleece,pipe cleaner,1,Members of a Set/Entities,things that are fuzzy
fleece,caterpillar,blues,peach,0,Members of a Set/Entities,Hard Distractor
fleece,edie,caterpillar,peach,0,Members of a Set/Entities,Random Distractor
basketball,floatie,balloon,tire,1,Members of a Set/Entities,things that are inflated
basketball,tire,floatie,calamine lotion,0,Members of a Set/Entities,Hard Distractor
floatie,basketball,voila,tire,0,Members of a Set/Entities,Random Distractor
hoagie,baton,torpedo,cigar,1,Members of a Set/Entities,things that are long and cylindrical
cigar,baton,hoagie,whole,0,Members of a Set/Entities,Hard Distractor
curly,cigar,hoagie,baton,0,Members of a Set/Entities,Random Distractor
lotion,incense,soap,candle,1,Members of a Set/Entities,things that are often scented
lotion,incense,candle,headdress,0,Members of a Set/Entities,Hard Distractor
incense,candle,everyday,lotion,0,Members of a Set/Entities,Random Distractor
goldfish,basketball,carrot,pumpkin,1,Members of a Set/Entities,things that are orange
carrot,staring,goldfish,basketball,0,Members of a Set/Entities,Hard Distractor
basketball,carrot,goldfish,shelter,0,Members of a Set/Entities,Random Distractor
flamingo,calamine lotion,bubble gum,carnation,1,Members of a Set/Entities,things that are pink
calamine lotion,goggles,flamingo,bubble gum,0,Members of a Set/Entities,Hard Distractor
bubble gum,utah,carnation,calamine lotion,0,Members of a Set/Entities,Random Distractor
barbie dreamhouse,flamingo,eraser,cherry blossom,1,Members of a Set/Entities,things that are pink
barbie dreamhouse,scratch,eraser,flamingo,0,Members of a Set/Entities,Hard Distractor
flamingo,killer,cherry blossom,eraser,0,Members of a Set/Entities,Random Distractor
eggplant,eggplant,lavender,grimace,1,Members of a Set/Entities,things that are purple
grimace,eggplant,lavender,saturn,0,Members of a Set/Entities,Hard Distractor
hits,lavender,eggplant,grimace,0,Members of a Set/Entities,Random Distractor
barney the dinosaur,people eater,amethyst,swing state,1,Members of a Set/Entities,things that are purple
barney the dinosaur,amethyst,people eater,bronco,0,Members of a Set/Entities,Hard Distractor
amethyst,name,swing state,barney the dinosaur,0,Members of a Set/Entities,Random Distractor
devil,stop sign,rose,strawberry,1,Members of a Set/Entities,things that are red
rose,stop sign,strawberry,rio,0,Members of a Set/Entities,Hard Distractor
stop sign,strawberry,hamper,devil,0,Members of a Set/Entities,Random Distractor
maraschino cherry,fire engine,mars,clown nose,1,Members of a Set/Entities,things that are red
clown nose,maraschino cherry,mars,pea,0,Members of a Set/Entities,Hard Distractor
clown nose,mars,maraschino cherry,key ring,0,Members of a Set/Entities,Random Distractor
ruby,poppy,brick,fire truck,1,Members of a Set/Entities,things that are red
fire truck,sole,ruby,poppy,0,Members of a Set/Entities,Hard Distractor
poppy,brick,fire truck,beach,0,Members of a Set/Entities,Random Distractor
cardinal,beet,cherry,stop sign,1,Members of a Set/Entities,things that are red
denmark,beet,cherry,cardinal,0,Members of a Set/Entities,Hard Distractor
mule,beet,cherry,cardinal,0,Members of a Set/Entities,Random Distractor
elmo,rose,ketchup,cardinal,1,Members of a Set/Entities,things that are red
cardinal,elmo,palm,rose,0,Members of a Set/Entities,Hard Distractor
diss,cardinal,elmo,rose,0,Members of a Set/Entities,Random Distractor
eel,banana peel,grease,ice,1,Members of a Set/Entities,things that are slippery
grease,eel,ice,wireless,0,Members of a Set/Entities,Hard Distractor
eel,ice,grease,fork,0,Members of a Set/Entities,Random Distractor
snow,polar bear,baby powder,milk,1,Members of a Set/Entities,things that are white
tiger,baby powder,polar bear,snow,0,Members of a Set/Entities,Hard Distractor
baby powder,milk,bane,polar bear,0,Members of a Set/Entities,Random Distractor
mustard,lemon,minion,canary,1,Members of a Set/Entities,things that are yellow
canary,stamp,lemon,mustard,0,Members of a Set/Entities,Hard Distractor
canary,mustard,digital,lemon,0,Members of a Set/Entities,Random Distractor
school bus,banana,sunflower,canary,1,Members of a Set/Entities,things that are yellow
banana,school bus,tap,sunflower,0,Members of a Set/Entities,Hard Distractor
alley,banana,school bus,canary,0,Members of a Set/Entities,Random Distractor
gum,glue,tape,stick,1,Members of a Set/Entities,things that are “sticky”
gum,tape,stick,organism,0,Members of a Set/Entities,Hard Distractor
glue,gum,tape,salty dog,0,Members of a Set/Entities,Random Distractor
table,book,tree,salad,1,Members of a Set/Entities,things that can have leaves
table,dive,book,tree,0,Members of a Set/Entities,Hard Distractor
table,tree,message,book,0,Members of a Set/Entities,Random Distractor
faucet,nose,candidate,mascara,1,Members of a Set/Entities,things that can run
faucet,nose,mascara,kiss,0,Members of a Set/Entities,Hard Distractor
dougie,candidate,faucet,nose,0,Members of a Set/Entities,Random Distractor
nose,mascara,stockings,dye,1,Members of a Set/Entities,"things that can run, annoyingly"
nose,stockings,wagon,mascara,0,Members of a Set/Entities,Hard Distractor
pioneers,nose,dye,stockings,0,Members of a Set/Entities,Random Distractor
union,inspiration,cobra,lightning,1,Members of a Set/Entities,things that can strike
cobra,union,suit,inspiration,0,Members of a Set/Entities,Hard Distractor
inspiration,cobra,twist,lightning,0,Members of a Set/Entities,Random Distractor
film,thread,wire,tape,1,Members of a Set/Entities,things that come on spools
cherry,film,thread,wire,0,Members of a Set/Entities,Hard Distractor
thread,film,tape,close,0,Members of a Set/Entities,Random Distractor
tide,sun,elevator,yo-yo,1,Members of a Set/Entities,things that go up and down
sun,yo-yo,arena,tide,0,Members of a Set/Entities,Hard Distractor
yo-yo,tide,believe,sun,0,Members of a Set/Entities,Random Distractor
aurora,radium,glowstick,firefly,1,Members of a Set/Entities,things that luminesce
firefly,aura,aurora,radium,0,Members of a Set/Entities,Hard Distractor
firefly,dampen,aurora,radium,0,Members of a Set/Entities,Random Distractor
pepper,smoke,pollen,dust,1,Members of a Set/Entities,things that make you sneeze
pepper,dust,slice,pollen,0,Members of a Set/Entities,Hard Distractor
briny,pollen,smoke,dust,0,Members of a Set/Entities,Random Distractor
wasp,insult,nettle,jellyfish,1,Members of a Set/Entities,things that might sting
insult,jellyfish,hockey,wasp,0,Members of a Set/Entities,Hard Distractor
comic con,insult,jellyfish,nettle,0,Members of a Set/Entities,Random Distractor
skunk,cheese,garbage,feet,1,Members of a Set/Entities,things that might stink
skunk,cheese,anvil,feet,0,Members of a Set/Entities,Hard Distractor
skunk,salts,feet,cheese,0,Members of a Set/Entities,Random Distractor
waffle iron,clam,laptop,compact,1,Members of a Set/Entities,things that open like a clam
laptop,cardinal,clam,waffle iron,0,Members of a Set/Entities,Hard Distractor
laptop,compact,ming,clam,0,Members of a Set/Entities,Random Distractor
cap,seal,plug,cover,1,Members of a Set/Entities,things that prevent leaks
seal,cover,cap,fiat,0,Members of a Set/Entities,Hard Distractor
plug,cap,seal,dream,0,Members of a Set/Entities,Random Distractor
bell,alarm,intercom,phone,1,Members of a Set/Entities,things that ring
oral,alarm,phone,bell,0,Members of a Set/Entities,Hard Distractor
alarm,intercom,marigold,bell,0,Members of a Set/Entities,Random Distractor
carousel,barber pole,ceiling fan,lazy susan,1,Members of a Set/Entities,things that rotate about a vertical axis
ceiling fan,lazy susan,carousel,card,0,Members of a Set/Entities,Hard Distractor
ceiling fan,carousel,cowboy,lazy susan,0,Members of a Set/Entities,Random Distractor
top,globe,carousel,record,1,Members of a Set/Entities,things that spin
globe,string,top,record,0,Members of a Set/Entities,Hard Distractor
character,globe,top,carousel,0,Members of a Set/Entities,Random Distractor
vacuum,vampire,straw,leech,1,Members of a Set/Entities,things that suck
vampire,leech,blue,vacuum,0,Members of a Set/Entities,Hard Distractor
straw,vacuum,vampire,forage,0,Members of a Set/Entities,Random Distractor
pendulum,saloon doors,golfer,swing,1,Members of a Set/Entities,things that swing
checkbox,golfer,swing,saloon doors,0,Members of a Set/Entities,Hard Distractor
golfer,saloon doors,getaway,pendulum,0,Members of a Set/Entities,Random Distractor
instagram,coffee maker,cigarette,air purifier,1,Members of a Set/Entities,things that use filters
air purifier,cigarette,instagram,fiddle,0,Members of a Set/Entities,Hard Distractor
cigarette,instagram,pharma,coffee maker,0,Members of a Set/Entities,Random Distractor
bird,kettle,train,referee,1,Members of a Set/Entities,things that whistle
referee,dandelion,train,kettle,0,Members of a Set/Entities,Hard Distractor
referee,bird,train,body,0,Members of a Set/Entities,Random Distractor
dandelion,eyelash,candle,dice,1,Members of a Set/Entities,things to blow on for wishes/luck
hotel,eyelash,candle,dandelion,0,Members of a Set/Entities,Hard Distractor
eyelash,orgo,candle,dice,0,Members of a Set/Entities,Random Distractor
hotel,flight,car,tour,1,Members of a Set/Entities,things to book for a vacation
car,tour,monster,flight,0,Members of a Set/Entities,Hard Distractor
tour,hotel,chalk,car,0,Members of a Set/Entities,Random Distractor
remote,tongue,heels,mouse,1,Members of a Set/Entities,things to click
heels,mouse,remote,caterpillar,0,Members of a Set/Entities,Hard Distractor
remote,heels,tongue,manner,0,Members of a Set/Entities,Random Distractor
tree,mountain,ladder,rope,1,Members of a Set/Entities,things to climb
ladder,projector,rope,tree,0,Members of a Set/Entities,Hard Distractor
ladder,absent,rope,mountain,0,Members of a Set/Entities,Random Distractor
smile,window,egg,knuckles,1,Members of a Set/Entities,things to crack
record,knuckles,window,egg,0,Members of a Set/Entities,Hard Distractor
smile,ostrich,window,knuckles,0,Members of a Set/Entities,Random Distractor
circulate,mingle,network,converse,1,Members of a Set/Entities,things to do at a work event
mingle,circulate,red,converse,0,Members of a Set/Entities,Hard Distractor
network,mingle,sally,converse,0,Members of a Set/Entities,Random Distractor
cut,shuffle,fan,deal,1,Members of a Set/Entities,things to do with a deck of cards
shuffle,horn,deal,cut,0,Members of a Set/Entities,Hard Distractor
deal,turkish angora,fan,cut,0,Members of a Set/Entities,Random Distractor
bill,check,tab,invoice,1,Members of a Set/Entities,things to pay
chard,bill,invoice,check,0,Members of a Set/Entities,Hard Distractor
check,invoice,tab,cryptography,0,Members of a Set/Entities,Random Distractor
fight,bone,afro,lock,1,Members of a Set/Entities,things to pick
bike,afro,fight,bone,0,Members of a Set/Entities,Hard Distractor
lock,plaza,fight,afro,0,Members of a Set/Entities,Random Distractor
hem,pleat,seam,dart,1,Members of a Set/Entities,things to sew
seam,pleat,dart,coin,0,Members of a Set/Entities,Hard Distractor
seam,dart,wiis,hem,0,Members of a Set/Entities,Random Distractor
page view,hit,visit,click,1,Members of a Set/Entities,things tracked by web analytics
page view,visit,denmark,hit,0,Members of a Set/Entities,Hard Distractor
click,hit,visit,must,0,Members of a Set/Entities,Random Distractor
saddle,wallet,moccasins,football,1,Members of a Set/Entities,things traditionally made of leather
moccasins,club,football,saddle,0,Members of a Set/Entities,Hard Distractor
saddle,wallet,moccasins,slip,0,Members of a Set/Entities,Random Distractor
glove,tee,ball,driver,1,Members of a Set/Entities,things used in golf
ball,tee,driver,divider,0,Members of a Set/Entities,Hard Distractor
driver,glove,tee,salary,0,Members of a Set/Entities,Random Distractor
lego set,pick-up sticks,jigsaw puzzle,lite-brite,1,Members of a Set/Entities,things with a lot of pieces
pick-up sticks,hard,lego set,lite-brite,0,Members of a Set/Entities,Hard Distractor
abecedarium,lite-brite,lego set,pick-up sticks,0,Members of a Set/Entities,Random Distractor
insect,satellite dish,radio tower,teletubby,1,Members of a Set/Entities,things with antenna/e
satellite dish,pinto,radio tower,teletubby,0,Members of a Set/Entities,Hard Distractor
satellite dish,radio tower,teletubby,cornucopia,0,Members of a Set/Entities,Random Distractor
drill,comedian,bridle,byte,1,Members of a Set/Entities,things with bits
drill,comedian,byte,poodle,0,Members of a Set/Entities,Hard Distractor
comedian,drill,byte,frog,0,Members of a Set/Entities,Random Distractor
solar panel,spreadsheet,organism,honeycomb,1,Members of a Set/Entities,things with cells
organism,spreadsheet,plug,honeycomb,0,Members of a Set/Entities,Hard Distractor
solar panel,honeycomb,organism,windy,0,Members of a Set/Entities,Random Distractor
reactor,apple,planet,computer,1,Members of a Set/Entities,things with cores
planet,relief,apple,computer,0,Members of a Set/Entities,Hard Distractor
reactor,computer,cue,apple,0,Members of a Set/Entities,Random Distractor
potato,hurricane,face,needle,1,Members of a Set/Entities,things with eye(s)
get well,hurricane,face,needle,0,Members of a Set/Entities,Hard Distractor
potato,face,hurricane,ocher,0,Members of a Set/Entities,Random Distractor
biped,furniture,poem,yardstick,1,Members of a Set/Entities,things with feet
poem,hood,yardstick,furniture,0,Members of a Set/Entities,Hard Distractor
poem,jo,yardstick,furniture,0,Members of a Set/Entities,Random Distractor
sponge,bowling ball,golf course,colander,1,Members of a Set/Entities,things with holes
miller,golf course,bowling ball,sponge,0,Members of a Set/Entities,Hard Distractor
sponge,bowling ball,swings,golf course,0,Members of a Set/Entities,Random Distractor
inner tube,bagel,hula hoop,washer,1,Members of a Set/Entities,things with holes in the middle
hula hoop,bagel,washer,plow,0,Members of a Set/Entities,Hard Distractor
washer,inner tube,clap,bagel,0,Members of a Set/Entities,Random Distractor
squid,tattoo machine,printer,pen,1,Members of a Set/Entities,things with ink
maraschino cherry,tattoo machine,pen,printer,0,Members of a Set/Entities,Hard Distractor
tattoo machine,squid,clean,printer,0,Members of a Set/Entities,Random Distractor
florida,locksmith,cryptography,piano,1,Members of a Set/Entities,things with keys
florida,cryptography,coin,locksmith,0,Members of a Set/Entities,Hard Distractor
piano,locksmith,fisher,cryptography,0,Members of a Set/Entities,Random Distractor
checkers,nhl,deck of cards,monarchy,1,Members of a Set/Entities,things with kings
checkers,piano,monarchy,deck of cards,0,Members of a Set/Entities,Hard Distractor
sprinkler,deck of cards,nhl,monarchy,0,Members of a Set/Entities,Random Distractor
plywood,cake,earth,onion,1,Members of a Set/Entities,things with layers
plywood,calvin,onion,cake,0,Members of a Set/Entities,Hard Distractor
cake,tidal,earth,onion,0,Members of a Set/Entities,Random Distractor
henhouse,earth,photoshop,onion,1,Members of a Set/Entities,things with layers
photoshop,am,henhouse,onion,0,Members of a Set/Entities,Hard Distractor
photoshop,onion,handful,earth,0,Members of a Set/Entities,Random Distractor
tree,book,table,tea,1,Members of a Set/Entities,things with leaves
book,tea,magic,tree,0,Members of a Set/Entities,Hard Distractor
tea,tree,skull,book,0,Members of a Set/Entities,Random Distractor
chain,golf course,sausage,website,1,Members of a Set/Entities,things with links
golf course,website,david-and-goliath,sausage,0,Members of a Set/Entities,Hard Distractor
mastodon,website,sausage,golf course,0,Members of a Set/Entities,Random Distractor
guitar,giraffe,lamp,bottle,1,Members of a Set/Entities,things with necks
bottle,lamp,volleyball,guitar,0,Members of a Set/Entities,Hard Distractor
guitar,giraffe,lamp,trout,0,Members of a Set/Entities,Random Distractor
turntable,sewing kit,compass,pine tree,1,Members of a Set/Entities,things with needle/s
crab,sewing kit,pine tree,turntable,0,Members of a Set/Entities,Hard Distractor
pine tree,trundle,compass,sewing kit,0,Members of a Set/Entities,Random Distractor
tree,wedding,saturn,circus,1,Members of a Set/Entities,things with rings
circus,wedding,dream,saturn,0,Members of a Set/Entities,Hard Distractor
saturn,wedding,tree,lose,0,Members of a Set/Entities,Random Distractor
turtle,hard taco,snail,clam,1,Members of a Set/Entities,things with shells
clam,hard taco,blues,turtle,0,Members of a Set/Entities,Hard Distractor
clam,snail,turtle,ew,0,Members of a Set/Entities,Random Distractor
egg,egg,nut,m&m,1,Members of a Set/Entities,things with shells
egg,m&m,glitter,nut,0,Members of a Set/Entities,Hard Distractor
nut,m&m,craftsman,egg,0,Members of a Set/Entities,Random Distractor
schedule,atm,spatula,casino,1,Members of a Set/Entities,things with slots
casino,atm,schedule,gear,0,Members of a Set/Entities,Hard Distractor
schedule,deliberate,spatula,casino,0,Members of a Set/Entities,Random Distractor
book,skeleton,cactus,hedgehog,1,Members of a Set/Entities,things with spines
hedgehog,skeleton,cactus,lightning,0,Members of a Set/Entities,Hard Distractor
book,skeleton,cactus,bathroom,0,Members of a Set/Entities,Random Distractor
ladybug,dalmatian,die,domino,1,Members of a Set/Entities,things with spots
domino,chop,ladybug,dalmatian,0,Members of a Set/Entities,Hard Distractor
domino,dalmatian,lucid,ladybug,0,Members of a Set/Entities,Random Distractor
fountain,whale,teapot,gutter,1,Members of a Set/Entities,things with spouts
gutter,teapot,fountain,axles,0,Members of a Set/Entities,Hard Distractor
fountain,teapot,drawback,whale,0,Members of a Set/Entities,Random Distractor
mattress,mousetrap,trampoline,clock,1,Members of a Set/Entities,things with spring/s
clock,robe,mattress,mousetrap,0,Members of a Set/Entities,Hard Distractor
mattress,work,trampoline,mousetrap,0,Members of a Set/Entities,Random Distractor
candy cane,referee,tiger,crosswalk,1,Members of a Set/Entities,things with stripes
crosswalk,push-up,referee,candy cane,0,Members of a Set/Entities,Hard Distractor
tiger,candy cane,planks,referee,0,Members of a Set/Entities,Random Distractor
keyboard,browser,soda can,folder,1,Members of a Set/Entities,things with tabs
browser,keyboard,soda can,cards,0,Members of a Set/Entities,Hard Distractor
browser,keyboard,bus,soda can,0,Members of a Set/Entities,Random Distractor
comb,zipper,saw,gear,1,Members of a Set/Entities,things with teeth
flash,gear,saw,comb,0,Members of a Set/Entities,Hard Distractor
gear,moonlight,comb,zipper,0,Members of a Set/Entities,Random Distractor
trees,swimmers,elephants,cars,1,Members of a Set/Entities,things with trunks
swimmers,cars,surprise,trees,0,Members of a Set/Entities,Hard Distractor
cars,swimmers,elephants,wick,0,Members of a Set/Entities,Random Distractor
wagon,rollerblade,skateboard,dolly,1,Members of a Set/Entities,things with wheels
pen,rollerblade,wagon,skateboard,0,Members of a Set/Entities,Hard Distractor
reflection,dolly,skateboard,wagon,0,Members of a Set/Entities,Random Distractor
bird,angel,pegasus,airplane,1,Members of a Set/Entities,things with wings
airplane,yield,bird,pegasus,0,Members of a Set/Entities,Hard Distractor
angel,airplane,justice,pegasus,0,Members of a Set/Entities,Random Distractor
hospital,fly,airplane,fairy,1,Members of a Set/Entities,things with wings
fairy,airplane,fly,heel,0,Members of a Set/Entities,Hard Distractor
fly,fairy,airplane,elder,0,Members of a Set/Entities,Random Distractor
lavalier,boutonnière,lapel pin,awareness ribbon,1,Members of a Set/Entities,things worn on lapels
lavalier,awareness ribbon,rink,boutonnière,0,Members of a Set/Entities,Hard Distractor
lapel pin,boutonnière,lavalier,were,0,Members of a Set/Entities,Random Distractor
ikea furniture,lego set,puzzle,model,1,Members of a Set/Entities,things you assemble
model,ikea furniture,puzzle,clutch,0,Members of a Set/Entities,Hard Distractor
model,lego set,ikea furniture,bartender,0,Members of a Set/Entities,Random Distractor
bubble,raspberry,fuse,kiss,1,Members of a Set/Entities,things you can blow
bubble,drum,fuse,raspberry,0,Members of a Set/Entities,Hard Distractor
fuse,raspberry,kiss,shiny,0,Members of a Set/Entities,Random Distractor
wiis,televisions,drones,garage doors,1,Members of a Set/Entities,things you can control with remotes
wiis,drones,i,televisions,0,Members of a Set/Entities,Hard Distractor
wiis,drones,televisions,duct,0,Members of a Set/Entities,Random Distractor
egg,code,whip,joke,1,Members of a Set/Entities,things you can crack
egg,rattle,whip,joke,0,Members of a Set/Entities,Hard Distractor
joke,egg,elle,code,0,Members of a Set/Entities,Random Distractor
bold,underline,highlight,strikethrough,1,Members of a Set/Entities,things you can do to text
strikethrough,underline,bold,plug,0,Members of a Set/Entities,Hard Distractor
bold,underline,strikethrough,surge,0,Members of a Set/Entities,Random Distractor
pick,thumb,hold,blow,1,Members of a Set/Entities,things you can do to your nose
robe,thumb,pick,blow,0,Members of a Set/Entities,Hard Distractor
blow,hold,pick,strait,0,Members of a Set/Entities,Random Distractor
spike,punt,snap,pass,1,Members of a Set/Entities,things you can do with a football
spike,punt,snap,umbilical,0,Members of a Set/Entities,Hard Distractor
snap,punt,tress,spike,0,Members of a Set/Entities,Random Distractor
flutter,wink,bat,blink,1,Members of a Set/Entities,things you can do with your eyelids
flutter,blink,wink,bird,0,Members of a Set/Entities,Hard Distractor
blink,bat,wink,pole,0,Members of a Set/Entities,Random Distractor
smack,curl,pucker,purse,1,Members of a Set/Entities,things you can do with your lips
purse,smack,curl,dirty,0,Members of a Set/Entities,Hard Distractor
drift,smack,purse,pucker,0,Members of a Set/Entities,Random Distractor
picture,card,bath,curtain,1,Members of a Set/Entities,things you can draw
curtain,goldfish,bath,picture,0,Members of a Set/Entities,Hard Distractor
picture,curtain,card,egg,0,Members of a Set/Entities,Random Distractor
table,image,text box,chart,1,Members of a Set/Entities,things you can insert in a document
image,table,dog,chart,0,Members of a Set/Entities,Hard Distractor
image,text box,chart,ravine,0,Members of a Set/Entities,Random Distractor
column,cell,sheet,row,1,Members of a Set/Entities,things you can insert into a spreadsheet
beaker,sheet,cell,row,0,Members of a Set/Entities,Hard Distractor
row,sheet,development,column,0,Members of a Set/Entities,Random Distractor
nose,apple,card,banjo,1,Members of a Set/Entities,things you can pick
solid,apple,banjo,nose,0,Members of a Set/Entities,Hard Distractor
apple,nose,affix,banjo,0,Members of a Set/Entities,Random Distractor
medicine,law,self-care,witchcraft,1,Members of a Set/Entities,things you can practice
law,self-care,medicine,bill,0,Members of a Set/Entities,Hard Distractor
witchcraft,medicine,gaga,law,0,Members of a Set/Entities,Random Distractor
iron,fist,brakes,gas,1,Members of a Set/Entities,things you can pump
iron,fist,narwhal,gas,0,Members of a Set/Entities,Hard Distractor
fist,brakes,mist,iron,0,Members of a Set/Entities,Random Distractor
bug bite,vinyl record,lottery ticket,your head,1,Members of a Set/Entities,things you can scratch
vine,vinyl record,lottery ticket,bug bite,0,Members of a Set/Entities,Hard Distractor
bug bite,dreams,vinyl record,your head,0,Members of a Set/Entities,Random Distractor
record,mood,volleyball,table,1,Members of a Set/Entities,things you can set
record,volleyball,table,contrabass,0,Members of a Set/Entities,Hard Distractor
hermit,volleyball,mood,table,0,Members of a Set/Entities,Random Distractor
party,tantrum,curveball,wrench,1,Members of a Set/Entities,"things you can throw, in metaphors"
curveball,crook,party,tantrum,0,Members of a Set/Entities,Hard Distractor
parallel,tantrum,party,wrench,0,Members of a Set/Entities,Random Distractor
ring,knock,buzz,shout,1,Members of a Set/Entities,things you do at someone's front door
shout,trumpet,knock,ring,0,Members of a Set/Entities,Hard Distractor
knock,bowling pins,ring,buzz,0,Members of a Set/Entities,Random Distractor
doze,doodle,space,pass notes,1,Members of a Set/Entities,things you might do during a boring class/meeting
doodle,doze,mobile,pass notes,0,Members of a Set/Entities,Hard Distractor
doze,pinch,pass notes,space,0,Members of a Set/Entities,Random Distractor
snore,dream,drool,talk,1,Members of a Set/Entities,things you might do in your sleep
snore,dream,drool,pepper,0,Members of a Set/Entities,Hard Distractor
snout,drool,dream,snore,0,Members of a Set/Entities,Random Distractor
hairspray,magic 8 ball,snowglobe,salad dressing,1,Members of a Set/Entities,things you shake
coach,hairspray,salad dressing,snowglobe,0,Members of a Set/Entities,Hard Distractor
hairspray,dill,snowglobe,magic 8 ball,0,Members of a Set/Entities,Random Distractor
affiliate,relate,associate,equate,1,Noun/Concept Synonyms,think of together
relate,associate,fadeaway,affiliate,0,Noun/Concept Synonyms,Hard Distractor
associate,equate,cell,relate,0,Noun/Concept Synonyms,Random Distractor
party,rail,rock,eye,1,Fill-in-the-Blank,third ___
party,rail,dead,rock,0,Fill-in-the-Blank,Hard Distractor
party,rock,tungsten,eye,0,Fill-in-the-Blank,Random Distractor
beat,pulse,pound,thump,1,Noun/Concept Synonyms,throb
pound,pulse,beat,chameleon,0,Noun/Concept Synonyms,Hard Distractor
beat,pound,pulse,xylophone,0,Noun/Concept Synonyms,Random Distractor
hurl,fling,chuck,cast,1,Noun/Concept Synonyms,throw
cast,fling,hurl,move,0,Noun/Concept Synonyms,Hard Distractor
wicked,cast,fling,chuck,0,Noun/Concept Synonyms,Random Distractor
pepper,scatter,strew,sprinkle,1,Noun/Concept Synonyms,throw here and there
pepper,strew,scatter,amenable,0,Noun/Concept Synonyms,Hard Distractor
sprinkle,pepper,scatter,steady,0,Noun/Concept Synonyms,Random Distractor
eject,toss,boot,bounce,1,Noun/Concept Synonyms,throw out
bounce,toss,tissue,eject,0,Noun/Concept Synonyms,Hard Distractor
boot,eject,gel,bounce,0,Noun/Concept Synonyms,Random Distractor
dart,horseshoe,ring,axe,1,Noun/Concept Synonyms,thrown in target games
horseshoe,ring,wurst,axe,0,Noun/Concept Synonyms,Hard Distractor
horseshoe,dart,katy perry,axe,0,Noun/Concept Synonyms,Random Distractor
stick,poke,prod,jab,1,Noun/Concept Synonyms,thrust
still,poke,stick,jab,0,Noun/Concept Synonyms,Hard Distractor
poke,prod,stick,tease,0,Noun/Concept Synonyms,Random Distractor
concert,movie,play,game,1,Noun/Concept Synonyms,ticketed events
candy,concert,movie,play,0,Noun/Concept Synonyms,Hard Distractor
guitar,movie,play,concert,0,Noun/Concept Synonyms,Random Distractor
floor,level,deck,story,1,Noun/Concept Synonyms,tier
story,jab,level,floor,0,Noun/Concept Synonyms,Hard Distractor
story,gm,level,floor,0,Noun/Concept Synonyms,Random Distractor
slope,cant,list,lean,1,Noun/Concept Synonyms,tilt to one side
list,cant,lean,sorts,0,Noun/Concept Synonyms,Hard Distractor
cant,slope,comma,lean,0,Noun/Concept Synonyms,Random Distractor
soon,then,later,now,1,Noun/Concept Synonyms,time adverbs
then,elite,soon,now,0,Noun/Concept Synonyms,Hard Distractor
smell,soon,then,later,0,Noun/Concept Synonyms,Random Distractor
leave,vacation,holiday,rest,1,Noun/Concept Synonyms,time off
leave,flush,rest,holiday,0,Noun/Concept Synonyms,Hard Distractor
vacation,leave,rest,grab,0,Noun/Concept Synonyms,Random Distractor
break,recess,leave,break,1,Noun/Concept Synonyms,time off
tongue,recess,leave,break,0,Noun/Concept Synonyms,Hard Distractor
leave,break,break,simply,0,Noun/Concept Synonyms,Random Distractor
decade,millennium,year,century,1,Noun/Concept Synonyms,time periods
sweat,millennium,decade,century,0,Noun/Concept Synonyms,Hard Distractor
century,year,decade,microphone,0,Noun/Concept Synonyms,Random Distractor
clock,sundial,watch,hourglass,1,Action/Verb Synonyms,timekeeping devices
hook,watch,hourglass,sundial,0,Action/Verb Synonyms,Hard Distractor
clock,watch,weave,hourglass,0,Action/Verb Synonyms,Random Distractor
tone,shade,color,hue,1,Noun/Concept Synonyms,tint
color,hue,tear,tone,0,Noun/Concept Synonyms,Hard Distractor
color,hue,draconian,tone,0,Noun/Concept Synonyms,Random Distractor
tone,hue,shade,tinge,1,Noun/Concept Synonyms,tint
hue,tinge,shade,lead,0,Noun/Concept Synonyms,Hard Distractor
bucket,shade,tone,tinge,0,Noun/Concept Synonyms,Random Distractor
small,minute,slight,wee,1,Descriptor/Adjective Synonyms,tiny
wee,minute,mark,small,0,Descriptor/Adjective Synonyms,Hard Distractor
small,slight,wee,trombone,0,Descriptor/Adjective Synonyms,Random Distractor
mite,tad,little,bit,1,Descriptor/Adjective Synonyms,"tiny amount, with “a”"
bit,tad,shelter,little,0,Descriptor/Adjective Synonyms,Hard Distractor
tad,kiss,little,bit,0,Descriptor/Adjective Synonyms,Random Distractor
hydrate,breathe,stretch,rest,1,Idioms & Slang,tips for working out safely
rest,cats,hydrate,stretch,0,Idioms & Slang,Hard Distractor
volunteer,rest,breathe,hydrate,0,Idioms & Slang,Random Distractor
pee-wee,indiana,ferris,heather,1,Trivia/Pop Culture,title characters in '80s movies
indiana,warner,ferris,heather,0,Trivia/Pop Culture,Hard Distractor
indiana,heather,pee-wee,grandfather,0,Trivia/Pop Culture,Random Distractor
hedgehog,plumber,princess,gorilla,1,Trivia/Pop Culture,title figures in classic video games
marionette,plumber,hedgehog,gorilla,0,Trivia/Pop Culture,Hard Distractor
princess,hedgehog,plumber,past tense,0,Trivia/Pop Culture,Random Distractor
willy,babe,beethoven,charlotte,1,Members of a Set/Entities,title movie animals
beethoven,charlotte,babe,table,0,Members of a Set/Entities,Hard Distractor
babe,charlotte,beethoven,strings,0,Members of a Set/Entities,Random Distractor
quinn,house,howser,grey,1,Trivia/Pop Culture,title tv doctors
howser,quinn,insecure,house,0,Trivia/Pop Culture,Hard Distractor
howser,saloon,quinn,grey,0,Trivia/Pop Culture,Random Distractor
babe,bolt,dumbo,ted,1,Members of a Set/Entities,titular animals of film
bolt,cube,dumbo,ted,0,Members of a Set/Entities,Hard Distractor
compare,dumbo,babe,bolt,0,Members of a Set/Entities,Random Distractor
monk,tracy,magnum,shaft,1,Noun/Concept Synonyms,titular fictional detectives
geometry,shaft,monk,magnum,0,Noun/Concept Synonyms,Hard Distractor
shaft,dialect,tracy,magnum,0,Noun/Concept Synonyms,Random Distractor
tollbooth,towboat,tomboy,toolbox,1,Noun/Concept Synonyms,to-bo- compound words
tollbooth,towboat,toolbox,wacky,0,Noun/Concept Synonyms,Hard Distractor
toolbox,tomboy,towboat,catfish,0,Noun/Concept Synonyms,Random Distractor
stomach,swallow,stand,bear,1,Noun/Concept Synonyms,tolerate
bear,swallow,sterling,stomach,0,Noun/Concept Synonyms,Hard Distractor
vague,bear,swallow,stomach,0,Noun/Concept Synonyms,Random Distractor
bear,stomach,swallow,bear,1,Noun/Concept Synonyms,tolerate
bear,stomach,bear,web,0,Noun/Concept Synonyms,Hard Distractor
stomach,nickname,swallow,bear,0,Noun/Concept Synonyms,Random Distractor
stand,take,take,stand,1,Noun/Concept Synonyms,tolerate
stand,take,stand,pin,0,Noun/Concept Synonyms,Hard Distractor
take,take,getaway,stand,0,Noun/Concept Synonyms,Random Distractor
sully,big,splash,philadelphia,1,Trivia/Pop Culture,tom hanks movies
splash,big,sully,lost boys,0,Trivia/Pop Culture,Hard Distractor
keto,philadelphia,sully,splash,0,Trivia/Pop Culture,Random Distractor
waits,petty,cruise,holland,1,Noun/Concept Synonyms,toms
petty,engineer,cruise,holland,0,Noun/Concept Synonyms,Hard Distractor
petty,cruise,waits,jumbo,0,Noun/Concept Synonyms,Random Distractor
annie,company,cats,cabaret,1,Idioms & Slang,tony winners for best musical
fire,cats,company,annie,0,Idioms & Slang,Hard Distractor
company,cabaret,hermes,annie,0,Idioms & Slang,Random Distractor
hawk,stark,montana,soprano,1,Fill-in-the-Blank,tony ___
soprano,montana,hawk,pod,0,Fill-in-the-Blank,Hard Distractor
soprano,montana,inspire,stark,0,Fill-in-the-Blank,Random Distractor
file,saw,level,hammer,1,Members of a Set/Entities,tools
level,amethyst,hammer,saw,0,Members of a Set/Entities,Hard Distractor
level,saw,dart,hammer,0,Members of a Set/Entities,Random Distractor
banana,dog,hat,secret,1,Fill-in-the-Blank,top ___
hat,dirt,dog,secret,0,Fill-in-the-Blank,Hard Distractor
secret,hat,nacho,dog,0,Fill-in-the-Blank,Random Distractor
issue,subject,matter,point,1,Descriptor/Adjective Synonyms,topic of discussion
matter,fine,issue,subject,0,Descriptor/Adjective Synonyms,Hard Distractor
matter,subject,issue,baker,0,Descriptor/Adjective Synonyms,Random Distractor
fall,tumble,spill,wipeout,1,Noun/Concept Synonyms,topple
tumble,spill,wipeout,ate,0,Noun/Concept Synonyms,Hard Distractor
spill,surge,wipeout,fall,0,Noun/Concept Synonyms,Random Distractor
cami,tank,tee,halter,1,Noun/Concept Synonyms,tops
banana,tee,tank,halter,0,Noun/Concept Synonyms,Hard Distractor
tank,halter,spotty,tee,0,Noun/Concept Synonyms,Random Distractor
bagel,lifesaver,donut,cheerio,1,Noun/Concept Synonyms,torus-shaped food
cheerio,donut,bagel,crab,0,Noun/Concept Synonyms,Hard Distractor
lock,bagel,donut,lifesaver,0,Noun/Concept Synonyms,Random Distractor
tire,wreath,lifesaver,bagel,1,Members of a Set/Entities,torus-shaped things
tire,fang,wreath,bagel,0,Members of a Set/Entities,Hard Distractor
wreath,bagel,forecast,lifesaver,0,Members of a Set/Entities,Random Distractor
graze,brush,skim,kiss,1,Descriptor/Adjective Synonyms,touch lightly
mass,graze,kiss,skim,0,Descriptor/Adjective Synonyms,Hard Distractor
graze,skim,piece,brush,0,Descriptor/Adjective Synonyms,Random Distractor
swipe,tap,scroll,pinch,1,Noun/Concept Synonyms,touchscreen gestures
pinch,swipe,boy,scroll,0,Noun/Concept Synonyms,Hard Distractor
swipe,funk,tap,scroll,0,Noun/Concept Synonyms,Random Distractor
tap,pinch,swipe,spread,1,Noun/Concept Synonyms,touchscreen gestures
tap,swipe,standing,spread,0,Noun/Concept Synonyms,Hard Distractor
pinch,swipe,russian,spread,0,Noun/Concept Synonyms,Random Distractor
semi,quarter,qualifier,final,1,Noun/Concept Synonyms,tournament rounds
final,collectible,qualifier,semi,0,Noun/Concept Synonyms,Hard Distractor
final,semi,ragtag,quarter,0,Noun/Concept Synonyms,Random Distractor
hammer,hurdle,pole,pole,1,Members of a Set/Entities,track and field equipment
hurdle,pole,pole,nose,0,Members of a Set/Entities,Hard Distractor
hurdle,spoken,pole,pole,0,Members of a Set/Entities,Random Distractor
javelin,hurdle,hammer,baton,1,Members of a Set/Entities,track and field equipment
egg,javelin,hurdle,baton,0,Members of a Set/Entities,Hard Distractor
baton,javelin,mend,hammer,0,Members of a Set/Entities,Random Distractor
trait,hallmark,stamp,feature,1,Noun/Concept Synonyms,trademark
astro,hallmark,trait,feature,0,Noun/Concept Synonyms,Hard Distractor
feature,stamp,lead,trait,0,Noun/Concept Synonyms,Random Distractor
egg,bill,venom,fur,1,Noun/Concept Synonyms,trademarks of a platypus
bill,fur,venom,swiss,0,Noun/Concept Synonyms,Hard Distractor
fur,bill,cargo,venom,0,Noun/Concept Synonyms,Random Distractor
zoom,photoshop,google,uber,1,Idioms & Slang,trademarks that have become verbs
photoshop,joint,uber,google,0,Idioms & Slang,Hard Distractor
zoom,google,einstein,photoshop,0,Idioms & Slang,Random Distractor
yield,detour,slow,stop,1,Members of a Set/Entities,traffic signs
spike,slow,detour,yield,0,Members of a Set/Entities,Hard Distractor
slow,detour,stop,hipster,0,Members of a Set/Entities,Random Distractor
receipt,statement,bill,invoice,1,Noun/Concept Synonyms,transaction record
receipt,statement,bill,nutmeg,0,Noun/Concept Synonyms,Hard Distractor
statement,invoice,bill,join,0,Noun/Concept Synonyms,Random Distractor
hand,send,pass,give,1,Noun/Concept Synonyms,transfer
send,hand,blather,pass,0,Noun/Concept Synonyms,Hard Distractor
pass,give,straight,hand,0,Noun/Concept Synonyms,Random Distractor
pass,give,deliver,hand,1,Noun/Concept Synonyms,transfer
hand,give,deliver,culotte,0,Noun/Concept Synonyms,Hard Distractor
deliver,jackson,pass,hand,0,Noun/Concept Synonyms,Random Distractor
march,tramp,trek,hike,1,Noun/Concept Synonyms,travel on foot
flier,trek,march,hike,0,Noun/Concept Synonyms,Hard Distractor
hike,folding,march,trek,0,Noun/Concept Synonyms,Random Distractor
pamper,baby,spoil,mother,1,Descriptor/Adjective Synonyms,treat with excessive care
spoil,ruffle,mother,baby,0,Descriptor/Adjective Synonyms,Hard Distractor
pamper,baby,tantrum,mother,0,Descriptor/Adjective Synonyms,Random Distractor
bark,root,branch,trunk,1,Noun/Concept Synonyms,tree features
bop,root,trunk,branch,0,Noun/Concept Synonyms,Hard Distractor
bacteria,bark,root,branch,0,Noun/Concept Synonyms,Random Distractor
rings,bark,crown,roots,1,Noun/Concept Synonyms,tree features
rings,chill,crown,bark,0,Noun/Concept Synonyms,Hard Distractor
roots,bamboo,crown,rings,0,Noun/Concept Synonyms,Random Distractor
you,beach,pair,fur,1,Word Structure/Play,tree homophones
you,sharon,pair,beach,0,Word Structure/Play,Hard Distractor
beach,feathers,you,pair,0,Word Structure/Play,Random Distractor
walnut,almond,cashew,pecan,1,Noun/Concept Synonyms,tree nuts
walnut,pecan,yen,cashew,0,Noun/Concept Synonyms,Hard Distractor
prattler,walnut,almond,pecan,0,Noun/Concept Synonyms,Random Distractor
cedar,ash,poplar,oak,1,Noun/Concept Synonyms,trees
oak,poplar,ash,energy,0,Noun/Concept Synonyms,Hard Distractor
ash,poplar,oak,eager,0,Noun/Concept Synonyms,Random Distractor
ebony,ash,gum,cherry,1,Noun/Concept Synonyms,trees
ebony,ash,short,gum,0,Noun/Concept Synonyms,Hard Distractor
cherry,glide,gum,ash,0,Noun/Concept Synonyms,Random Distractor
beech,pine,palm,elder,1,Noun/Concept Synonyms,trees
palm,pine,pointer,elder,0,Noun/Concept Synonyms,Hard Distractor
elder,pine,palm,kobe,0,Noun/Concept Synonyms,Random Distractor
pine,spruce,cedar,yew,1,Noun/Concept Synonyms,trees
spruce,syrup,cedar,pine,0,Noun/Concept Synonyms,Hard Distractor
pine,spruce,yew,chicken,0,Noun/Concept Synonyms,Random Distractor
tough,complex,delicate,sticky,1,Descriptor/Adjective Synonyms,tricky
tough,delicate,sticky,sketch,0,Descriptor/Adjective Synonyms,Hard Distractor
complex,bicycle,delicate,tough,0,Descriptor/Adjective Synonyms,Random Distractor
tan,cot,sin,sec,1,Noun/Concept Synonyms,trig functions
sin,cot,tan,sleepy,0,Noun/Concept Synonyms,Hard Distractor
ripped,tan,sin,sec,0,Noun/Concept Synonyms,Random Distractor
hat trick,threepeat,trifecta,triple crown,1,Members of a Set/Entities,trio of sports achievements
breaking,triple crown,threepeat,hat trick,0,Members of a Set/Entities,Hard Distractor
triple crown,hat trick,chicken little,trifecta,0,Members of a Set/Entities,Random Distractor
coconut,mango,pineapple,banana,1,Noun/Concept Synonyms,tropical fruits
bud,banana,mango,coconut,0,Noun/Concept Synonyms,Hard Distractor
puffin,pineapple,coconut,banana,0,Noun/Concept Synonyms,Random Distractor
chayote,durian,bitter melon,soursop,1,Noun/Concept Synonyms,tropical fruits/vegetables
skip,bitter melon,durian,chayote,0,Noun/Concept Synonyms,Hard Distractor
sitting,soursop,bitter melon,chayote,0,Noun/Concept Synonyms,Random Distractor
shellac,rout,crush,cream,1,Noun/Concept Synonyms,trounce
cream,crush,rout,loot,0,Noun/Concept Synonyms,Hard Distractor
rout,cream,crush,fencing,0,Noun/Concept Synonyms,Random Distractor
accept,believe,swallow,buy,1,Noun/Concept Synonyms,trust as real
fit,believe,swallow,buy,0,Noun/Concept Synonyms,Hard Distractor
groan,believe,swallow,accept,0,Noun/Concept Synonyms,Random Distractor
withdraw,retreat,leave,flee,1,Noun/Concept Synonyms,turn tail
flee,palm,leave,withdraw,0,Noun/Concept Synonyms,Hard Distractor
victor,withdraw,leave,retreat,0,Noun/Concept Synonyms,Random Distractor
tables,corner,page,tide,1,Fill-in-the-Blank,turn the ___
page,tide,figure,tables,0,Fill-in-the-Blank,Hard Distractor
tide,page,tables,moth,0,Fill-in-the-Blank,Random Distractor
munster,pickles,griffin,partridge,1,Trivia/Pop Culture,tv comedy families
bong,griffin,munster,partridge,0,Trivia/Pop Culture,Hard Distractor
griffin,partridge,munster,reap,0,Trivia/Pop Culture,Random Distractor
color,brightness,contrast,tint,1,Trivia/Pop Culture,tv display settings
brightness,grouch,tint,color,0,Trivia/Pop Culture,Hard Distractor
tint,color,brightness,inland,0,Trivia/Pop Culture,Random Distractor
lasso,smart,rogers,mars,1,Trivia/Pop Culture,tv show title surnames
mars,irons,smart,rogers,0,Trivia/Pop Culture,Hard Distractor
holly,rogers,lasso,mars,0,Trivia/Pop Culture,Random Distractor
flipper,firefly,fleabag,fargo,1,Trivia/Pop Culture,tv shows
fleabag,flipper,fargo,scarecrow,0,Trivia/Pop Culture,Hard Distractor
fleabag,fargo,flipper,infant,0,Trivia/Pop Culture,Random Distractor
24,firefly,bones,weeds,1,Trivia/Pop Culture,tv shows
firefly,bones,24,hook,0,Trivia/Pop Culture,Hard Distractor
bones,upgrades,weeds,24,0,Trivia/Pop Culture,Random Distractor
cheer,scrub,weed,friend,1,Trivia/Pop Culture,tv shows minus “s”
cheer,weed,venom,friend,0,Trivia/Pop Culture,Hard Distractor
scrub,friend,flexible,cheer,0,Trivia/Pop Culture,Random Distractor
euphoria,cheers,glee,felicity,1,Trivia/Pop Culture,tv shows with happy-sounding names
euphoria,cheers,fleabag,felicity,0,Trivia/Pop Culture,Hard Distractor
sprite,euphoria,felicity,cheers,0,Trivia/Pop Culture,Random Distractor
nes,vhs,mtv,alf,1,Trivia/Pop Culture,tv-related abbreviations in the '80s
vhs,tom cruise,mtv,alf,0,Trivia/Pop Culture,Hard Distractor
vhs,mtv,alf,shepherd,0,Trivia/Pop Culture,Random Distractor
wind,spool,wrap,coil,1,Noun/Concept Synonyms,twist around
wind,wrap,city,coil,0,Noun/Concept Synonyms,Hard Distractor
wrap,wind,mad hatter,coil,0,Noun/Concept Synonyms,Random Distractor
stone,often,freight,canine,1,Word Structure/Play,two letters + number
often,stone,canine,triangle,0,Word Structure/Play,Hard Distractor
often,freight,asteroid,canine,0,Word Structure/Play,Random Distractor
lecture,seminar,discussion,lab,1,Members of a Set/Entities,types of academic courses
palm,discussion,seminar,lecture,0,Members of a Set/Entities,Hard Distractor
lecture,discussion,blue,seminar,0,Members of a Set/Entities,Random Distractor
tote,messenger,clutch,satchel,1,Members of a Set/Entities,types of bags
pickle,clutch,messenger,satchel,0,Members of a Set/Entities,Hard Distractor
clutch,passion,messenger,satchel,0,Members of a Set/Entities,Random Distractor
cinderella,david-and-goliath,rags-to-riches,underdog,1,Members of a Set/Entities,types of come-from-behind stories
cinderella,underdog,rags-to-riches,bob,0,Members of a Set/Entities,Hard Distractor
fedora,rags-to-riches,david-and-goliath,cinderella,0,Members of a Set/Entities,Random Distractor
curly,waffle,shoestring,wedge,1,Members of a Set/Entities,types of french fries
wedge,routers,curly,waffle,0,Members of a Set/Entities,Hard Distractor
shoestring,waffle,wedge,appendix,0,Members of a Set/Entities,Random Distractor
sheepshank,bowline,bend,hitch,1,Members of a Set/Entities,types of knots
sheepshank,shadow,hitch,bend,0,Members of a Set/Entities,Hard Distractor
hitch,bend,jewel,bowline,0,Members of a Set/Entities,Random Distractor
tempera,watercolor,oil,acrylic,1,Members of a Set/Entities,types of paint
oil,chapstick,watercolor,tempera,0,Members of a Set/Entities,Hard Distractor
acrylic,oil,watercolor,epic,0,Members of a Set/Entities,Random Distractor
kidney,infinity,kiddie,olympic,1,Members of a Set/Entities,types of pools
olympic,geoduck,infinity,kidney,0,Members of a Set/Entities,Hard Distractor
kiddie,kidney,olympic,houndstooth,0,Members of a Set/Entities,Random Distractor
am,satellite,walkie-talkie,ham,1,Members of a Set/Entities,types of radio
walkie-talkie,am,satellite,hold,0,Members of a Set/Entities,Hard Distractor
satellite,lickety,am,walkie-talkie,0,Members of a Set/Entities,Random Distractor
statement,command,question,exclamation,1,Members of a Set/Entities,types of sentences
exclamation,statement,body,command,0,Members of a Set/Entities,Hard Distractor
statement,question,command,boyfriend,0,Members of a Set/Entities,Random Distractor
ice,slush,crust,powder,1,Members of a Set/Entities,types of snow
powder,crust,chinstrap,slush,0,Members of a Set/Entities,Hard Distractor
ice,space,powder,crust,0,Members of a Set/Entities,Random Distractor
tusk,fang,molar,canine,1,Members of a Set/Entities,types of teeth
fang,polo,tusk,molar,0,Members of a Set/Entities,Hard Distractor
molar,calculator,canine,fang,0,Members of a Set/Entities,Random Distractor
helena,irving,billings,buffalo,1,Members of a Set/Entities,u.s. cities
billings,amp,helena,irving,0,Members of a Set/Entities,Hard Distractor
helena,sharp,billings,irving,0,Members of a Set/Entities,Random Distractor
mobile,buffalo,phoenix,phoenix,1,Members of a Set/Entities,u.s. cities
phoenix,reel,buffalo,phoenix,0,Members of a Set/Entities,Hard Distractor
mobile,phoenix,buffalo,typewriter,0,Members of a Set/Entities,Random Distractor
quarter,penny,nickel,dime,1,Noun/Concept Synonyms,u.s. coins
nickel,wealthy,penny,dime,0,Noun/Concept Synonyms,Hard Distractor
quarter,romp,penny,nickel,0,Noun/Concept Synonyms,Random Distractor
brown,smith,howard,duke,1,Noun/Concept Synonyms,u.s. colleges/universities
brown,smith,duke,cap,0,Noun/Concept Synonyms,Hard Distractor
howard,duke,euro,brown,0,Noun/Concept Synonyms,Random Distractor
colorado,arizona,utah,nevada,1,Members of a Set/Entities,u.s. mountain states
arizona,utah,nevada,carousel,0,Members of a Set/Entities,Hard Distractor
utah,resort,colorado,arizona,0,Members of a Set/Entities,Random Distractor
dick,teddy,cal,abe,1,Members of a Set/Entities,u.s. presidential nicknames
cal,dick,teddy,bloom,0,Members of a Set/Entities,Hard Distractor
teddy,dick,grinch,abe,0,Members of a Set/Entities,Random Distractor
grant,adams,washington,ford,1,Noun/Concept Synonyms,u.s. presidents
option,ford,adams,grant,0,Noun/Concept Synonyms,Hard Distractor
ford,washington,gulch,adams,0,Noun/Concept Synonyms,Random Distractor
pa,or,hi,ma,1,Noun/Concept Synonyms,u.s. state abbreviations
hi,or,ma,wombat,0,Noun/Concept Synonyms,Hard Distractor
hi,dew,pa,or,0,Noun/Concept Synonyms,Random Distractor
ark,ala,miss,ore,1,Idioms & Slang,"u.s. state abbreviations, per ap style guide"
ala,ore,ark,drop,0,Idioms & Slang,Hard Distractor
ark,comedian,ore,miss,0,Idioms & Slang,Random Distractor
frontier,american,spirit,united,1,Noun/Concept Synonyms,u.s.-based airlines
american,deputy,frontier,spirit,0,Noun/Concept Synonyms,Hard Distractor
frontier,united,check,american,0,Noun/Concept Synonyms,Random Distractor
stable,steady,even,level,1,Action/Verb Synonyms,unchanging
tear,stable,even,level,0,Action/Verb Synonyms,Hard Distractor
level,outside,stable,steady,0,Action/Verb Synonyms,Random Distractor
project,enterprise,endeavor,venture,1,Action/Verb Synonyms,undertaking
project,enterprise,create,venture,0,Action/Verb Synonyms,Hard Distractor
project,pox,venture,endeavor,0,Action/Verb Synonyms,Random Distractor
boxer,drawer,short,brief,1,Noun/Concept Synonyms,underwear in the singular
short,boxer,rib,drawer,0,Noun/Concept Synonyms,Hard Distractor
vigor,short,brief,boxer,0,Noun/Concept Synonyms,Random Distractor
dull,vanilla,boring,mundane,1,Action/Verb Synonyms,unexciting
mundane,dull,boring,cascade,0,Action/Verb Synonyms,Hard Distractor
dull,boring,mundane,neo,0,Action/Verb Synonyms,Random Distractor
constant,level,uniform,stable,1,Action/Verb Synonyms,unfluctuating
stable,uniform,constant,garnish,0,Action/Verb Synonyms,Hard Distractor
level,uniform,finger roll,constant,0,Action/Verb Synonyms,Random Distractor
abandon,unrestraint,freedom,spontaneity,1,Noun/Concept Synonyms,uninhibitedness
spontaneity,freedom,abandon,queen,0,Noun/Concept Synonyms,Hard Distractor
jackknife,spontaneity,abandon,unrestraint,0,Noun/Concept Synonyms,Random Distractor
cal,in,gal,oz,1,Noun/Concept Synonyms,unit abbreviations
in,fake,cal,oz,0,Noun/Concept Synonyms,Hard Distractor
cal,gal,oz,hinge,0,Noun/Concept Synonyms,Random Distractor
roll,loaf,bun,baguette,1,Noun/Concept Synonyms,unit of bread
bun,roll,manner,baguette,0,Noun/Concept Synonyms,Hard Distractor
baguette,regifting,loaf,roll,0,Noun/Concept Synonyms,Random Distractor
letter,paragraph,sentence,word,1,Noun/Concept Synonyms,unit of language
alarm,letter,sentence,paragraph,0,Noun/Concept Synonyms,Hard Distractor
otter,letter,paragraph,sentence,0,Noun/Concept Synonyms,Random Distractor
mole,lux,bar,bel,1,Noun/Concept Synonyms,units
bar,lux,bel,melt,0,Noun/Concept Synonyms,Hard Distractor
mole,racket,lux,bel,0,Noun/Concept Synonyms,Random Distractor
volt,hertz,mole,second,1,Noun/Concept Synonyms,units
volt,hertz,thing,mole,0,Noun/Concept Synonyms,Hard Distractor
hertz,so,second,volt,0,Noun/Concept Synonyms,Random Distractor
foot,verse,meter,line,1,Descriptor/Adjective Synonyms,units in poetry
beyond,meter,foot,line,0,Descriptor/Adjective Synonyms,Hard Distractor
verse,teeter-totter,foot,meter,0,Descriptor/Adjective Synonyms,Random Distractor
six-pack,case,forty,growler,1,Noun/Concept Synonyms,units of beer
forty,case,growler,backside,0,Noun/Concept Synonyms,Hard Distractor
six-pack,chopsticks,forty,case,0,Noun/Concept Synonyms,Random Distractor
foot,mile,yard,inch,1,Noun/Concept Synonyms,units of length
yard,mile,foot,stretch,0,Noun/Concept Synonyms,Hard Distractor
loop,inch,mile,foot,0,Noun/Concept Synonyms,Random Distractor
fathom,foot,yard,league,1,Noun/Concept Synonyms,units of length
yard,league,fathom,wing,0,Noun/Concept Synonyms,Hard Distractor
foot,fathom,yard,blaze,0,Noun/Concept Synonyms,Random Distractor
mile,foot,league,yard,1,Noun/Concept Synonyms,units of length
league,burst,mile,foot,0,Noun/Concept Synonyms,Hard Distractor
tarmac,league,mile,foot,0,Noun/Concept Synonyms,Random Distractor
hertz,second,mole,newton,1,Noun/Concept Synonyms,units of measure
second,mole,touch,newton,0,Noun/Concept Synonyms,Hard Distractor
wine,hertz,mole,second,0,Noun/Concept Synonyms,Random Distractor
ear,head,bulb,stalk,1,Noun/Concept Synonyms,units of vegetables
talon,ear,head,bulb,0,Noun/Concept Synonyms,Hard Distractor
head,ear,involved,bulb,0,Noun/Concept Synonyms,Random Distractor
pint,cup,gallon,quart,1,Noun/Concept Synonyms,units of volume
gallon,quart,tick,cup,0,Noun/Concept Synonyms,Hard Distractor
ella,quart,cup,pint,0,Noun/Concept Synonyms,Random Distractor
quartz,bounce,galleon,pinot,1,Word Structure/Play,units of volume plus letter
kilo,quartz,galleon,pinot,0,Word Structure/Play,Hard Distractor
bloom,quartz,bounce,galleon,0,Word Structure/Play,Random Distractor
blanket,general,sweeping,broad,1,Noun/Concept Synonyms,universal
tank,blanket,broad,general,0,Noun/Concept Synonyms,Hard Distractor
sweeping,broad,centipede,blanket,0,Noun/Concept Synonyms,Random Distractor
brown,howard,rice,duke,1,Noun/Concept Synonyms,universities
brown,howard,inset,rice,0,Noun/Concept Synonyms,Hard Distractor
rewind,brown,rice,duke,0,Noun/Concept Synonyms,Random Distractor
remote,slim,small,outside,1,Noun/Concept Synonyms,"unlikely, as chances"
small,slim,pac,outside,0,Noun/Concept Synonyms,Hard Distractor
outside,small,friend,remote,0,Noun/Concept Synonyms,Random Distractor
awkward,stilted,wooden,stiff,1,Noun/Concept Synonyms,"unnatural, as mannerisms"
stiff,rod,awkward,stilted,0,Noun/Concept Synonyms,Hard Distractor
awkward,stiff,wooden,termite,0,Noun/Concept Synonyms,Random Distractor
draw,wild,reverse,skip,1,Noun/Concept Synonyms,uno cards
wild,mane,draw,skip,0,Noun/Concept Synonyms,Hard Distractor
skip,slam dunk,wild,reverse,0,Noun/Concept Synonyms,Random Distractor
several,na,few,handful,1,Noun/Concept Synonyms,unspecified quantities
several,mode,few,na,0,Noun/Concept Synonyms,Hard Distractor
lice,few,several,handful,0,Noun/Concept Synonyms,Random Distractor
easy,open,game,flexible,1,Noun/Concept Synonyms,up for anything
flexible,lime,game,easy,0,Noun/Concept Synonyms,Hard Distractor
warm,game,open,easy,0,Noun/Concept Synonyms,Random Distractor
willing,amenable,game,down,1,Noun/Concept Synonyms,up for it
amenable,appendix,game,willing,0,Noun/Concept Synonyms,Hard Distractor
down,vast,game,willing,0,Noun/Concept Synonyms,Random Distractor
revise,amend,correct,fix,1,Descriptor/Adjective Synonyms,update for accuracy
mask,fix,amend,revise,0,Descriptor/Adjective Synonyms,Hard Distractor
fix,correct,hyper,revise,0,Descriptor/Adjective Synonyms,Random Distractor
pillar,post,pole,column,1,Noun/Concept Synonyms,upright support
post,column,pole,hold,0,Noun/Concept Synonyms,Hard Distractor
column,zero,pole,pillar,0,Noun/Concept Synonyms,Random Distractor
surge,spike,rise,boom,1,Action/Verb Synonyms,upswing
boom,spike,surge,indict,0,Action/Verb Synonyms,Hard Distractor
spike,getup,surge,rise,0,Action/Verb Synonyms,Random Distractor
milk,comp,orgo,neti,1,Word Structure/Play,url endings plus a letter
comp,heal,neti,milk,0,Word Structure/Play,Hard Distractor
orgo,comp,neti,iguana,0,Word Structure/Play,Random Distractor
cube,dice,slice,julienne,1,Action/Verb Synonyms,use a kitchen knife
cube,slice,julienne,invent,0,Action/Verb Synonyms,Hard Distractor
julienne,catfish,dice,slice,0,Action/Verb Synonyms,Random Distractor
sew,darn,hem,seam,1,Idioms & Slang,use a needle and thread
splash,hem,seam,sew,0,Idioms & Slang,Hard Distractor
seam,pike,hem,sew,0,Idioms & Slang,Random Distractor
laser pointer,projector,clicker,slides,1,Noun/Concept Synonyms,used during a presentation
clicker,open,laser pointer,projector,0,Noun/Concept Synonyms,Hard Distractor
projector,lick,clicker,laser pointer,0,Noun/Concept Synonyms,Random Distractor
water,cup,teabag,kettle,1,Noun/Concept Synonyms,used for tea
water,undo,kettle,teabag,0,Noun/Concept Synonyms,Hard Distractor
teabag,cup,venetian,kettle,0,Noun/Concept Synonyms,Random Distractor
log,tinder,match,kindling,1,Idioms & Slang,used in building a fire
bite,kindling,log,match,0,Idioms & Slang,Hard Distractor
match,syrup,kindling,tinder,0,Idioms & Slang,Random Distractor
rollers,comb,dryer,hairspray,1,Noun/Concept Synonyms,used in hair care
comb,rollers,hairspray,affect,0,Noun/Concept Synonyms,Hard Distractor
hairspray,rollers,comb,steps,0,Noun/Concept Synonyms,Random Distractor
magnifying glass,flint,matches,lighter,1,Idioms & Slang,used in starting a fire
matches,abbott,magnifying glass,flint,0,Idioms & Slang,Hard Distractor
thousand,matches,magnifying glass,lighter,0,Idioms & Slang,Random Distractor
exhaust,hose,pipe,duct,1,Noun/Concept Synonyms,used in ventilation
hose,duct,exhaust,show,0,Noun/Concept Synonyms,Hard Distractor
duct,exhaust,tang,pipe,0,Noun/Concept Synonyms,Random Distractor
sticks,snow,carrot,coal,1,Idioms & Slang,used to build a snowman
coal,sticks,carrot,get out,0,Idioms & Slang,Hard Distractor
carrot,besides,snow,sticks,0,Idioms & Slang,Random Distractor
sand,plow,salt,shovel,1,Noun/Concept Synonyms,used to clear snow
sand,salt,woodstock,plow,0,Noun/Concept Synonyms,Hard Distractor
highway,shovel,salt,plow,0,Noun/Concept Synonyms,Random Distractor
carrot,scarf,coal,pipe,1,Idioms & Slang,used to decorate a snowman
cater,scarf,pipe,carrot,0,Idioms & Slang,Hard Distractor
cant,scarf,carrot,pipe,0,Idioms & Slang,Random Distractor
chock,tire,wrench,jack,1,Idioms & Slang,used to fix a flat
sink,chock,wrench,tire,0,Idioms & Slang,Hard Distractor
chock,jack,wrench,barney the dinosaur,0,Idioms & Slang,Random Distractor
water,pot,seed,soil,1,Idioms & Slang,used to grow a houseplant
pot,rivet,soil,seed,0,Idioms & Slang,Hard Distractor
soil,water,seed,tsar,0,Idioms & Slang,Random Distractor
racket,mallet,bat,stick,1,Members of a Set/Entities,used to hit a ball in sports
ice,racket,bat,stick,0,Members of a Set/Entities,Hard Distractor
stick,racket,xo,mallet,0,Members of a Set/Entities,Random Distractor
filter,water,grinder,beans,1,Noun/Concept Synonyms,used to make coffee
filter,inner,water,beans,0,Noun/Concept Synonyms,Hard Distractor
water,grinder,filter,stern,0,Noun/Concept Synonyms,Random Distractor
cone,barrier,flare,flag,1,Descriptor/Adjective Synonyms,used to redirect traffic
cone,flag,flare,taste,0,Descriptor/Adjective Synonyms,Hard Distractor
cone,xanadu,flag,flare,0,Descriptor/Adjective Synonyms,Random Distractor
stain,microscope,slide,specimen,1,Idioms & Slang,used to view a biological sample
kink,specimen,stain,microscope,0,Idioms & Slang,Hard Distractor
heartbreaker,specimen,microscope,slide,0,Idioms & Slang,Random Distractor
ladle,pot,spoon,bowl,1,Noun/Concept Synonyms,used when serving soup
taki,pot,ladle,spoon,0,Noun/Concept Synonyms,Hard Distractor
redden,ladle,bowl,spoon,0,Noun/Concept Synonyms,Random Distractor
electric,gas,water,telephone,1,Noun/Concept Synonyms,utilities
telephone,remote,gas,water,0,Noun/Concept Synonyms,Hard Distractor
electric,sera,telephone,water,0,Noun/Concept Synonyms,Random Distractor
trash,cable,water,gas,1,Noun/Concept Synonyms,utilities
cable,trash,water,enterprise,0,Noun/Concept Synonyms,Hard Distractor
martini,water,trash,gas,0,Noun/Concept Synonyms,Random Distractor
seventh heaven,shangri-la,xanadu,paradise,1,Noun/Concept Synonyms,utopia
seventh heaven,dreams,xanadu,paradise,0,Noun/Concept Synonyms,Hard Distractor
paradise,shangri-la,seventh heaven,rye,0,Noun/Concept Synonyms,Random Distractor
peep,sound,word,noise,1,Noun/Concept Synonyms,utterance
word,rofl,noise,sound,0,Noun/Concept Synonyms,Hard Distractor
word,noise,sound,mozzarella,0,Noun/Concept Synonyms,Random Distractor
dell,dale,hollow,glen,1,Descriptor/Adjective Synonyms,valley
hollow,dell,glen,register,0,Descriptor/Adjective Synonyms,Hard Distractor
daunt,dale,glen,hollow,0,Descriptor/Adjective Synonyms,Random Distractor
lost boys,twilight,blade,near dark,1,Trivia/Pop Culture,vampire movies
ham,twilight,blade,near dark,0,Trivia/Pop Culture,Hard Distractor
glitter,blade,twilight,lost boys,0,Trivia/Pop Culture,Random Distractor
silver,garlic,cross,sun,1,Noun/Concept Synonyms,vampire vulnerabilities
garlic,sun,red,cross,0,Noun/Concept Synonyms,Hard Distractor
garlic,silver,cross,contrast,0,Noun/Concept Synonyms,Random Distractor
departure,break,change,alternative,1,Noun/Concept Synonyms,variation from the norm
change,beetle,departure,alternative,0,Noun/Concept Synonyms,Hard Distractor
wedge,change,departure,break,0,Noun/Concept Synonyms,Random Distractor
types,stripes,kinds,sorts,1,Noun/Concept Synonyms,varieties
types,exploratory,sorts,stripes,0,Noun/Concept Synonyms,Hard Distractor
sorts,cornfield,kinds,stripes,0,Noun/Concept Synonyms,Random Distractor
sort,style,type,kind,1,Descriptor/Adjective Synonyms,variety
style,temper,kind,type,0,Descriptor/Adjective Synonyms,Hard Distractor
midsection,type,style,sort,0,Descriptor/Adjective Synonyms,Random Distractor
charred,beat,pee,leak,1,Word Structure/Play,vegetable homophones
beat,charred,leak,garnish,0,Word Structure/Play,Hard Distractor
tasting,pee,beat,charred,0,Word Structure/Play,Random Distractor
spear,bulb,head,ear,1,Descriptor/Adjective Synonyms,vegetable units
head,spear,savor,bulb,0,Descriptor/Adjective Synonyms,Hard Distractor
head,ear,spear,gloss,0,Descriptor/Adjective Synonyms,Random Distractor
spear,floret,stalk,clove,1,Descriptor/Adjective Synonyms,vegetable units
spear,value,clove,floret,0,Descriptor/Adjective Synonyms,Hard Distractor
floret,clove,stalk,sleeping bag,0,Descriptor/Adjective Synonyms,Random Distractor
beet,onion,corn,carrot,1,Noun/Concept Synonyms,vegetables
besides,onion,corn,beet,0,Noun/Concept Synonyms,Hard Distractor
corn,centipede,carrot,onion,0,Noun/Concept Synonyms,Random Distractor
pepper,tomato,eggplant,cucumber,1,Idioms & Slang,vegetables that are also fruits
eggplant,cucumber,pepper,med,0,Idioms & Slang,Hard Distractor
tomato,quarterback,pepper,eggplant,0,Idioms & Slang,Random Distractor
hive,eek,ale,quash,1,Word Structure/Play,vegetables with first letter removed
hive,u,ale,quash,0,Word Structure/Play,Hard Distractor
hive,wine,ale,quash,0,Word Structure/Play,Random Distractor
booth,stall,table,stand,1,Idioms & Slang,vendor’s spot at a market
stand,ore,stall,table,0,Idioms & Slang,Hard Distractor
almost,stall,booth,stand,0,Idioms & Slang,Random Distractor
grand,august,regal,noble,1,Descriptor/Adjective Synonyms,venerable
august,grand,bud,regal,0,Descriptor/Adjective Synonyms,Hard Distractor
octopus,august,grand,noble,0,Descriptor/Adjective Synonyms,Random Distractor
could,might,can,may,1,Descriptor/Adjective Synonyms,verbs expressing possibility
might,could,operation,can,0,Descriptor/Adjective Synonyms,Hard Distractor
bottle,can,may,might,0,Descriptor/Adjective Synonyms,Random Distractor
code,hack,program,develop,1,Idioms & Slang,verbs for a software engineer
program,code,develop,toiletries,0,Idioms & Slang,Hard Distractor
green,program,code,hack,0,Idioms & Slang,Random Distractor
powder,glaze,sprinkle,frost,1,Noun/Concept Synonyms,verbs for finishing donuts
frost,sprinkle,tartar,powder,0,Noun/Concept Synonyms,Hard Distractor
frost,glaze,dank,sprinkle,0,Noun/Concept Synonyms,Random Distractor
frost,beat,bake,preheat,1,Idioms & Slang,verbs in a cake recipe
masculine,bake,preheat,beat,0,Idioms & Slang,Hard Distractor
preheat,beat,bake,tease,0,Idioms & Slang,Random Distractor
proof,rise,ferment,rest,1,Noun/Concept Synonyms,verbs in breadmaking
proof,fairy tale,ferment,rest,0,Noun/Concept Synonyms,Hard Distractor
rest,ferment,rise,um,0,Noun/Concept Synonyms,Random Distractor
fish,bird,mammal,reptile,1,Noun/Concept Synonyms,vertebrates
bird,mammal,meat,fish,0,Noun/Concept Synonyms,Hard Distractor
bird,fish,reptile,itchy,0,Noun/Concept Synonyms,Random Distractor
key,vital,central,critical,1,Descriptor/Adjective Synonyms,very important
key,twist,critical,central,0,Descriptor/Adjective Synonyms,Hard Distractor
critical,sophocles,key,vital,0,Descriptor/Adjective Synonyms,Random Distractor
shred,hint,trace,touch,1,Descriptor/Adjective Synonyms,very small amount
hint,trace,success,touch,0,Descriptor/Adjective Synonyms,Hard Distractor
hint,touch,trace,bucket,0,Descriptor/Adjective Synonyms,Random Distractor
crash,sonic,mario,link,1,Trivia/Pop Culture,video game characters
crash,near dark,link,mario,0,Trivia/Pop Culture,Hard Distractor
ivy,mario,sonic,crash,0,Trivia/Pop Culture,Random Distractor
dreamcast,genesis,switch,wii,1,Noun/Concept Synonyms,video game consoles
dreamcast,genesis,wii,chuck,0,Noun/Concept Synonyms,Hard Distractor
genesis,switch,staunch,wii,0,Noun/Concept Synonyms,Random Distractor
halo,metroid,madden,civilization,1,Noun/Concept Synonyms,video game franchises
play,halo,civilization,metroid,0,Noun/Concept Synonyms,Hard Distractor
halo,civilization,metroid,okey-doke,0,Noun/Concept Synonyms,Random Distractor
pep,beans,energy,zip,1,Noun/Concept Synonyms,vigor
pep,energy,like,beans,0,Noun/Concept Synonyms,Hard Distractor
zip,pep,beans,silver medal,0,Noun/Concept Synonyms,Random Distractor
web,net,metaverse,cloud,1,Noun/Concept Synonyms,virtual spaces
short,net,metaverse,cloud,0,Noun/Concept Synonyms,Hard Distractor
roulette,web,metaverse,cloud,0,Noun/Concept Synonyms,Random Distractor
monitor,terminal,display,screen,1,Noun/Concept Synonyms,visual interface
screen,display,nails,terminal,0,Noun/Concept Synonyms,Hard Distractor
screen,monitor,terminal,tour,0,Noun/Concept Synonyms,Random Distractor
life,juice,energy,zip,1,Descriptor/Adjective Synonyms,vitality
juice,energy,zip,prickly,0,Descriptor/Adjective Synonyms,Hard Distractor
alley,juice,zip,energy,0,Descriptor/Adjective Synonyms,Random Distractor
doo-wop,a cappella,madrigal,barbershop,1,Descriptor/Adjective Synonyms,vocal music
a cappella,barbershop,trojan horse,doo-wop,0,Descriptor/Adjective Synonyms,Hard Distractor
doo-wop,a cappella,madrigal,allergy,0,Descriptor/Adjective Synonyms,Random Distractor
craft,line,work,trade,1,Noun/Concept Synonyms,vocation
trade,line,compact,craft,0,Noun/Concept Synonyms,Hard Distractor
trade,trip,line,work,0,Noun/Concept Synonyms,Random Distractor
bump,set,serve,spike,1,Noun/Concept Synonyms,volleyball moves
bump,serve,splash,spike,0,Noun/Concept Synonyms,Hard Distractor
spike,bump,palazzo,set,0,Noun/Concept Synonyms,Random Distractor
way,whoa,wee,why,1,Word Structure/Play,w + vowel sound
super,wee,why,whoa,0,Word Structure/Play,Hard Distractor
wee,whoa,beard,why,0,Word Structure/Play,Random Distractor
storm,liberty,sparks,sun,1,Members of a Set/Entities,w.n.b.a. teams
he,storm,liberty,sparks,0,Members of a Set/Entities,Hard Distractor
sparks,liberty,storm,elephant,0,Members of a Set/Entities,Random Distractor
wings,liberty,mercury,sky,1,Members of a Set/Entities,w.n.b.a. teams
mercury,branch,liberty,sky,0,Members of a Set/Entities,Hard Distractor
gnash,wings,sky,mercury,0,Members of a Set/Entities,Random Distractor
risk,gamble,stake,bet,1,Noun/Concept Synonyms,wager
hustle,risk,bet,stake,0,Noun/Concept Synonyms,Hard Distractor
bet,gamble,stake,fritter,0,Noun/Concept Synonyms,Random Distractor
stride,tread,step,march,1,Noun/Concept Synonyms,walk
step,album,stride,tread,0,Noun/Concept Synonyms,Hard Distractor
vault,step,tread,stride,0,Noun/Concept Synonyms,Random Distractor
lumber,plod,trudge,stomp,1,Descriptor/Adjective Synonyms,walk heavily
stomp,lumber,dandy,plod,0,Descriptor/Adjective Synonyms,Hard Distractor
plod,stomp,platform,trudge,0,Descriptor/Adjective Synonyms,Random Distractor
clock,belt,deck,slug,1,Noun/Concept Synonyms,wallop
slug,clock,belt,virgin,0,Noun/Concept Synonyms,Hard Distractor
deck,surface,slug,clock,0,Noun/Concept Synonyms,Random Distractor
dwindle,peter,fade,taper,1,Noun/Concept Synonyms,wane
fade,peter,needle,taper,0,Noun/Concept Synonyms,Hard Distractor
fade,taper,dwindle,marsala,0,Noun/Concept Synonyms,Random Distractor
delicate,bulky,spin,cotton,1,Action/Verb Synonyms,washing machine cycles/settings
cotton,short,delicate,bulky,0,Action/Verb Synonyms,Hard Distractor
incredible,bulky,spin,delicate,0,Action/Verb Synonyms,Random Distractor
line,pipe,channel,main,1,Noun/Concept Synonyms,water and gas conduits
spider,main,channel,pipe,0,Noun/Concept Synonyms,Hard Distractor
pipe,main,tchotchke,channel,0,Noun/Concept Synonyms,Random Distractor
fountain,tap,spring,well,1,Noun/Concept Synonyms,water sources
well,fountain,o,spring,0,Noun/Concept Synonyms,Hard Distractor
feather,tap,well,fountain,0,Noun/Concept Synonyms,Random Distractor
tug,barge,junk,sub,1,Noun/Concept Synonyms,watercraft
junk,hot sauce,sub,barge,0,Noun/Concept Synonyms,Hard Distractor
love,barge,junk,tug,0,Noun/Concept Synonyms,Random Distractor
paper,museum,seal,poetic,1,Fill-in-the-Blank,wax ___
sunday,poetic,paper,museum,0,Fill-in-the-Blank,Hard Distractor
museum,poetic,royal,paper,0,Fill-in-the-Blank,Random Distractor
fix,answer,solution,remedy,1,Idioms & Slang,way of solving a problem
solution,fix,answer,driver license,0,Idioms & Slang,Hard Distractor
solution,remedy,peppermint patty,answer,0,Idioms & Slang,Random Distractor
fly,bait,chum,lure,1,Descriptor/Adjective Synonyms,ways to attract fish
lure,bait,hot,chum,0,Descriptor/Adjective Synonyms,Hard Distractor
fly,ditto,bait,chum,0,Descriptor/Adjective Synonyms,Random Distractor
parens,asterisk,number,dagger,1,Idioms & Slang,ways to denote a citation
parens,number,asterisk,appraisal,0,Idioms & Slang,Hard Distractor
difference,asterisk,number,parens,0,Idioms & Slang,Random Distractor
thou,grand,m,k,1,Noun/Concept Synonyms,"ways to express 1,000"
m,sound,thou,k,0,Noun/Concept Synonyms,Hard Distractor
grand,k,m,barbie,0,Noun/Concept Synonyms,Random Distractor
trap,fish,forage,hunt,1,Noun/Concept Synonyms,ways to gather food
forage,fish,weight,trap,0,Noun/Concept Synonyms,Hard Distractor
forage,hunt,taekwondo,trap,0,Noun/Concept Synonyms,Random Distractor
shout,whistle,wave,snap,1,Noun/Concept Synonyms,ways to get attention
snap,heartbeat,wave,whistle,0,Noun/Concept Synonyms,Hard Distractor
shout,whistle,handsome,snap,0,Noun/Concept Synonyms,Random Distractor
hunt,fish,gather,farm,1,Noun/Concept Synonyms,ways to get food
hunt,farm,gather,camera,0,Noun/Concept Synonyms,Hard Distractor
hunt,gather,final,fish,0,Noun/Concept Synonyms,Random Distractor
grille,bumper,spoiler,rim,1,Idioms & Slang,ways to modify a car's exterior
grille,spoiler,rye,bumper,0,Idioms & Slang,Hard Distractor
bumper,grille,spoiler,chiffon,0,Idioms & Slang,Random Distractor
bottle,can,draft,tap,1,Idioms & Slang,ways to order a beer
draft,tap,lucky stiff,bottle,0,Idioms & Slang,Hard Distractor
cherish,can,draft,tap,0,Idioms & Slang,Random Distractor
train,study,practice,drill,1,Noun/Concept Synonyms,ways to prepare
study,train,drill,apple,0,Noun/Concept Synonyms,Hard Distractor
train,drill,practice,coat rack,0,Noun/Concept Synonyms,Random Distractor
slice,shred,melt,crumble,1,Noun/Concept Synonyms,ways to prepare cheese
shred,rank,crumble,melt,0,Noun/Concept Synonyms,Hard Distractor
slice,simple,melt,shred,0,Noun/Concept Synonyms,Random Distractor
poach,scramble,fry,boil,1,Noun/Concept Synonyms,ways to prepare eggs
boil,play,poach,fry,0,Noun/Concept Synonyms,Hard Distractor
egg,boil,poach,scramble,0,Noun/Concept Synonyms,Random Distractor
dry,ferment,can,freeze,1,Noun/Concept Synonyms,ways to preserve food
freeze,brown,dry,ferment,0,Noun/Concept Synonyms,Hard Distractor
dry,freeze,ferment,drib,0,Noun/Concept Synonyms,Random Distractor
can,pickle,cure,freeze,1,Noun/Concept Synonyms,ways to preserve food
must,freeze,cure,pickle,0,Noun/Concept Synonyms,Hard Distractor
act,pickle,can,freeze,0,Noun/Concept Synonyms,Random Distractor
plaque,medal,certificate,trophy,1,Noun/Concept Synonyms,ways to recognize achievement
plaque,noise,certificate,trophy,0,Noun/Concept Synonyms,Hard Distractor
trophy,certificate,plaque,7-10,0,Noun/Concept Synonyms,Random Distractor
tweeze,wax,thread,shave,1,Noun/Concept Synonyms,ways to remove hair
thread,leave,tweeze,shave,0,Noun/Concept Synonyms,Hard Distractor
tweeze,wax,thread,miller,0,Noun/Concept Synonyms,Random Distractor
base,bracket,stand,mount,1,Trivia/Pop Culture,ways to secure a tv
bracket,stand,mount,hotel,0,Trivia/Pop Culture,Hard Distractor
bracket,mount,roger,stand,0,Trivia/Pop Culture,Random Distractor
kneel,stand,salute,bow,1,Trivia/Pop Culture,ways to show respect
kneel,salute,bow,picture,0,Trivia/Pop Culture,Hard Distractor
delivery,kneel,bow,stand,0,Trivia/Pop Culture,Random Distractor
organize,canvass,campaign,stump,1,Idioms & Slang,ways to support a candidate
stump,watt,canvass,organize,0,Idioms & Slang,Hard Distractor
organize,stump,knocks,canvass,0,Idioms & Slang,Random Distractor
crop,flip,scale,rotate,1,Idioms & Slang,ways to transform an image
rotate,drive,flip,scale,0,Idioms & Slang,Hard Distractor
flip,crop,rotate,party,0,Idioms & Slang,Random Distractor
password,fingerprint,pin,face,1,Idioms & Slang,ways to unlock a device
pit,face,password,fingerprint,0,Idioms & Slang,Hard Distractor
password,dylan,face,pin,0,Idioms & Slang,Random Distractor
face,pin,fingerprint,password,1,Idioms & Slang,ways to unlock a device
face,pin,air conditioner,fingerprint,0,Idioms & Slang,Hard Distractor
face,fingerprint,twice,password,0,Idioms & Slang,Random Distractor
bun,twist,pony,braid,1,Idioms & Slang,ways to wear your hair up
frost,bun,twist,pony,0,Idioms & Slang,Hard Distractor
twist,bun,candidate,braid,0,Idioms & Slang,Random Distractor
rope,wrench,candlestick,knife,1,Idioms & Slang,weapons in the game clue
candlestick,foot,rope,knife,0,Idioms & Slang,Hard Distractor
candlestick,knife,pucker,wrench,0,Idioms & Slang,Random Distractor
wrench,knife,candlestick,rope,1,Idioms & Slang,weapons in the game clue
knife,library,candlestick,rope,0,Idioms & Slang,Hard Distractor
ronald,knife,rope,wrench,0,Idioms & Slang,Random Distractor
bore,tire,exhaust,drain,1,Descriptor/Adjective Synonyms,weary
merry,drain,tire,exhaust,0,Descriptor/Adjective Synonyms,Hard Distractor
exhaust,drain,tire,interrupt,0,Descriptor/Adjective Synonyms,Random Distractor
dewpoint,beaufort scale,wind chill,heat index,1,Noun/Concept Synonyms,weather terms
wind chill,beaufort scale,organ,dewpoint,0,Noun/Concept Synonyms,Hard Distractor
beaufort scale,wind chill,heat index,heartbreaker,0,Noun/Concept Synonyms,Random Distractor
extensions,forward,back,refresh,1,Noun/Concept Synonyms,web browser buttons
love,refresh,back,extensions,0,Noun/Concept Synonyms,Hard Distractor
extensions,cookbook,back,refresh,0,Noun/Concept Synonyms,Random Distractor
view,file,window,history,1,Noun/Concept Synonyms,web browser menus
window,history,drift,view,0,Noun/Concept Synonyms,Hard Distractor
return,view,history,window,0,Noun/Concept Synonyms,Random Distractor
window,history,tab,bookmark,1,Noun/Concept Synonyms,web browser-related
window,history,bookmark,level,0,Noun/Concept Synonyms,Hard Distractor
tab,smash,window,bookmark,0,Noun/Concept Synonyms,Random Distractor
opera,chrome,edge,safari,1,Noun/Concept Synonyms,web browsers
edge,opera,chrome,con,0,Noun/Concept Synonyms,Hard Distractor
cuckoo,opera,safari,chrome,0,Noun/Concept Synonyms,Random Distractor
opera,chrome,edge,safari,1,Noun/Concept Synonyms,web browsers
safari,chrome,bark,opera,0,Noun/Concept Synonyms,Hard Distractor
🥓,safari,edge,chrome,0,Noun/Concept Synonyms,Random Distractor
dinky,little,minute,slight,1,Noun/Concept Synonyms,wee
minute,little,tripe,dinky,0,Noun/Concept Synonyms,Hard Distractor
minute,make,slight,little,0,Noun/Concept Synonyms,Random Distractor
heavy,middle,light,feather,1,Noun/Concept Synonyms,weights in boxing
heavy,pack,light,middle,0,Noun/Concept Synonyms,Hard Distractor
middle,flush,feather,heavy,0,Noun/Concept Synonyms,Random Distractor
sheriff,cowboy,outlaw,drifter,1,Noun/Concept Synonyms,western tropes
cut,outlaw,sheriff,drifter,0,Noun/Concept Synonyms,Hard Distractor
cowboy,wars,outlaw,sheriff,0,Noun/Concept Synonyms,Random Distractor
hail,rain,sleet,snow,1,Noun/Concept Synonyms,wet weather
hail,rain,snow,sound,0,Noun/Concept Synonyms,Hard Distractor
rain,dig,hail,snow,0,Noun/Concept Synonyms,Random Distractor
one hundred,see,cold,celsius,1,Idioms & Slang,"what ""c"" might mean"
dwell,celsius,see,one hundred,0,Idioms & Slang,Hard Distractor
celsius,cold,see,tragedy,0,Idioms & Slang,Random Distractor
clergy member,n.f.l. player,bird,m.l.b. player,1,Idioms & Slang,"what ""cardinal"" might refer to"
grid,bird,m.l.b. player,n.f.l. player,0,Idioms & Slang,Hard Distractor
stingray,clergy member,n.f.l. player,m.l.b. player,0,Idioms & Slang,Random Distractor
suit,gemstone,infield,rhombus,1,Idioms & Slang,"what ""diamond"" can refer to"
infield,ravine,rhombus,suit,0,Idioms & Slang,Hard Distractor
suit,pap,gemstone,rhombus,0,Idioms & Slang,Random Distractor
guzzle,feathers,sad,willing,1,Idioms & Slang,"what ""down"" might mean"
chick,feathers,willing,sad,0,Idioms & Slang,Hard Distractor
willing,gnu,sad,feathers,0,Idioms & Slang,Random Distractor
education,editor,edward,past tense,1,Idioms & Slang,"what ""ed"" might indicate"
editor,past tense,education,charge,0,Idioms & Slang,Hard Distractor
education,editor,buttons,past tense,0,Idioms & Slang,Random Distractor
yes,why,year,yellow,1,Idioms & Slang,"what ""y"" might mean"
why,cold,yes,year,0,Idioms & Slang,Hard Distractor
manhole,yellow,why,yes,0,Idioms & Slang,Random Distractor
quote,possessive,foot,contraction,1,Idioms & Slang,what ' can indicate
possessive,taste,foot,quote,0,Idioms & Slang,Hard Distractor
quote,contraction,plaid,foot,0,Idioms & Slang,Random Distractor
glass,garnish,straw,coaster,1,Idioms & Slang,what a drink is served with
garnish,straw,insurance,glass,0,Idioms & Slang,Hard Distractor
glass,coaster,fountain,straw,0,Idioms & Slang,Random Distractor
pound,pump,race,throb,1,Idioms & Slang,what a heart does when excited
throb,animal,pump,pound,0,Idioms & Slang,Hard Distractor
pound,throb,race,commander,0,Idioms & Slang,Random Distractor
spy,animal,birthmark,unit,1,Idioms & Slang,what a mole can be
board,unit,spy,birthmark,0,Idioms & Slang,Hard Distractor
x,animal,birthmark,spy,0,Idioms & Slang,Random Distractor
thing,place,person,idea,1,Idioms & Slang,what a noun might be
thing,person,idea,schmaltz,0,Idioms & Slang,Hard Distractor
idea,person,place,ballpark,0,Idioms & Slang,Random Distractor
baby,pet,plant,house,1,Idioms & Slang,what a sitter might sit
plant,house,well,pet,0,Idioms & Slang,Hard Distractor
pet,bore,house,baby,0,Idioms & Slang,Random Distractor
contraction,possessive,foot,quotation,1,Idioms & Slang,what an apostrophe might indicate
possessive,contraction,flank,quotation,0,Idioms & Slang,Hard Distractor
uncle,quotation,possessive,foot,0,Idioms & Slang,Random Distractor
resistance,current,voltage,charge,1,Noun/Concept Synonyms,what an electrometer measures
current,cot,charge,resistance,0,Noun/Concept Synonyms,Hard Distractor
resistance,with,charge,voltage,0,Noun/Concept Synonyms,Random Distractor
clock,beast,candelabra,teacup,1,Trivia/Pop Culture,what characters were transformed into in “beauty and the beast”
fargo,clock,beast,teacup,0,Trivia/Pop Culture,Hard Distractor
candelabra,teacup,clock,bills,0,Trivia/Pop Culture,Random Distractor
sing,dive,breach,spout,1,Noun/Concept Synonyms,what humpback whales do
dive,stern,spout,breach,0,Noun/Concept Synonyms,Hard Distractor
spout,breach,up first,sing,0,Noun/Concept Synonyms,Random Distractor
allergy,relief,onion,melodrama,1,Idioms & Slang,what might bring tears to your eyes
drape,melodrama,onion,relief,0,Idioms & Slang,Hard Distractor
relief,allergy,harbor,onion,0,Idioms & Slang,Random Distractor
victory,peace,scissors,two,1,Idioms & Slang,what the outstretched index and middle fingers can represent
ocean,two,victory,scissors,0,Idioms & Slang,Hard Distractor
tip jar,two,peace,victory,0,Idioms & Slang,Random Distractor
string lights,angel,candy cane,tinsel,1,Trivia/Pop Culture,what you might see on a christmas tree
candy cane,link,tinsel,string lights,0,Trivia/Pop Culture,Hard Distractor
alarm,tinsel,candy cane,string lights,0,Trivia/Pop Culture,Random Distractor
area,one,excellent,athletic,1,Noun/Concept Synonyms,what “a” might mean
area,one,group,excellent,0,Noun/Concept Synonyms,Hard Distractor
one,xylophone,area,excellent,0,Noun/Concept Synonyms,Random Distractor
defeat,assignment,tired,tempo,1,Noun/Concept Synonyms,what “beat” may mean
tired,tempo,assignment,pumpkin,0,Noun/Concept Synonyms,Hard Distractor
tempo,tired,defeat,humor,0,Noun/Concept Synonyms,Random Distractor
william,banknote,invoice,beak,1,Idioms & Slang,what “bill” might refer to
invoice,william,rope,beak,0,Idioms & Slang,Hard Distractor
invoice,beak,william,molecule,0,Idioms & Slang,Random Distractor
noble,democratic,erotic,sad,1,Noun/Concept Synonyms,what “blue” might mean
erotic,noble,snare,sad,0,Noun/Concept Synonyms,Hard Distractor
felicity,sad,democratic,erotic,0,Noun/Concept Synonyms,Random Distractor
alloy,suntan,third,sculpture,1,Noun/Concept Synonyms,what “bronze” might mean
sculpture,suntan,forecast,alloy,0,Noun/Concept Synonyms,Hard Distractor
suntan,sculpture,hunky-dory,alloy,0,Noun/Concept Synonyms,Random Distractor
enthusiast,polish,muscular,nude,1,Noun/Concept Synonyms,what “buff” might mean
nude,tender,polish,enthusiast,0,Noun/Concept Synonyms,Hard Distractor
contract,nude,enthusiast,polish,0,Noun/Concept Synonyms,Random Distractor
nebula,eyeliner,marble,glasses,1,Idioms & Slang,what “cat’s eye” can be used to describe
glasses,eyeliner,nebula,hard feelings,0,Idioms & Slang,Hard Distractor
glasses,marble,deadly sin,nebula,0,Idioms & Slang,Random Distractor
convention,drawback,swindle,criminal,1,Noun/Concept Synonyms,what “con” might mean
lawsuit,swindle,criminal,convention,0,Noun/Concept Synonyms,Hard Distractor
criminal,swindle,loris,drawback,0,Noun/Concept Synonyms,Random Distractor
hybrid,betray,angry,crucifix,1,Noun/Concept Synonyms,what “cross” might mean
handles,crucifix,angry,hybrid,0,Noun/Concept Synonyms,Hard Distractor
phantom,angry,crucifix,betray,0,Noun/Concept Synonyms,Random Distractor
insults,likes,shovels,apartment,1,Noun/Concept Synonyms,what “digs” might mean
likes,apartment,shovels,voyage,0,Noun/Concept Synonyms,Hard Distractor
shovels,likes,strait,insults,0,Noun/Concept Synonyms,Random Distractor
democrat,dimensional,defense,drive,1,Idioms & Slang,what “d” might stand for
second,defense,dimensional,drive,0,Idioms & Slang,Hard Distractor
drive,chai,defense,dimensional,0,Idioms & Slang,Random Distractor
car,director,president,actor,1,Idioms & Slang,what “ford” might refer to
actor,president,sugar,car,0,Idioms & Slang,Hard Distractor
sauce,president,director,actor,0,Idioms & Slang,Random Distractor
lush,ecological,fresh,envious,1,Noun/Concept Synonyms,what “green” might mean
envious,toad,ecological,fresh,0,Noun/Concept Synonyms,Hard Distractor
envious,trombone,ecological,fresh,0,Noun/Concept Synonyms,Random Distractor
naive,nauseous,unwell,jealous,1,Noun/Concept Synonyms,what “green” might mean
unwell,tony,naive,nauseous,0,Noun/Concept Synonyms,Hard Distractor
unwell,nauseous,wink,jealous,0,Noun/Concept Synonyms,Random Distractor
freudian concept,driver license,recognize,idaho,1,Idioms & Slang,what “id” might refer to
freudian concept,idaho,warm,driver license,0,Idioms & Slang,Hard Distractor
freudian concept,fairy,idaho,recognize,0,Idioms & Slang,Random Distractor
inside,indiana,inch,trendy,1,Idioms & Slang,what “in” might refer to
inside,inch,indiana,washer,0,Idioms & Slang,Hard Distractor
inside,trendy,indiana,hustle,0,Idioms & Slang,Random Distractor
one,iota,myself,iodine,1,Noun/Concept Synonyms,what “i” might mean
bit,one,iota,iodine,0,Noun/Concept Synonyms,Hard Distractor
flounder,iodine,iota,one,0,Noun/Concept Synonyms,Random Distractor
nfl player,black,airplane,hot tub nozzle,1,Idioms & Slang,what “jet” might refer to
hot tub nozzle,total,black,nfl player,0,Idioms & Slang,Hard Distractor
hot tub nozzle,license,airplane,black,0,Idioms & Slang,Random Distractor
thousand,okay,potassium,kelvin,1,Noun/Concept Synonyms,what “k” might mean
okay,kelvin,station,potassium,0,Noun/Concept Synonyms,Hard Distractor
potassium,thousand,kelvin,biological,0,Noun/Concept Synonyms,Random Distractor
lanthanum,musical note,los angeles,louisiana,1,Idioms & Slang,what “la” might refer to
lanthanum,wrench,los angeles,louisiana,0,Idioms & Slang,Hard Distractor
watson,musical note,louisiana,lanthanum,0,Idioms & Slang,Random Distractor
progressive,port,departed,remaining,1,Noun/Concept Synonyms,what “left” might mean
progressive,remaining,dummy,port,0,Noun/Concept Synonyms,Hard Distractor
port,remaining,giggle,departed,0,Noun/Concept Synonyms,Random Distractor
greenlight,oklahoma,british magazine,mediocre,1,Idioms & Slang,what “ok” might refer to
mediocre,greenlight,british magazine,brother,0,Idioms & Slang,Hard Distractor
oklahoma,greenlight,rocket,british magazine,0,Idioms & Slang,Random Distractor
oxygen,hug,zero,of,1,Noun/Concept Synonyms,what “o” might mean
zero,hug,games,of,0,Noun/Concept Synonyms,Hard Distractor
hug,oxygen,break,of,0,Noun/Concept Synonyms,Random Distractor
popular,burst,soda,mainstream,1,Noun/Concept Synonyms,what “pop” might mean
popular,clownfish,burst,mainstream,0,Noun/Concept Synonyms,Hard Distractor
mainstream,burst,cups,popular,0,Noun/Concept Synonyms,Random Distractor
burst,soda,father,dad,1,Noun/Concept Synonyms,what “pop” might mean
burst,dad,volume,soda,0,Noun/Concept Synonyms,Hard Distractor
neuroplastic,dad,burst,soda,0,Noun/Concept Synonyms,Random Distractor
bounce,coil,geyser,season,1,Idioms & Slang,what “spring” might refer to
coil,geyser,bounce,arrow,0,Idioms & Slang,Hard Distractor
bounce,season,coil,crawl,0,Idioms & Slang,Random Distractor
cattle,broth,merchandise,ancestry,1,Noun/Concept Synonyms,what “stock” might mean
ancestry,broth,merchandise,tie,0,Noun/Concept Synonyms,Hard Distractor
merchandise,cattle,ancestry,get out,0,Noun/Concept Synonyms,Random Distractor
win,tungsten,watt,west,1,Idioms & Slang,what “w” might stand for
tungsten,win,salty,west,0,Idioms & Slang,Hard Distractor
win,jackson,west,tungsten,0,Idioms & Slang,Random Distractor
ten,kiss,times,adult,1,Noun/Concept Synonyms,what “x” might mean
devil dog,kiss,ten,times,0,Noun/Concept Synonyms,Hard Distractor
kiss,volt,times,ten,0,Noun/Concept Synonyms,Random Distractor
remainder,difference,balance,rest,1,Noun/Concept Synonyms,what’s leftover
remainder,big bear,balance,difference,0,Noun/Concept Synonyms,Hard Distractor
risque,rest,balance,remainder,0,Noun/Concept Synonyms,Random Distractor
when,harry,sally,met,1,Descriptor/Adjective Synonyms,when harry met sally
when,sally,met,shot,0,Descriptor/Adjective Synonyms,Hard Distractor
special,harry,when,sally,0,Descriptor/Adjective Synonyms,Random Distractor
bye,please,bills,gimme,1,Idioms & Slang,"when tripled, hit song titles"
scattergories,please,gimme,bills,0,Idioms & Slang,Hard Distractor
bills,cache,bye,gimme,0,Idioms & Slang,Random Distractor
desert,beach,hourglass,playground,1,Idioms & Slang,where you might find sand
beach,playground,braid,hourglass,0,Idioms & Slang,Hard Distractor
minor,hourglass,desert,beach,0,Idioms & Slang,Random Distractor
limousine,movie set,toolbox,golf bag,1,Idioms & Slang,where you might find “a driver”
ala,toolbox,movie set,golf bag,0,Idioms & Slang,Hard Distractor
movie set,cluster,toolbox,golf bag,0,Idioms & Slang,Random Distractor
who,rabbit,roger,framed,1,Noun/Concept Synonyms,who framed roger rabbit
who,roger,rabbit,trek,0,Noun/Concept Synonyms,Hard Distractor
who,roger,magic 8 ball,rabbit,0,Noun/Concept Synonyms,Random Distractor
teen,adults only,mature,everyone,1,Idioms & Slang,"who video games are for, per esrb ratings"
mature,adults only,poach,teen,0,Idioms & Slang,Hard Distractor
everyone,hearth,teen,mature,0,Idioms & Slang,Random Distractor
sum,count,gross,total,1,Noun/Concept Synonyms,whole amount
count,boo-boo,gross,sum,0,Noun/Concept Synonyms,Hard Distractor
sum,croissant,total,count,0,Noun/Concept Synonyms,Random Distractor
gaucho,palazzo,harem,culotte,1,Noun/Concept Synonyms,wide-legged pant styles
shag,harem,culotte,gaucho,0,Noun/Concept Synonyms,Hard Distractor
harem,as well,culotte,gaucho,0,Noun/Concept Synonyms,Random Distractor
slack,freedom,license,latitude,1,Noun/Concept Synonyms,wiggle room
slack,license,wooden,latitude,0,Noun/Concept Synonyms,Hard Distractor
que,latitude,license,slack,0,Noun/Concept Synonyms,Random Distractor
robin,venus,hank,tennessee,1,Noun/Concept Synonyms,williamses
hank,robin,tool,tennessee,0,Noun/Concept Synonyms,Hard Distractor
silicon,tennessee,venus,robin,0,Noun/Concept Synonyms,Random Distractor
on board,game,down,in,1,Action/Verb Synonyms,willing to participate
game,ruby,on board,in,0,Action/Verb Synonyms,Hard Distractor
game,down,on board,complement,0,Action/Verb Synonyms,Random Distractor
borg,graf,king,sinner,1,Noun/Concept Synonyms,wimbledon winners
graf,sinner,king,pencil,0,Noun/Concept Synonyms,Hard Distractor
king,sinner,pinball,graf,0,Noun/Concept Synonyms,Random Distractor
wind,wine,wing,wink,1,Word Structure/Play,win + letter
wind,beta,wink,wine,0,Word Structure/Play,Hard Distractor
wink,wind,acid,wine,0,Word Structure/Play,Random Distractor
shutter,drape,shade,blind,1,Idioms & Slang,window treatments in the singular
blind,shade,heart,drape,0,Idioms & Slang,Hard Distractor
drape,shutter,zine,blind,0,Idioms & Slang,Random Distractor
grape,winery,region,vintage,1,Noun/Concept Synonyms,wine bottle info
vintage,wizard,grape,winery,0,Noun/Concept Synonyms,Hard Distractor
grape,vintage,winery,chronicle,0,Noun/Concept Synonyms,Random Distractor
chard,cab,bubbly,zin,1,Members of a Set/Entities,wine nicknames
balm,cab,chard,bubbly,0,Members of a Set/Entities,Hard Distractor
zin,bubbly,tow,chard,0,Members of a Set/Entities,Random Distractor
balanced,full,sweet,dry,1,Noun/Concept Synonyms,wine tasting descriptors
sweet,credit,dry,balanced,0,Noun/Concept Synonyms,Hard Distractor
school bus,sweet,balanced,dry,0,Noun/Concept Synonyms,Random Distractor
carafe,bottle,decanter,glass,1,Noun/Concept Synonyms,wine vessels
bottle,decanter,glass,cowboy,0,Noun/Concept Synonyms,Hard Distractor
lux,decanter,bottle,carafe,0,Noun/Concept Synonyms,Random Distractor
moth,gnat,wasp,fly,1,Noun/Concept Synonyms,winged insects
dish,moth,gnat,fly,0,Noun/Concept Synonyms,Hard Distractor
wasp,handful,moth,fly,0,Noun/Concept Synonyms,Random Distractor
prize,reward,purse,pot,1,Noun/Concept Synonyms,winnings
purse,pod,prize,pot,0,Noun/Concept Synonyms,Hard Distractor
purse,reward,manhattan,pot,0,Noun/Concept Synonyms,Random Distractor
kitty,purse,pot,prize,1,Noun/Concept Synonyms,winnings
turkish angora,kitty,pot,purse,0,Noun/Concept Synonyms,Hard Distractor
prize,purse,kitty,wombat,0,Noun/Concept Synonyms,Random Distractor
absent,minus,sans,wanting,1,Noun/Concept Synonyms,without
sans,old spice,minus,wanting,0,Noun/Concept Synonyms,Hard Distractor
absent,minus,ton,wanting,0,Noun/Concept Synonyms,Random Distractor
summer,keys,swift,nicks,1,Noun/Concept Synonyms,women singers
summer,nicks,sting,swift,0,Noun/Concept Synonyms,Hard Distractor
keys,nicks,see-saw,summer,0,Noun/Concept Synonyms,Random Distractor
jan,deb,sue,kat,1,Members of a Set/Entities,women’s nicknames
sue,deb,jan,nail file,0,Members of a Set/Entities,Hard Distractor
sue,deb,kat,bond,0,Members of a Set/Entities,Random Distractor
shield,lasso,sword,tiara,1,Noun/Concept Synonyms,wonder woman’s costume
shield,lasso,sword,dash,0,Noun/Concept Synonyms,Hard Distractor
chalk,shield,lasso,tiara,0,Noun/Concept Synonyms,Random Distractor
lighthouse,temple,gardens,pyramid,1,Noun/Concept Synonyms,wonders of the world
dish,temple,lighthouse,pyramid,0,Noun/Concept Synonyms,Hard Distractor
coat,gardens,pyramid,lighthouse,0,Noun/Concept Synonyms,Random Distractor
pursue,court,romance,charm,1,Noun/Concept Synonyms,woo
charm,powder,court,pursue,0,Noun/Concept Synonyms,Hard Distractor
pursue,charm,clipper,romance,0,Noun/Concept Synonyms,Random Distractor
bassoon,flute,oboe,clarinet,1,Noun/Concept Synonyms,woodwinds
shells,bassoon,flute,oboe,0,Noun/Concept Synonyms,Hard Distractor
flute,voyage,clarinet,bassoon,0,Noun/Concept Synonyms,Random Distractor
oboe,clarinet,flute,saxophone,1,Noun/Concept Synonyms,woodwinds
ballot,saxophone,clarinet,flute,0,Noun/Concept Synonyms,Hard Distractor
saxophone,ban,flute,clarinet,0,Noun/Concept Synonyms,Random Distractor
plane,chisel,rasp,saw,1,Members of a Set/Entities,woodworking hand tools
rasp,saw,plane,snake,0,Members of a Set/Entities,Hard Distractor
rasp,saw,lemmings,plane,0,Members of a Set/Entities,Random Distractor
dovetail,mortise,mitre,dado,1,Action/Verb Synonyms,woodworking joint terms
mortise,short,dovetail,mitre,0,Action/Verb Synonyms,Hard Distractor
strap,dovetail,mortise,dado,0,Action/Verb Synonyms,Random Distractor
drills,saws,routers,files,1,Members of a Set/Entities,woodworking tools
routers,files,drills,hospital,0,Members of a Set/Entities,Hard Distractor
saws,pineapple,drills,routers,0,Members of a Set/Entities,Random Distractor
why,you,are,see,1,Word Structure/Play,words abbreviated with letters
wee,are,why,you,0,Word Structure/Play,Hard Distractor
are,why,you,brainstorm,0,Word Structure/Play,Random Distractor
tuberculosis,touchdown,trademark,television,1,Word Structure/Play,words abbreviated with “t” + letter
touchdown,trademark,mic,tuberculosis,0,Word Structure/Play,Hard Distractor
bub,touchdown,trademark,television,0,Word Structure/Play,Random Distractor
spy,beam,robot,ching,1,Idioms & Slang,"words after ""i"""
oxen,beam,ching,spy,0,Idioms & Slang,Hard Distractor
lux,beam,ching,spy,0,Idioms & Slang,Random Distractor
good riddance,sayonara,about time,finally,1,Idioms & Slang,words after a welcome departure
finally,good riddance,sayonara,point,0,Idioms & Slang,Hard Distractor
sayonara,brakes,finally,good riddance,0,Idioms & Slang,Random Distractor
degree,marvel,pac-man,paint,1,Word Structure/Play,words after the letters “ms”
abel,degree,paint,pac-man,0,Word Structure/Play,Hard Distractor
marvel,paint,old,degree,0,Word Structure/Play,Random Distractor
cycle,pod,dent,angle,1,Word Structure/Play,words after the prefix “tri-”
angle,cycle,pod,peek,0,Word Structure/Play,Hard Distractor
dent,pod,festivity,angle,0,Word Structure/Play,Random Distractor
tree,tray,wednesday,blond,1,Noun/Concept Synonyms,words after “ash”
tray,blond,tree,ladybug,0,Noun/Concept Synonyms,Hard Distractor
tray,tree,babe,blond,0,Noun/Concept Synonyms,Random Distractor
paste,that,cat,editor,1,Noun/Concept Synonyms,words after “copy”
boulder,editor,cat,paste,0,Noun/Concept Synonyms,Hard Distractor
that,paste,teeth,cat,0,Noun/Concept Synonyms,Random Distractor
six,freeze,fake,cut,1,Noun/Concept Synonyms,words after “deep”
dead,fake,six,cut,0,Noun/Concept Synonyms,Hard Distractor
cut,six,backdoor,fake,0,Noun/Concept Synonyms,Random Distractor
candy,witness,contact,shadow,1,Noun/Concept Synonyms,words after “eye”
contact,witness,strawberry,shadow,0,Noun/Concept Synonyms,Hard Distractor
chairs,contact,shadow,candy,0,Noun/Concept Synonyms,Random Distractor
goose,doodle,parachute,rod,1,Noun/Concept Synonyms,words after “golden”
doodle,goose,rod,gal,0,Noun/Concept Synonyms,Hard Distractor
doodle,rod,parachute,strong,0,Noun/Concept Synonyms,Random Distractor
all out,kart,steady,between,1,Noun/Concept Synonyms,words after “go”
between,kart,volt,all out,0,Noun/Concept Synonyms,Hard Distractor
kart,trimmer,between,all out,0,Noun/Concept Synonyms,Random Distractor
hog,maze,trimmer,fund,1,Noun/Concept Synonyms,words after “hedge”
fund,hog,trimmer,safety,0,Noun/Concept Synonyms,Hard Distractor
fund,knead,maze,hog,0,Noun/Concept Synonyms,Random Distractor
hawk,litter,corner,cat,1,Noun/Concept Synonyms,words after “kitty”
corner,reserved,cat,litter,0,Noun/Concept Synonyms,Hard Distractor
matte,corner,hawk,litter,0,Noun/Concept Synonyms,Random Distractor
street,pop,mart,swiss,1,Noun/Concept Synonyms,words after “k”
fair,pop,swiss,street,0,Noun/Concept Synonyms,Hard Distractor
mart,medley,swiss,pop,0,Noun/Concept Synonyms,Random Distractor
worries,biggie,sweat,hard feelings,1,Idioms & Slang,words after “no” to mean “it’s all good”
sweat,biggie,worries,star,0,Idioms & Slang,Hard Distractor
worries,slip,hard feelings,sweat,0,Idioms & Slang,Random Distractor
pal,phone,check,dirt,1,Noun/Concept Synonyms,words after “pay”
tree,pal,phone,dirt,0,Noun/Concept Synonyms,Hard Distractor
pastor,dirt,pal,phone,0,Noun/Concept Synonyms,Random Distractor
pain,rex,mobile,shirt,1,Noun/Concept Synonyms,words after “t-”
pain,bunker,shirt,rex,0,Noun/Concept Synonyms,Hard Distractor
rex,deer,shirt,pain,0,Noun/Concept Synonyms,Random Distractor
files,ray,factor,games,1,Noun/Concept Synonyms,words after “x”
gobble,files,games,ray,0,Noun/Concept Synonyms,Hard Distractor
ray,historical,factor,files,0,Noun/Concept Synonyms,Random Distractor
dodge,hand,racquet,pickle,1,Members of a Set/Entities,"words before ""ball"" in sports"
hand,shed,dodge,pickle,0,Members of a Set/Entities,Hard Distractor
dodge,hand,racquet,grammar,0,Members of a Set/Entities,Random Distractor
primary,elementary,grammar,grade,1,Idioms & Slang,"words before ""school"""
primary,elementary,candlestick,grammar,0,Idioms & Slang,Hard Distractor
ala,primary,grammar,grade,0,Idioms & Slang,Random Distractor
foot,step,toad,bar,1,Idioms & Slang,"words before ""stool"""
melting,foot,bar,toad,0,Idioms & Slang,Hard Distractor
foot,wayne,step,toad,0,Idioms & Slang,Random Distractor
pocket,wrist,digital,stop,1,Idioms & Slang,"words before ""watch"""
wrist,locker,digital,pocket,0,Idioms & Slang,Hard Distractor
pocket,satchel,stop,wrist,0,Idioms & Slang,Random Distractor
for,dear,to,attention,1,Noun/Concept Synonyms,words before an addressee
for,to,station,attention,0,Noun/Concept Synonyms,Hard Distractor
attention,to,dear,sheepshank,0,Noun/Concept Synonyms,Random Distractor
fat,cyber,ash,black,1,Idioms & Slang,words before days of the week
fat,cyber,stone,black,0,Idioms & Slang,Hard Distractor
ash,fat,cyber,dart,0,Idioms & Slang,Random Distractor
murphy,canopy,day,water,1,Noun/Concept Synonyms,words before “bed”
murphy,day,nod,water,0,Noun/Concept Synonyms,Hard Distractor
water,day,tennis,murphy,0,Noun/Concept Synonyms,Random Distractor
tinker,liberty,bar,dinner,1,Noun/Concept Synonyms,words before “bell”
dinner,tinker,liberty,land,0,Noun/Concept Synonyms,Hard Distractor
swiss,liberty,dinner,bar,0,Noun/Concept Synonyms,Random Distractor
rhinestone,midnight,drugstore,space,1,Idioms & Slang,words before “cowboy” in film and music
rhinestone,wolf eel,midnight,drugstore,0,Idioms & Slang,Hard Distractor
rhinestone,midnight,cheshire cat,space,0,Idioms & Slang,Random Distractor
solo,diva,world,butter,1,Noun/Concept Synonyms,words before “cup”
diva,solo,world,hunt,0,Noun/Concept Synonyms,Hard Distractor
mine,butter,solo,world,0,Noun/Concept Synonyms,Random Distractor
ear,kettle,steel,snare,1,Noun/Concept Synonyms,words before “drum”
ear,jab,steel,snare,0,Noun/Concept Synonyms,Hard Distractor
trundle,snare,ear,steel,0,Noun/Concept Synonyms,Random Distractor
ear,oil,kettle,oil,1,Noun/Concept Synonyms,words before “drum”
kettle,tittle,ear,oil,0,Noun/Concept Synonyms,Hard Distractor
ear,oil,balloon animal,kettle,0,Noun/Concept Synonyms,Random Distractor
chicken,lady,butter,sticky,1,Noun/Concept Synonyms,words before “fingers”
sticky,soon,lady,chicken,0,Noun/Concept Synonyms,Hard Distractor
sticky,lady,hits,butter,0,Noun/Concept Synonyms,Random Distractor
sock,bunny,bar,hip,1,Noun/Concept Synonyms,words before “hop”
hip,bunny,sock,keys,0,Noun/Concept Synonyms,Hard Distractor
hip,mill,bar,sock,0,Noun/Concept Synonyms,Random Distractor
chest,hazel,coco,pea,1,Noun/Concept Synonyms,words before “nut”
chest,kernel,hazel,pea,0,Noun/Concept Synonyms,Hard Distractor
arty,coco,chest,pea,0,Noun/Concept Synonyms,Random Distractor
brazil,butter,pine,dough,1,Noun/Concept Synonyms,words before “nut”
dough,butter,brazil,sneaker,0,Noun/Concept Synonyms,Hard Distractor
mundane,pine,brazil,dough,0,Noun/Concept Synonyms,Random Distractor
mister,roy,ginger,jolly,1,Noun/Concept Synonyms,words before “roger/s”
roy,loafer,jolly,ginger,0,Noun/Concept Synonyms,Hard Distractor
ginger,breakfast,mister,jolly,0,Noun/Concept Synonyms,Random Distractor
rest,powder,bath,throne,1,Idioms & Slang,words before “room” to mean lavatory
throne,log,bath,powder,0,Idioms & Slang,Hard Distractor
throne,hum,rest,bath,0,Idioms & Slang,Random Distractor
love,radio,shake,caddy,1,Noun/Concept Synonyms,words before “shack”
radio,shake,love,bash,0,Noun/Concept Synonyms,Hard Distractor
fare,caddy,love,radio,0,Noun/Concept Synonyms,Random Distractor
legend,hippo,handsome,lipid,1,Idioms & Slang,words beginning with body parts
lipid,wrench,legend,hippo,0,Idioms & Slang,Hard Distractor
hippo,handsome,legend,news,0,Idioms & Slang,Random Distractor
heyday,hijinks,yogurt,supper,1,Noun/Concept Synonyms,words beginning with greetings
heyday,principal,hijinks,supper,0,Noun/Concept Synonyms,Hard Distractor
sherry,hijinks,yogurt,supper,0,Noun/Concept Synonyms,Random Distractor
cellophane,harpoon,bassinet,organism,1,Members of a Set/Entities,words beginning with instruments
harpoon,organism,graduate,cellophane,0,Members of a Set/Entities,Hard Distractor
cotton ball,harpoon,cellophane,bassinet,0,Members of a Set/Entities,Random Distractor
ginkgo,tycoon,karaoke,emoji,1,Noun/Concept Synonyms,words derived from japanese
emoji,server,tycoon,ginkgo,0,Noun/Concept Synonyms,Hard Distractor
favorite,emoji,tycoon,karaoke,0,Noun/Concept Synonyms,Random Distractor
foxglove,turncoat,windsock,gumshoe,1,Noun/Concept Synonyms,words ending in clothing
turncoat,windsock,gumshoe,bridge,0,Noun/Concept Synonyms,Hard Distractor
gumshoe,foxglove,windsock,dank,0,Noun/Concept Synonyms,Random Distractor
freight,ozone,canine,often,1,Noun/Concept Synonyms,words ending in numbers
freight,water,ozone,often,0,Noun/Concept Synonyms,Hard Distractor
ozone,tail,canine,freight,0,Noun/Concept Synonyms,Random Distractor
tomato,vase,aunt,either,1,Word Structure/Play,words famously pronounced different ways
tomato,lute,vase,aunt,0,Word Structure/Play,Hard Distractor
clicks,either,vase,aunt,0,Word Structure/Play,Random Distractor
dog,brat,frank,link,1,Idioms & Slang,words for sausage
brat,link,frank,check,0,Idioms & Slang,Hard Distractor
dog,brat,link,witch,0,Idioms & Slang,Random Distractor
gross,score,pair,dozen,1,Idioms & Slang,words for specific quantities
pair,shoulders,gross,score,0,Idioms & Slang,Hard Distractor
score,blocks,pair,dozen,0,Idioms & Slang,Random Distractor
bee,sting,butterfly,float,1,Trivia/Pop Culture,words in a famous muhammad ali quote
sting,bee,float,rushmore,0,Trivia/Pop Culture,Hard Distractor
bee,jinx,butterfly,sting,0,Trivia/Pop Culture,Random Distractor
conquered,came,i,saw,1,Trivia/Pop Culture,words in a famous quote by caesar
i,conquered,liberty,came,0,Trivia/Pop Culture,Hard Distractor
conquered,i,saw,sprint,0,Trivia/Pop Culture,Random Distractor
woodchuck,chuck,wood,could,1,Trivia/Pop Culture,words in a famous tongue twister
chuck,could,wood,entourage,0,Trivia/Pop Culture,Hard Distractor
could,chuck,good shepherd,wood,0,Trivia/Pop Culture,Random Distractor
once,twice,sold,going,1,Idioms & Slang,words in an auction-ending phrase
sold,once,going,asterisk,0,Idioms & Slang,Hard Distractor
bane,sold,twice,going,0,Idioms & Slang,Random Distractor
old man,bell,sun,farewell,1,Noun/Concept Synonyms,words in hemingway titles
farewell,many,old man,bell,0,Noun/Concept Synonyms,Hard Distractor
old man,farewell,rave,sun,0,Noun/Concept Synonyms,Random Distractor
woodchuck,peppers,seashells,fuzzy,1,Noun/Concept Synonyms,words in tongue twisters
fuzzy,tidal,peppers,woodchuck,0,Noun/Concept Synonyms,Hard Distractor
fuzzy,walker,seashells,peppers,0,Noun/Concept Synonyms,Random Distractor
tea,doe,sew,far,1,Noun/Concept Synonyms,words in “do-re-mi”
tea,doe,sew,desert,0,Noun/Concept Synonyms,Hard Distractor
far,sew,hamm,doe,0,Noun/Concept Synonyms,Random Distractor
biscuit,lincoln,corn,stained,1,Word Structure/Play,words misspelled in nu metal band names
lincoln,biscuit,corn,trademark,0,Word Structure/Play,Hard Distractor
lincoln,stained,hardy,biscuit,0,Word Structure/Play,Random Distractor
exit,welcome,open,push,1,Noun/Concept Synonyms,words on a door
push,welcome,rod,open,0,Noun/Concept Synonyms,Hard Distractor
copper,welcome,exit,push,0,Noun/Concept Synonyms,Random Distractor
control,command,option,return,1,Idioms & Slang,words on a mac keyboard
command,return,coaster,control,0,Idioms & Slang,Hard Distractor
return,concoct,command,option,0,Idioms & Slang,Random Distractor
tip,tax,total,signature,1,Idioms & Slang,words on a restaurant receipt
tip,signature,total,pronounce,0,Idioms & Slang,Hard Distractor
tip,tax,tenor,signature,0,Idioms & Slang,Random Distractor
tax,parking,railroad,avenue,1,Noun/Concept Synonyms,words on monopoly squares
parking,id,tax,avenue,0,Noun/Concept Synonyms,Hard Distractor
railroad,tax,spray,parking,0,Noun/Concept Synonyms,Random Distractor
reading,job,herb,nice,1,Word Structure/Play,words pronounced differently as proper nouns
colony,job,reading,nice,0,Word Structure/Play,Hard Distractor
nice,herb,job,rod,0,Word Structure/Play,Random Distractor
expose,pate,resume,rose,1,Word Structure/Play,words pronounced differently with accent marks
expose,resume,crunchy,rose,0,Word Structure/Play,Hard Distractor
rose,wooden,expose,resume,0,Word Structure/Play,Random Distractor
sure,siobhan,sugar,sean,1,Word Structure/Play,words pronounced “sh” without an “sh”
sugar,sean,able,siobhan,0,Word Structure/Play,Hard Distractor
sean,sure,ventilation,siobhan,0,Word Structure/Play,Random Distractor
black,buttons,back,mack,1,Idioms & Slang,words repeated in “miss mary mack”
buttons,scimitar,back,black,0,Idioms & Slang,Hard Distractor
black,mack,buttons,vulcan,0,Idioms & Slang,Random Distractor
radius,are,reverse,right,1,Word Structure/Play,"words represented by the letter ""r"""
radius,reverse,right,pleats,0,Word Structure/Play,Hard Distractor
tack,radius,are,right,0,Word Structure/Play,Random Distractor
excellent,bogus,dude,totally,1,Trivia/Pop Culture,words said frequently in the “bill and ted” movies
scarecrow,bogus,excellent,totally,0,Trivia/Pop Culture,Hard Distractor
excellent,dude,website,totally,0,Trivia/Pop Culture,Random Distractor
gotcha,boo,guess who,surprise,1,Idioms & Slang,words said to an unsuspecting person
guess who,surprise,soil,gotcha,0,Idioms & Slang,Hard Distractor
gotcha,invent,surprise,boo,0,Idioms & Slang,Random Distractor
month,purple,silver,orange,1,Word Structure/Play,words said to have no exact rhymes
silver,orange,offal,month,0,Word Structure/Play,Hard Distractor
month,purple,munich,orange,0,Word Structure/Play,Random Distractor
popular,emotional,progressive,alternative,1,Members of a Set/Entities,words shortened in rock genres
emotional,progressive,poultry,alternative,0,Members of a Set/Entities,Hard Distractor
alternative,progressive,desert,emotional,0,Members of a Set/Entities,Random Distractor
boob,eggshell,hello,giggle,1,Word Structure/Play,words spelled with an upside-down calculator
eggshell,lime,boob,hello,0,Word Structure/Play,Hard Distractor
boob,samurai,hello,eggshell,0,Word Structure/Play,Random Distractor
mix,livid,dill,mild,1,Word Structure/Play,words spelled with roman numerals
mix,mild,confections,dill,0,Word Structure/Play,Hard Distractor
review,livid,mild,mix,0,Word Structure/Play,Random Distractor
rocketry,rapture,soulmate,popcorn,1,Members of a Set/Entities,words starting with music genres
rocketry,soulmate,rapture,olympus,0,Members of a Set/Entities,Hard Distractor
street,rapture,soulmate,rocketry,0,Members of a Set/Entities,Random Distractor
séance,sacrum,seitan,seychelles,1,Idioms & Slang,words starting with the “say” sound
séance,sacrum,line,seychelles,0,Idioms & Slang,Hard Distractor
sacrum,seychelles,séance,doo-wop,0,Idioms & Slang,Random Distractor
funny,wish,herring,soup,1,Word Structure/Play,words that go with “bone”
soup,funny,driver,wish,0,Word Structure/Play,Hard Distractor
wish,ceiling fan,funny,herring,0,Word Structure/Play,Random Distractor
heating,air,conditioning,ventilation,1,Word Structure/Play,words that make up the acronym “hvac”
poach,ventilation,heating,air,0,Word Structure/Play,Hard Distractor
conditioning,heating,status,air,0,Word Structure/Play,Random Distractor
pocket,stop,wrist,smart,1,Word Structure/Play,words that modify “watch”
wrist,stop,pocket,holy,0,Word Structure/Play,Hard Distractor
pocket,wrist,pars,smart,0,Word Structure/Play,Random Distractor
bite,fun,pocket,travel,1,Word Structure/Play,"words that precede ""-size"" to mean small"
pocket,travel,gorilla,fun,0,Word Structure/Play,Hard Distractor
fun,pocket,bank,travel,0,Word Structure/Play,Random Distractor
bubblegum,k,euro,power,1,Word Structure/Play,words that precede “pop” in music genres
power,k,gusher,bubblegum,0,Word Structure/Play,Hard Distractor
refresh,euro,power,k,0,Word Structure/Play,Random Distractor
🧠,🚂,🌧️,✈️,1,Word Structure/Play,words that rhyme
🌧️,🚂,liar,🧠,0,Word Structure/Play,Hard Distractor
🧠,🌧️,🚂,bracket,0,Word Structure/Play,Random Distractor
worcestershire,colonel,wednesday,pharaoh,1,Word Structure/Play,words that seem longer written than spoken
worcestershire,comp,wednesday,pharaoh,0,Word Structure/Play,Hard Distractor
colonel,wednesday,kill bill,worcestershire,0,Word Structure/Play,Random Distractor
ease,jays,bees,use,1,Word Structure/Play,words that sound like plural letters
ease,jays,leak,bees,0,Word Structure/Play,Hard Distractor
jays,boy,bees,ease,0,Word Structure/Play,Random Distractor
ars,seize,owes,ease,1,Word Structure/Play,words that sound like plural letters
owes,seize,pee,ease,0,Word Structure/Play,Hard Distractor
owes,ars,m,seize,0,Word Structure/Play,Random Distractor
geez,ayes,wise,tease,1,Word Structure/Play,words that sound like plural letters
ayes,blouse,tease,geez,0,Word Structure/Play,Hard Distractor
ayes,eddy,tease,wise,0,Word Structure/Play,Random Distractor
essay,decay,cutie,any,1,Word Structure/Play,words that sound like two letters
cutie,genus,essay,decay,0,Word Structure/Play,Hard Distractor
essay,decay,body,cutie,0,Word Structure/Play,Random Distractor
seedy,arty,envy,excel,1,Word Structure/Play,words that sound like two letters
arty,seedy,name,excel,0,Word Structure/Play,Hard Distractor
envy,tuxedo,excel,arty,0,Word Structure/Play,Random Distractor
geo,decay,easy,ziti,1,Word Structure/Play,words that sounds like two letters
geo,ziti,darth,easy,0,Word Structure/Play,Hard Distractor
yin-yang symbol,ziti,easy,geo,0,Word Structure/Play,Random Distractor
nymph,sphynx,rhythm,myrrh,1,Word Structure/Play,words whose only vowel is “y”
sphynx,straight,myrrh,nymph,0,Word Structure/Play,Hard Distractor
sphynx,nymph,maroon,rhythm,0,Word Structure/Play,Random Distractor
id,were,shell,cant,1,Noun/Concept Synonyms,words with apostrophes removed
model,cant,id,shell,0,Noun/Concept Synonyms,Hard Distractor
beanbag,id,shell,were,0,Noun/Concept Synonyms,Random Distractor
droplet,starling,kitchenette,doggy,1,Word Structure/Play,words with diminutive suffixes
cockatiel,kitchenette,starling,droplet,0,Word Structure/Play,Hard Distractor
droplet,sink,kitchenette,doggy,0,Word Structure/Play,Random Distractor
trilogy,quadrant,uniform,bicycle,1,Word Structure/Play,words with numerical prefixes
pie,quadrant,trilogy,uniform,0,Word Structure/Play,Hard Distractor
quadrant,bubbles,trilogy,bicycle,0,Word Structure/Play,Random Distractor
trilobite,trillion,trident,triangle,1,Word Structure/Play,words with the prefix meaning “three”
trilobite,trillion,excel,trident,0,Word Structure/Play,Hard Distractor
trident,discount,trillion,triangle,0,Word Structure/Play,Random Distractor
baggage,giggle,eggnog,leggings,1,Noun/Concept Synonyms,words with three g’s
produce,baggage,eggnog,leggings,0,Noun/Concept Synonyms,Hard Distractor
leggings,melon,giggle,eggnog,0,Noun/Concept Synonyms,Random Distractor
lima,job,polish,mobile,1,Noun/Concept Synonyms,words with two pronunciations
job,lima,polish,twist,0,Noun/Concept Synonyms,Hard Distractor
funky chicken,polish,lima,job,0,Noun/Concept Synonyms,Random Distractor
dragon,passion,jack,bread,1,Noun/Concept Synonyms,words with “fruit”
passion,pope,bread,dragon,0,Noun/Concept Synonyms,Hard Distractor
ibex,jack,passion,dragon,0,Noun/Concept Synonyms,Random Distractor
mole,capitol,faith,foot,1,Noun/Concept Synonyms,words with “hill”
capitol,foot,mole,net,0,Noun/Concept Synonyms,Hard Distractor
mole,capitol,concoct,faith,0,Noun/Concept Synonyms,Random Distractor
phone,pad,pod,mac,1,Noun/Concept Synonyms,words with “i”
pod,mac,melt,phone,0,Noun/Concept Synonyms,Hard Distractor
hasselblad,pad,phone,pod,0,Noun/Concept Synonyms,Random Distractor
teams,meet,zoom,slack,1,Noun/Concept Synonyms,work communication platforms
magic,teams,zoom,meet,0,Noun/Concept Synonyms,Hard Distractor
slack,bug,meet,teams,0,Noun/Concept Synonyms,Random Distractor
saw,drill,grinder,router,1,Members of a Set/Entities,workshop tools
grinder,beethoven,saw,router,0,Members of a Set/Entities,Hard Distractor
saw,grinder,drill,absent,0,Members of a Set/Entities,Random Distractor
rand,won,real,sterling,1,Noun/Concept Synonyms,world currencies
sterling,riot,won,real,0,Noun/Concept Synonyms,Hard Distractor
rand,bootleg,real,won,0,Noun/Concept Synonyms,Random Distractor
pleather vest,earring,mesh shirt,necklace,1,Idioms & Slang,worn by earring magic ken
shining,necklace,earring,mesh shirt,0,Idioms & Slang,Hard Distractor
speaker,pleather vest,earring,necklace,0,Idioms & Slang,Random Distractor
wind,spiral,coil,twist,1,Idioms & Slang,wrap around in a circle
spiral,twist,wind,piece of cake,0,Idioms & Slang,Hard Distractor
wind,spiral,twist,bus,0,Idioms & Slang,Random Distractor
gift,mummy,sprain,burrito,1,Members of a Set/Entities,wrapped things
sprain,gift,earthworm,mummy,0,Members of a Set/Entities,Hard Distractor
mummy,burrito,crikey,gift,0,Members of a Set/Entities,Random Distractor
yank,wrench,tug,jerk,1,Noun/Concept Synonyms,wrest
jerk,burn,tug,yank,0,Noun/Concept Synonyms,Hard Distractor
jerk,tug,mall,yank,0,Noun/Concept Synonyms,Random Distractor
shar pei,prune,crepe paper,brain,1,Members of a Set/Entities,wrinkly things
prune,brain,crepe paper,wild,0,Members of a Set/Entities,Hard Distractor
shar pei,brain,crepe paper,baked,0,Members of a Set/Entities,Random Distractor
walnut,pug,brain,prune,1,Members of a Set/Entities,wrinkly things
pug,walnut,prune,tom,0,Members of a Set/Entities,Hard Distractor
coaster,walnut,brain,prune,0,Members of a Set/Entities,Random Distractor
report,paper,essay,article,1,Action/Verb Synonyms,writing assignments
paper,tickle,article,report,0,Action/Verb Synonyms,Hard Distractor
xerox,paper,essay,report,0,Action/Verb Synonyms,Random Distractor
pine,yen,desire,long,1,Noun/Concept Synonyms,yearn
dupe,long,pine,yen,0,Noun/Concept Synonyms,Hard Distractor
long,yen,desire,gain,0,Noun/Concept Synonyms,Random Distractor
ache,thirst,pine,pine,1,Noun/Concept Synonyms,yearn
pine,thirst,tine,ache,0,Noun/Concept Synonyms,Hard Distractor
bouncy,thirst,pine,pine,0,Noun/Concept Synonyms,Random Distractor
itch,burn,long,long,1,Noun/Concept Synonyms,yearn
burn,long,itch,dove,0,Noun/Concept Synonyms,Hard Distractor
long,itch,long,bashful,0,Noun/Concept Synonyms,Random Distractor
journalism,cab,pages,jacket,1,Fill-in-the-Blank,yellow ___
journalism,pages,jacket,the,0,Fill-in-the-Blank,Hard Distractor
takeoff,journalism,cab,jacket,0,Fill-in-the-Blank,Random Distractor
beige,khaki,tan,camel,1,Noun/Concept Synonyms,yellow-brown shades
skillet,camel,tan,khaki,0,Noun/Concept Synonyms,Hard Distractor
khaki,tan,speaker,camel,0,Noun/Concept Synonyms,Random Distractor
bolster,strap,mat,block,1,Noun/Concept Synonyms,yoga accessories
mat,strap,hex,bolster,0,Noun/Concept Synonyms,Hard Distractor
bolster,strap,mat,venetian,0,Noun/Concept Synonyms,Random Distractor
bridge,cobra,wheel,cow,1,Noun/Concept Synonyms,yoga backbends
bridge,record,cow,cobra,0,Noun/Concept Synonyms,Hard Distractor
cow,captain,wheel,bridge,0,Noun/Concept Synonyms,Random Distractor
mountain,cobra,triangle,warrior,1,Noun/Concept Synonyms,yoga poses
triangle,warrior,back,cobra,0,Noun/Concept Synonyms,Hard Distractor
triangle,fedora,mountain,cobra,0,Noun/Concept Synonyms,Random Distractor
chair,tree,mountain,lotus,1,Noun/Concept Synonyms,yoga poses
mountain,tree,brat,lotus,0,Noun/Concept Synonyms,Hard Distractor
tree,mountain,lotus,maraschino cherry,0,Noun/Concept Synonyms,Random Distractor
tree,cow,cat,warrior,1,Noun/Concept Synonyms,yoga poses
warrior,cow,jawbreaker,tree,0,Noun/Concept Synonyms,Hard Distractor
cat,vast,tree,cow,0,Noun/Concept Synonyms,Random Distractor
ding,right,correct,bingo,1,Idioms & Slang,you got it!
right,ding,camera,bingo,0,Idioms & Slang,Hard Distractor
bingo,right,correct,forge,0,Idioms & Slang,Random Distractor
lib,tau,gem,can,1,Noun/Concept Synonyms,zodiac sign beginnings
can,gem,ranking,tau,0,Noun/Concept Synonyms,Hard Distractor
gem,can,tau,scattergories,0,Noun/Concept Synonyms,Random Distractor
bull,ram,crab,lion,1,Members of a Set/Entities,zodiac symbols
ram,lion,bridge,crab,0,Members of a Set/Entities,Hard Distractor
rattle,crab,ram,bull,0,Members of a Set/Entities,Random Distractor
bull,twins,crab,scales,1,Members of a Set/Entities,zodiac symbols
crab,twins,bull,iris,0,Members of a Set/Entities,Hard Distractor
twins,leaf,bull,scales,0,Members of a Set/Entities,Random Distractor
goat,fish,scales,twins,1,Members of a Set/Entities,zodiac symbols
fish,goat,twins,lightning,0,Members of a Set/Entities,Hard Distractor
lawsuit,twins,scales,goat,0,Members of a Set/Entities,Random Distractor
cookie,apple,vendetta,effort,1,Fill-in-the-Blank,[letter] (is) for ___
cookie,fingers,effort,vendetta,0,Fill-in-the-Blank,Hard Distractor
seem,vendetta,apple,cookie,0,Fill-in-the-Blank,Random Distractor
pop-up,personal,attack,want,1,Fill-in-the-Blank,___ ad
want,rock,attack,personal,0,Fill-in-the-Blank,Hard Distractor
pop-up,want,scratch,attack,0,Fill-in-the-Blank,Random Distractor
half,again,so,neck,1,Fill-in-the-Blank,___ and ___
sands,again,neck,half,0,Fill-in-the-Blank,Hard Distractor
fowl,half,again,so,0,Fill-in-the-Blank,Random Distractor
fire,adam,red,carpenter,1,Fill-in-the-Blank,___ ant
fire,adam,carpenter,glue,0,Fill-in-the-Blank,Hard Distractor
fire,wild,adam,carpenter,0,Fill-in-the-Blank,Random Distractor
nepo,beanie,fur,santa,1,Fill-in-the-Blank,___ baby
santa,hole,nepo,beanie,0,Fill-in-the-Blank,Hard Distractor
pepper,fur,nepo,beanie,0,Fill-in-the-Blank,Random Distractor
doggy,go,mixed,swag,1,Fill-in-the-Blank,___ bag
mixed,rasp,go,swag,0,Fill-in-the-Blank,Hard Distractor
go,doggy,dogleg,mixed,0,Fill-in-the-Blank,Random Distractor
gutter,foul,disco,crystal,1,Fill-in-the-Blank,___ ball
gutter,disco,drift,crystal,0,Fill-in-the-Blank,Hard Distractor
siring,foul,crystal,gutter,0,Fill-in-the-Blank,Random Distractor
trial,speech,water,lead,1,Fill-in-the-Blank,___ balloon
water,lead,carrot,trial,0,Fill-in-the-Blank,Hard Distractor
water,chairs,speech,trial,0,Fill-in-the-Blank,Random Distractor
wedding,boy,tribute,rubber,1,Fill-in-the-Blank,___ band
pirate,tribute,rubber,boy,0,Fill-in-the-Blank,Hard Distractor
rubber,tribute,wedding,skunk,0,Fill-in-the-Blank,Random Distractor
cricket,fruit,baseball,vampire,1,Fill-in-the-Blank,___ bat
fruit,boom,baseball,cricket,0,Fill-in-the-Blank,Hard Distractor
vampire,cricket,fruit,condense,0,Fill-in-the-Blank,Random Distractor
bubble,bird,sponge,mud,1,Fill-in-the-Blank,___ bath
sponge,bird,wall,mud,0,Fill-in-the-Blank,Hard Distractor
bowling pins,mud,sponge,bird,0,Fill-in-the-Blank,Random Distractor
boo-boo,teddy,brown,honey,1,Fill-in-the-Blank,___ bear
boo-boo,teddy,brown,banana,0,Fill-in-the-Blank,Hard Distractor
teddy,news,honey,boo-boo,0,Fill-in-the-Blank,Random Distractor
spelling,honey,busy,queen,1,Fill-in-the-Blank,___ bee
honey,queen,tar,spelling,0,Fill-in-the-Blank,Hard Distractor
yuk,queen,honey,busy,0,Fill-in-the-Blank,Random Distractor
early,sue,lady,big,1,Fill-in-the-Blank,___ bird
sue,early,lady,star,0,Fill-in-the-Blank,Hard Distractor
lady,sue,big,music,0,Fill-in-the-Blank,Random Distractor
throw,wet,picnic,security,1,Fill-in-the-Blank,___ blanket
wet,picnic,parachute,security,0,Fill-in-the-Blank,Hard Distractor
bandage,wet,security,picnic,0,Fill-in-the-Blank,Random Distractor
bad,beach,lost,beach,1,Fill-in-the-Blank,___ boys
lost,beach,mark,bad,0,Fill-in-the-Blank,Hard Distractor
lost,ditto,bad,beach,0,Fill-in-the-Blank,Random Distractor
beastie,hardy,pet shop,hardy,1,Fill-in-the-Blank,___ boys
pet shop,heart,hardy,hardy,0,Fill-in-the-Blank,Hard Distractor
pet shop,concrete,hardy,hardy,0,Fill-in-the-Blank,Random Distractor
marx,chemical,blues,blood,1,Fill-in-the-Blank,___ brothers
blood,marx,fast,blues,0,Fill-in-the-Blank,Hard Distractor
marx,blood,chemical,compose,0,Fill-in-the-Blank,Random Distractor
dust,honey,bad,bugs,1,Fill-in-the-Blank,___ bunny
bad,dust,honey,cool,0,Fill-in-the-Blank,Hard Distractor
dust,bad,ford,bugs,0,Fill-in-the-Blank,Random Distractor
nothing,good,warren,impossible,1,Fill-in-the-Blank,___ burger
7-10,impossible,warren,nothing,0,Fill-in-the-Blank,Hard Distractor
nothing,baseboard,good,warren,0,Fill-in-the-Blank,Random Distractor
hot,belly,snooze,panic,1,Fill-in-the-Blank,___ button
belly,hot,maple,snooze,0,Fill-in-the-Blank,Hard Distractor
quad,belly,hot,panic,0,Fill-in-the-Blank,Random Distractor
sponge,carrot,pound,coffee,1,Fill-in-the-Blank,___ cake
sponge,pound,carrot,rap,0,Fill-in-the-Blank,Hard Distractor
pound,carrot,sponge,shepherd,0,Fill-in-the-Blank,Random Distractor
curtain,booty,close,cold,1,Fill-in-the-Blank,___ call
balance,curtain,booty,close,0,Fill-in-the-Blank,Hard Distractor
cold,curtain,close,wizard,0,Fill-in-the-Blank,Random Distractor
cotton,eye,rock,john,1,Fill-in-the-Blank,___ candy
john,booby,cotton,eye,0,Fill-in-the-Blank,Hard Distractor
eye,sloop,john,cotton,0,Fill-in-the-Blank,Random Distractor
bumper,clown,sports,getaway,1,Fill-in-the-Blank,___ car
getaway,sports,carrot,clown,0,Fill-in-the-Blank,Hard Distractor
healthy,getaway,clown,sports,0,Fill-in-the-Blank,Random Distractor
cool,fat,jungle,copy,1,Fill-in-the-Blank,___ cat
cool,soap,jungle,copy,0,Fill-in-the-Blank,Hard Distractor
compose,fat,cool,copy,0,Fill-in-the-Blank,Random Distractor
house,alley,doja,lap,1,Fill-in-the-Blank,___ cat
house,lap,doja,mall,0,Fill-in-the-Blank,Hard Distractor
lap,alley,sense,doja,0,Fill-in-the-Blank,Random Distractor
supply,daisy,mountain,food,1,Fill-in-the-Blank,___ chain
food,mouse,mountain,supply,0,Fill-in-the-Blank,Hard Distractor
daisy,mountain,food,only,0,Fill-in-the-Blank,Random Distractor
high,lawn,first,folding,1,Fill-in-the-Blank,___ chair
high,first,lawn,may,0,Fill-in-the-Blank,Hard Distractor
high,bouillon,first,folding,0,Fill-in-the-Blank,Random Distractor
chump,loose,climate,sea,1,Fill-in-the-Blank,___ change
one,chump,sea,loose,0,Fill-in-the-Blank,Hard Distractor
climate,sea,deadly sin,loose,0,Fill-in-the-Blank,Random Distractor
cottage,cream,cream,cottage,1,Fill-in-the-Blank,___ cheese
cream,cream,cottage,super,0,Fill-in-the-Blank,Hard Distractor
cream,cottage,digit,cream,0,Fill-in-the-Blank,Random Distractor
string,goat,string,say,1,Fill-in-the-Blank,___ cheese
pages,say,goat,string,0,Fill-in-the-Blank,Hard Distractor
string,say,string,outpouring,0,Fill-in-the-Blank,Random Distractor
flower,only,problem,poster,1,Fill-in-the-Blank,___ child
poster,only,pearl,problem,0,Fill-in-the-Blank,Hard Distractor
only,levy,problem,flower,0,Fill-in-the-Blank,Random Distractor
poker,potato,blue,computer,1,Fill-in-the-Blank,___ chip
blue,poker,cake,computer,0,Fill-in-the-Blank,Hard Distractor
poker,temperature,potato,computer,0,Fill-in-the-Blank,Random Distractor
family,media,flea,flying,1,Fill-in-the-Blank,___ circus
flea,blue,flying,media,0,Fill-in-the-Blank,Hard Distractor
interrupt,family,flying,media,0,Fill-in-the-Blank,Random Distractor
magic,motor,windy,sin,1,Fill-in-the-Blank,___ city nicknames
sin,magic,motor,strike,0,Fill-in-the-Blank,Hard Distractor
magic,sin,windy,wars,0,Fill-in-the-Blank,Random Distractor
pipe,dry,vacuum,bathroom,1,Fill-in-the-Blank,___ cleaner
bathroom,dry,vacuum,biological,0,Fill-in-the-Blank,Hard Distractor
eggnog,vacuum,pipe,dry,0,Fill-in-the-Blank,Random Distractor
video,hair,alligator,paper,1,Fill-in-the-Blank,___ clip
sales,video,alligator,hair,0,Fill-in-the-Blank,Hard Distractor
forehead,paper,alligator,video,0,Fill-in-the-Blank,Random Distractor
cuckoo,biological,alarm,grandfather,1,Fill-in-the-Blank,___ clock
biological,alarm,cuckoo,corn,0,Fill-in-the-Blank,Hard Distractor
crouch,cuckoo,biological,grandfather,0,Fill-in-the-Blank,Random Distractor
secret,dress,health,zip,1,Fill-in-the-Blank,___ code
secret,passage,health,dress,0,Fill-in-the-Blank,Hard Distractor
zip,health,secret,fold,0,Fill-in-the-Blank,Random Distractor
sketch,divine,black,prop,1,Fill-in-the-Blank,___ comedy
kingdom,divine,sketch,prop,0,Fill-in-the-Blank,Hard Distractor
prop,divine,sketch,rubble,0,Fill-in-the-Blank,Random Distractor
birth,remote,quality,cruise,1,Fill-in-the-Blank,___ control
getaway,birth,cruise,remote,0,Fill-in-the-Blank,Hard Distractor
cruise,host,quality,birth,0,Fill-in-the-Blank,Random Distractor
food,tennis,supreme,kangaroo,1,Fill-in-the-Blank,___ court
tennis,supreme,food,safety,0,Fill-in-the-Blank,Hard Distractor
dampen,food,kangaroo,tennis,0,Fill-in-the-Blank,Random Distractor
spider,hermit,fiddler,horseshoe,1,Fill-in-the-Blank,___ crab
spider,horseshoe,fiddler,forward,0,Fill-in-the-Blank,Hard Distractor
hermit,horseshoe,fiddler,reading,0,Fill-in-the-Blank,Random Distractor
construction,paper,whooping,frasier,1,Fill-in-the-Blank,___ crane
kong,construction,paper,whooping,0,Fill-in-the-Blank,Hard Distractor
whooping,bottoms,paper,construction,0,Fill-in-the-Blank,Random Distractor
dream,delivery,dinner,due,1,Fill-in-the-Blank,___ date
due,dream,dinner,hood,0,Fill-in-the-Blank,Hard Distractor
due,dinner,delivery,shells,0,Fill-in-the-Blank,Random Distractor
may,groundhog,earth,labor,1,Fill-in-the-Blank,___ day holidays
groundhog,may,bond,labor,0,Fill-in-the-Blank,Hard Distractor
groundhog,earth,may,dummy,0,Fill-in-the-Blank,Random Distractor
sweetheart,raw,big,plea,1,Fill-in-the-Blank,___ deal
please,plea,big,sweetheart,0,Fill-in-the-Blank,Hard Distractor
romeo,raw,plea,sweetheart,0,Fill-in-the-Blank,Random Distractor
demolition,soap box,kentucky,home run,1,Fill-in-the-Blank,___ derby
soap box,demolition,kentucky,pages,0,Fill-in-the-Blank,Hard Distractor
soap box,pleat,kentucky,home run,0,Fill-in-the-Blank,Random Distractor
teapot,chrome,capitol,onion,1,Fill-in-the-Blank,___ dome
onion,chrome,ball,capitol,0,Fill-in-the-Blank,Hard Distractor
capitol,teapot,onion,delight,0,Fill-in-the-Blank,Random Distractor
yankee,google,dipsy,cheese,1,Fill-in-the-Blank,___ doodle
jackpot,cheese,dipsy,google,0,Fill-in-the-Blank,Hard Distractor
yankee,flip-flop,dipsy,google,0,Fill-in-the-Blank,Random Distractor
fever,american,lucid,pipe,1,Fill-in-the-Blank,___ dream
american,word,pipe,fever,0,Fill-in-the-Blank,Hard Distractor
lucid,sample,american,fever,0,Fill-in-the-Blank,Random Distractor
jury,customs,heavy,civic,1,Fill-in-the-Blank,___ duty
civic,barbecue,heavy,jury,0,Fill-in-the-Blank,Hard Distractor
heavy,jury,customs,lark,0,Fill-in-the-Blank,Random Distractor
domino,butterfly,placebo,butterfly,1,Fill-in-the-Blank,___ effect
butterfly,butterfly,placebo,elephant,0,Fill-in-the-Blank,Hard Distractor
domino,butterfly,butterfly,lighthouse,0,Fill-in-the-Blank,Random Distractor
halo,side,placebo,domino,1,Fill-in-the-Blank,___ effect
domino,placebo,side,national,0,Fill-in-the-Blank,Hard Distractor
side,domino,placebo,neck,0,Fill-in-the-Blank,Random Distractor
magic,naked,third,evil,1,Fill-in-the-Blank,___ eye
gap,third,naked,evil,0,Fill-in-the-Blank,Hard Distractor
bare,evil,magic,third,0,Fill-in-the-Blank,Random Distractor
ballpark,go,stick,action,1,Fill-in-the-Blank,___ figure
ballpark,action,stick,beastie,0,Fill-in-the-Blank,Hard Distractor
stick,go,depend,ballpark,0,Fill-in-the-Blank,Random Distractor
jelly,star,cray,silver,1,Fill-in-the-Blank,___ fish that aren’t fish
silver,star,holly,jelly,0,Fill-in-the-Blank,Hard Distractor
alloy,silver,cray,star,0,Fill-in-the-Blank,Random Distractor
finger,soul,fast,junk,1,Fill-in-the-Blank,___ food
finger,fast,junk,root,0,Fill-in-the-Blank,Hard Distractor
finger,candelabra,soul,fast,0,Fill-in-the-Blank,Random Distractor
connect,petit,fab,fantastic,1,Fill-in-the-Blank,___ four
petit,connect,fab,rasp,0,Fill-in-the-Blank,Hard Distractor
fantastic,petit,fab,nail file,0,Fill-in-the-Blank,Random Distractor
mutual,hedge,slush,trust,1,Fill-in-the-Blank,___ fund
match,trust,hedge,slush,0,Fill-in-the-Blank,Hard Distractor
slush,revise,trust,mutual,0,Fill-in-the-Blank,Random Distractor
arcade,numbers,squid,blame,1,Fill-in-the-Blank,___ game
arcade,squid,apple,blame,0,Fill-in-the-Blank,Hard Distractor
squid,lecture,arcade,numbers,0,Fill-in-the-Blank,Random Distractor
boy,by,saint,curious,1,Fill-in-the-Blank,___ george
boy,goose,saint,curious,0,Fill-in-the-Blank,Hard Distractor
saint,curious,boy,rod,0,Fill-in-the-Blank,Random Distractor
shot,cocktail,old fashioned,collins,1,Fill-in-the-Blank,___ glass glassware
shot,cocktail,collins,blues,0,Fill-in-the-Blank,Hard Distractor
old fashioned,collins,hack it,shot,0,Fill-in-the-Blank,Random Distractor
grey,golden,silly,mother,1,Fill-in-the-Blank,___ goose
silly,lily,golden,mother,0,Fill-in-the-Blank,Hard Distractor
silly,mother,trough,golden,0,Fill-in-the-Blank,Random Distractor
air,rhythm,slide,electric,1,Fill-in-the-Blank,___ guitar
air,pages,electric,slide,0,Fill-in-the-Blank,Hard Distractor
rhythm,edward,electric,slide,0,Fill-in-the-Blank,Random Distractor
monty,bingo,study,city,1,Fill-in-the-Blank,___ hall
monty,trot,city,study,0,Fill-in-the-Blank,Hard Distractor
morel,study,monty,bingo,0,Fill-in-the-Blank,Random Distractor
gift,charley,crazy,dark,1,Fill-in-the-Blank,___ horse
gift,montana,dark,crazy,0,Fill-in-the-Blank,Hard Distractor
charley,crazy,gift,get well,0,Fill-in-the-Blank,Random Distractor
happy,eleventh,amateur,rush,1,Fill-in-the-Blank,___ hour
rush,eleventh,happy,contact,0,Fill-in-the-Blank,Hard Distractor
flipper,rush,eleventh,amateur,0,Fill-in-the-Blank,Random Distractor
gingerbread,haunted,full,white,1,Fill-in-the-Blank,___ house
white,haunted,full,mac,0,Fill-in-the-Blank,Hard Distractor
white,full,pedestrian,haunted,0,Fill-in-the-Blank,Random Distractor
witch,job,egg,scavenger,1,Fill-in-the-Blank,___ hunt
witch,egg,demolition,scavenger,0,Fill-in-the-Blank,Hard Distractor
scavenger,egg,job,spy,0,Fill-in-the-Blank,Random Distractor
waffle,steam,pump,tire,1,Fill-in-the-Blank,___ iron
computer,waffle,steam,pump,0,Fill-in-the-Blank,Hard Distractor
waffle,wombat,steam,pump,0,Fill-in-the-Blank,Random Distractor
enough,a rose,love,a deal,1,Fill-in-the-Blank,___ is ___ (is ___)
a deal,enough,whooping,a rose,0,Fill-in-the-Blank,Hard Distractor
love,fridge,enough,a deal,0,Fill-in-the-Blank,Random Distractor
sports,life,yellow,dust,1,Fill-in-the-Blank,___ jacket
monty,life,dust,yellow,0,Fill-in-the-Blank,Hard Distractor
life,comet,dust,yellow,0,Fill-in-the-Blank,Random Distractor
pearl,traffic,paper,nba,1,Fill-in-the-Blank,___ jam
nba,pearl,paper,fast,0,Fill-in-the-Blank,Hard Distractor
medium,paper,pearl,traffic,0,Fill-in-the-Blank,Random Distractor
spike lee,hip,pizza,dovetail,1,Fill-in-the-Blank,___ joint
pizza,hip,spike lee,letter,0,Fill-in-the-Blank,Hard Distractor
hip,pizza,spike lee,collins,0,Fill-in-the-Blank,Random Distractor
lion,prom,burger,california,1,Fill-in-the-Blank,___ king
prom,lion,cuckoo,california,0,Fill-in-the-Blank,Hard Distractor
prom,california,burger,boom,0,Fill-in-the-Blank,Random Distractor
rope,corporate,word,salmon,1,Fill-in-the-Blank,___ ladder
writer,word,salmon,corporate,0,Fill-in-the-Blank,Hard Distractor
beet,corporate,rope,word,0,Fill-in-the-Blank,Random Distractor
love,romance,sign,body,1,Fill-in-the-Blank,___ language
body,bubble,sign,love,0,Fill-in-the-Blank,Hard Distractor
sign,neighborhood,body,romance,0,Fill-in-the-Blank,Random Distractor
lemon,natural,harvard,criminal,1,Fill-in-the-Blank,___ law
criminal,harvard,natural,devil,0,Fill-in-the-Blank,Hard Distractor
teapot,harvard,lemon,natural,0,Fill-in-the-Blank,Random Distractor
ivy,premier,justice,little,1,Fill-in-the-Blank,___ league
ivy,pop,premier,justice,0,Fill-in-the-Blank,Hard Distractor
justice,little,premier,old man,0,Fill-in-the-Blank,Random Distractor
love,cover,chain,scarlet,1,Fill-in-the-Blank,___ letter
cover,california,chain,scarlet,0,Fill-in-the-Blank,Hard Distractor
cover,scarlet,chain,ducky,0,Fill-in-the-Blank,Random Distractor
wish,guest,bucket,top ten,1,Fill-in-the-Blank,___ list
guest,alley,wish,bucket,0,Fill-in-the-Blank,Hard Distractor
critical,wish,top ten,guest,0,Fill-in-the-Blank,Random Distractor
chain,snail,electronic,junk,1,Fill-in-the-Blank,___ mail
curve,snail,electronic,chain,0,Fill-in-the-Blank,Hard Distractor
electronic,junk,shift,snail,0,Fill-in-the-Blank,Random Distractor
super,bat,spider,iron,1,Fill-in-the-Blank,___ man superheroes
super,bat,soap,spider,0,Fill-in-the-Blank,Hard Distractor
super,pelican,iron,bat,0,Fill-in-the-Blank,Random Distractor
bull,meat,flea,stock,1,Fill-in-the-Blank,___ market
nature,meat,stock,flea,0,Fill-in-the-Blank,Hard Distractor
flea,stock,bull,shannon,0,Fill-in-the-Blank,Random Distractor
hail,virgin,proud,bloody,1,Fill-in-the-Blank,___ mary
proud,hail,bloody,paper,0,Fill-in-the-Blank,Hard Distractor
hail,crank,proud,virgin,0,Fill-in-the-Blank,Random Distractor
sailor,harvest,blue,new,1,Fill-in-the-Blank,___ moon
blue,sailor,electronic,new,0,Fill-in-the-Blank,Hard Distractor
sailor,blue,new,prospect,0,Fill-in-the-Blank,Random Distractor
silent,date,buddy,cult,1,Fill-in-the-Blank,___ movie
date,silent,buddy,room,0,Fill-in-the-Blank,Hard Distractor
date,buddy,termite,cult,0,Fill-in-the-Blank,Random Distractor
waste,nick,passage,sands,1,Fill-in-the-Blank,___ of time
nick,sands,lake,passage,0,Fill-in-the-Blank,Hard Distractor
nick,speed,waste,sands,0,Fill-in-the-Blank,Random Distractor
post,oval,microsoft,box,1,Fill-in-the-Blank,___ office
mary,microsoft,oval,box,0,Fill-in-the-Blank,Hard Distractor
satin,microsoft,oval,post,0,Fill-in-the-Blank,Random Distractor
comic,soap,rock,met,1,Fill-in-the-Blank,___ opera
comic,met,rock,poker,0,Fill-in-the-Blank,Hard Distractor
comic,met,soap,calm,0,Fill-in-the-Blank,Random Distractor
maxi,lily,bachelor,mouse,1,Fill-in-the-Blank,___ pad
lily,bachelor,comic,mouse,0,Fill-in-the-Blank,Hard Distractor
maxi,lily,strikethrough,mouse,0,Fill-in-the-Blank,Random Distractor
butcher,wax,scrap,toilet,1,Fill-in-the-Blank,___ paper
band,toilet,scrap,wax,0,Fill-in-the-Blank,Hard Distractor
twisted,toilet,butcher,wax,0,Fill-in-the-Blank,Random Distractor
amusement,national,south,parallel,1,Fill-in-the-Blank,___ park
amusement,parallel,tribute,national,0,Fill-in-the-Blank,Hard Distractor
south,amusement,bronco,parallel,0,Fill-in-the-Blank,Random Distractor
rough,soul,nicotine,cabbage,1,Fill-in-the-Blank,___ patch
dog,cabbage,soul,nicotine,0,Fill-in-the-Blank,Hard Distractor
nicotine,bench,soul,cabbage,0,Fill-in-the-Blank,Random Distractor
black,dr,bell,ghost,1,Fill-in-the-Blank,___ pepper
ghost,dr,tooth,bell,0,Fill-in-the-Blank,Hard Distractor
bell,dr,happy,ghost,0,Fill-in-the-Blank,Random Distractor
humble,cutie,chess,whoopie,1,Fill-in-the-Blank,___ pie
humble,cutie,mac,whoopie,0,Fill-in-the-Blank,Hard Distractor
whoopie,drum,cutie,humble,0,Fill-in-the-Blank,Random Distractor
bobby,hair,safety,push,1,Fill-in-the-Blank,___ pin
hair,safety,egg,bobby,0,Fill-in-the-Blank,Hard Distractor
hair,stark,push,safety,0,Fill-in-the-Blank,Random Distractor
barbecue,snake,orchestra,tar,1,Fill-in-the-Blank,___ pit
hover,snake,barbecue,orchestra,0,Fill-in-the-Blank,Hard Distractor
snake,jolly,barbecue,orchestra,0,Fill-in-the-Blank,Random Distractor
fever,perfect,sales,elevator,1,Fill-in-the-Blank,___ pitch
blow,perfect,sales,fever,0,Fill-in-the-Blank,Hard Distractor
fever,decline,perfect,sales,0,Fill-in-the-Blank,Random Distractor
match,selling,west,moot,1,Fill-in-the-Blank,___ point
west,steps,match,moot,0,Fill-in-the-Blank,Hard Distractor
selling,sunset,moot,match,0,Fill-in-the-Blank,Random Distractor
sweet,hot,baked,couch,1,Fill-in-the-Blank,___ potato
baked,couch,rice,hot,0,Fill-in-the-Blank,Hard Distractor
baked,sweet,stringy,hot,0,Fill-in-the-Blank,Random Distractor
booby,door,first,jury,1,Fill-in-the-Blank,___ prize
jury,booby,boy,door,0,Fill-in-the-Blank,Hard Distractor
liquid,booby,first,door,0,Fill-in-the-Blank,Random Distractor
white,velveteen,roger,trix,1,Fill-in-the-Blank,___ rabbit
teeth,trix,roger,velveteen,0,Fill-in-the-Blank,Hard Distractor
velveteen,matter,roger,white,0,Fill-in-the-Blank,Random Distractor
satellite,talk,pirate,ham,1,Fill-in-the-Blank,___ radio
ham,pirate,garage,satellite,0,Fill-in-the-Blank,Hard Distractor
ham,talk,pirate,besides,0,Fill-in-the-Blank,Random Distractor
pack,rug,gym,mall,1,Fill-in-the-Blank,___ rat
gym,ghost,pack,rug,0,Fill-in-the-Blank,Hard Distractor
mall,pack,leg,gym,0,Fill-in-the-Blank,Random Distractor
rocky,dirt,silk,high,1,Fill-in-the-Blank,___ road
cobra,rocky,high,silk,0,Fill-in-the-Blank,Hard Distractor
silk,dirt,lollipop,high,0,Fill-in-the-Blank,Random Distractor
abbey,high,silk,rocky,1,Fill-in-the-Blank,___ road
lap,abbey,high,silk,0,Fill-in-the-Blank,Hard Distractor
silk,rocky,abbey,glen,0,Fill-in-the-Blank,Random Distractor
little,plymouth,the,classic,1,Fill-in-the-Blank,___ rock
rod,plymouth,little,the,0,Fill-in-the-Blank,Hard Distractor
the,wrench,plymouth,classic,0,Fill-in-the-Blank,Random Distractor
california,honor,egg,drum,1,Fill-in-the-Blank,___ roll
honor,egg,hail,drum,0,Fill-in-the-Blank,Hard Distractor
honor,pet shop,drum,egg,0,Fill-in-the-Blank,Random Distractor
sample,garage,clearance,bake,1,Fill-in-the-Blank,___ sale
sample,time,garage,bake,0,Fill-in-the-Blank,Hard Distractor
sample,garage,bake,change,0,Fill-in-the-Blank,Random Distractor
great,navy,elephant,vacuum,1,Fill-in-the-Blank,___ seal
elephant,vacuum,navy,chair,0,Fill-in-the-Blank,Hard Distractor
elephant,consideration,great,navy,0,Fill-in-the-Blank,Random Distractor
cheat,fitted,balance,cookie,1,Fill-in-the-Blank,___ sheet
cookie,balance,capitan,cheat,0,Fill-in-the-Blank,Hard Distractor
cheat,picture,balance,fitted,0,Fill-in-the-Blank,Random Distractor
sweat,ankle,crew,tube,1,Fill-in-the-Blank,___ socks
sweat,tube,ankle,state,0,Fill-in-the-Blank,Hard Distractor
sweat,crew,tube,stomp,0,Fill-in-the-Blank,Random Distractor
banana,7-10,lickety,stock,1,Fill-in-the-Blank,___ split
banana,luck,stock,lickety,0,Fill-in-the-Blank,Hard Distractor
lickety,banana,stock,bumper,0,Fill-in-the-Blank,Random Distractor
town,pocket,perfect,times,1,Fill-in-the-Blank,___ square
rogue,town,perfect,times,0,Fill-in-the-Blank,Hard Distractor
town,perfect,mag,times,0,Fill-in-the-Blank,Random Distractor
memory,selfie,fish,hockey,1,Fill-in-the-Blank,___ stick
good,memory,selfie,fish,0,Fill-in-the-Blank,Hard Distractor
haiku,memory,hockey,selfie,0,Fill-in-the-Blank,Random Distractor
comic,landing,bacon,sunset,1,Fill-in-the-Blank,___ strip
landing,american,bacon,comic,0,Fill-in-the-Blank,Hard Distractor
bacon,comic,sunset,doze,0,Fill-in-the-Blank,Random Distractor
cough,simple,maple,corn,1,Fill-in-the-Blank,___ syrup
corn,simple,cheese,cough,0,Fill-in-the-Blank,Hard Distractor
corn,maple,cough,mainstream,0,Fill-in-the-Blank,Random Distractor
water,periodic,pool,coffee,1,Fill-in-the-Blank,___ table
coffee,chatter,periodic,water,0,Fill-in-the-Blank,Hard Distractor
coffee,periodic,pool,avalanche,0,Fill-in-the-Blank,Random Distractor
dog,price,freeze,phone,1,Fill-in-the-Blank,___ tag
freeze,dog,lemon,phone,0,Fill-in-the-Blank,Hard Distractor
dog,freeze,dome,phone,0,Fill-in-the-Blank,Random Distractor
fairy,tall,fish,folk,1,Fill-in-the-Blank,___ tale
folk,fairy,chatter,tall,0,Fill-in-the-Blank,Hard Distractor
fish,tickle,tall,fairy,0,Fill-in-the-Blank,Random Distractor
sweet,baby,pillow,small,1,Fill-in-the-Blank,___ talk
sweet,small,baby,paddle,0,Fill-in-the-Blank,Hard Distractor
baby,pillow,erm,small,0,Fill-in-the-Blank,Random Distractor
demo,red,scotch,ticker,1,Fill-in-the-Blank,___ tape
scotch,demo,fallin’,red,0,Fill-in-the-Blank,Hard Distractor
scotch,j,demo,ticker,0,Fill-in-the-Blank,Random Distractor
border,rat,boston,bull,1,Fill-in-the-Blank,___ terrier
rat,border,flea,bull,0,Fill-in-the-Blank,Hard Distractor
boston,bull,rat,trick,0,Fill-in-the-Blank,Random Distractor
eye,baby,wisdom,sweet,1,Fill-in-the-Blank,___ tooth
wisdom,baby,sweet,flying,0,Fill-in-the-Blank,Hard Distractor
baby,eye,wisdom,lucky stiff,0,Fill-in-the-Blank,Random Distractor
bear,sand,speed,tourist,1,Fill-in-the-Blank,___ trap
bear,cat,sand,speed,0,Fill-in-the-Blank,Hard Distractor
bear,sand,net,tourist,0,Fill-in-the-Blank,Random Distractor
right,love,bermuda,acute,1,Fill-in-the-Blank,___ triangle
right,bermuda,nations,love,0,Fill-in-the-Blank,Hard Distractor
scoop,acute,love,right,0,Fill-in-the-Blank,Random Distractor
ego,guilt,head,power,1,Fill-in-the-Blank,___ trip
scotch,power,guilt,head,0,Fill-in-the-Blank,Hard Distractor
head,eye,guilt,power,0,Fill-in-the-Blank,Random Distractor
vacuum,fallopian,inner,test,1,Fill-in-the-Blank,___ tube
test,one,inner,vacuum,0,Fill-in-the-Blank,Hard Distractor
acupuncturing,test,vacuum,fallopian,0,Fill-in-the-Blank,Random Distractor
fat,taco,giving,super,1,Fill-in-the-Blank,___ tuesday
taco,cream,super,fat,0,Fill-in-the-Blank,Hard Distractor
super,fat,greek/roman god,giving,0,Fill-in-the-Blank,Random Distractor
bottoms,lawyer,batter,chin,1,Fill-in-the-Blank,___ up
town,batter,lawyer,chin,0,Fill-in-the-Blank,Hard Distractor
bottoms,batter,dizzy,chin,0,Fill-in-the-Blank,Random Distractor
uncanny,silicon,hidden,death,1,Fill-in-the-Blank,___ valley
death,eye,silicon,uncanny,0,Fill-in-the-Blank,Hard Distractor
hidden,uncanny,chisel,silicon,0,Fill-in-the-Blank,Random Distractor
hamster,prayer,color,cheese,1,Fill-in-the-Blank,___ wheel
high,color,prayer,cheese,0,Fill-in-the-Blank,Hard Distractor
prayer,hamster,cheese,token,0,Fill-in-the-Blank,Random Distractor
body,bubble,gift,shrink,1,Fill-in-the-Blank,___ wrap
hole,bubble,body,gift,0,Fill-in-the-Blank,Hard Distractor
haunt,shrink,bubble,body,0,Fill-in-the-Blank,Random Distractor
gap,light,school,leap,1,Fill-in-the-Blank,___ year
school,phone,light,gap,0,Fill-in-the-Blank,Hard Distractor
school,gap,light,time set,0,Fill-in-the-Blank,Random Distractor
twilight,comfort,time,buffer,1,Fill-in-the-Blank,___ zone
comfort,time,buffer,wax,0,Fill-in-the-Blank,Hard Distractor
cub,twilight,time,buffer,0,Fill-in-the-Blank,Random Distractor
daddy,jackie,day,jell,1,Fill-in-the-Blank,___-o
jell,jackie,willy,day,0,Fill-in-the-Blank,Hard Distractor
jackie,day,daddy,sam,0,Fill-in-the-Blank,Random Distractor
boo,yo,pom,tom,1,Fill-in-the-Blank,___-___
pom,boo,eleventh,tom,0,Fill-in-the-Blank,Hard Distractor
yo,fitted,tom,pom,0,Fill-in-the-Blank,Random Distractor
fast,knuckle,curve,screw,1,Fill-in-the-Blank,___ball pitches
screw,curve,knuckle,dutch,0,Fill-in-the-Blank,Hard Distractor
fast,screw,curve,k,0,Fill-in-the-Blank,Random Distractor
pickle,soft,dodge,kick,1,Fill-in-the-Blank,___ball recreational sports
soft,dodge,guitar,kick,0,Fill-in-the-Blank,Hard Distractor
dodge,corona,soft,kick,0,Fill-in-the-Blank,Random Distractor
elder,goose,caper,logan,1,Fill-in-the-Blank,___berry
pickle,goose,elder,logan,0,Fill-in-the-Blank,Hard Distractor
lack,goose,caper,logan,0,Fill-in-the-Blank,Random Distractor
goose,blue,straw,rasp,1,Fill-in-the-Blank,___berry
goose,rasp,boston,straw,0,Fill-in-the-Blank,Hard Distractor
goose,bogey,rasp,blue,0,Fill-in-the-Blank,Random Distractor
hover,key,dash,star,1,Fill-in-the-Blank,___board
cock,star,hover,key,0,Fill-in-the-Blank,Hard Distractor
maple,hover,key,star,0,Fill-in-the-Blank,Random Distractor
mac,face,match,pocket,1,Fill-in-the-Blank,___book (that’s not a book)
match,mac,face,bite,0,Fill-in-the-Blank,Hard Distractor
match,face,mac,trust,0,Fill-in-the-Blank,Random Distractor
juke,chatter,soap,shadow,1,Fill-in-the-Blank,___box
shadow,soap,chatter,orchestra,0,Fill-in-the-Blank,Hard Distractor
soap,juke,chatter,pod,0,Fill-in-the-Blank,Random Distractor
pan,cup,short,cheese,1,Fill-in-the-Blank,___cake
pan,short,star,cheese,0,Fill-in-the-Blank,Hard Distractor
short,cheese,pan,chin,0,Fill-in-the-Blank,Random Distractor
night,mad,hub,knee,1,Fill-in-the-Blank,___cap
night,meat,knee,mad,0,Fill-in-the-Blank,Hard Distractor
kat,hub,night,knee,0,Fill-in-the-Blank,Random Distractor
type,pod,broad,fore,1,Fill-in-the-Blank,___cast
type,charley,broad,fore,0,Fill-in-the-Blank,Hard Distractor
raindrop,fore,broad,type,0,Fill-in-the-Blank,Random Distractor
capri,uni,a,pop,1,Fill-in-the-Blank,___corn
tall,capri,pop,a,0,Fill-in-the-Blank,Hard Distractor
seville,a,capri,pop,0,Fill-in-the-Blank,Random Distractor
bull,watch,lap,under,1,Fill-in-the-Blank,___dog
change,under,lap,bull,0,Fill-in-the-Blank,Hard Distractor
create,lap,bull,watch,0,Fill-in-the-Blank,Random Distractor
sword,cat,blow,gold,1,Fill-in-the-Blank,___fish
jell,blow,sword,cat,0,Fill-in-the-Blank,Hard Distractor
sword,bone,gold,cat,0,Fill-in-the-Blank,Random Distractor
sun,wild,wall,may,1,Fill-in-the-Blank,___flower
med,sun,wild,may,0,Fill-in-the-Blank,Hard Distractor
detour,wall,may,wild,0,Fill-in-the-Blank,Random Distractor
butter,fire,dragon,horse,1,Fill-in-the-Blank,___fly
fire,butter,delicious,horse,0,Fill-in-the-Blank,Hard Distractor
hose,horse,fire,butter,0,Fill-in-the-Blank,Random Distractor
fore,arrow,block,knuckle,1,Fill-in-the-Blank,___head
knuckle,arrow,block,vacuum,0,Fill-in-the-Blank,Hard Distractor
knuckle,block,fore,barb,0,Fill-in-the-Blank,Random Distractor
matter,bull,fog,shoe,1,Fill-in-the-Blank,___horn
bull,shoe,matter,estate,0,Fill-in-the-Blank,Hard Distractor
fog,insect,matter,shoe,0,Fill-in-the-Blank,Random Distractor
rough,porter,power,wheel,1,Fill-in-the-Blank,___house (that aren’t houses)
nothing,power,rough,wheel,0,Fill-in-the-Blank,Hard Distractor
rough,porter,power,tap,0,Fill-in-the-Blank,Random Distractor
flap,lumber,apple,cracker,1,Fill-in-the-Blank,___jack
cracker,flap,apple,rat,0,Fill-in-the-Blank,Hard Distractor
flap,apple,autumn leaves,cracker,0,Fill-in-the-Blank,Random Distractor
fin,ire,ice,green,1,Fill-in-the-Blank,___land
ice,shrink,green,ire,0,Fill-in-the-Blank,Hard Distractor
green,ice,ire,pieces,0,Fill-in-the-Blank,Random Distractor
bogey,crafts,gentle,spokes,1,Fill-in-the-Blank,___man
blonde,crafts,bogey,spokes,0,Fill-in-the-Blank,Hard Distractor
gentle,bogey,crafts,theory,0,Fill-in-the-Blank,Random Distractor
bottle,break,turtle,goose,1,Fill-in-the-Blank,___neck
goose,break,potato,turtle,0,Fill-in-the-Blank,Hard Distractor
goose,break,turtle,laugh,0,Fill-in-the-Blank,Random Distractor
word,fore,horse,screen,1,Fill-in-the-Blank,___play
screen,horse,feathers,word,0,Fill-in-the-Blank,Hard Distractor
fore,screen,kneel,horse,0,Fill-in-the-Blank,Random Distractor
tad,flag,may,bean,1,Fill-in-the-Blank,___pole
flag,may,petit,tad,0,Fill-in-the-Blank,Hard Distractor
bean,flag,tad,sloop,0,Fill-in-the-Blank,Random Distractor
liver,car,whirl,dead,1,Fill-in-the-Blank,___pool
car,whirl,mud,dead,0,Fill-in-the-Blank,Hard Distractor
dead,whirl,handsome,liver,0,Fill-in-the-Blank,Random Distractor
chop,candle,yard,joy,1,Fill-in-the-Blank,___stick
chop,yard,seltzer,joy,0,Fill-in-the-Blank,Hard Distractor
joy,candle,soy,chop,0,Fill-in-the-Blank,Random Distractor
fish,fiddle,chop,drum,1,Fill-in-the-Blank,___sticks
chop,halo,fish,drum,0,Fill-in-the-Blank,Hard Distractor
oat,drum,fish,chop,0,Fill-in-the-Blank,Random Distractor
mile,key,birth,brim,1,Fill-in-the-Blank,___stone
brim,birth,mile,fiddler,0,Fill-in-the-Blank,Hard Distractor
mile,birth,key,reporter,0,Fill-in-the-Blank,Random Distractor
yellow,lime,rhine,touch,1,Fill-in-the-Blank,___stone
rhine,touch,fingers,yellow,0,Fill-in-the-Blank,Hard Distractor
lime,rhine,surge,yellow,0,Fill-in-the-Blank,Random Distractor
heart,ham,shoe,draw,1,Fill-in-the-Blank,___string
heart,cream,shoe,ham,0,Fill-in-the-Blank,Hard Distractor
mum,draw,ham,shoe,0,Fill-in-the-Blank,Random Distractor
cock,mock,pony,pig,1,Fill-in-the-Blank,___tail
pig,pony,cock,museum,0,Fill-in-the-Blank,Hard Distractor
cock,invite,pony,mock,0,Fill-in-the-Blank,Random Distractor
holly,dog,sandal,drift,1,Fill-in-the-Blank,___wood
holly,dog,drift,beastie,0,Fill-in-the-Blank,Hard Distractor
holly,dada,sandal,dog,0,Fill-in-the-Blank,Random Distractor
loan,cross,pass,buzz,1,Fill-in-the-Blank,___word
cross,kim,buzz,pass,0,Fill-in-the-Blank,Hard Distractor
cross,loan,pass,amazon,0,Fill-in-the-Blank,Random Distractor
inch,earth,glow,book,1,Fill-in-the-Blank,___worm
glow,inch,chess,earth,0,Fill-in-the-Blank,Hard Distractor
book,earth,glow,scimitar,0,Fill-in-the-Blank,Random Distractor
king,carte,mode,plancha,1,Fill-in-the-Blank,à/a la ___
carte,mode,bone,plancha,0,Fill-in-the-Blank,Hard Distractor
carte,bookend,king,plancha,0,Fill-in-the-Blank,Random Distractor
mercy,uncle,truce,stop,1,Idioms & Slang,"“aah, enough!”"
truce,mercy,toolbox,uncle,0,Idioms & Slang,Hard Distractor
stop,truce,mercy,senator,0,Idioms & Slang,Random Distractor
same,ditto,second,likewise,1,Idioms & Slang,“agree!”
ditto,nice,second,same,0,Idioms & Slang,Hard Distractor
romp,likewise,ditto,second,0,Idioms & Slang,Random Distractor
nice,cool,sweet,sick,1,Idioms & Slang,“awesome!”
sweet,library,nice,cool,0,Idioms & Slang,Hard Distractor
sweet,on,cool,sick,0,Idioms & Slang,Random Distractor
lieutenant,boys,santa,taste,1,Fill-in-the-Blank,“bad ___” movies
lieutenant,taste,santa,earth,0,Fill-in-the-Blank,Hard Distractor
boys,effort,taste,lieutenant,0,Fill-in-the-Blank,Random Distractor
bane,joker,penguin,scarecrow,1,Noun/Concept Synonyms,“batman” villains
toxic,penguin,bane,joker,0,Noun/Concept Synonyms,Hard Distractor
bane,scarecrow,track,penguin,0,Noun/Concept Synonyms,Random Distractor
intercoms,bees,caffeine,gossip,1,Members of a Set/Entities,“buzzy” things
intercoms,fiat,gossip,caffeine,0,Members of a Set/Entities,Hard Distractor
quality,caffeine,gossip,bees,0,Members of a Set/Entities,Random Distractor
easy,enough,chill,relax,1,Noun/Concept Synonyms,“calm down”
relax,easy,flight,enough,0,Noun/Concept Synonyms,Hard Distractor
relax,easy,unclad,enough,0,Noun/Concept Synonyms,Random Distractor
cell,contact,digits,number,1,Fill-in-the-Blank,“can i get your ___?” (phone info request)
contact,brim,number,digits,0,Fill-in-the-Blank,Hard Distractor
number,freezing,cell,digits,0,Fill-in-the-Blank,Random Distractor
crunch,planet,kangaroo,obvious,1,Noun/Concept Synonyms,“captains”
planet,kangaroo,obvious,dirty,0,Noun/Concept Synonyms,Hard Distractor
kangaroo,outlet,planet,obvious,0,Noun/Concept Synonyms,Random Distractor
chen,clark,cowl,craven,1,Noun/Concept Synonyms,“c” + bird
robot,chen,clark,craven,0,Noun/Concept Synonyms,Hard Distractor
chen,cowl,cards,craven,0,Noun/Concept Synonyms,Random Distractor
coat,crust,cake,cover,1,Idioms & Slang,“c” words for “envelop”
coat,cake,crust,abbott,0,Idioms & Slang,Hard Distractor
coat,bench,cover,cake,0,Idioms & Slang,Random Distractor
hurry,stat,now,pronto,1,Idioms & Slang,“don’t delay!”
pronto,zip,hurry,stat,0,Idioms & Slang,Hard Distractor
now,pronto,hurry,contract,0,Idioms & Slang,Random Distractor
sports,ticket,bike,cigarette,1,Members of a Set/Entities,“e-” things
question,ticket,sports,bike,0,Members of a Set/Entities,Hard Distractor
steam,bike,sports,ticket,0,Members of a Set/Entities,Random Distractor
oil,extra,olive,virgin,1,Descriptor/Adjective Synonyms,“extra virgin olive oil”
virgin,oil,eel,extra,0,Descriptor/Adjective Synonyms,Hard Distractor
medicine,virgin,oil,olive,0,Descriptor/Adjective Synonyms,Random Distractor
scooter,commerce,signature,mail,1,Members of a Set/Entities,“e” things
purse,commerce,signature,mail,0,Members of a Set/Entities,Hard Distractor
mail,vial,scooter,signature,0,Members of a Set/Entities,Random Distractor
bird,willy,fallin’,solo,1,Fill-in-the-Blank,“free ___”
bird,solo,fallin’,corporate,0,Fill-in-the-Blank,Hard Distractor
solo,fallin’,willy,dot,0,Fill-in-the-Blank,Random Distractor
life,clue,room,grip,1,Fill-in-the-Blank,“get a ___!”
ego,life,grip,room,0,Fill-in-the-Blank,Hard Distractor
joey,room,clue,grip,0,Fill-in-the-Blank,Random Distractor
lord,heavens,mercy,goodness,1,Idioms & Slang,“gracious me!”
judgment,lord,goodness,heavens,0,Idioms & Slang,Hard Distractor
mercy,lord,a bell,goodness,0,Idioms & Slang,Random Distractor
impressive,well done,nice,props,1,Idioms & Slang,“great job!”
well done,nice,sure thing,impressive,0,Idioms & Slang,Hard Distractor
impressive,nice,wombat,well done,0,Idioms & Slang,Random Distractor
ew,pu,ick,ugh,1,Idioms & Slang,“gross!”
ugh,paypal,ick,ew,0,Idioms & Slang,Hard Distractor
amount,ugh,pu,ew,0,Idioms & Slang,Random Distractor
perhaps,what if,say,suppose,1,Noun/Concept Synonyms,“here’s a thought ...”
suppose,show,perhaps,what if,0,Noun/Concept Synonyms,Hard Distractor
what if,dew,perhaps,say,0,Noun/Concept Synonyms,Random Distractor
enough,mercy,uncle,stop,1,Idioms & Slang,“i give!”
enough,uncle,stop,array,0,Idioms & Slang,Hard Distractor
uncle,chestnut,enough,stop,0,Idioms & Slang,Random Distractor
lover,sinner,joker,smoker,1,Fill-in-the-Blank,“i’m a ___” (lyrics in “the joker”)
sinner,bite,smoker,joker,0,Fill-in-the-Blank,Hard Distractor
smoker,coast,joker,lover,0,Fill-in-the-Blank,Random Distractor
tigers,bears,oh my,lions,1,Idioms & Slang,"“lions and tigers and bears, oh my!”"
bow,oh my,bears,lions,0,Idioms & Slang,Hard Distractor
oh my,tigers,lions,connoisseur,0,Idioms & Slang,Random Distractor
meg,amy,jo,beth,1,Noun/Concept Synonyms,“little women” sisters
amy,meg,jo,quit,0,Noun/Concept Synonyms,Hard Distractor
beth,ibex,amy,jo,0,Noun/Concept Synonyms,Random Distractor
beaucoup,mucho,molto,multi,1,Noun/Concept Synonyms,“many” in different languages
scow,mucho,molto,multi,0,Noun/Concept Synonyms,Hard Distractor
multi,mucho,beaucoup,wallet,0,Noun/Concept Synonyms,Random Distractor
apologies,pardon,sorry,oops,1,Idioms & Slang,“my mistake!”
sorry,oops,flour,apologies,0,Idioms & Slang,Hard Distractor
sorry,oops,even,apologies,0,Idioms & Slang,Random Distractor
piece of cake,easy,sure thing,no sweat,1,Idioms & Slang,“nothing to it!”
sure thing,easy,no sweat,prince,0,Idioms & Slang,Hard Distractor
sure thing,easy,window,no sweat,0,Idioms & Slang,Random Distractor
camera movement,satyr,cookware,bad review,1,Noun/Concept Synonyms,“pan”
bay,camera movement,satyr,cookware,0,Noun/Concept Synonyms,Hard Distractor
satyr,cookware,bad review,went,0,Noun/Concept Synonyms,Random Distractor
peppermint patty,charlie,woodstock,pigpen,1,Trivia/Pop Culture,“peanuts” characters
pigpen,stone,peppermint patty,woodstock,0,Trivia/Pop Culture,Hard Distractor
pigpen,peppermint patty,charlie,all out,0,Trivia/Pop Culture,Random Distractor
peter,nana,hook,wendy,1,Trivia/Pop Culture,“peter pan” characters
nana,irons,hook,wendy,0,Trivia/Pop Culture,Hard Distractor
nana,wendy,yawn,peter,0,Trivia/Pop Culture,Random Distractor
rats,shoot,darn,curses,1,Idioms & Slang,“phooey!”
darn,curses,rats,sacrum,0,Idioms & Slang,Hard Distractor
shoot,curses,darn,trendy,0,Idioms & Slang,Random Distractor
phish,philly,phew,phat,1,Word Structure/Play,“ph” words that also work with “f”
philly,phew,pickle,phish,0,Word Structure/Play,Hard Distractor
phat,phew,philly,temple,0,Word Structure/Play,Random Distractor
cricket,puppet,woodcarver,whale,1,Trivia/Pop Culture,“pinocchio” figures
cricket,dale,puppet,woodcarver,0,Trivia/Pop Culture,Hard Distractor
cricket,woodcarver,scrub,puppet,0,Trivia/Pop Culture,Random Distractor
arrow,dog,finger,hint,1,Noun/Concept Synonyms,“pointers”
hint,finger,arrow,expression,0,Noun/Concept Synonyms,Hard Distractor
finger,arrow,streak,dog,0,Noun/Concept Synonyms,Random Distractor
shannon,fey,rudolph,strong,1,Members of a Set/Entities,“s.n.l.” cast members
strong,fey,rudolph,pizza pie,0,Members of a Set/Entities,Hard Distractor
rudolph,fey,strong,salt,0,Members of a Set/Entities,Random Distractor
snuffy,cookie,count,oscar,1,Trivia/Pop Culture,“sesame street” characters
oscar,cookie,mars,count,0,Trivia/Pop Culture,Hard Distractor
cookie,count,snuffy,george,0,Trivia/Pop Culture,Random Distractor
grouch,count,monster,bird,1,Trivia/Pop Culture,“sesame street” figures
monster,bird,bogeyman,count,0,Trivia/Pop Culture,Hard Distractor
bird,monster,count,load,0,Trivia/Pop Culture,Random Distractor
enough,relax,easy,quiet,1,Idioms & Slang,“settle down!”
easy,dye,relax,enough,0,Idioms & Slang,Hard Distractor
quiet,quarrel,enough,easy,0,Idioms & Slang,Random Distractor
leave,scram,get out,go,1,Idioms & Slang,“skedaddle!”
apologies,scram,go,leave,0,Idioms & Slang,Hard Distractor
go,get out,tom thumb,leave,0,Idioms & Slang,Random Distractor
wednesday,lurch,thing,fester,1,Trivia/Pop Culture,“the addams family” characters
fester,lurch,kangaroo,thing,0,Trivia/Pop Culture,Hard Distractor
wednesday,utah,lurch,fester,0,Trivia/Pop Culture,Random Distractor
scarecrow,lion,witch,wizard,1,Trivia/Pop Culture,“the wizard of oz” figures
lion,witch,scarecrow,skateboard,0,Trivia/Pop Culture,Hard Distractor
lion,witch,wizard,doe,0,Trivia/Pop Culture,Random Distractor
creator,stallion,rapper,dude,1,Fill-in-the-Blank,“the(e) ___” rappers
stallion,dude,rapper,chain,0,Fill-in-the-Blank,Hard Distractor
ooze,stallion,dude,creator,0,Fill-in-the-Blank,Random Distractor
buzz,hamm,rex,slinky,1,Trivia/Pop Culture,"“toy story” characters, familiarly"
rex,buzz,washington,hamm,0,Trivia/Pop Culture,Hard Distractor
slinky,hamm,element,buzz,0,Trivia/Pop Culture,Random Distractor
shell,well,ill,hell,1,Idioms & Slang,“will” contractions without the apostrophe
hell,dagger,shell,well,0,Idioms & Slang,Hard Distractor
seven,shell,hell,ill,0,Idioms & Slang,Random Distractor
ja,da,si,hai,1,Noun/Concept Synonyms,“yes” in different languages
da,ja,si,stalk,0,Noun/Concept Synonyms,Hard Distractor
hai,si,ja,criminal,0,Noun/Concept Synonyms,Random Distractor
love,fantasy,treasure,shutter,1,Fill-in-the-Blank,“___ island”
treasure,shutter,love,door,0,Fill-in-the-Blank,Hard Distractor
baton,shutter,love,fantasy,0,Fill-in-the-Blank,Random Distractor
dough,bough,cough,tough,1,Word Structure/Play,”-ough” words that don’t rhyme
cough,🫖,tough,dough,0,Word Structure/Play,Hard Distractor
bough,cough,dough,poplar,0,Word Structure/Play,Random Distractor
dot,point,period,tittle,1,Noun/Concept Synonyms,•
dot,point,tittle,awkward,0,Noun/Concept Synonyms,Hard Distractor
tittle,dot,day,point,0,Noun/Concept Synonyms,Random Distractor
