Word,Group Name
SNOW,WET WEATHER
LEVEL,PALINDROMES
SHIFT,KEYBOARD KEYS
KAYAK,PALINDROMES
HEAT,NBA TEAMS
TAB,KEYBOARD KEYS
BUCKS,NBA TEAMS
RETURN,KEYBOARD KEYS
JAZZ,NBA TEAMS
HAIL,WET WEATHER
OPTION,KEYBOARD KEYS
RAIN,WET WEATHER
SLEET,WET WEATHER
RACECAR,PALINDROMES
MOM,PALINDROMES
NETS,NBA TEAMS
PUMP,FOOTWEAR
FOOT,UNITS OF LENGTH
TIME,MAGAZINES
SEA,LETTER HOMOPHONES
LEAGUE,UNITS OF LENGTH
LOAFER,FOOTWEAR
WHY,LETTER HOMOPHONES
US,MAGAZINES
BOOT,FOOTWEAR
YARD,UNITS OF LENGTH
PEOPLE,MAGAZINES
ARE,LETTER HOMOPHONES
MILE,UNITS OF LENGTH
SNEAKER,FOOTWEAR
QUEUE,LETTER HOMOPHONES
ESSENCE,MAGAZINES
AMIGO,MEMBERS OF A TRIO
MOUTH,FACIAL FEATURES
LAB,"DOG BREEDS, INFORMALLY"
STOOGE,MEMBERS OF A TRIO
WOLF,SYNONYMS FOR EAT
KING,MEMBERS OF A TRIO
NOSE,FACIAL FEATURES
CHOW,SYNONYMS FOR EAT
TENOR,MEMBERS OF A TRIO
POM,"DOG BREEDS, INFORMALLY"
SCARF,SYNONYMS FOR EAT
EYE,FACIAL FEATURES
PIT,"DOG BREEDS, INFORMALLY"
GOBBLE,SYNONYMS FOR EAT
PEKE,"DOG BREEDS, INFORMALLY"
CHEEK,FACIAL FEATURES
DUST,CLEANING VERBS
CATS,MUSICALS BEGINNING WITH “C”
SPIDER,___ MAN SUPERHEROES
CAROUSEL,MUSICALS BEGINNING WITH “C”
PUMA,SNEAKER BRANDS
IRON,___ MAN SUPERHEROES
NIKE,SNEAKER BRANDS
MOP,CLEANING VERBS
CHICAGO,MUSICALS BEGINNING WITH “C”
SWEEP,CLEANING VERBS
SUPER,___ MAN SUPERHEROES
BAT,___ MAN SUPERHEROES
REEBOK,SNEAKER BRANDS
CABARET,MUSICALS BEGINNING WITH “C”
VACUUM,CLEANING VERBS
ADIDAS,SNEAKER BRANDS
MUSTARD,CLUE CHARACTERS
TARTAR,CONDIMENTS
PLUM,CLUE CHARACTERS
BLUE,SYNONYMS FOR SAD
GREEN,CLUE CHARACTERS
PRIME,STREAMING SERVICES
GLUM,SYNONYMS FOR SAD
RELISH,CONDIMENTS
DOWN,SYNONYMS FOR SAD
PEACOCK,STREAMING SERVICES
KETCHUP,CONDIMENTS
LOW,SYNONYMS FOR SAD
HULU,STREAMING SERVICES
SCARLET,CLUE CHARACTERS
MAYO,CONDIMENTS
NETFLIX,STREAMING SERVICES
WONDER,MEMBERS OF A SEPTET
FUTURE,RAPPERS
BABY,SHADES OF BLUE
GO,MONOPOLY SQUARES
SIN,MEMBERS OF A SEPTET
CHANCE,MONOPOLY SQUARES
ROYAL,SHADES OF BLUE
ICE CUBE,RAPPERS
MIDNIGHT,SHADES OF BLUE
JAIL,MONOPOLY SQUARES
SEA,MEMBERS OF A SEPTET
POWDER,SHADES OF BLUE
Q-TIP,RAPPERS
SISTER,MEMBERS OF A SEPTET
BOARDWALK,MONOPOLY SQUARES
COMMON,RAPPERS
JOHN,SLANG FOR TOILET
CUB,BABY ANIMALS
STAR,___ FISH THAT AREN’T FISH
SILVER,___ FISH THAT AREN’T FISH
KNEE,LEG PARTS
THRONE,SLANG FOR TOILET
JOEY,BABY ANIMALS
JELLY,___ FISH THAT AREN’T FISH
CALF,BABY ANIMALS
ANKLE,LEG PARTS
CRAY,___ FISH THAT AREN’T FISH
HEAD,SLANG FOR TOILET
SHIN,LEG PARTS
CAN,SLANG FOR TOILET
KID,BABY ANIMALS
THIGH,LEG PARTS
LOCKSMITH,THINGS WITH KEYS
FIRE TRUCK,THINGS THAT ARE RED
KING,MATTRESS SIZES
PIANO,THINGS WITH KEYS
CHESS,BOARD GAMES
RUBY,THINGS THAT ARE RED
FLORIDA,THINGS WITH KEYS
TWIN,MATTRESS SIZES
CHERRY,THINGS THAT ARE RED
QUEEN,MATTRESS SIZES
STOP SIGN,THINGS THAT ARE RED
GO,BOARD GAMES
CHECKERS,BOARD GAMES
CRYPTOGRAPHY,THINGS WITH KEYS
FULL,MATTRESS SIZES
BACKGAMMON,BOARD GAMES
SQUASH,SPORTS
TEE,TOPS
CARROT,VEGETABLES
ANT,INSECTS
TANK,TOPS
CORN,VEGETABLES
CRICKET,SPORTS
MANTIS,INSECTS
POLO,SPORTS
ONION,VEGETABLES
BEETLE,INSECTS
BEET,VEGETABLES
CAMI,TOPS
TERMITE,INSECTS
HALTER,TOPS
FENCING,SPORTS
TWINS,ZODIAC SYMBOLS
TURKEY,BIRDS
GOAT,ZODIAC SYMBOLS
KIWI,FRUIT
SCALES,ZODIAC SYMBOLS
FISH,ZODIAC SYMBOLS
JORDAN,COUNTRIES
JAY,BIRDS
ORANGE,FRUIT
GEORGIA,COUNTRIES
DATE,FRUIT
CRANE,BIRDS
TOGO,COUNTRIES
SWALLOW,BIRDS
LEMON,FRUIT
CHAD,COUNTRIES
SUGAR,TERMS OF ENDEARMENT
ANGEL,THINGS WITH WINGS
GINGER,SPICE GIRLS
BIRD,THINGS WITH WINGS
BABY,SPICE GIRLS
CUMIN,SPICES BEGINNING WITH “C”
BOO,TERMS OF ENDEARMENT
SCARY,SPICE GIRLS
SWEETIE,TERMS OF ENDEARMENT
CORIANDER,SPICES BEGINNING WITH “C”
AIRPLANE,THINGS WITH WINGS
CLOVE,SPICES BEGINNING WITH “C”
PEGASUS,THINGS WITH WINGS
HONEY,TERMS OF ENDEARMENT
CARDAMOM,SPICES BEGINNING WITH “C”
POSH,SPICE GIRLS
LUST,DEADLY SINS
PRIDE,DEADLY SINS
TAN,TRIG FUNCTIONS
SCHOOL,ANIMAL GROUP NAMES
SLOTH,SLOW ANIMALS
SEC,TRIG FUNCTIONS
PACK,ANIMAL GROUP NAMES
COT,TRIG FUNCTIONS
SNAIL,SLOW ANIMALS
GREED,DEADLY SINS
SIN,TRIG FUNCTIONS
FLOCK,ANIMAL GROUP NAMES
POD,ANIMAL GROUP NAMES
LORIS,SLOW ANIMALS
ENVY,DEADLY SINS
TORTOISE,SLOW ANIMALS
KNEW,HOMOPHONES
GNOME,SILENT “G”
IOTA,GREEK LETTERS
FRONTIER,AIRLINES
DELTA,GREEK LETTERS
CHI,GREEK LETTERS
GNOCCHI,SILENT “G”
NEW,HOMOPHONES
SPIRIT,AIRLINES
BETA,GREEK LETTERS
VIRGIN,AIRLINES
GNAW,SILENT “G”
NU,HOMOPHONES
GNAT,SILENT “G”
UNITED,AIRLINES
GNU,HOMOPHONES
CANOPY,BEDS
LINK,VIDEO GAME CHARACTERS
PASSPORT,HONDAS
MARX,FAMOUS BROTHERS
PILOT,HONDAS
SONIC,VIDEO GAME CHARACTERS
WRIGHT,FAMOUS BROTHERS
ACCORD,HONDAS
MURPHY,BEDS
CRASH,VIDEO GAME CHARACTERS
CIVIC,HONDAS
BUNK,BEDS
MARIO,VIDEO GAME CHARACTERS
JONAS,FAMOUS BROTHERS
TRUNDLE,BEDS
WARNER,FAMOUS BROTHERS
SILVER,FICTIONAL PIRATES
TWEET,BIRD SOUNDS
ROD,FISHING GEAR
SPARROW,FICTIONAL PIRATES
BROWN,COLORS
TACKLE,FISHING GEAR
HOOK,FICTIONAL PIRATES
PINK,COLORS
CAW,BIRD SOUNDS
JONES,FICTIONAL PIRATES
VIOLET,COLORS
REEL,FISHING GEAR
TURQUOISE,COLORS
CHIRP,BIRD SOUNDS
LURE,FISHING GEAR
CLUCK,BIRD SOUNDS
BEAN,MR. ___
ESPRESSO,COFFEE DRINKS
ALMOND,TREE NUTS
FOREST,SHADES OF GREEN
PECAN,TREE NUTS
CLEAN,MR. ___
KELLY,SHADES OF GREEN
LATTE,COFFEE DRINKS
PEANUT,MR. ___
EMERALD,SHADES OF GREEN
AMERICANO,COFFEE DRINKS
FOX,MR. ___
OLIVE,SHADES OF GREEN
WALNUT,TREE NUTS
CAPPUCCINO,COFFEE DRINKS
CASHEW,TREE NUTS
TIDE,DETERGENTS
BERMUDA,___ TRIANGLE
STERN,SHIP DIRECTIONS
SCARF,NECKWEAR
LOVE,___ TRIANGLE
ASCOT,NECKWEAR
GAIN,DETERGENTS
BOW,SHIP DIRECTIONS
RIGHT,___ TRIANGLE
ERA,DETERGENTS
PORT,SHIP DIRECTIONS
BOLO,NECKWEAR
ACUTE,___ TRIANGLE
TIE,NECKWEAR
ALL,DETERGENTS
STARBOARD,SHIP DIRECTIONS
GREY,TITLE TV DOCTORS
CUP,AWARDS
BILL,NFL PLAYERS
RIBBON,AWARDS
QUAD,"MUSCLES, INFORMALLY"
BEAR,NFL PLAYERS
HOUSE,TITLE TV DOCTORS
LAT,"MUSCLES, INFORMALLY"
QUINN,TITLE TV DOCTORS
TRI,"MUSCLES, INFORMALLY"
MEDAL,AWARDS
COMMANDER,NFL PLAYERS
BROWN,NFL PLAYERS
TROPHY,AWARDS
PEC,"MUSCLES, INFORMALLY"
HOWSER,TITLE TV DOCTORS
CREAM,OFF-WHITE SHADES
GARLIC,ANTI-VAMPIRE
PORK,KINDS OF MEAT
ROW,SYNONYMS FOR ARGUMENT
MIRROR,ANTI-VAMPIRE
BEEF,KINDS OF MEAT
SPAT,SYNONYMS FOR ARGUMENT
EGGSHELL,OFF-WHITE SHADES
POULTRY,KINDS OF MEAT
STAKE,ANTI-VAMPIRE
TIFF,SYNONYMS FOR ARGUMENT
VANILLA,OFF-WHITE SHADES
IVORY,OFF-WHITE SHADES
QUARREL,SYNONYMS FOR ARGUMENT
VENISON,KINDS OF MEAT
CRUCIFIX,ANTI-VAMPIRE
KING,ROYAL AND NOBLE TITLES
OAT,GRAINS
STONE,BEST DIRECTOR OSCAR WINNERS
RICE,UNIVERSITIES
BARLEY,GRAINS
BONG,BEST DIRECTOR OSCAR WINNERS
DUKE,UNIVERSITIES
FORD,BEST DIRECTOR OSCAR WINNERS
BROWN,UNIVERSITIES
SPELT,GRAINS
LEE,BEST DIRECTOR OSCAR WINNERS
EARL,ROYAL AND NOBLE TITLES
HOWARD,UNIVERSITIES
BARON,ROYAL AND NOBLE TITLES
RYE,GRAINS
PRINCE,ROYAL AND NOBLE TITLES
OPERA,WEB BROWSERS
BABY,LIL ___ RAPPERS
WAYNE,LIL ___ RAPPERS
JO,“LITTLE WOMEN” SISTERS
POP,MUSIC GENRES
MEG,“LITTLE WOMEN” SISTERS
SAFARI,WEB BROWSERS
KIM,LIL ___ RAPPERS
RAP,MUSIC GENRES
CHROME,WEB BROWSERS
BETH,“LITTLE WOMEN” SISTERS
JAZZ,MUSIC GENRES
PUNK,MUSIC GENRES
JON,LIL ___ RAPPERS
AMY,“LITTLE WOMEN” SISTERS
EDGE,WEB BROWSERS
BITE,SOUND ___
STOP,TRAFFIC SIGNS
TRUNK,ANIMAL NOSES
BOXER,DOG BREEDS
WAVE,SOUND ___
YIELD,TRAFFIC SIGNS
MUZZLE,ANIMAL NOSES
BARRIER,SOUND ___
DETOUR,TRAFFIC SIGNS
HUSKY,DOG BREEDS
SNOUT,ANIMAL NOSES
ASLEEP,SOUND ___
DALMATIAN,DOG BREEDS
BEAK,ANIMAL NOSES
SLOW,TRAFFIC SIGNS
POODLE,DOG BREEDS
BEACH BOY,'60S BAND MEMBERS
TWIST,DANCE FADS
CHAIN,THINGS WITH LINKS
ROLLING STONE,MAGAZINES
MASHED POTATO,DANCE FADS
WIRED,MAGAZINES
WEBSITE,THINGS WITH LINKS
BEATLE,'60S BAND MEMBERS
SAUSAGE,THINGS WITH LINKS
BYRD,'60S BAND MEMBERS
DOUGIE,DANCE FADS
FORTUNE,MAGAZINES
MACARENA,DANCE FADS
VOGUE,MAGAZINES
GOLF COURSE,THINGS WITH LINKS
MONKEE,'60S BAND MEMBERS
MILKY WAY,CANDY BARS
GENESIS,VIDEO GAME CONSOLES
HAMMER,EAR PARTS
SUM,BAND NAMES MINUS NUMBERS
SWITCH,VIDEO GAME CONSOLES
MAROON,BAND NAMES MINUS NUMBERS
BOUNTY,CANDY BARS
U,BAND NAMES MINUS NUMBERS
ANVIL,EAR PARTS
CRUNCH,CANDY BARS
BLINK,BAND NAMES MINUS NUMBERS
STIRRUP,EAR PARTS
HEATH,CANDY BARS
WII,VIDEO GAME CONSOLES
COCHLEA,EAR PARTS
DREAMCAST,VIDEO GAME CONSOLES
MOUSSE,DESSERTS
WALRUS,MUSTACHES
FUDGE,MILD OATHS
HORSESHOE,MUSTACHES
SHOOT,MILD OATHS
PENCIL,MUSTACHES
ELEPHANT,ANIMALS WITH TUSKS
FLAN,DESSERTS
NARWHAL,ANIMALS WITH TUSKS
HIPPO,ANIMALS WITH TUSKS
HECK,MILD OATHS
HANDLEBAR,MUSTACHES
TIRAMISU,DESSERTS
DARN,MILD OATHS
WARTHOG,ANIMALS WITH TUSKS
CHEESECAKE,DESSERTS
PETTY,TOMS
PARROT,SYNONYMS FOR IMITATE
POLAND,EUROPEAN COUNTRIES
CRUISE,TOMS
MIX,WORDS SPELLED WITH ROMAN NUMERALS
MIMIC,SYNONYMS FOR IMITATE
HOLLAND,TOMS
GREECE,EUROPEAN COUNTRIES
ECHO,SYNONYMS FOR IMITATE
MILD,WORDS SPELLED WITH ROMAN NUMERALS
LIVID,WORDS SPELLED WITH ROMAN NUMERALS
COPY,SYNONYMS FOR IMITATE
PORTUGAL,EUROPEAN COUNTRIES
WAITS,TOMS
DENMARK,EUROPEAN COUNTRIES
DILL,WORDS SPELLED WITH ROMAN NUMERALS
HEART,ORGANS
BERET,HATS
SPINE,PARTS OF A BOOK
POT,JACK ___
ASS,JACK ___
KIDNEY,ORGANS
FEZ,HATS
JACKET,PARTS OF A BOOK
BOWLER,HATS
RABBIT,JACK ___
LIVER,ORGANS
COVER,PARTS OF A BOOK
LUNG,ORGANS
PAGE,PARTS OF A BOOK
FEDORA,HATS
KNIFE,JACK ___
COCONUT,TROPICAL FRUITS
ZIP,FILE EXTENSIONS
PENGUIN,FLIGHTLESS BIRDS
DOC,SEVEN DWARFS
KIWI,FLIGHTLESS BIRDS
HAPPY,SEVEN DWARFS
TIFF,FILE EXTENSIONS
BANANA,TROPICAL FRUITS
EMU,FLIGHTLESS BIRDS
GRUMPY,SEVEN DWARFS
MANGO,TROPICAL FRUITS
GIF,FILE EXTENSIONS
PDF,FILE EXTENSIONS
OSTRICH,FLIGHTLESS BIRDS
BASHFUL,SEVEN DWARFS
PINEAPPLE,TROPICAL FRUITS
SKATE,FISH
ADD,ARITHMETIC OPERATIONS
COPY,___ CAT
FLY,WINGED INSECTS
ALLEY,___ CAT
TANG,FISH
MOTH,WINGED INSECTS
COOL,___ CAT
DIVIDE,ARITHMETIC OPERATIONS
SOLE,FISH
LAP,___ CAT
SUBTRACT,ARITHMETIC OPERATIONS
TETRA,FISH
GNAT,WINGED INSECTS
MULTIPLY,ARITHMETIC OPERATIONS
WASP,WINGED INSECTS
SPIRAL,PASTA SHAPES
HIP,JOINTS
MOTHER,MOVIES WITH “!”
RAVEN,NFL PLAYERS
ELBOW,PASTA SHAPES
AIRPLANE,MOVIES WITH “!”
KNEE,JOINTS
SHELL,PASTA SHAPES
COWBOY,NFL PLAYERS
SHOULDER,JOINTS
OKLAHOMA,MOVIES WITH “!”
BOWTIE,PASTA SHAPES
THEM,MOVIES WITH “!”
PACKER,NFL PLAYERS
WRIST,JOINTS
BRONCO,NFL PLAYERS
PAD,WORDS WITH “i”
LIMA,WORDS WITH TWO PRONUNCIATIONS
CONE,3-D SHAPES
TOMATO,VEGETABLES THAT ARE ALSO FRUITS
POLISH,WORDS WITH TWO PRONUNCIATIONS
PEPPER,VEGETABLES THAT ARE ALSO FRUITS
PHONE,WORDS WITH “i”
PYRAMID,3-D SHAPES
CUBE,3-D SHAPES
MOBILE,WORDS WITH TWO PRONUNCIATIONS
JOB,WORDS WITH TWO PRONUNCIATIONS
CUCUMBER,VEGETABLES THAT ARE ALSO FRUITS
EGGPLANT,VEGETABLES THAT ARE ALSO FRUITS
MAC,WORDS WITH “i”
SPHERE,3-D SHAPES
POD,WORDS WITH “i”
SOLE,SHOE PARTS
TROUBLE,BOARD GAMES
HUNT,FICTIONAL SPIES
CEMENT,RUBBER ___
SMART,FICTIONAL SPIES
TONGUE,SHOE PARTS
SOUL,RUBBER ___
BOND,FICTIONAL SPIES
LACE,SHOE PARTS
BAND,RUBBER ___
SORRY,BOARD GAMES
RYAN,FICTIONAL SPIES
CLUE,BOARD GAMES
HEEL,SHOE PARTS
DUCKIE,RUBBER ___
RISK,BOARD GAMES
TUG,BOATS
CHUCK,NICKNAMES THAT ARE VERBS
JUNK,BOATS
CLUB,SANDWICHES
SHANK,CUTS OF BEEF
ROB,NICKNAMES THAT ARE VERBS
SUB,SANDWICHES
FLANK,CUTS OF BEEF
CUBAN,SANDWICHES
FERRY,BOATS
LOIN,CUTS OF BEEF
SUE,NICKNAMES THAT ARE VERBS
JOSH,NICKNAMES THAT ARE VERBS
ROUND,CUTS OF BEEF
MELT,SANDWICHES
YACHT,BOATS
ROCK,ROCK PAPER SCISSORS
FUNK,MUSIC GENRES
BUCK,MALE ANIMALS
BOUQUET,PLEASANT SMELLS
SHOOT,ROCK PAPER SCISSORS
BULL,MALE ANIMALS
COUNTRY,MUSIC GENRES
JACK,MALE ANIMALS
SOUL,MUSIC GENRES
SCENT,PLEASANT SMELLS
SCISSORS,ROCK PAPER SCISSORS
BOAR,MALE ANIMALS
FRAGRANCE,PLEASANT SMELLS
PAPER,ROCK PAPER SCISSORS
BLUES,MUSIC GENRES
AROMA,PLEASANT SMELLS
NICKEL,U.S. COINS
HALF,___ AND ___
HORSESHOE,LUCKY CHARMS MARSHMALLOWS
TIN,METAL ELEMENTS
RAINBOW,LUCKY CHARMS MARSHMALLOWS
QUARTER,U.S. COINS
NECK,___ AND ___
LEAD,METAL ELEMENTS
PENNY,U.S. COINS
CLOVER,LUCKY CHARMS MARSHMALLOWS
IRON,METAL ELEMENTS
SO,___ AND ___
ZINC,METAL ELEMENTS
AGAIN,___ AND ___
DIME,U.S. COINS
MOON,LUCKY CHARMS MARSHMALLOWS
EYE,NAKED ___
MARS,CHOCOLATE BARS
PAPER,SLANG FOR MONEY
TRUTH,NAKED ___
WOMBAT,MARSUPIALS
GUN,NAKED ___
MOLE RAT,NAKED ___
CHUNKY,CHOCOLATE BARS
CHEDDAR,SLANG FOR MONEY
CRUNCH,CHOCOLATE BARS
KANGAROO,MARSUPIALS
DOUGH,SLANG FOR MONEY
KOALA,MARSUPIALS
STACKS,SLANG FOR MONEY
MOUNDS,CHOCOLATE BARS
WALLABY,MARSUPIALS
SPOKE,BIKE PARTS
MOVE,SYNONYMS FOR SELL
CUB,COUNTRIES WHEN “A” IS ADDED
SEAL,MARINE MAMMALS
HAWK,SYNONYMS FOR SELL
CHAIN,BIKE PARTS
DOLPHIN,MARINE MAMMALS
CHIN,COUNTRIES WHEN “A” IS ADDED
SADDLE,BIKE PARTS
PEDDLE,SYNONYMS FOR SELL
MALT,COUNTRIES WHEN “A” IS ADDED
OTTER,MARINE MAMMALS
MANATEE,MARINE MAMMALS
BRAKE,BIKE PARTS
VEND,SYNONYMS FOR SELL
TONG,COUNTRIES WHEN “A” IS ADDED
MOUNTAIN,LAND FORMATIONS
ELM,STREETS ON SCREEN
ONION,BAGEL FLAVORS
JUMP,STREETS ON SCREEN
PLAIN,BAGEL FLAVORS
VALLEY,LAND FORMATIONS
OAK,TREES
POPPY,BAGEL FLAVORS
POPLAR,TREES
SESAME,STREETS ON SCREEN
CANYON,LAND FORMATIONS
FEAR,STREETS ON SCREEN
PLATEAU,LAND FORMATIONS
ASH,TREES
EVERYTHING,BAGEL FLAVORS
CEDAR,TREES
PEPPER,DR. ___
MOLE,UNITS OF MEASURE
WATCH,TIMEKEEPING DEVICES
BOB,HAIRSTYLES
SECOND,UNITS OF MEASURE
EVIL,DR. ___
CROP,HAIRSTYLES
CLOCK,TIMEKEEPING DEVICES
NO,DR. ___
NEWTON,UNITS OF MEASURE
SUNDIAL,TIMEKEEPING DEVICES
PIXIE,HAIRSTYLES
HERTZ,UNITS OF MEASURE
HOURGLASS,TIMEKEEPING DEVICES
SHAG,HAIRSTYLES
J,DR. ___
AVIATOR,SUNGLASSES
FLUTE,WOODWINDS
MONK,SEALS
LID,COVERINGS
HARBOR,SEALS
HARP,SEALS
CLARINET,WOODWINDS
CAT EYE,SUNGLASSES
TOP,COVERINGS
HOODED,SEALS
BASSOON,WOODWINDS
COVER,COVERINGS
OBOE,WOODWINDS
WAYFARER,SUNGLASSES
CAP,COVERINGS
WRAPAROUND,SUNGLASSES
FIJI,BOTTLED WATER BRANDS
MUD,SLANG FOR COFFEE
POP,CEREAL MASCOTS
PALAU,ISLAND COUNTRIES
JOE,SLANG FOR COFFEE
SAM,CEREAL MASCOTS
JAPAN,ISLAND COUNTRIES
BREW,SLANG FOR COFFEE
CUBA,ISLAND COUNTRIES
VOSS,BOTTLED WATER BRANDS
TONY,CEREAL MASCOTS
JAVA,SLANG FOR COFFEE
DASANI,BOTTLED WATER BRANDS
MALTA,ISLAND COUNTRIES
EVIAN,BOTTLED WATER BRANDS
LUCKY,CEREAL MASCOTS
DASH,RUN QUICKLY
MASK,SCUBA GEAR
JUNGLE,___ CAT
PERIOD,PUNCTUATION MARKS
HOUSE,___ CAT
HYPHEN,PUNCTUATION MARKS
SNORKEL,SCUBA GEAR
BOLT,RUN QUICKLY
FAT,___ CAT
TANK,SCUBA GEAR
COLON,PUNCTUATION MARKS
RACE,RUN QUICKLY
FINS,SCUBA GEAR
SPRINT,RUN QUICKLY
DOJA,___ CAT
COMMA,PUNCTUATION MARKS
CANARY,THINGS THAT ARE YELLOW
IRATE,SYNONYMS FOR ANGRY
LOST,___ BOYS
SCHOOL BUS,THINGS THAT ARE YELLOW
BEACH,___ BOYS
GULL,MARINE BIRDS
FURIOUS,SYNONYMS FOR ANGRY
BOOBY,MARINE BIRDS
BANANA,THINGS THAT ARE YELLOW
BEASTIE,___ BOYS
SUNFLOWER,THINGS THAT ARE YELLOW
LIVID,SYNONYMS FOR ANGRY
HARDY,___ BOYS
PELICAN,MARINE BIRDS
INCENSED,SYNONYMS FOR ANGRY
PUFFIN,MARINE BIRDS
SOLID,STATES OF MATTER
PASTE,EDIT MENU COMMANDS
SLATE,ANAGRAMS
TRASH,DEFEAT BADLY
TESLA,ANAGRAMS
CUT,EDIT MENU COMMANDS
PLASMA,STATES OF MATTER
CRUSH,DEFEAT BADLY
GAS,STATES OF MATTER
SHELLAC,DEFEAT BADLY
STALE,ANAGRAMS
UNDO,EDIT MENU COMMANDS
COPY,EDIT MENU COMMANDS
LIQUID,STATES OF MATTER
ROUT,DEFEAT BADLY
LEAST,ANAGRAMS
PLANE,MODES OF TRANSPORTATION
SUN,NBA PLAYERS
DAY,BAND NAMES MINUS COLORS
THUNDER,NBA PLAYERS
SONIC,FAST FOOD CHAINS
BOAT,MODES OF TRANSPORTATION
STRIPES,BAND NAMES MINUS COLORS
CHECKERS,FAST FOOD CHAINS
CAR,MODES OF TRANSPORTATION
SUBWAY,FAST FOOD CHAINS
FLOYD,BAND NAMES MINUS COLORS
TRAIN,MODES OF TRANSPORTATION
OUTBACK,FAST FOOD CHAINS
KING,NBA PLAYERS
SABBATH,BAND NAMES MINUS COLORS
MAGIC,NBA PLAYERS
HURRICANE,COCKTAILS
CYCLONE,STORMS
CHICAGO,MOVIE TITLE CITIES
W,FASHION MAGAZINES
MANHATTAN,COCKTAILS
GLAMOUR,FASHION MAGAZINES
TORNADO,STORMS
PHILADELPHIA,MOVIE TITLE CITIES
COSMOPOLITAN,COCKTAILS
SQUALL,STORMS
ALLURE,FASHION MAGAZINES
SCREWDRIVER,COCKTAILS
RIO,MOVIE TITLE CITIES
BLIZZARD,STORMS
MUNICH,MOVIE TITLE CITIES
ELLE,FASHION MAGAZINES
TREE,YOGA POSES
GECKO,LIZARDS
FOREST,BIOMES
GO,DANCES WHEN DOUBLED
MONITOR,LIZARDS
DESERT,BIOMES
LOTUS,YOGA POSES
CAN,DANCES WHEN DOUBLED
IGUANA,LIZARDS
CHA,DANCES WHEN DOUBLED
TUNDRA,BIOMES
COBRA,YOGA POSES
GRASSLAND,BIOMES
WARRIOR,YOGA POSES
NAE,DANCES WHEN DOUBLED
CHAMELEON,LIZARDS
RIB,SYNONYMS FOR BOTHER
SPECTER,APPARITIONS
TWEED,FABRICS
SCAR,DISNEY CHARACTERS
SPIRIT,APPARITIONS
BEAST,DISNEY CHARACTERS
NEEDLE,SYNONYMS FOR BOTHER
LINEN,FABRICS
STITCH,DISNEY CHARACTERS
POKE,SYNONYMS FOR BOTHER
DENIM,FABRICS
GENIE,DISNEY CHARACTERS
CORDUROY,FABRICS
GHOST,APPARITIONS
TEASE,SYNONYMS FOR BOTHER
PHANTOM,APPARITIONS
DAISY,DISNEY DUCKS
AUNT,RELATIVES
ALARM,___ CLOCK
QUIRKY,SYNONYMS FOR OFFBEAT
SCROOGE,DISNEY DUCKS
GRANDFATHER,___ CLOCK
KOOKY,SYNONYMS FOR OFFBEAT
BIOLOGICAL,___ CLOCK
NEPHEW,RELATIVES
DAFFY,SYNONYMS FOR OFFBEAT
CUCKOO,___ CLOCK
MOTHER,RELATIVES
DEWEY,DISNEY DUCKS
WACKY,SYNONYMS FOR OFFBEAT
COUSIN,RELATIVES
DONALD,DISNEY DUCKS
OIL,TYPES OF PAINT
FOOT,UNITS OF LENGTH
SAMOSA,DEEP-FRIED FOOD
DIM,STARTS OF U.S. COINS
QUART,STARTS OF U.S. COINS
KATSU,DEEP-FRIED FOOD
MILE,UNITS OF LENGTH
WATERCOLOR,TYPES OF PAINT
PEN,STARTS OF U.S. COINS
INCH,UNITS OF LENGTH
ACRYLIC,TYPES OF PAINT
FALAFEL,DEEP-FRIED FOOD
YARD,UNITS OF LENGTH
NICK,STARTS OF U.S. COINS
SCHNITZEL,DEEP-FRIED FOOD
TEMPERA,TYPES OF PAINT
MATCH,DATING APPS
HERO,LONG SANDWICHES
BLADE,VAMPIRE MOVIES
DRIVER,ADAMS
GRINDER,LONG SANDWICHES
SCOTT,ADAMS
HINGE,DATING APPS
TWILIGHT,VAMPIRE MOVIES
WEST,ADAMS
TINDER,DATING APPS
ANT,ADAMS
SUB,LONG SANDWICHES
BUMBLE,DATING APPS
LOST BOYS,VAMPIRE MOVIES
HOAGIE,LONG SANDWICHES
NEAR DARK,VAMPIRE MOVIES
RAT,RODENTS
HORN,MUSICAL INSTRUMENTS
SPEAKER,COMPUTER EQUIPMENT
TRIANGLE,MUSICAL INSTRUMENTS
CARP,SYNONYMS FOR COMPLAIN
HARP,MUSICAL INSTRUMENTS
ORGAN,MUSICAL INSTRUMENTS
VOLE,RODENTS
GROUSE,SYNONYMS FOR COMPLAIN
HAMSTER,RODENTS
MOUSE,COMPUTER EQUIPMENT
MONITOR,COMPUTER EQUIPMENT
KEYBOARD,COMPUTER EQUIPMENT
MOAN,SYNONYMS FOR COMPLAIN
GERBIL,RODENTS
GRIPE,SYNONYMS FOR COMPLAIN
HIGH,STONED
PRIDE,ANIMAL GROUP NAMES
CLASS,TAXONOMY RANKS
GOV,AP CLASSES
ORDER,TAXONOMY RANKS
CHEM,AP CLASSES
LIT,STONED
FAMILY,TAXONOMY RANKS
SWARM,ANIMAL GROUP NAMES
DOMAIN,TAXONOMY RANKS
BIO,AP CLASSES
COLONY,ANIMAL GROUP NAMES
BAKED,STONED
STATS,AP CLASSES
HERD,ANIMAL GROUP NAMES
BLAZED,STONED
TOM,CARTOON CATS
ROCKY,___ ROAD
TEMPLE,PLACES FOR WORSHIP
HARRY,PRESIDENTIAL FIRST NAMES
HIGH,___ ROAD
ALTAR,PLACES FOR WORSHIP
SYLVESTER,CARTOON CATS
GROVER,PRESIDENTIAL FIRST NAMES
SILK,___ ROAD
CALVIN,PRESIDENTIAL FIRST NAMES
ABBEY,___ ROAD
GARFIELD,CARTOON CATS
CHESTER,PRESIDENTIAL FIRST NAMES
RELIQUARY,PLACES FOR WORSHIP
FELIX,CARTOON CATS
SHRINE,PLACES FOR WORSHIP
VIOLA,SHAKESPEARE CHARACTERS
TOP,CLASSIC TOYS
GIGGLE,WORDS WITH THREE G’S
MEMORY,___ STICK
EGGNOG,WORDS WITH THREE G’S
BLOCKS,CLASSIC TOYS
SELFIE,___ STICK
PUCK,SHAKESPEARE CHARACTERS
DOLL,CLASSIC TOYS
HOCKEY,___ STICK
DUNCAN,SHAKESPEARE CHARACTERS
LEGGINGS,WORDS WITH THREE G’S
JULIET,SHAKESPEARE CHARACTERS
BAGGAGE,WORDS WITH THREE G’S
YO-YO,CLASSIC TOYS
FISH,___ STICK
PINCH,TOUCHSCREEN GESTURES
SALSA,DANCES
SAVAGE,RAPPERS MINUS NUMBERS
BREAKOUT,CLASSIC ARCADE GAMES
CENT,RAPPERS MINUS NUMBERS
SWIPE,TOUCHSCREEN GESTURES
SWING,DANCES
TAP,TOUCHSCREEN GESTURES
ASTEROIDS,CLASSIC ARCADE GAMES
PAC,RAPPERS MINUS NUMBERS
PONG,CLASSIC ARCADE GAMES
HUSTLE,DANCES
TANGO,DANCES
SPREAD,TOUCHSCREEN GESTURES
CHAINZ,RAPPERS MINUS NUMBERS
FROGGER,CLASSIC ARCADE GAMES
KISS,CANDY PIECES
ROMANCE,MOVIE GENRES
STRIPES,PATTERNS
FICTION,SYNONYMS FOR FALSEHOOD
PAISLEY,PATTERNS
HORROR,MOVIE GENRES
DOT,CANDY PIECES
LIE,SYNONYMS FOR FALSEHOOD
MUSICAL,MOVIE GENRES
WHOPPER,CANDY PIECES
PLAID,PATTERNS
FIB,SYNONYMS FOR FALSEHOOD
GOOBER,CANDY PIECES
TALE,SYNONYMS FOR FALSEHOOD
WESTERN,MOVIE GENRES
HOUNDSTOOTH,PATTERNS
BLADE,SUPERHEROES
CATFISH,MTV SHOWS
TICK,ARACHNIDS
CHAR,FISH
STATE,MTV SHOWS
EEL,FISH
STORM,SUPERHEROES
FLASH,SUPERHEROES
BLACK WIDOW,SUPERHEROES
JACKASS,MTV SHOWS
PERCH,FISH
SCORPION,ARACHNIDS
MITE,ARACHNIDS
SHARK,FISH
SPIDER,ARACHNIDS
CRIBS,MTV SHOWS
MOON,CELESTIAL OBJECTS
GLOBE,NEWSPAPERS
,UNSPECIFIED QUANTITIES
LYME,FRUIT HOMOPHONES
FEW,UNSPECIFIED QUANTITIES
PAIR,FRUIT HOMOPHONES
POST,NEWSPAPERS
COMET,CELESTIAL OBJECTS
PLUMB,FRUIT HOMOPHONES
HANDFUL,UNSPECIFIED QUANTITIES
SUN,NEWSPAPERS
PLANET,CELESTIAL OBJECTS
JOURNAL,NEWSPAPERS
MELLON,FRUIT HOMOPHONES
ASTEROID,CELESTIAL OBJECTS
SEVERAL,UNSPECIFIED QUANTITIES
DIAMOND,SPORTS VENUES
PENDANT,JEWELRY
CHARM,MAKE HAPPY
SAW,HORROR FRANCHISES
PLEASE,MAKE HAPPY
COURT,SPORTS VENUES
SCREAM,HORROR FRANCHISES
TICKLE,MAKE HAPPY
BANGLE,JEWELRY
RING,HORROR FRANCHISES
FIELD,SPORTS VENUES
DELIGHT,MAKE HAPPY
PURGE,HORROR FRANCHISES
ANKLET,JEWELRY
RINK,SPORTS VENUES
BROOCH,JEWELRY
BARBIE,AUSTRALIAN TERMS
OPPENHEIMER,THEORETICAL PHYSICISTS
MATCH,___ POINT
GENIUS,TALENT
WEST,___ POINT
BUSH,AUSTRALIAN TERMS
SELLING,___ POINT
HAWKING,THEORETICAL PHYSICISTS
FACULTY,TALENT
EINSTEIN,THEORETICAL PHYSICISTS
MATE,AUSTRALIAN TERMS
MOOT,___ POINT
CRIKEY,AUSTRALIAN TERMS
GIFT,TALENT
FEYNMAN,THEORETICAL PHYSICISTS
FLAIR,TALENT
MA,STATE ABBREVIATIONS
LA,MUSICAL NOTES
,PERIODIC TABLE SYMBOLS
NU,GREEK LETTERS
PI,GREEK LETTERS
NI,PERIODIC TABLE SYMBOLS
TI,MUSICAL NOTES
HE,PERIODIC TABLE SYMBOLS
FA,MUSICAL NOTES
XI,GREEK LETTERS
PA,STATE ABBREVIATIONS
FE,PERIODIC TABLE SYMBOLS
DO,MUSICAL NOTES
CO,STATE ABBREVIATIONS
MU,GREEK LETTERS
ME,STATE ABBREVIATIONS
JACK,SLANG FOR ZERO
PRESS,GYM EXERCISES
PLANET,“CAPTAINS”
BUTTON,FASTENING VERBS
PLANK,GYM EXERCISES
SQUAT,SLANG FOR ZERO
SNAP,FASTENING VERBS
OBVIOUS,“CAPTAINS”
CRUNCH,“CAPTAINS”
BUCKLE,FASTENING VERBS
NOTHING,SLANG FOR ZERO
CURL,GYM EXERCISES
ZIP,FASTENING VERBS
KANGAROO,“CAPTAINS”
LUNGE,GYM EXERCISES
NADA,SLANG FOR ZERO
CATCH,PERCEIVE
SPOT,CLASSIC DOG NAMES
BONE,T-___
LUCKY,CLASSIC DOG NAMES
SEE,PERCEIVE
SHIRT,T-___
FLY,FISHING TERMS
STORM,T-___
CHUM,FISHING TERMS
NOTICE,PERCEIVE
REX,T-___
BAIT,FISHING TERMS
FIDO,CLASSIC DOG NAMES
SINKER,FISHING TERMS
OBSERVE,PERCEIVE
ROVER,CLASSIC DOG NAMES
JUICE,ENERGY
WATER,CLASSICAL ELEMENTS
TREE,THINGS WITH RINGS
EARTH,CLASSICAL ELEMENTS
GAS,STATES OF MATTER
CIRCUS,THINGS WITH RINGS
STEAM,ENERGY
LIQUID,STATES OF MATTER
SATURN,THINGS WITH RINGS
FIRE,CLASSICAL ELEMENTS
SOLID,STATES OF MATTER
SPIRIT,ENERGY
PLASMA,STATES OF MATTER
VIGOR,ENERGY
AIR,CLASSICAL ELEMENTS
WEDDING,THINGS WITH RINGS
ROSE,ONE IN A DOZEN
CLOSE,PAINTERS
BACON,PAINTERS
YEAR,TIME PERIODS
PANCAKE,BREAKFAST FOODS
MONTH,ONE IN A DOZEN
MUNCH,PAINTERS
EGG,ONE IN A DOZEN
DECADE,TIME PERIODS
CEREAL,BREAKFAST FOODS
CENTURY,TIME PERIODS
OMELET,BREAKFAST FOODS
WHISTLER,PAINTERS
MILLENNIUM,TIME PERIODS
JUROR,ONE IN A DOZEN
WAFFLE,BREAKFAST FOODS
FUDGE,ALTER DECEPTIVELY
MEAL,SQUARE ___
COBBLER,DESSERTS
SMITH,OCCUPATIONAL SURNAMES
PIE,DESSERTS
DOCTOR,ALTER DECEPTIVELY
ROOT,SQUARE ___
TWIST,ALTER DECEPTIVELY
DANCE,SQUARE ___
ONE,SQUARE ___
FISHER,OCCUPATIONAL SURNAMES
TART,DESSERTS
MASON,OCCUPATIONAL SURNAMES
CAKE,DESSERTS
DISTORT,ALTER DECEPTIVELY
MILLER,OCCUPATIONAL SURNAMES
PINT,UNITS OF VOLUME
REAL,WORLD CURRENCIES
CARROT,___ CAKE
AWFUL,EXTREMELY
SPONGE,___ CAKE
CUP,UNITS OF VOLUME
WON,WORLD CURRENCIES
SUPER,EXTREMELY
GALLON,UNITS OF VOLUME
COFFEE,___ CAKE
VERY,EXTREMELY
POUND,___ CAKE
RAND,WORLD CURRENCIES
QUITE,EXTREMELY
QUART,UNITS OF VOLUME
STERLING,WORLD CURRENCIES
BUD,FRIEND
PUMP,SHOES
CROCK,COOKWEAR
HERB,SLANG FOR CANNABIS
POT,COOKWEAR
MATE,FRIEND
WEDGE,SHOES
GRASS,SLANG FOR CANNABIS
WOK,COOKWEAR
MARY JANE,SLANG FOR CANNABIS
CHUM,FRIEND
SLIDE,SHOES
CLOG,SHOES
PAL,FRIEND
SKILLET,COOKWEAR
WEED,SLANG FOR CANNABIS
MINUTE,TINY
DIG,INSULT
MEAL,HAPPY ___
COOLER,CAMPING SUPPLIES
HOUR,HAPPY ___
TENT,CAMPING SUPPLIES
SLIGHT,TINY
MEDIUM,HAPPY ___
SMALL,TINY
BARB,INSULT
CAMPER,HAPPY ___
LANTERN,CAMPING SUPPLIES
JAB,INSULT
SLEEPING BAG,CAMPING SUPPLIES
DISS,INSULT
WEE,TINY
CRUSH,SODA BRANDS
UTAH,U.S. MOUNTAIN STATES
RUSH,CLASSIC ROCK BANDS
HAWK,TONY ___
MONTANA,TONY ___
MUG,SODA BRANDS
ARIZONA,U.S. MOUNTAIN STATES
GENESIS,CLASSIC ROCK BANDS
SQUIRT,SODA BRANDS
STARK,TONY ___
YES,CLASSIC ROCK BANDS
COLORADO,U.S. MOUNTAIN STATES
KANSAS,CLASSIC ROCK BANDS
SPRITE,SODA BRANDS
NEVADA,U.S. MOUNTAIN STATES
SOPRANO,TONY ___
HEART,SEEN ON VALENTINE’S DAY
COMET,SANTA’S REINDEER
TASTE,“BAD ___” MOVIES
SINGER,PERFORMING ARTISTS
SANTA,“BAD ___” MOVIES
CUPID,SANTA’S REINDEER
CARD,SEEN ON VALENTINE’S DAY
DANCER,PERFORMING ARTISTS
ROSE,SEEN ON VALENTINE’S DAY
BOYS,“BAD ___” MOVIES
STAND-UP,PERFORMING ARTISTS
VIXEN,SANTA’S REINDEER
LIEUTENANT,“BAD ___” MOVIES
ACTOR,PERFORMING ARTISTS
DASHER,SANTA’S REINDEER
CHOCOLATE,SEEN ON VALENTINE’S DAY
SHADOW,THINGS THAT ARE CAST
GEAR,BIKE PARTS
DOG,PURSUE
BEARD,FACIAL HAIR
HANDLEBAR,BIKE PARTS
TRACK,PURSUE
GOATEE,FACIAL HAIR
VOTE,THINGS THAT ARE CAST
TAIL,PURSUE
MOVIE,THINGS THAT ARE CAST
WHEEL,BIKE PARTS
DOUBT,THINGS THAT ARE CAST
MUSTACHE,FACIAL HAIR
PEDAL,BIKE PARTS
FOLLOW,PURSUE
STUBBLE,FACIAL HAIR
MASTODON,EXTINCT ANIMALS
X,KISS
SMACK,KISS
THREADS,SLANG FOR CLOTHES
BUSTS,FAILURES
PECK,KISS
DODO,EXTINCT ANIMALS
DUDS,SLANG FOR CLOTHES
SMOOCH,KISS
MAMMOTH,EXTINCT ANIMALS
OUTFIT,SLANG FOR CLOTHES
FLOPS,FAILURES
MISSES,FAILURES
GETUP,SLANG FOR CLOTHES
TURKEYS,FAILURES
TRILOBITE,EXTINCT ANIMALS
MIXER,FOUND IN A KITCHEN
WHALE,“PINOCCHIO” FIGURES
ISLAND,EASTER ___
BASH,SOCIAL GATHERING
BUNNY,EASTER ___
PARTY,SOCIAL GATHERING
RANGE,FOUND IN A KITCHEN
PUPPET,“PINOCCHIO” FIGURES
BLOWOUT,SOCIAL GATHERING
EGG,EASTER ___
CRICKET,“PINOCCHIO” FIGURES
COUNTER,FOUND IN A KITCHEN
SINK,FOUND IN A KITCHEN
WOODCARVER,“PINOCCHIO” FIGURES
SUNDAY,EASTER ___
SHINDIG,SOCIAL GATHERING
PARIS,FIGURES IN GREEK MYTH
STYLE,NEWSPAPER SECTIONS
FOXY,FIRST WORDS IN RAPPERS’ NAMES
TROUBLE,BOARD GAMES
KILLER,FIRST WORDS IN RAPPERS’ NAMES
RISK,BOARD GAMES
NATIONAL,NEWSPAPER SECTIONS
GUCCI,FIRST WORDS IN RAPPERS’ NAMES
BUSINESS,NEWSPAPER SECTIONS
ATLAS,FIGURES IN GREEK MYTH
SORRY,BOARD GAMES
NIKE,FIGURES IN GREEK MYTH
HERMES,FIGURES IN GREEK MYTH
TABOO,BOARD GAMES
OPINION,NEWSPAPER SECTIONS
NOTORIOUS,FIRST WORDS IN RAPPERS’ NAMES
TOM,DRUM SET COMPONENTS
INFANT,ASSOCIATED WITH “CRAWL”
DRIVER,GOLF TERMS
WING,PIECES OF CHICKEN
PUB,ASSOCIATED WITH “CRAWL”
EAGLE,GOLF TERMS
TENDER,PIECES OF CHICKEN
SNARE,DRUM SET COMPONENTS
CYMBAL,DRUM SET COMPONENTS
SWIMMING,ASSOCIATED WITH “CRAWL”
STROKE,GOLF TERMS
TICKER,ASSOCIATED WITH “CRAWL”
BREAST,PIECES OF CHICKEN
KICK,DRUM SET COMPONENTS
HOLE,GOLF TERMS
DRUMSTICK,PIECES OF CHICKEN
TOP TEN,___ LIST
WAVE,GREETING GESTURES
RACKET,SCAM
GUEST,___ LIST
SHAKE,GREETING GESTURES
CLOUD NINE,STATES OF ELATION
BUCKET,___ LIST
BLISS,STATES OF ELATION
HUSTLE,SCAM
WISH,___ LIST
HIGH FIVE,GREETING GESTURES
CON,SCAM
HEAVEN,STATES OF ELATION
HUG,GREETING GESTURES
PARADISE,STATES OF ELATION
FAST ONE,SCAM
JET,SHADES OF BLACK
FOX,ANIMALS THAT END WITH “X”
BOOK,DEPART QUICKLY
ONYX,SHADES OF BLACK
LYNX,ANIMALS THAT END WITH “X”
ASH,WORDS BEFORE DAYS OF THE WEEK
BLACK,WORDS BEFORE DAYS OF THE WEEK
BOUNCE,DEPART QUICKLY
CYBER,WORDS BEFORE DAYS OF THE WEEK
ORYX,ANIMALS THAT END WITH “X”
RUN,DEPART QUICKLY
RAVEN,SHADES OF BLACK
EBONY,SHADES OF BLACK
SPLIT,DEPART QUICKLY
FAT,WORDS BEFORE DAYS OF THE WEEK
IBEX,ANIMALS THAT END WITH “X”
SWING,PLAYGROUND FIXTURES
TIMES,FONTS
EYE,EGYPTIAN SYMBOLS
IMPACT,FONTS
WEIGHT,INFLUENCE
PAPYRUS,FONTS
SLIDE,PLAYGROUND FIXTURES
PULL,INFLUENCE
SCARAB,EGYPTIAN SYMBOLS
SEESAW,PLAYGROUND FIXTURES
SWAY,INFLUENCE
CROOK,EGYPTIAN SYMBOLS
CLOUT,INFLUENCE
COURIER,FONTS
ANKH,EGYPTIAN SYMBOLS
SANDBOX,PLAYGROUND FIXTURES
CHIP,MAR
APPLE,___JACK
FRY,APPETIZER UNIT
RIGHT,RESPONSE TO A CORRECT ANSWER
CRACKER,___JACK
WING,APPETIZER UNIT
DING,MAR
FLAP,___JACK
BINGO,RESPONSE TO A CORRECT ANSWER
SCRATCH,MAR
NACHO,APPETIZER UNIT
YES,RESPONSE TO A CORRECT ANSWER
NICK,MAR
LUMBER,___JACK
CORRECT,RESPONSE TO A CORRECT ANSWER
POPPER,APPETIZER UNIT
FLUTE,WOODWINDS
COFFEE,CONSECUTIVE DOUBLE LETTERS
POUND,AMERICAN POETS
OBOE,WOODWINDS
STEIN,DRINK VESSELS
FRICASSEE,CONSECUTIVE DOUBLE LETTERS
BISHOP,AMERICAN POETS
TUMBLER,DRINK VESSELS
BASSOON,CONSECUTIVE DOUBLE LETTERS
FROST,AMERICAN POETS
GOBLET,DRINK VESSELS
CLARINET,WOODWINDS
OLDS,AMERICAN POETS
SNIFTER,DRINK VESSELS
SAXOPHONE,WOODWINDS
BALLOON,CONSECUTIVE DOUBLE LETTERS
BUN,BAKED GOODS
SNAP,AMERICAN FOOTBALL ACTIONS
CLIP,MANICURE STEPS
BARE,AU NATUREL
BUFF,MANICURE STEPS
MUFFIN,BAKED GOODS
POLISH,MANICURE STEPS
SACK,AMERICAN FOOTBALL ACTIONS
DANISH,BAKED GOODS
NUDE,AU NATUREL
FUMBLE,AMERICAN FOOTBALL ACTIONS
TURNOVER,BAKED GOODS
NAKED,AU NATUREL
PUNT,AMERICAN FOOTBALL ACTIONS
FILE,MANICURE STEPS
UNCLAD,AU NATUREL
I,PRONOUNS
L,ROMAN NUMERALS
U,HOMOPHONES
V,ROMAN NUMERALS
YOU,HOMOPHONES
WE,PRONOUNS
D,ROMAN NUMERALS
DOE,FEMALE ANIMALS
M,ROMAN NUMERALS
EWE,HOMOPHONES
HEN,FEMALE ANIMALS
IT,PRONOUNS
COW,FEMALE ANIMALS
THEY,PRONOUNS
YEW,HOMOPHONES
MARE,FEMALE ANIMALS
PARK,AUTOMATIC TRANSMISSION SETTINGS
FOLDING,___ CHAIR
GEAR,THINGS WITH TEETH
BRUSH,PAINTING ACCESSORIES
HIGH,___ CHAIR
COMB,THINGS WITH TEETH
NEUTRAL,AUTOMATIC TRANSMISSION SETTINGS
LAWN,___ CHAIR
CANVAS,PAINTING ACCESSORIES
DRIVE,AUTOMATIC TRANSMISSION SETTINGS
SAW,THINGS WITH TEETH
FIRST,___ CHAIR
ZIPPER,THINGS WITH TEETH
EASEL,PAINTING ACCESSORIES
REVERSE,AUTOMATIC TRANSMISSION SETTINGS
PALETTE,PAINTING ACCESSORIES
TURKEY,THANKSGIVING FOOD
MAP,INFORMATION DISPLAYS
EXTRA,ADDITIONAL BENEFIT
SATISFACTION,SONG TITLES WITH PARENTHESES
ICING,ADDITIONAL BENEFIT
PIE,THANKSGIVING FOOD
CHART,INFORMATION DISPLAYS
GRAVY,THANKSGIVING FOOD
ISTANBUL,SONG TITLES WITH PARENTHESES
GRAPH,INFORMATION DISPLAYS
I RAN,SONG TITLES WITH PARENTHESES
BONUS,ADDITIONAL BENEFIT
DIAGRAM,INFORMATION DISPLAYS
MONTERO,SONG TITLES WITH PARENTHESES
PERK,ADDITIONAL BENEFIT
STUFFING,THANKSGIVING FOOD
LEAF,FLOWER PARTS
HORSE,CHINESE ZODIAC ANIMALS
GNOME,CREATURES IN FOLKLORE
MOLE,ONE INVOLVED IN ESPIONAGE
DRAGON,CHINESE ZODIAC ANIMALS
STALK,FLOWER PARTS
SPY,ONE INVOLVED IN ESPIONAGE
TROLL,CREATURES IN FOLKLORE
PLANT,ONE INVOLVED IN ESPIONAGE
GOBLIN,CREATURES IN FOLKLORE
RABBIT,CHINESE ZODIAC ANIMALS
PETAL,FLOWER PARTS
OGRE,CREATURES IN FOLKLORE
AGENT,ONE INVOLVED IN ESPIONAGE
BUD,FLOWER PARTS
TIGER,CHINESE ZODIAC ANIMALS
FURY,MAD MAX FURY ROAD
HORROR,ROCKY HORROR PICTURE SHOW
HARRY,WHEN HARRY MET SALLY
ROGER,WHO FRAMED ROGER RABBIT
MET,WHEN HARRY MET SALLY
MAX,MAD MAX FURY ROAD
WHO,WHO FRAMED ROGER RABBIT
MAD,MAD MAX FURY ROAD
PICTURE,ROCKY HORROR PICTURE SHOW
FRAMED,WHO FRAMED ROGER RABBIT
ROAD,MAD MAX FURY ROAD
SHOW,ROCKY HORROR PICTURE SHOW
RABBIT,WHO FRAMED ROGER RABBIT
WHEN,WHEN HARRY MET SALLY
ROCKY,ROCKY HORROR PICTURE SHOW
SALLY,WHEN HARRY MET SALLY
SOUL,INHERENT NATURE
SCOTCH,___ TAPE
STOUT,FERMENTED ALCOHOLIC BEVERAGES
BRAVE,PIXAR MOVIES
RED,___ TAPE
HEART,INHERENT NATURE
UP,PIXAR MOVIES
SPIRIT,INHERENT NATURE
TICKER,___ TAPE
SAKE,FERMENTED ALCOHOLIC BEVERAGES
DEMO,___ TAPE
PORT,FERMENTED ALCOHOLIC BEVERAGES
CARS,PIXAR MOVIES
ESSENCE,INHERENT NATURE
CIDER,FERMENTED ALCOHOLIC BEVERAGES
COCO,PIXAR MOVIES
SMELT,FISH THAT ARE VERBS
OUT,BASEBALL CALLS
WALK,SILENT “L”
OVEN,HEAT SOURCES
YOLK,SILENT “L”
CARP,FISH THAT ARE VERBS
FORGE,HEAT SOURCES
BALL,BASEBALL CALLS
CATFISH,FISH THAT ARE VERBS
SAFE,BASEBALL CALLS
SALMON,SILENT “L”
KILN,HEAT SOURCES
COLONEL,SILENT “L”
FURNACE,HEAT SOURCES
STRIKE,BASEBALL CALLS
FLOUNDER,FISH THAT ARE VERBS
JAGUAR,AMAZON ANIMALS
COMPANY,MUSICALS
BOTTOM,LOWEST POINT
LEGS,SEA ___
FOOT,LOWEST POINT
LION,SEA ___
TOUCAN,AMAZON ANIMALS
HAIR,MUSICALS
CUCUMBER,SEA ___
FOUNDATION,LOWEST POINT
GREASE,MUSICALS
ANACONDA,AMAZON ANIMALS
RENT,MUSICALS
CAPYBARA,AMAZON ANIMALS
BASE,LOWEST POINT
CHANGE,SEA ___
BELL,SLOT MACHINE SYMBOLS
24,TV SHOWS
BAT,HALLOWEEN DECORATIONS
7,SLOT MACHINE SYMBOLS
2001,NUMBERS IN BOOK TITLES
TOMBSTONE,HALLOWEEN DECORATIONS
BONES,TV SHOWS
22,NUMBERS IN BOOK TITLES
FIREFLY,TV SHOWS
"20,000",NUMBERS IN BOOK TITLES
CHERRY,SLOT MACHINE SYMBOLS
PUMPKIN,HALLOWEEN DECORATIONS
451,NUMBERS IN BOOK TITLES
COBWEB,HALLOWEEN DECORATIONS
WEEDS,TV SHOWS
BAR,SLOT MACHINE SYMBOLS
BARK,TREE FEATURES
DIRT,INSIDE INFO
TEA,HOT DRINKS
ROOT,TREE FEATURES
BUZZ,ANIMAL SOUNDS
COFFEE,HOT DRINKS
DISH,INSIDE INFO
SKINNY,INSIDE INFO
TRUNK,TREE FEATURES
MEOW,ANIMAL SOUNDS
COCOA,HOT DRINKS
SCOOP,INSIDE INFO
OINK,ANIMAL SOUNDS
CHAI,HOT DRINKS
CLUCK,ANIMAL SOUNDS
BRANCH,TREE FEATURES
NOPE,ANAGRAMS
BEANIE,___ BABY
US,PRONOUNS
OPEN,ANAGRAMS
FUR,___ BABY
GET OUT,“SKEDADDLE!”
YOU,PRONOUNS
SANTA,___ BABY
PEON,ANAGRAMS
THEM,PRONOUNS
GO,“SKEDADDLE!”
PONE,ANAGRAMS
LEAVE,“SKEDADDLE!”
NEPO,___ BABY
ME,PRONOUNS
SCRAM,“SKEDADDLE!”
IRIS,EYE PARTS
OUT,RADIO LINGO
FAKE,COUNTERFEIT
MICHELLE,SONGS THAT ARE NAMES
COPY,RADIO LINGO
STAN,SONGS THAT ARE NAMES
ROGER,RADIO LINGO
BOGUS,COUNTERFEIT
LENS,EYE PARTS
OVER,RADIO LINGO
LOLA,SONGS THAT ARE NAMES
PUPIL,EYE PARTS
SHAM,COUNTERFEIT
ALEJANDRO,SONGS THAT ARE NAMES
RETINA,EYE PARTS
PHONY,COUNTERFEIT
FLOOR,GYMNASTICS APPARATUS
SHINE,EMIT LIGHT
CUTIE,WORDS THAT SOUND LIKE TWO LETTERS
COW,BOVIDS
GLOW,EMIT LIGHT
SEEDY,WORDS THAT SOUND LIKE TWO LETTERS
HORSE,GYMNASTICS APPARATUS
BEAM,EMIT LIGHT
EXCEL,WORDS THAT SOUND LIKE TWO LETTERS
GOAT,BOVIDS
VAULT,GYMNASTICS APPARATUS
ENVY,WORDS THAT SOUND LIKE TWO LETTERS
BUFFALO,BOVIDS
RINGS,GYMNASTICS APPARATUS
SHEEP,BOVIDS
RADIATE,EMIT LIGHT
WOODSTOCK,“PEANUTS” CHARACTERS
GAMBIT,CHESS TERMS
NEW YORK,I LOVE ___
GIANT,FAIRY TALE FIGURES
QUEEN,CHESS TERMS
ROCK 'N ROLL,I LOVE ___
WOLF,FAIRY TALE FIGURES
CHARLIE,“PEANUTS” CHARACTERS
YOU,I LOVE ___
PEPPERMINT PATTY,“PEANUTS” CHARACTERS
MATE,CHESS TERMS
PRINCESS,FAIRY TALE FIGURES
PIGPEN,“PEANUTS” CHARACTERS
WITCH,FAIRY TALE FIGURES
LUCY,I LOVE ___
BISHOP,CHESS TERMS
SWANK,BEST ACTRESS OSCAR WINNERS
FIG,FRUITS
FRESH,WHAT “GREEN” MIGHT MEAN
GRAND,LUXURIOUS
LIME,FRUITS
STONE,BEST ACTRESS OSCAR WINNERS
ENVIOUS,WHAT “GREEN” MIGHT MEAN
FOSTER,BEST ACTRESS OSCAR WINNERS
DELUXE,LUXURIOUS
NAIVE,WHAT “GREEN” MIGHT MEAN
LAVISH,LUXURIOUS
APRICOT,FRUITS
GRAPE,FRUITS
OPULENT,LUXURIOUS
BERRY,BEST ACTRESS OSCAR WINNERS
UNWELL,WHAT “GREEN” MIGHT MEAN
SMART,TV SHOW TITLE SURNAMES
COWBOY,WESTERN TROPES
MARS,TV SHOW TITLE SURNAMES
LASSO,TV SHOW TITLE SURNAMES
FRONTIER,AIRLINES
SHARP,INTELLIGENT
SHERIFF,WESTERN TROPES
ALASKA,AIRLINES
QUICK,INTELLIGENT
SPIRIT,AIRLINES
BRIGHT,INTELLIGENT
OUTLAW,WESTERN TROPES
DRIFTER,WESTERN TROPES
CLEVER,INTELLIGENT
ROGERS,TV SHOW TITLE SURNAMES
SOUTHWEST,AIRLINES
LINK,CONNECTION
LAUNDRY,DIRTY ___
BUTTON,SHIRT FEATURES
WINDOW,WEB BROWSER-RELATED
COLLAR,SHIRT FEATURES
TAB,WEB BROWSER-RELATED
MARTINI,DIRTY ___
BOND,CONNECTION
RELATION,CONNECTION
JOKE,DIRTY ___
TIE,CONNECTION
HISTORY,WEB BROWSER-RELATED
CUFF,SHIRT FEATURES
BOOKMARK,WEB BROWSER-RELATED
POCKET,SHIRT FEATURES
DOZEN,DIRTY ___
EXTRA,REPLACEMENT
BALL,BOWLING
WON,NUMBER HOMOPHONES
MUG,COMMON SWAG ITEMS
PIN,BOWLING
COPY,REPLACEMENT
TOO,NUMBER HOMOPHONES
TEE,COMMON SWAG ITEMS
ATE,NUMBER HOMOPHONES
ALLEY,BOWLING
PEN,COMMON SWAG ITEMS
BACKUP,REPLACEMENT
SPARE,REPLACEMENT
TOTE,COMMON SWAG ITEMS
FOR,NUMBER HOMOPHONES
LANE,BOWLING
CHEF,RESTAURANT WORKERS
DOG,HAND- AND FOOT-RELATED SLANG
ANIMAL,MUPPETS
CAR,MOTOR VEHICLES
MITT,HAND- AND FOOT-RELATED SLANG
BUS,MOTOR VEHICLES
HOST,RESTAURANT WORKERS
SCOOTER,MUPPETS
TRUCK,MOTOR VEHICLES
DIGIT,HAND- AND FOOT-RELATED SLANG
BEAKER,MUPPETS
PIGGY,HAND- AND FOOT-RELATED SLANG
BARTENDER,RESTAURANT WORKERS
GONZO,MUPPETS
MOTORCYCLE,MOTOR VEHICLES
SERVER,RESTAURANT WORKERS
FLOAT,SODA FOUNTAIN ORDERS
STAR,___BOARD
FIRM,"SET, AS PLANS"
HOVER,___BOARD
SPLIT,M. NIGHT SHYAMALAN MOVIES
CONCRETE,"SET, AS PLANS"
SUNDAE,SODA FOUNTAIN ORDERS
GLASS,M. NIGHT SHYAMALAN MOVIES
KEY,___BOARD
SOLID,"SET, AS PLANS"
DASH,___BOARD
SHAKE,SODA FOUNTAIN ORDERS
OLD,M. NIGHT SHYAMALAN MOVIES
MALT,SODA FOUNTAIN ORDERS
SIGNS,M. NIGHT SHYAMALAN MOVIES
TANGIBLE,"SET, AS PLANS"
FALL,DECLINE
STRONG,ROBUST
SWIFT,WOMEN SINGERS
DROP,DECLINE
KEYS,WOMEN SINGERS
SPRING,WATER SOURCES
SOUND,ROBUST
SINK,DECLINE
FIT,ROBUST
DIP,DECLINE
SUMMER,WOMEN SINGERS
TAP,WATER SOURCES
FOUNTAIN,WATER SOURCES
NICKS,WOMEN SINGERS
HEALTHY,ROBUST
WELL,WATER SOURCES
CLEAVER,SITCOM FAMILIES
FISH,VERTEBRATES
PRINCESS,SUPER MARIO-RELATED
LADLE,KITCHEN UTENSILS
DINOSAUR,SUPER MARIO-RELATED
PARTRIDGE,SITCOM FAMILIES
BIRD,VERTEBRATES
MUSHROOM,SUPER MARIO-RELATED
REPTILE,VERTEBRATES
PLUMBER,SUPER MARIO-RELATED
WHISK,KITCHEN UTENSILS
TANNER,SITCOM FAMILIES
GRATER,KITCHEN UTENSILS
BUNKER,SITCOM FAMILIES
PEELER,KITCHEN UTENSILS
MAMMAL,VERTEBRATES
TRAIN,BRIDAL ACCESSORIES
COAT,“C” WORDS FOR “ENVELOP”
GRAM,SOCIAL MEDIA APP ENDINGS
MA,JACKS
BLACK,JACKS
BOOK,SOCIAL MEDIA APP ENDINGS
CAKE,“C” WORDS FOR “ENVELOP”
RING,BRIDAL ACCESSORIES
FROST,JACKS
BOUQUET,BRIDAL ACCESSORIES
TUBE,SOCIAL MEDIA APP ENDINGS
CRUST,“C” WORDS FOR “ENVELOP”
VEIL,BRIDAL ACCESSORIES
COVER,“C” WORDS FOR “ENVELOP”
IN,SOCIAL MEDIA APP ENDINGS
SPARROW,JACKS
GARTER,LINGERIE
BRIEF,SUMMARY
MONTY,FULL ___
PYTHON,SNAKES
DIGEST,SUMMARY
MOON,FULL ___
SLIP,LINGERIE
ABSTRACT,SUMMARY
THONG,LINGERIE
BOA,SNAKES
RUNDOWN,SUMMARY
CIRCLE,FULL ___
MAMBA,SNAKES
TEDDY,LINGERIE
HOUSE,FULL ___
VIPER,SNAKES
GUM,CANDY STORE TREATS
CONE,PRODUCED BY TREES
FOOL,TARGET OF A SCHEME
POTATO,THINGS WITH EYE(S)
POLLEN,PRODUCED BY TREES
MARK,TARGET OF A SCHEME
FACE,THINGS WITH EYE(S)
CHUMP,TARGET OF A SCHEME
SUCKER,TARGET OF A SCHEME
CHOCOLATE,CANDY STORE TREATS
NEEDLE,THINGS WITH EYE(S)
ACORN,PRODUCED BY TREES
LICORICE,CANDY STORE TREATS
SAP,PRODUCED BY TREES
LOLLIPOP,CANDY STORE TREATS
HURRICANE,THINGS WITH EYE(S)
FLASH,REFLECT LIGHT
DRILL,RAP SUBGENRES
FISH,WAYS TO GATHER FOOD
BULB,LIGHT ___
BEER,LIGHT ___
TRAP,WAYS TO GATHER FOOD
SPARKLE,REFLECT LIGHT
GRIME,RAP SUBGENRES
GLITTER,REFLECT LIGHT
YEAR,LIGHT ___
HUNT,WAYS TO GATHER FOOD
GLEAM,REFLECT LIGHT
FORAGE,WAYS TO GATHER FOOD
CRUNK,RAP SUBGENRES
RAIL,LIGHT ___
BOUNCE,RAP SUBGENRES
METAL,RECYCLING CATEGORIES
KEY,VERY IMPORTANT
ROCK,HUDSONS
TEMPO,WHAT “BEAT” MAY MEAN
HENRY,HUDSONS
TIRED,WHAT “BEAT” MAY MEAN
PAPER,RECYCLING CATEGORIES
CENTRAL,VERY IMPORTANT
ASSIGNMENT,WHAT “BEAT” MAY MEAN
VITAL,VERY IMPORTANT
JENNIFER,HUDSONS
DEFEAT,WHAT “BEAT” MAY MEAN
GLASS,RECYCLING CATEGORIES
KATE,HUDSONS
PLASTIC,RECYCLING CATEGORIES
CRITICAL,VERY IMPORTANT
SHY,INSUFFICIENT
HEART,PLAYING CARD SUITS
ACHE,YEARN
WOOD,GOLF CLUBS
LONG,YEARN
IRON,GOLF CLUBS
CLUB,PLAYING CARD SUITS
PINE,YEARN
DIAMOND,PLAYING CARD SUITS
SHORT,INSUFFICIENT
THIRST,YEARN
WEDGE,GOLF CLUBS
WANTING,INSUFFICIENT
SPADE,PLAYING CARD SUITS
PUTTER,GOLF CLUBS
LOW,INSUFFICIENT
STRAW,COFFEE COUNTER ITEMS
BALLPARK,___ FIGURE
BAT,NOCTURNAL ANIMALS
STICK,___ FIGURE
GO,___ FIGURE
OWL,NOCTURNAL ANIMALS
BRICK,THINGS THAT ARE RED
CUP,COFFEE COUNTER ITEMS
CARDINAL,THINGS THAT ARE RED
LID,COFFEE COUNTER ITEMS
ACTION,___ FIGURE
BEET,THINGS THAT ARE RED
WOLF,NOCTURNAL ANIMALS
POPPY,THINGS THAT ARE RED
MOTH,NOCTURNAL ANIMALS
STIRRER,COFFEE COUNTER ITEMS
DOG,“POINTERS”
BOW,WAYS TO SHOW RESPECT
CLOCK,IPHONE APPS
SHELL,ANIMAL COVERINGS
STAND,WAYS TO SHOW RESPECT
DOWN,ANIMAL COVERINGS
ARROW,“POINTERS”
NOTES,IPHONE APPS
MAIL,IPHONE APPS
SALUTE,WAYS TO SHOW RESPECT
SCALES,ANIMAL COVERINGS
FINGER,“POINTERS”
HINT,“POINTERS”
MAPS,IPHONE APPS
KNEEL,WAYS TO SHOW RESPECT
FUR,ANIMAL COVERINGS
SPEECH,___ BALLOON
PUMA,SNEAKER BRANDS
AFGHAN,LONG-HAIRED ANIMALS
WATER,___ BALLOON
LEAD,___ BALLOON
YAK,LONG-HAIRED ANIMALS
JORDAN,SNEAKER BRANDS
JABBER,PRATTLE ON
ANGORA,LONG-HAIRED ANIMALS
BLATHER,PRATTLE ON
CONVERSE,SNEAKER BRANDS
ALPACA,LONG-HAIRED ANIMALS
CHAT,PRATTLE ON
VANS,SNEAKER BRANDS
TRIAL,___ BALLOON
GAB,PRATTLE ON
SHOW,MAKE PUBLIC
DONUT,TORUS-SHAPED FOOD
STOCKING,CHRISTMAS-RELATED
TIGER,THINGS WITH STRIPES
LIFESAVER,TORUS-SHAPED FOOD
PRESENT,MAKE PUBLIC
CANDY CANE,THINGS WITH STRIPES
SNOWMAN,CHRISTMAS-RELATED
REINDEER,CHRISTMAS-RELATED
CHEERIO,TORUS-SHAPED FOOD
EXHIBIT,MAKE PUBLIC
REFEREE,THINGS WITH STRIPES
BAGEL,TORUS-SHAPED FOOD
DISPLAY,MAKE PUBLIC
CROSSWALK,THINGS WITH STRIPES
MISTLETOE,CHRISTMAS-RELATED
WING,DIVISION
STONE,IMPERIAL UNITS
FLEE,INSECT HOMOPHONES
ANGEL,M.L.B. TEAM MEMBER
PECK,IMPERIAL UNITS
BEATLE,INSECT HOMOPHONES
RED,M.L.B. TEAM MEMBER
AUNT,INSECT HOMOPHONES
CHAPTER,DIVISION
CUB,M.L.B. TEAM MEMBER
BRANCH,DIVISION
TON,IMPERIAL UNITS
BUSHEL,IMPERIAL UNITS
ARM,DIVISION
NAT,INSECT HOMOPHONES
MET,M.L.B. TEAM MEMBER
GAGA,LADY ___
HAHA,"LAUGHTER, IN A TEXT"
DECO,ART MOVEMENTS
HOOK,“PETER PAN” CHARACTERS
DADA,ART MOVEMENTS
NANA,“PETER PAN” CHARACTERS
POP,ART MOVEMENTS
LUCK,LADY ___
DEAD,"LAUGHTER, IN A TEXT"
GOTHIC,ART MOVEMENTS
MACBETH,LADY ___
LOL,"LAUGHTER, IN A TEXT"
PETER,“PETER PAN” CHARACTERS
BIRD,LADY ___
ROFL,"LAUGHTER, IN A TEXT"
WENDY,“PETER PAN” CHARACTERS
ROSE,IRREGULAR VERBS
AARON,RHYMES
HANNAH,PALINDROMES
MAY,IRREGULAR VERBS
KAREN,RHYMES
DALE,NATURAL FEATURES
WILL,IRREGULAR VERBS
NATAN,PALINDROMES
DREW,IRREGULAR VERBS
EVE,PALINDROMES
SHARON,RHYMES
CLIFF,NATURAL FEATURES
BROOK,NATURAL FEATURES
DARREN,RHYMES
SAVANNA,NATURAL FEATURES
OTTO,PALINDROMES
BATH,CITIES AND TOWNS IN ENGLAND
ROCK,___ OPERA
BARS,PHONE CONNECTIVITY
BIRTHDAY,CELEBRATORY OCCASIONS
SOAP,___ OPERA
RECEPTION,PHONE CONNECTIVITY
WEDDING,CELEBRATORY OCCASIONS
SANDWICH,CITIES AND TOWNS IN ENGLAND
ANNIVERSARY,CELEBRATORY OCCASIONS
COMIC,___ OPERA
DERBY,CITIES AND TOWNS IN ENGLAND
SHOWER,CELEBRATORY OCCASIONS
READING,CITIES AND TOWNS IN ENGLAND
SERVICE,PHONE CONNECTIVITY
MET,___ OPERA
SIGNAL,PHONE CONNECTIVITY
KETTLE,THINGS THAT WHISTLE
CORN,CROPS
NUMBER,SONG
NOODLE,SLANG FOR HEAD
TRAIN,THINGS THAT WHISTLE
CROWN,SLANG FOR HEAD
PEPPER,CROPS
BIRD,THINGS THAT WHISTLE
SINGLE,SONG
TOMATO,CROPS
REFEREE,THINGS THAT WHISTLE
TRACK,SONG
DOME,SLANG FOR HEAD
CUT,SONG
CUCUMBER,CROPS
MELON,SLANG FOR HEAD
NAP,POWER ___
JOB,BIBLE BOOKS
SOURCE,ORIGIN
PLANT,POWER ___
ACTS,BIBLE BOOKS
WILD,N.H.L. TEAMS
MARK,BIBLE BOOKS
STARS,N.H.L. TEAMS
GERM,ORIGIN
RANGER,POWER ___
GENESIS,ORIGIN
KRAKEN,N.H.L. TEAMS
TRIP,POWER ___
FLAMES,N.H.L. TEAMS
KINGS,BIBLE BOOKS
SEED,ORIGIN
CAN,CONDITIONAL WORDS
BUTCHER,___ PAPER
ACTION,FILM SET DIRECTIVES
LEAD,FOREMOST
PRIME,FOREMOST
CUT,FILM SET DIRECTIVES
WAX,___ PAPER
MAY,CONDITIONAL WORDS
TOILET,___ PAPER
TOP,FOREMOST
MIGHT,CONDITIONAL WORDS
CAMERA,FILM SET DIRECTIVES
HEAD,FOREMOST
LIGHTS,FILM SET DIRECTIVES
SCRAP,___ PAPER
COULD,CONDITIONAL WORDS
NOSE,THINGS THAT CAN RUN
CROWN,PARTS OF A WATCH
SWORD,WONDER WOMAN’S COSTUME
MASK,CONCEAL
DIAL,PARTS OF A WATCH
FAUCET,THINGS THAT CAN RUN
TIARA,WONDER WOMAN’S COSTUME
HAND,PARTS OF A WATCH
BLOCK,CONCEAL
MASCARA,THINGS THAT CAN RUN
HIDE,CONCEAL
LASSO,WONDER WOMAN’S COSTUME
CANDIDATE,THINGS THAT CAN RUN
SHIELD,WONDER WOMAN’S COSTUME
STRAP,PARTS OF A WATCH
COVER,CONCEAL
LINE,POETRY TERMS
LIMA,BEANS
CREATOR,“THE(E) ___” RAPPERS
LIMERICK,CITIES BEGINNING WITH “L”
LINCOLN,CITIES BEGINNING WITH “L”
RAPPER,“THE(E) ___” RAPPERS
PINTO,BEANS
VERSE,POETRY TERMS
STALLION,“THE(E) ___” RAPPERS
RHYME,POETRY TERMS
LAGOS,CITIES BEGINNING WITH “L”
KIDNEY,BEANS
LUXOR,CITIES BEGINNING WITH “L”
DUDE,“THE(E) ___” RAPPERS
FAVA,BEANS
METER,POETRY TERMS
CRADLE,ROTARY PHONE PARTS
TAIL,BUTT
PAD,SLANG FOR HOME
SWAG,PLUNDER
SEAT,BUTT
CRIB,SLANG FOR HOME
BOOTY,PLUNDER
CORD,ROTARY PHONE PARTS
SPOILS,PLUNDER
DIAL,ROTARY PHONE PARTS
DIGS,SLANG FOR HOME
BUNS,BUTT
JOINT,SLANG FOR HOME
BOTTOM,BUTT
HANDSET,ROTARY PHONE PARTS
LOOT,PLUNDER
FILE,TOOLS
BABE,TITLE MOVIE ANIMALS
WRENCH,PULL
COPY,SHORTCUT COMMANDS
WILLY,TITLE MOVIE ANIMALS
YANK,PULL
SAVE,SHORTCUT COMMANDS
HAMMER,TOOLS
TUG,PULL
LEVEL,TOOLS
BEETHOVEN,TITLE MOVIE ANIMALS
PRINT,SHORTCUT COMMANDS
CHARLOTTE,TITLE MOVIE ANIMALS
FIND,SHORTCUT COMMANDS
JERK,PULL
SAW,TOOLS
TURN,GO BAD
SUNDAY,DAYS OF THE WEEK
CAT,FAT ___
THING,“THE ADDAMS FAMILY” CHARACTERS
SATURDAY,DAYS OF THE WEEK
SOUR,GO BAD
FRIDAY,DAYS OF THE WEEK
SPOIL,GO BAD
CHANCE,FAT ___
THURSDAY,DAYS OF THE WEEK
LURCH,“THE ADDAMS FAMILY” CHARACTERS
LIP,FAT ___
WEDNESDAY,“THE ADDAMS FAMILY” CHARACTERS
ROT,GO BAD
TUESDAY,FAT ___
FESTER,“THE ADDAMS FAMILY” CHARACTERS
GHOST,RUDELY BREAK OFF CONTACT
LEMON,FAILURE
GARDEN,ROCK ___
DESERT,RUDELY BREAK OFF CONTACT
STAR,ROCK ___
RASPBERRY,TAUNTS
CANDY,ROCK ___
BOMB,FAILURE
FLOP,FAILURE
HISS,TAUNTS
IGNORE,RUDELY BREAK OFF CONTACT
BOO,TAUNTS
BOTTOM,ROCK ___
DUD,FAILURE
JEER,TAUNTS
JILT,RUDELY BREAK OFF CONTACT
PUFF,BIT OF WIND
KICK,PIQUANCY
BOXER,SINGULAR OF THINGS SEEN IN PAIRS
YAWN,SOMETHING TIRESOME
BITE,PIQUANCY
PANT,SINGULAR OF THINGS SEEN IN PAIRS
DRAG,SOMETHING TIRESOME
ZIP,PIQUANCY
SNOOZE,SOMETHING TIRESOME
DRAFT,BIT OF WIND
GOGGLE,SINGULAR OF THINGS SEEN IN PAIRS
BORE,SOMETHING TIRESOME
BREEZE,BIT OF WIND
TONG,SINGULAR OF THINGS SEEN IN PAIRS
TANG,PIQUANCY
GUST,BIT OF WIND
FAKE,FALSIFY
FOOD,FAST ___
FUDGE,MILD OATHS
FIREFLY,TV SHOWS
FASHION,FAST ___
FORWARD,FAST ___
FORGE,FALSIFY
FRIENDS,FAST ___
FIE,MILD OATHS
FLEABAG,TV SHOWS
FRICK,MILD OATHS
FLIPPER,TV SHOWS
FABRICATE,FALSIFY
FIDDLESTICKS,MILD OATHS
FARGO,TV SHOWS
FIX,FALSIFY
IMPOSSIBLE,___ BURGER
EVEN,EQUITABLE
CLOUD,VIRTUAL SPACES
HIVE,ANIMAL HOMES
GOOD,___ BURGER
WEB,VIRTUAL SPACES
JUST,EQUITABLE
DEN,ANIMAL HOMES
FAIR,EQUITABLE
LAIR,ANIMAL HOMES
NOTHING,___ BURGER
NET,VIRTUAL SPACES
NEST,ANIMAL HOMES
EQUAL,EQUITABLE
METAVERSE,VIRTUAL SPACES
WARREN,___ BURGER
HOOK,BRA PARTS
SPAM,ACRONYMS
PLATE,TABLEWARE
WIRE,BRA PARTS
RADAR,ACRONYMS
CUP,BRA PARTS
BALONEY,NONSENSE
DISH,TABLEWARE
CROCK,NONSENSE
SAUCER,TABLEWARE
LASER,ACRONYMS
BUNK,NONSENSE
BOWL,TABLEWARE
STRAP,BRA PARTS
TRIPE,NONSENSE
SCUBA,ACRONYMS
JAM,CATCHY SONG
LOUNGE,RELAX
SCONE,BRITISH CUISINE
PICKLE,STICKY SITUATION
LOAF,RELAX
TRIFLE,BRITISH CUISINE
BANGER,CATCHY SONG
HANG,RELAX
MASH,BRITISH CUISINE
SCRAPE,STICKY SITUATION
CHILL,RELAX
GROOVE,CATCHY SONG
BIND,STICKY SITUATION
BOP,CATCHY SONG
ROAST,BRITISH CUISINE
SPOT,STICKY SITUATION
CANDY,HARD ___
SPUR,IMPEL
RING,CELL PHONE MODES
FEELINGS,ROMANTIC BEGINNINGS
FOCUS,CELL PHONE MODES
MOTIVATE,IMPEL
SPARK,ROMANTIC BEGINNINGS
COPY,HARD ___
DRIVE,IMPEL
VIBE,ROMANTIC BEGINNINGS
VIBRATE,CELL PHONE MODES
SELTZER,HARD ___
CONNECTION,ROMANTIC BEGINNINGS
SILENT,CELL PHONE MODES
KNOCKS,HARD ___
INSPIRE,IMPEL
SCHOOL,ANIMAL GROUPS
MODEL,PARADIGMATIC
DOWNTOWN,RHYMING COMPOUND WORDS
PRIDE,ANIMAL GROUPS
TEXTBOOK,PARADIGMATIC
RAGTAG,RHYMING COMPOUND WORDS
CRANNY,SMALL OPENING
CLASSIC,PARADIGMATIC
NOOK,SMALL OPENING
COLONY,ANIMAL GROUPS
BIGWIG,RHYMING COMPOUND WORDS
RECESS,SMALL OPENING
BACKPACK,RHYMING COMPOUND WORDS
DEFINITIVE,PARADIGMATIC
NICHE,SMALL OPENING
HERD,ANIMAL GROUPS
LADY,12 DAYS OF CHRISTMAS
PERFECT,GRAMMAR TENSE TERMS
GOODNESS,“GRACIOUS ME!”
MAPLE,___ SYRUP
FUTURE,GRAMMAR TENSE TERMS
MERCY,“GRACIOUS ME!”
DRUMMER,12 DAYS OF CHRISTMAS
SIMPLE,___ SYRUP
RING,12 DAYS OF CHRISTMAS
COUGH,___ SYRUP
HEAVENS,“GRACIOUS ME!”
SWAN,12 DAYS OF CHRISTMAS
PRESENT,GRAMMAR TENSE TERMS
LORD,“GRACIOUS ME!”
CORN,___ SYRUP
PAST,GRAMMAR TENSE TERMS
ACES,"EXCELLENT, IN OLD SLANG"
GLOBE,SPHERICAL THINGS
HEAD,FINE BUBBLES
GROW,INCREASE
BUBBLE,SPHERICAL THINGS
SWELL,INCREASE
NEATO,"EXCELLENT, IN OLD SLANG"
LATHER,FINE BUBBLES
NIFTY,"EXCELLENT, IN OLD SLANG"
MARBLE,SPHERICAL THINGS
FOAM,FINE BUBBLES
MOUNT,INCREASE
FROTH,FINE BUBBLES
BUILD,INCREASE
PEARL,SPHERICAL THINGS
KEEN,"EXCELLENT, IN OLD SLANG"
ELEPHANTS,THINGS WITH TRUNKS
CHEEK,SHAMELESS BOLDNESS
LIBERTY,W.N.B.A. TEAMS
GOLD,METAL ELEMENTS
BRASS,SHAMELESS BOLDNESS
CARS,THINGS WITH TRUNKS
MERCURY,W.N.B.A. TEAMS
NERVE,SHAMELESS BOLDNESS
SILVER,METAL ELEMENTS
SKY,W.N.B.A. TEAMS
TREES,THINGS WITH TRUNKS
COPPER,METAL ELEMENTS
SPARKS,W.N.B.A. TEAMS
SWIMMERS,THINGS WITH TRUNKS
NICKEL,METAL ELEMENTS
GALL,SHAMELESS BOLDNESS
NEW,___ MOON
LOOK,APPEARANCE
SAME,“AGREE!”
TASTE,SENSES
SECOND,“AGREE!”
SAILOR,___ MOON
TOUCH,SENSES
STYLE,APPEARANCE
SIGHT,SENSES
DITTO,“AGREE!”
DRESS,APPEARANCE
HARVEST,___ MOON
MANNER,APPEARANCE
SMELL,SENSES
BLUE,___ MOON
LIKEWISE,“AGREE!”
NECK,GUITAR PARTS
CLUTCH,GROUP OF OFFSPRING
STEW,MISHMASH
FACE,GO UP AGAINST
HASH,MISHMASH
FRET,GUITAR PARTS
HATCH,GROUP OF OFFSPRING
BRIDGE,GUITAR PARTS
CHALLENGE,GO UP AGAINST
JUMBLE,MISHMASH
BODY,GUITAR PARTS
BROOD,GROUP OF OFFSPRING
OPPOSE,GO UP AGAINST
LITTER,GROUP OF OFFSPRING
MEDLEY,MISHMASH
CONFRONT,GO UP AGAINST
TALON,BIRD FEATURES
HEARTBEAT,BLINK OF AN EYE
HOT,___ BUTTON
FLASH,BLINK OF AN EYE
BELLY,___ BUTTON
WING,BIRD FEATURES
DRAGON,MAHJONG TILES
SNOOZE,___ BUTTON
SECOND,BLINK OF AN EYE
SEASON,MAHJONG TILES
WINK,BLINK OF AN EYE
FEATHER,BIRD FEATURES
BAMBOO,MAHJONG TILES
BEAK,BIRD FEATURES
PANIC,___ BUTTON
WIND,MAHJONG TILES
FARMER,SEEN ON A FARM
DAISY,FLOWERS
CARPENTER,HORROR DIRECTORS
YELLOW,___ JACKET
TULIP,FLOWERS
SPORTS,___ JACKET
TRACTOR,SEEN ON A FARM
ROSE,FLOWERS
CRAVEN,HORROR DIRECTORS
LIFE,___ JACKET
VIOLET,FLOWERS
WAN,HORROR DIRECTORS
BARN,SEEN ON A FARM
ASTER,HORROR DIRECTORS
DUST,___ JACKET
CHICKEN,SEEN ON A FARM
WELL,EXPRESSIONS OF HESITATION
LIKE,SOCIAL MEDIA ACTIONS
UM,EXPRESSIONS OF HESITATION
HOUSE,SHOWS SET IN HOSPITALS
HEM,USE A NEEDLE AND THREAD
ER,SHOWS SET IN HOSPITALS
DARN,USE A NEEDLE AND THREAD
FOLLOW,SOCIAL MEDIA ACTIONS
SEAM,USE A NEEDLE AND THREAD
SHARE,SOCIAL MEDIA ACTIONS
ERM,EXPRESSIONS OF HESITATION
SCRUBS,SHOWS SET IN HOSPITALS
SUBSCRIBE,SOCIAL MEDIA ACTIONS
RATCHED,SHOWS SET IN HOSPITALS
UH,EXPRESSIONS OF HESITATION
SEW,USE A NEEDLE AND THREAD
NEWS,INFORMATION
COMPUTER,THINGS WITH CORES
LIGHT,IGNITE
VALLEY,SMALL WOODED AREA
APPLE,THINGS WITH CORES
KINDLE,IGNITE
PLANET,THINGS WITH CORES
INTEL,INFORMATION
TORCH,IGNITE
DELL,SMALL WOODED AREA
DATA,INFORMATION
GLEN,SMALL WOODED AREA
INFO,INFORMATION
BURN,IGNITE
HOLLOW,SMALL WOODED AREA
REACTOR,THINGS WITH CORES
ARE,WORDS ABBREVIATED WITH LETTERS
WE,ROYAL ___
THERE,REPEATED WORDS IN EXPRESSIONS
YET,NEVERTHELESS
YOU,WORDS ABBREVIATED WITH LETTERS
SEE,WORDS ABBREVIATED WITH LETTERS
JELLY,ROYAL ___
TUT,REPEATED WORDS IN EXPRESSIONS
STILL,NEVERTHELESS
FAMILY,ROYAL ___
KNOCK,REPEATED WORDS IN EXPRESSIONS
HOWEVER,NEVERTHELESS
HEAR,REPEATED WORDS IN EXPRESSIONS
WHY,WORDS ABBREVIATED WITH LETTERS
THOUGH,NEVERTHELESS
FLUSH,ROYAL ___
TRAIN,WAYS TO PREPARE
STRAW,HOLLOW CYLINDERS
TICKET,“E-” THINGS
ROPE,WEAPONS IN THE GAME CLUE
STUDY,WAYS TO PREPARE
BIKE,“E-” THINGS
TUBE,HOLLOW CYLINDERS
SPORTS,“E-” THINGS
KNIFE,WEAPONS IN THE GAME CLUE
CIGARETTE,“E-” THINGS
PIPE,HOLLOW CYLINDERS
DRILL,WAYS TO PREPARE
WRENCH,WEAPONS IN THE GAME CLUE
HOSE,HOLLOW CYLINDERS
PRACTICE,WAYS TO PREPARE
CANDLESTICK,WEAPONS IN THE GAME CLUE
BICYCLE,WORDS WITH NUMERICAL PREFIXES
SPIN,MUSIC PUBLICATIONS
STABLE,UNCHANGING
PIN,"LONG, SHARP OBJECTS"
EVEN,UNCHANGING
LANCE,"LONG, SHARP OBJECTS"
TRILOGY,WORDS WITH NUMERICAL PREFIXES
PITCHFORK,MUSIC PUBLICATIONS
UNIFORM,WORDS WITH NUMERICAL PREFIXES
ROLLING STONE,MUSIC PUBLICATIONS
SKEWER,"LONG, SHARP OBJECTS"
LEVEL,UNCHANGING
BILLBOARD,MUSIC PUBLICATIONS
STEADY,UNCHANGING
QUADRANT,WORDS WITH NUMERICAL PREFIXES
SPIT,"LONG, SHARP OBJECTS"
ICE,CUBE-SHAPED
WAX,TERMS FOR RECORDS
SOUP,WORDS THAT GO WITH “BONE”
STOCK,INVESTMENTS
HERRING,WORDS THAT GO WITH “BONE”
PLATTER,TERMS FOR RECORDS
CD,INVESTMENTS
VINYL,TERMS FOR RECORDS
BOND,INVESTMENTS
BOUILLON,CUBE-SHAPED
LP,TERMS FOR RECORDS
SUGAR,CUBE-SHAPED
WISH,WORDS THAT GO WITH “BONE”
OPTION,INVESTMENTS
DIE,CUBE-SHAPED
FUNNY,WORDS THAT GO WITH “BONE”
BING,MICROSOFT PRODUCTS
CAMP,GROUP WITHIN A GROUP
PING,DIGITAL NOTIFICATION SOUNDS
RAT,TATTLE
WORD,MICROSOFT PRODUCTS
SING,TATTLE
DIVISION,GROUP WITHIN A GROUP
CHIME,DIGITAL NOTIFICATION SOUNDS
WING,GROUP WITHIN A GROUP
EDGE,MICROSOFT PRODUCTS
DING,DIGITAL NOTIFICATION SOUNDS
SNITCH,TATTLE
SURFACE,MICROSOFT PRODUCTS
RING,DIGITAL NOTIFICATION SOUNDS
SQUEAL,TATTLE
FACTION,GROUP WITHIN A GROUP
WAFFLE,TYPES OF FRENCH FRIES
TOWEL,BROUGHT TO THE BEACH
YO-YO,EQUIVOCATE
MARY,SECOND WORDS OF VODKA COCKTAILS
HEDGE,EQUIVOCATE
WEDGE,TYPES OF FRENCH FRIES
UMBRELLA,BROUGHT TO THE BEACH
MULE,SECOND WORDS OF VODKA COCKTAILS
FLIP-FLOP,BROUGHT TO THE BEACH
BREEZE,SECOND WORDS OF VODKA COCKTAILS
WAVER,EQUIVOCATE
CURLY,TYPES OF FRENCH FRIES
RUSSIAN,SECOND WORDS OF VODKA COCKTAILS
SHOESTRING,TYPES OF FRENCH FRIES
SUNSCREEN,BROUGHT TO THE BEACH
SEE-SAW,EQUIVOCATE
COMPOSE,EMAIL ACTIONS
DIVINE,___ COMEDY
EXERCISE,DOCTORS’ ORDERS
SEND,EMAIL ACTIONS
FRESH AIR,DOCTORS’ ORDERS
FORWARD,EMAIL ACTIONS
SERIAL,PODCASTS
SKETCH,___ COMEDY
WTF,PODCASTS
PROP,___ COMEDY
UP FIRST,PODCASTS
DIET,DOCTORS’ ORDERS
BLACK,___ COMEDY
RADIOLAB,PODCASTS
SLEEP,DOCTORS’ ORDERS
REPLY ALL,EMAIL ACTIONS
DILL,SPICES
SPEAR,MEDIEVAL WEAPONS
SECRET,DEODORANTS
CLUB,MEDIEVAL WEAPONS
QUICK,INTELLIGENT
DEGREE,DEODORANTS
SAGE,SPICES
AXE,DEODORANTS
MACE,MEDIEVAL WEAPONS
BRIGHT,INTELLIGENT
NUTMEG,SPICES
SHARP,INTELLIGENT
SWORD,MEDIEVAL WEAPONS
ANISE,SPICES
SMART,INTELLIGENT
OLD SPICE,DEODORANTS
KICK,FUN TIME
BALL,FUN TIME
BOOM,FILMMAKING EQUIPMENT
ROOM,“GET A ___!”
SHORT,SPARSE/LACKING
CLUE,“GET A ___!”
SPARE,SPARSE/LACKING
BLAST,FUN TIME
DOLLY,FILMMAKING EQUIPMENT
GRIP,“GET A ___!”
LIFE,“GET A ___!”
LIGHT,SPARSE/LACKING
RIOT,FUN TIME
TRIPOD,FILMMAKING EQUIPMENT
THIN,SPARSE/LACKING
LENS,FILMMAKING EQUIPMENT
FORD,PRESIDENTS
AUTO,COMMON PREFIXES
SCOUT,SPORTS PROFESSIONALS
POST,COMMON PREFIXES
BMW,CAR COMPANIES
GRANT,PRESIDENTS
SUB,COMMON PREFIXES
SUBARU,CAR COMPANIES
COACH,SPORTS PROFESSIONALS
JAGUAR,CAR COMPANIES
SEMI,COMMON PREFIXES
GM,SPORTS PROFESSIONALS
HONDA,CAR COMPANIES
WILSON,PRESIDENTS
PLAYER,SPORTS PROFESSIONALS
LINCOLN,PRESIDENTS
STAMP,TRADEMARK
WORD,UNIT OF LANGUAGE
CLOWN,FUNNY PERSON
TEA,THINGS WITH LEAVES
BOOK,THINGS WITH LEAVES
CARD,FUNNY PERSON
LETTER,UNIT OF LANGUAGE
FEATURE,TRADEMARK
SENTENCE,UNIT OF LANGUAGE
HALLMARK,TRADEMARK
TREE,THINGS WITH LEAVES
JOKER,FUNNY PERSON
TRAIT,TRADEMARK
TABLE,THINGS WITH LEAVES
CUTUP,FUNNY PERSON
PARAGRAPH,UNIT OF LANGUAGE
WIN,OBTAIN
FIRE,___ ANT
HAPPINESS,BASIC EMOTIONS
PRESTO,BIT OF VOCAL FANFARE
VOILA,BIT OF VOCAL FANFARE
ADAM,___ ANT
LAND,OBTAIN
FEAR,BASIC EMOTIONS
GET,OBTAIN
ANGER,BASIC EMOTIONS
BEHOLD,BIT OF VOCAL FANFARE
RED,___ ANT
SURPRISE,BASIC EMOTIONS
CARPENTER,___ ANT
SECURE,OBTAIN
TADA,BIT OF VOCAL FANFARE
EW,“GROSS!”
OK,MAGAZINES
WE,HOMOPHONES
O,MAGAZINES
US,MAGAZINES
PU,“GROSS!”
SI,“YES” IN DIFFERENT LANGUAGES
WII,HOMOPHONES
DA,“YES” IN DIFFERENT LANGUAGES
WEE,HOMOPHONES
UGH,“GROSS!”
JA,“YES” IN DIFFERENT LANGUAGES
ICK,“GROSS!”
HAI,“YES” IN DIFFERENT LANGUAGES
W,MAGAZINES
OUI,HOMOPHONES
WHITE,GREAT ___
FISH,SINGLE/PLURAL ANIMALS
LEAD,HELM
BULL,BALDERDASH
MOOSE,SINGLE/PLURAL ANIMALS
LAKE,GREAT ___
STEER,HELM
ROT,BALDERDASH
DIRECT,HELM
SEAL,GREAT ___
NONSENSE,BALDERDASH
DEER,SINGLE/PLURAL ANIMALS
HOGWASH,BALDERDASH
GUIDE,HELM
BUFFALO,SINGLE/PLURAL ANIMALS
DANE,GREAT ___
DIPS,BODYWEIGHT EXERCISES
MOSS,ELIZABETHS (AND ONE ELISABETH)
CARDS,"M.L.B. TEAMS, FOR SHORT"
CHEERS,EMAIL SIGN-OFFS
THANKS,EMAIL SIGN-OFFS
YANKS,"M.L.B. TEAMS, FOR SHORT"
BANKS,ELIZABETHS (AND ONE ELISABETH)
PLANKS,BODYWEIGHT EXERCISES
JAYS,"M.L.B. TEAMS, FOR SHORT"
LUNGES,BODYWEIGHT EXERCISES
REGARDS,EMAIL SIGN-OFFS
TAYLOR,ELIZABETHS (AND ONE ELISABETH)
SQUATS,BODYWEIGHT EXERCISES
NATS,"M.L.B. TEAMS, FOR SHORT"
WARREN,ELIZABETHS (AND ONE ELISABETH)
BEST,EMAIL SIGN-OFFS
RIDGE,PARTS OF A MOUNTAIN
GANDER,QUICK PEEK
FRONT,DECEIT
PEEK,HOMOPHONES
LOOK,QUICK PEEK
CHARADE,DECEIT
PEAK,HOMOPHONES
CLIFF,PARTS OF A MOUNTAIN
BLUFF,DECEIT
PIQUE,HOMOPHONES
CRAG,PARTS OF A MOUNTAIN
GLANCE,QUICK PEEK
PEKE,HOMOPHONES
LEDGE,PARTS OF A MOUNTAIN
GLIMPSE,QUICK PEEK
ACT,DECEIT
DAWN,ONSET
MAY,___ DAY HOLIDAYS
GRAND,VENERABLE
STEP,WALK
AUGUST,VENERABLE
LABOR,___ DAY HOLIDAYS
TREAD,WALK
BIRTH,ONSET
EARTH,___ DAY HOLIDAYS
MARCH,WALK
CREATION,ONSET
GROUNDHOG,___ DAY HOLIDAYS
NOBLE,VENERABLE
START,ONSET
STRIDE,WALK
REGAL,VENERABLE
GORILLA,PRIMATES
MIRROR,IMITATE
MINT,CHUTNEY VARIETIES
CARDINAL,RELIGIOUS FIGURES
PARROT,IMITATE
PASTOR,RELIGIOUS FIGURES
GIBBON,PRIMATES
TOMATO,CHUTNEY VARIETIES
LAMA,RELIGIOUS FIGURES
MANGO,CHUTNEY VARIETIES
APE,IMITATE
BABOON,PRIMATES
TAMARIND,CHUTNEY VARIETIES
BONOBO,PRIMATES
MONK,RELIGIOUS FIGURES
MIME,IMITATE
FLOSS,DANCE MOVES
STRAW,THINGS THAT SUCK
HIP,FASHIONABLE
TUSK,TYPES OF TEETH
VAMPIRE,THINGS THAT SUCK
HOT,FASHIONABLE
FANG,TYPES OF TEETH
VOGUE,DANCE MOVES
CANINE,TYPES OF TEETH
ROBOT,DANCE MOVES
VACUUM,THINGS THAT SUCK
CHIC,FASHIONABLE
WORM,DANCE MOVES
MOLAR,TYPES OF TEETH
IN,FASHIONABLE
LEECH,THINGS THAT SUCK
SCARF,EAT VORACIOUSLY
PASS,AREAS BETWEEN MOUNTAINS AND HILLS
MIRROR,FEATURED IN “SNOW WHITE”
CLARK,“C” + BIRD
RAVINE,AREAS BETWEEN MOUNTAINS AND HILLS
APPLE,FEATURED IN “SNOW WHITE”
COWL,“C” + BIRD
WOLF,EAT VORACIOUSLY
CRAVEN,“C” + BIRD
CANYON,AREAS BETWEEN MOUNTAINS AND HILLS
GORGE,EAT VORACIOUSLY
BASHFUL,FEATURED IN “SNOW WHITE”
GULP,EAT VORACIOUSLY
CHEN,“C” + BIRD
QUEEN,FEATURED IN “SNOW WHITE”
GULCH,AREAS BETWEEN MOUNTAINS AND HILLS
CURRY,N.B.A. GREATS
BOUQUET,ENDING IN A SILENT “T”
TURKEY,COUNTRIES WITH RED AND WHITE FLAGS
TURNOVER,FOODS WITH CRUSTS
PIE,FOODS WITH CRUSTS
BIRD,N.B.A. GREATS
POLAND,COUNTRIES WITH RED AND WHITE FLAGS
PARFAIT,ENDING IN A SILENT “T”
RAPPORT,ENDING IN A SILENT “T”
JORDAN,N.B.A. GREATS
TART,FOODS WITH CRUSTS
TUNISIA,COUNTRIES WITH RED AND WHITE FLAGS
JAMES,N.B.A. GREATS
JAPAN,COUNTRIES WITH RED AND WHITE FLAGS
RAGOUT,ENDING IN A SILENT “T”
PASTY,FOODS WITH CRUSTS
MINI,CAR BRANDS
MOUSE,___ PAD
ALONE,REALITY SHOWS
KNOCK,CRITICIZE
RAM,CAR BRANDS
LILY,___ PAD
SLAM,CRITICIZE
BACHELOR,___ PAD
PAN,CRITICIZE
CHOPPED,REALITY SHOWS
JAGUAR,CAR BRANDS
CATFISH,REALITY SHOWS
MAXI,___ PAD
SURVIVOR,REALITY SHOWS
ROAST,CRITICIZE
FIAT,CAR BRANDS
CHANNEL,BODIES OF WATER
96,READS THE SAME ROTATED 180°
NUMBER,AGGREGATE SIZE
REMOTE,SECLUDED
SIS,READS THE SAME ROTATED 180°
VOLUME,AGGREGATE SIZE
HIDDEN,SECLUDED
SOUND,BODIES OF WATER
NOON,READS THE SAME ROTATED 180°
SECRET,SECLUDED
STRAIT,BODIES OF WATER
AMOUNT,AGGREGATE SIZE
PRIVATE,SECLUDED
QUANTITY,AGGREGATE SIZE
MOW,READS THE SAME ROTATED 180°
CANAL,BODIES OF WATER
CAPITAL,FINANCIAL TERMS
PULSE,BLENDER BUTTONS
JUSTICE,___ LEAGUE
CITY,MUNICIPALITIES
IVY,___ LEAGUE
TOWN,MUNICIPALITIES
GRIND,BLENDER BUTTONS
EQUITY,FINANCIAL TERMS
VILLAGE,MUNICIPALITIES
INTEREST,FINANCIAL TERMS
LITTLE,___ LEAGUE
CHOP,BLENDER BUTTONS
PREMIER,___ LEAGUE
COUNTY,MUNICIPALITIES
PUREE,BLENDER BUTTONS
STOCK,FINANCIAL TERMS
HUM,CARRY A TUNE
SODA,MOJITO INGREDIENTS
GROSS,WHOLE AMOUNT
STICK,THINGS THAT ARE “STICKY”
MINT,MOJITO INGREDIENTS
GUM,THINGS THAT ARE “STICKY”
SING,CARRY A TUNE
COUNT,WHOLE AMOUNT
TAPE,THINGS THAT ARE “STICKY”
LIME,MOJITO INGREDIENTS
SUM,WHOLE AMOUNT
WHISTLE,CARRY A TUNE
SCAT,CARRY A TUNE
TOTAL,WHOLE AMOUNT
GLUE,THINGS THAT ARE “STICKY”
RUM,MOJITO INGREDIENTS
BAG,BEAN ___
KEY,LAND SURROUNDED BY WATER
STUDY,ROOMS IN A HOUSE
STUFF,FILL TO EXCESS
KITCHEN,ROOMS IN A HOUSE
COUNTER,BEAN ___
PACK,FILL TO EXCESS
ISLAND,LAND SURROUNDED BY WATER
DIP,BEAN ___
JAM,FILL TO EXCESS
DEN,ROOMS IN A HOUSE
SPROUT,BEAN ___
BAR,LAND SURROUNDED BY WATER
BEDROOM,ROOMS IN A HOUSE
CRAM,FILL TO EXCESS
ATOLL,LAND SURROUNDED BY WATER
DOG,BADDIE
HORN,MUSICAL INSTRUMENTS
SOLE,FOOT PARTS
DOWN,DOG COMMANDS
BASS,MUSICAL INSTRUMENTS
BALL,FOOT PARTS
COME,DOG COMMANDS
SNAKE,BADDIE
TOE,FOOT PARTS
HARP,MUSICAL INSTRUMENTS
HEEL,BADDIE
SIT,DOG COMMANDS
ORGAN,MUSICAL INSTRUMENTS
STAY,DOG COMMANDS
ARCH,FOOT PARTS
JERK,BADDIE
COTTAGE,___ CHEESE
ESCAPE,AVOID
REBECCA,HITCHCOCK MOVIES
ROBIN,SIDEKICKS
DUCK,AVOID
CREAM,___ CHEESE
GOOSE,SIDEKICKS
SKIRT,AVOID
STRING,___ CHEESE
BIRDS,HITCHCOCK MOVIES
SAY,___ CHEESE
ROPE,HITCHCOCK MOVIES
HOBBES,SIDEKICKS
DODGE,AVOID
NOTORIOUS,HITCHCOCK MOVIES
WATSON,SIDEKICKS
WAX,WAYS TO REMOVE HAIR
PIECE,PORTION OF PROFIT
CRESCENT,KINDS OF WRENCHES
STORE,PLACES TO SHOP
MONKEY,KINDS OF WRENCHES
OUTLET,PLACES TO SHOP
THREAD,WAYS TO REMOVE HAIR
SOCKET,KINDS OF WRENCHES
SHARE,PORTION OF PROFIT
SHAVE,WAYS TO REMOVE HAIR
MARKET,PLACES TO SHOP
CUT,PORTION OF PROFIT
MALL,PLACES TO SHOP
TAKE,PORTION OF PROFIT
TWEEZE,WAYS TO REMOVE HAIR
ALLEN,KINDS OF WRENCHES
NBA,___ JAM
CAP,RESTRICT
HOOP,CIRCULAR SHAPES
HAMPER,CONTAINERS
RING,CIRCULAR SHAPES
PAPER,___ JAM
BASKET,CONTAINERS
CURB,RESTRICT
CHEST,CONTAINERS
PEARL,___ JAM
CHECK,RESTRICT
BAND,CIRCULAR SHAPES
TRAFFIC,___ JAM
BIN,CONTAINERS
CIRCLE,CIRCULAR SHAPES
LIMIT,RESTRICT
LINK,CONNECT
SONIC,RELATED TO SOUND/HEARING
FIRE,"EXCITE, WITH “UP”"
WATER,MONTHLY BILLS
ACOUSTIC,RELATED TO SOUND/HEARING
GAS,MONTHLY BILLS
PUMP,"EXCITE, WITH “UP”"
COUPLE,CONNECT
HITCH,CONNECT
HEARD,RELATED TO SOUND/HEARING
ELECTRIC,MONTHLY BILLS
AMP,"EXCITE, WITH “UP”"
CABLE,MONTHLY BILLS
TIE,CONNECT
HYPE,"EXCITE, WITH “UP”"
AUDITORY,RELATED TO SOUND/HEARING
LOCK,"ASSURE, AS A WIN"
STEAM,HEAD OF ___
CHIP,SMALL IMPERFECTION
BUN,UNIT OF BREAD
HAIR,HEAD OF ___
LOAF,UNIT OF BREAD
SECURE,"ASSURE, AS A WIN"
MARK,SMALL IMPERFECTION
ROLL,UNIT OF BREAD
LETTUCE,HEAD OF ___
SCRATCH,SMALL IMPERFECTION
CLINCH,"ASSURE, AS A WIN"
NICK,SMALL IMPERFECTION
BAGUETTE,UNIT OF BREAD
GUARANTEE,"ASSURE, AS A WIN"
STATE,HEAD OF ___
CONSTRUCTION,___ CRANE
PAPER,___ CRANE
GREAT,ENORMOUS
GLEE,TV SHOWS WITH HAPPY-SOUNDING NAMES
BIG,ENORMOUS
FELICITY,TV SHOWS WITH HAPPY-SOUNDING NAMES
POETRY,BOOKSTORE SECTIONS
GIANT,ENORMOUS
HUMOR,BOOKSTORE SECTIONS
WHOOPING,___ CRANE
CHEERS,TV SHOWS WITH HAPPY-SOUNDING NAMES
FICTION,BOOKSTORE SECTIONS
TRAVEL,BOOKSTORE SECTIONS
EUPHORIA,TV SHOWS WITH HAPPY-SOUNDING NAMES
HUGE,ENORMOUS
FRASIER,___ CRANE
TAU,ZODIAC SIGN BEGINNINGS
ISLAND,RECORD LABELS
NOTE,FOUND ON SHEET MUSIC
GEM,ZODIAC SIGN BEGINNINGS
STAFF,FOUND ON SHEET MUSIC
SCALES,ZODIAC SYMBOLS
BULL,ZODIAC SYMBOLS
CAN,ZODIAC SIGN BEGINNINGS
CAPITOL,RECORD LABELS
CRAB,ZODIAC SYMBOLS
REST,FOUND ON SHEET MUSIC
VIRGIN,RECORD LABELS
LIB,ZODIAC SIGN BEGINNINGS
COLUMBIA,RECORD LABELS
TWINS,ZODIAC SYMBOLS
CLEF,FOUND ON SHEET MUSIC
ALFA,IN THE NATO ALPHABET
BET,CABLE CHANNELS
POM,___-___
MA,STATE ABBREVIATIONS
USA,CABLE CHANNELS
YO,___-___
LA,STATE ABBREVIATIONS
TANGO,IN THE NATO ALPHABET
BRAVO,IN THE NATO ALPHABET
OK,STATE ABBREVIATIONS
BOO,___-___
E,CABLE CHANNELS
HI,STATE ABBREVIATIONS
TOM,___-___
HALLMARK,CABLE CHANNELS
ROMEO,IN THE NATO ALPHABET
STATE,EXPRESS
FLAG,DECLINE
PURE,ABSOLUTE
AIR,EXPRESS
PRINCE,SUPERHERO LAST NAMES
BANNER,SUPERHERO LAST NAMES
UTTER,ABSOLUTE
FADE,DECLINE
SPEAK,EXPRESS
SHEER,ABSOLUTE
STARK,SUPERHERO LAST NAMES
TOTAL,ABSOLUTE
EBB,DECLINE
VOICE,EXPRESS
WANE,DECLINE
WAYNE,SUPERHERO LAST NAMES
NAIL,HARDWARE FASTENERS
SHAKE,ICE CREAM TREATS
RICE,STICKY ___
PEANUT,KINDS OF COOKING OIL
NOTE,STICKY ___
FLOAT,ICE CREAM TREATS
PALM,KINDS OF COOKING OIL
SCREW,HARDWARE FASTENERS
FINGERS,STICKY ___
OLIVE,KINDS OF COOKING OIL
BOLT,HARDWARE FASTENERS
SPLIT,ICE CREAM TREATS
CORN,KINDS OF COOKING OIL
RIVET,HARDWARE FASTENERS
WICKET,STICKY ___
SUNDAE,ICE CREAM TREATS
SPRING,JUMP INTO THE AIR
BREEZE,SOMETHING EASY TO DO
SPIRAL,WRAP AROUND IN A CIRCLE
BANK,PARTS OF A RIVER
WIND,WRAP AROUND IN A CIRCLE
VAULT,JUMP INTO THE AIR
MOUTH,PARTS OF A RIVER
SNAP,SOMETHING EASY TO DO
LEAP,JUMP INTO THE AIR
BED,PARTS OF A RIVER
TWIST,WRAP AROUND IN A CIRCLE
CINCH,SOMETHING EASY TO DO
PICNIC,SOMETHING EASY TO DO
COIL,WRAP AROUND IN A CIRCLE
BOUND,JUMP INTO THE AIR
DELTA,PARTS OF A RIVER
SILK,LUXURIOUS FABRICS
BLOW,THINGS THAT ARE DELIVERED
LACE,SHOE PARTS
LAND,COME DOWN TO REST
SOLE,SHOE PARTS
BABY,THINGS THAT ARE DELIVERED
VELVET,LUXURIOUS FABRICS
TONGUE,SHOE PARTS
PERCH,COME DOWN TO REST
PACKAGE,THINGS THAT ARE DELIVERED
SETTLE,COME DOWN TO REST
SPEECH,THINGS THAT ARE DELIVERED
SATIN,LUXURIOUS FABRICS
EYELET,SHOE PARTS
ROOST,COME DOWN TO REST
CHIFFON,LUXURIOUS FABRICS
BALL,PINBALL MACHINE COMPONENTS
TAIL,FOLLOW
CLOUD,MURKY CONDITION
FIN,___LAND
SHADOW,FOLLOW
ICE,___LAND
FLIPPER,PINBALL MACHINE COMPONENTS
FOG,MURKY CONDITION
BUMPER,PINBALL MACHINE COMPONENTS
TRACK,FOLLOW
HAZE,MURKY CONDITION
IRE,___LAND
GREEN,___LAND
PLUNGER,PINBALL MACHINE COMPONENTS
TRAIL,FOLLOW
MIST,MURKY CONDITION
TOUGH,”-OUGH” WORDS THAT DON’T RHYME
STOP,“I GIVE!”
ROUGH,GOLF COURSE PARTS
BLUE,INDECENT
GREEN,GOLF COURSE PARTS
DOUGH,”-OUGH” WORDS THAT DON’T RHYME
COARSE,INDECENT
ENOUGH,“I GIVE!”
COUGH,”-OUGH” WORDS THAT DON’T RHYME
UNCLE,“I GIVE!”
BOUGH,”-OUGH” WORDS THAT DON’T RHYME
BAWDY,INDECENT
BUNKER,GOLF COURSE PARTS
RISQUE,INDECENT
MERCY,“I GIVE!”
FAIRWAY,GOLF COURSE PARTS
SPOON,SILVER ___
BUG,PESTER
SCREEN,SILVER ___
FORK,SEPARATE
BOWL,SPORTS VENUES
PART,SEPARATE
HOUND,PESTER
FOX,SILVER ___
FIELD,SPORTS VENUES
BADGER,PESTER
SPLIT,SEPARATE
DOME,SPORTS VENUES
NAG,PESTER
LINING,SILVER ___
ARENA,SPORTS VENUES
DIVIDE,SEPARATE
SHARK,SWINDLER
MOTTO,NATIONAL SYMBOLS
CRAB,CURMUDGEON
SEAL,NATIONAL SYMBOLS
DUCK,GET LOW
QUACK,SWINDLER
FLAG,NATIONAL SYMBOLS
CRANK,CURMUDGEON
CROOK,SWINDLER
STOOP,GET LOW
GRUMP,CURMUDGEON
ANTHEM,NATIONAL SYMBOLS
CROUCH,GET LOW
GROUCH,CURMUDGEON
CHEAT,SWINDLER
SQUAT,GET LOW
PLOT,SCHEME
PLOP,ONOMATOPOEIA
PLOW,FARM TOOLS
PLOY,SCHEME
TICKLE,MAKE HAPPY
SICKLE,FARM TOOLS
TRICK,SCHEME
BANG,ONOMATOPOEIA
RUSE,SCHEME
AMUSE,MAKE HAPPY
SPLASH,ONOMATOPOEIA
RAKE,FARM TOOLS
PLEASE,MAKE HAPPY
THUD,ONOMATOPOEIA
HOE,FARM TOOLS
DELIGHT,MAKE HAPPY
PAGES,FUNNY ___
STICKS,USED TO BUILD A SNOWMAN
BANK,RESERVE FOR LATER
STONES,"BOLDNESS, FIGURATIVELY"
COAL,USED TO BUILD A SNOWMAN
BONE,FUNNY ___
NERVE,"BOLDNESS, FIGURATIVELY"
SAVE,RESERVE FOR LATER
GUTS,"BOLDNESS, FIGURATIVELY"
CARROT,USED TO BUILD A SNOWMAN
STORE,RESERVE FOR LATER
BUSINESS,FUNNY ___
SNOW,USED TO BUILD A SNOWMAN
STASH,RESERVE FOR LATER
GIRL,FUNNY ___
GALL,"BOLDNESS, FIGURATIVELY"
FIRST,PRIMARY
AMATEUR,___ HOUR
BROADWAY,AVENUES IN N.Y.C.
JIFFY,BRIEF MOMENT
HAPPY,___ HOUR
SECOND,BRIEF MOMENT
RUSH,___ HOUR
PARK,AVENUES IN N.Y.C.
CHIEF,PRIMARY
FIFTH,AVENUES IN N.Y.C.
FLASH,BRIEF MOMENT
PRINCIPAL,PRIMARY
MADISON,AVENUES IN N.Y.C.
WINK,BRIEF MOMENT
MAIN,PRIMARY
ELEVENTH,___ HOUR
DRAW,ATTRACTION
SKETCH,COMEDIAN’S OUTPUT
WATCH,ACCESSORIES
CHARM,ATTRACTION
TIE,ACCESSORIES
FREIGHT,TWO LETTERS + NUMBER
ROUTINE,COMEDIAN’S OUTPUT
BRACELET,ACCESSORIES
OFTEN,TWO LETTERS + NUMBER
CANINE,TWO LETTERS + NUMBER
BELT,ACCESSORIES
BIT,COMEDIAN’S OUTPUT
PULL,ATTRACTION
STONE,TWO LETTERS + NUMBER
JOKE,COMEDIAN’S OUTPUT
APPEAL,ATTRACTION
DINKY,WEE
ITCHY,CARTOON MICE
INDEX,BOOK SECTIONS
BUZZ,CONTACT VIA PHONE
PINKY,CARTOON MICE
RING,CONTACT VIA PHONE
SLIGHT,WEE
MINUTE,WEE
SPEEDY,CARTOON MICE
LITTLE,WEE
APPENDIX,BOOK SECTIONS
CALL,CONTACT VIA PHONE
CHAPTER,BOOK SECTIONS
DIAL,CONTACT VIA PHONE
JERRY,CARTOON MICE
PREFACE,BOOK SECTIONS
LEAD,SHEPHERD
HIDDEN,___ VALLEY
HAMPER,SEEN IN A LAUNDRY ROOM
MYSELF,WHAT “I” MIGHT MEAN
ONE,WHAT “I” MIGHT MEAN
IRON,SEEN IN A LAUNDRY ROOM
DIRECT,SHEPHERD
SILICON,___ VALLEY
IODINE,WHAT “I” MIGHT MEAN
UNCANNY,___ VALLEY
GUIDE,SHEPHERD
DRYER,SEEN IN A LAUNDRY ROOM
STEER,SHEPHERD
WASHER,SEEN IN A LAUNDRY ROOM
IOTA,WHAT “I” MIGHT MEAN
DEATH,___ VALLEY
ANGEL,CLASSIC HALLOWEEN COSTUMES
HAIR,ANIMAL HOMOPHONES
SPELL,INTERVAL OF TIME
COMB,BEE CREATIONS
WAIL,ANIMAL HOMOPHONES
WITCH,CLASSIC HALLOWEEN COSTUMES
WHILE,INTERVAL OF TIME
WAX,BEE CREATIONS
DEAR,ANIMAL HOMOPHONES
HONEY,BEE CREATIONS
CLOWN,CLASSIC HALLOWEEN COSTUMES
PERIOD,INTERVAL OF TIME
PIRATE,CLASSIC HALLOWEEN COSTUMES
HOARSE,ANIMAL HOMOPHONES
STRETCH,INTERVAL OF TIME
HIVE,BEE CREATIONS
CAR,MEANS OF TRANSPORTATION
GAME,WILLING TO PARTICIPATE
BLUE,___BERRY 
DASH,"LITTLE BIT, IN A RECIPE"
STRAW,___BERRY 
SPLASH,"LITTLE BIT, IN A RECIPE"
IN,WILLING TO PARTICIPATE
BOAT,MEANS OF TRANSPORTATION
DROP,"LITTLE BIT, IN A RECIPE"
DOWN,WILLING TO PARTICIPATE
GOOSE,___BERRY 
ON BOARD,WILLING TO PARTICIPATE
PINCH,"LITTLE BIT, IN A RECIPE"
TRAIN,MEANS OF TRANSPORTATION
RASP,___BERRY 
PLANE,MEANS OF TRANSPORTATION
CROWN,STATUE OF LIBERTY FEATURES
SOFT,GENTLE
DICE,THINGS TO BLOW ON FOR WISHES/LUCK
SHOULDER,CUTS OF PORK
CHOP,CUTS OF PORK
CANDLE,THINGS TO BLOW ON FOR WISHES/LUCK
ROBE,STATUE OF LIBERTY FEATURES
LIGHT,GENTLE
EYELASH,THINGS TO BLOW ON FOR WISHES/LUCK
TORCH,STATUE OF LIBERTY FEATURES
MELLOW,GENTLE
BELLY,CUTS OF PORK
MILD,GENTLE
HOCK,CUTS OF PORK
DANDELION,THINGS TO BLOW ON FOR WISHES/LUCK
TABLET,STATUE OF LIBERTY FEATURES
SANTA,SECRET ___
BABY,DARLING
ZIP,OOMPH
LINE,BASIC GEOMETRIC OBJECTS
LOVE,DARLING
SAUCE,SECRET ___
POINT,BASIC GEOMETRIC OBJECTS
ENERGY,OOMPH
BOO,DARLING
RAY,BASIC GEOMETRIC OBJECTS
JUICE,OOMPH
DEAR,DARLING
FIRE,OOMPH
CODE,SECRET ___
SEGMENT,BASIC GEOMETRIC OBJECTS
AGENT,SECRET ___
LEAF,PAPER IN A BOOK
THUMB,THINGS YOU CAN DO TO YOUR NOSE
DRIVE,ROAD NAMES
PAGE,PAPER IN A BOOK
STEM,RESTRAIN
PICK,THINGS YOU CAN DO TO YOUR NOSE
BLOW,THINGS YOU CAN DO TO YOUR NOSE
CHECK,RESTRAIN
STREET,ROAD NAMES
CURB,RESTRAIN
SHEET,PAPER IN A BOOK
ALLEY,ROAD NAMES
LIMIT,RESTRAIN
LANE,ROAD NAMES
HOLD,THINGS YOU CAN DO TO YOUR NOSE
FOLIO,PAPER IN A BOOK
MS,NAME PREFIXES
PAINT,ART MEDIUMS
GHOST,___ PEPPER
BELL,___ PEPPER
PASTEL,ART MEDIUMS
SIGN,INDICATION OF THINGS TO COME
BLACK,___ PEPPER
INK,ART MEDIUMS
REV,NAME PREFIXES
WARNING,INDICATION OF THINGS TO COME
MESSAGE,INDICATION OF THINGS TO COME
GEN,NAME PREFIXES
DR,___ PEPPER
PROF,NAME PREFIXES
CHARCOAL,ART MEDIUMS
OMEN,INDICATION OF THINGS TO COME
SWIFT,BIRDS
HOLIDAY,JAZZ LEGENDS
CARDINAL,BIRDS
HOOD,PARTS OF A CAR
ZIP,MOVE QUICKLY
MONK,JAZZ LEGENDS
TRUNK,PARTS OF A CAR
DASH,MOVE QUICKLY
PARKER,JAZZ LEGENDS
LARK,BIRDS
DART,MOVE QUICKLY
TIRE,PARTS OF A CAR
BOLT,MOVE QUICKLY
BUMPER,PARTS OF A CAR
JAY,BIRDS
HANCOCK,JAZZ LEGENDS
SAINT,___ GEORGE
BAD,"COOL, IN ’80S SLANG"
BOY,___ GEORGE
POLO,SHIRTS
BY,___ GEORGE
FLY,"COOL, IN ’80S SLANG"
TEE,SHIRTS
JAY,LETTER SPELLINGS
FRESH,"COOL, IN ’80S SLANG"
CROP,SHIRTS
GEE,LETTER SPELLINGS
CURIOUS,___ GEORGE
BEE,LETTER SPELLINGS
RAD,"COOL, IN ’80S SLANG"
EX,LETTER SPELLINGS
TANK,SHIRTS
PANDA,BLACK-AND-WHITE ANIMALS
BEAR,___ TRAP
SAND,___ TRAP
STRING,SEQUENCE
SPEED,___ TRAP
TRAIN,SEQUENCE
DESERT,HETERONYMS
WIND,HETERONYMS
ORCA,BLACK-AND-WHITE ANIMALS
DOVE,HETERONYMS
SKUNK,BLACK-AND-WHITE ANIMALS
BASS,HETERONYMS
TOURIST,___ TRAP
CHAIN,SEQUENCE
ZEBRA,BLACK-AND-WHITE ANIMALS
SERIES,SEQUENCE
COUNTDOWN,HAPPY NEW YEAR!
KISS,HAPPY NEW YEAR!
NICE,PLACES IN FRANCE
DETAIL,"SHARPNESS, AS OF AN IMAGE"
BALL,HAPPY NEW YEAR!
CLUB,ORGANIZATION
RESOLUTION,"SHARPNESS, AS OF AN IMAGE"
CHAMPAGNE,PLACES IN FRANCE
GROUP,ORGANIZATION
TOURS,PLACES IN FRANCE
FIREWORKS,HAPPY NEW YEAR!
PARTY,ORGANIZATION
DIJON,PLACES IN FRANCE
DEFINITION,"SHARPNESS, AS OF AN IMAGE"
TEAM,ORGANIZATION
CLARITY,"SHARPNESS, AS OF AN IMAGE"
WAY,W + VOWEL SOUND
WEED,GARDENING NOUNS/VERBS
WHEEL,"CLASSIC GAME SHOWS, FAMILIARLY"
WEDGE,KINDS OF SALADS
WATER,GARDENING NOUNS/VERBS
WEE,W + VOWEL SOUND
GREEN,KINDS OF SALADS
FEUD,"CLASSIC GAME SHOWS, FAMILIARLY"
WHY,W + VOWEL SOUND
PYRAMID,"CLASSIC GAME SHOWS, FAMILIARLY"
SEED,GARDENING NOUNS/VERBS
GREEK,KINDS OF SALADS
MILLIONAIRE,"CLASSIC GAME SHOWS, FAMILIARLY"
WHOA,W + VOWEL SOUND
CAESAR,KINDS OF SALADS
PLANT,GARDENING NOUNS/VERBS
WONDER,SMALL ___
BREAD,B.L.T. INGREDIENTS
WALK,BASEBALL STATS
TALK,SMALL ___
TOMATO,B.L.T. INGREDIENTS
JAM,OBSTRUCT
WORLD,SMALL ___
HIT,BASEBALL STATS
DOUBLE,BASEBALL STATS
BACON,B.L.T. INGREDIENTS
BLOCK,OBSTRUCT
FRY,SMALL ___
STOP,OBSTRUCT
RUN,BASEBALL STATS
LETTUCE,B.L.T. INGREDIENTS
CLOG,OBSTRUCT
TICK,"SELECT, AS A BOX ON A FORM"
TIP,RAPPERS MINUS FIRST LETTER
TAP,HIDDEN LISTENING DEVICES
FLY,MOVE THROUGH THE AIR
CHECK,"SELECT, AS A BOX ON A FORM"
40,RAPPERS MINUS FIRST LETTER
X,"SELECT, AS A BOX ON A FORM"
PAIN,RAPPERS MINUS FIRST LETTER
BUG,HIDDEN LISTENING DEVICES
MARK,"SELECT, AS A BOX ON A FORM"
GLIDE,MOVE THROUGH THE AIR
MIKE,HIDDEN LISTENING DEVICES
FLOAT,MOVE THROUGH THE AIR
COLE,RAPPERS MINUS FIRST LETTER
WIRE,HIDDEN LISTENING DEVICES
SOAR,MOVE THROUGH THE AIR
MATCH,DATING APP ACTIONS
BOX,GIFT-GIVING ACCESSORIES
CHARM,LUCKY ___
STRIKE,LUCKY ___
BOW,GIFT-GIVING ACCESSORIES
DUCK,LUCKY ___
SICK,"COOL, IN SLANG"
SWIPE,DATING APP ACTIONS
FIRE,"COOL, IN SLANG"
CARD,GIFT-GIVING ACCESSORIES
BLOCK,DATING APP ACTIONS
TIGHT,"COOL, IN SLANG"
BREAK,LUCKY ___
MESSAGE,DATING APP ACTIONS
LIT,"COOL, IN SLANG"
WRAPPING,GIFT-GIVING ACCESSORIES
KID,PLAYFULLY BOTHER
ADULT,WHAT “X” MIGHT MEAN
TOP,APEX
TEN,WHAT “X” MIGHT MEAN
MAX,APEX
TEASE,PLAYFULLY BOTHER
DOZEN,WORDS FOR SPECIFIC QUANTITIES
TIMES,WHAT “X” MIGHT MEAN
RIB,PLAYFULLY BOTHER
PAIR,WORDS FOR SPECIFIC QUANTITIES
PEAK,APEX
JOSH,PLAYFULLY BOTHER
GROSS,WORDS FOR SPECIFIC QUANTITIES
KISS,WHAT “X” MIGHT MEAN
SCORE,WORDS FOR SPECIFIC QUANTITIES
HEIGHT,APEX
DISCO,___ BALL
WAVE,MOVE BACK AND FORTH
CRYSTAL,___ BALL
BONE,THINGS TO PICK
SWING,MOVE BACK AND FORTH
LOCK,THINGS TO PICK
ROCK,MOVE BACK AND FORTH
AFRO,THINGS TO PICK
FUNK,STRONG SMELL
FIGHT,THINGS TO PICK
GUTTER,___ BALL
TANG,STRONG SMELL
MUSK,STRONG SMELL
SWAY,MOVE BACK AND FORTH
FOUL,___ BALL
ODOR,STRONG SMELL
META,TECH COMPANIES
PHYSICAL,KINDS OF EXAMS
WISDOM,___ TOOTH
BEAUTY,SOMETHING EXEMPLARY
PEACH,SOMETHING EXEMPLARY
BABY,___ TOOTH
APPLE,TECH COMPANIES
EYE,___ TOOTH
SWEET,___ TOOTH
BAR,KINDS OF EXAMS
GEM,SOMETHING EXEMPLARY
FINAL,KINDS OF EXAMS
ALPHABET,TECH COMPANIES
MARVEL,SOMETHING EXEMPLARY
ORAL,KINDS OF EXAMS
AMAZON,TECH COMPANIES
TRIANGLE,SHAPES OF CAPITAL GREEK LETTERS
BASKETBALL,THINGS THAT ARE ORANGE
CARROT,THINGS THAT ARE ORANGE
STICK,"LONG, SKINNY OBJECTS"
CART,SEEN ON A GOLF COURSE
HORSESHOE,SHAPES OF CAPITAL GREEK LETTERS
POLE,"LONG, SKINNY OBJECTS"
CLUB,SEEN ON A GOLF COURSE
PITCHFORK,SHAPES OF CAPITAL GREEK LETTERS
HOLE,SEEN ON A GOLF COURSE
CIRCLE,SHAPES OF CAPITAL GREEK LETTERS
GOLDFISH,THINGS THAT ARE ORANGE
STAFF,"LONG, SKINNY OBJECTS"
PUMPKIN,THINGS THAT ARE ORANGE
ROD,"LONG, SKINNY OBJECTS"
TEE,SEEN ON A GOLF COURSE
SPONGE,CLEANING SUPPLIES
SALT,"ELEMENTS OF COOKING,  PER SAMIN NOSRAT"
SMOKE,THINGS THAT MAKE YOU SNEEZE
SHAFT,TITULAR FICTIONAL DETECTIVES
DUST,THINGS THAT MAKE YOU SNEEZE
MONK,TITULAR FICTIONAL DETECTIVES
BROOM,CLEANING SUPPLIES
HEAT,"ELEMENTS OF COOKING,  PER SAMIN NOSRAT"
MAGNUM,TITULAR FICTIONAL DETECTIVES
FAT,"ELEMENTS OF COOKING,  PER SAMIN NOSRAT"
POLLEN,THINGS THAT MAKE YOU SNEEZE
RAG,CLEANING SUPPLIES
ACID,"ELEMENTS OF COOKING,  PER SAMIN NOSRAT"
MOP,CLEANING SUPPLIES
TRACY,TITULAR FICTIONAL DETECTIVES
PEPPER,THINGS THAT MAKE YOU SNEEZE
POKER,FOUND AROUND A FIREPLACE
DICE,THINGS SEEN AT A CASINO
CHARM,BIT OF MAGIC
MELT,WAYS TO PREPARE CHEESE
CHIPS,THINGS SEEN AT A CASINO
SPELL,BIT OF MAGIC
SLICE,WAYS TO PREPARE CHEESE
LOG,FOUND AROUND A FIREPLACE
GRATE,FOUND AROUND A FIREPLACE
CARDS,THINGS SEEN AT A CASINO
CURSE,BIT OF MAGIC
SHRED,WAYS TO PREPARE CHEESE
CRUMBLE,WAYS TO PREPARE CHEESE
HEX,BIT OF MAGIC
SLOTS,THINGS SEEN AT A CASINO
FLUE,FOUND AROUND A FIREPLACE
PERFECT,___ PITCH
PHAT,“PH” WORDS THAT ALSO WORK WITH “F”
LIQUID,STATES OF MATTER
ELEVATOR,___ PITCH
GREAT,ALL-TIMER
GAS,STATES OF MATTER
LEGEND,ALL-TIMER
FEVER,___ PITCH
SOLID,STATES OF MATTER
SALES,___ PITCH
PHILLY,“PH” WORDS THAT ALSO WORK WITH “F”
ICON,ALL-TIMER
PHEW,“PH” WORDS THAT ALSO WORK WITH “F”
HERO,ALL-TIMER
PLASMA,STATES OF MATTER
PHISH,“PH” WORDS THAT ALSO WORK WITH “F”
READ,COLOR HOMOPHONES
SHOCK,"PARTS OF A CAR, INFORMALLY"
POINT,TOPIC OF DISCUSSION
WHEEL,"PARTS OF A CAR, INFORMALLY"
SUBJECT,TOPIC OF DISCUSSION
BLEW,COLOR HOMOPHONES
DASH,"PARTS OF A CAR, INFORMALLY"
STAGE,SECTION OF ONE’S LIFE
PERIOD,SECTION OF ONE’S LIFE
MATTER,TOPIC OF DISCUSSION
CHAPTER,SECTION OF ONE’S LIFE
ROWS,COLOR HOMOPHONES
TANK,"PARTS OF A CAR, INFORMALLY"
ISSUE,TOPIC OF DISCUSSION
PHASE,SECTION OF ONE’S LIFE
CHORAL,COLOR HOMOPHONES
PUNT,POSTPONE
BADGE,CREDENTIALS FOR ENTRY
TACKLE,AMERICAN FOOTBALL POSITIONS
RUN,PRESIDE OVER
DIRECT,PRESIDE OVER
PASS,CREDENTIALS FOR ENTRY
END,AMERICAN FOOTBALL POSITIONS
TABLE,POSTPONE
TICKET,CREDENTIALS FOR ENTRY
STALL,POSTPONE
CHAIR,PRESIDE OVER
CENTER,AMERICAN FOOTBALL POSITIONS
LEAD,PRESIDE OVER
SAFETY,AMERICAN FOOTBALL POSITIONS
INVITE,CREDENTIALS FOR ENTRY
HOLD,POSTPONE
JACK,MALE ANIMALS
CHECK,THINGS TO PAY
TIGHT,"LEGWEAR, IN THE SINGULAR"
ROB,THIEVE
JEAN,"LEGWEAR, IN THE SINGULAR"
BUCK,MALE ANIMALS
BILL,THINGS TO PAY
SWIPE,THIEVE
TOM,MALE ANIMALS
TAB,THINGS TO PAY
SHORT,"LEGWEAR, IN THE SINGULAR"
PINCH,THIEVE
STEAL,THIEVE
PANT,"LEGWEAR, IN THE SINGULAR"
BULL,MALE ANIMALS
INVOICE,THINGS TO PAY
SOUP,PEA ___
SLATE,LIST OF CANDIDATES
CREAM,MEDICINE FORMATS
PAD,PROTECTIVE BARRIER
SYRUP,MEDICINE FORMATS
SHIELD,PROTECTIVE BARRIER
POD,PEA ___
TICKET,LIST OF CANDIDATES
BALLOT,LIST OF CANDIDATES
TABLET,MEDICINE FORMATS
COAT,PEA ___
CUSHION,PROTECTIVE BARRIER
CAPSULE,MEDICINE FORMATS
GREEN,PEA ___
BUFFER,PROTECTIVE BARRIER
ROSTER,LIST OF CANDIDATES
HELLO,WORDS SPELLED WITH AN UPSIDE-DOWN CALCULATOR
LIST,TILT TO ONE SIDE
TRICK,DECEIVE
WORD,INSIDE INFO
CANT,TILT TO ONE SIDE
FOOL,DECEIVE
SKINNY,INSIDE INFO
EGGSHELL,WORDS SPELLED WITH AN UPSIDE-DOWN CALCULATOR
LEAN,TILT TO ONE SIDE
CON,DECEIVE
GIGGLE,WORDS SPELLED WITH AN UPSIDE-DOWN CALCULATOR
SCOOP,INSIDE INFO
BOOB,WORDS SPELLED WITH AN UPSIDE-DOWN CALCULATOR
SLOPE,TILT TO ONE SIDE
DOPE,INSIDE INFO
DUPE,DECEIVE
BASE,CHEMISTRY TERMS
RANGE,DATA SET DATA
GROSS,RADIO HALL OF FAME MEMBERS
PRETTY,ADJECTIVE INTENSIFIERS
BOND,CHEMISTRY TERMS
RATHER,ADJECTIVE INTENSIFIERS
GLASS,RADIO HALL OF FAME MEMBERS
REAL,ADJECTIVE INTENSIFIERS
AWFUL,ADJECTIVE INTENSIFIERS
MODE,DATA SET DATA
STERN,RADIO HALL OF FAME MEMBERS
MEAN,DATA SET DATA
SOLUTION,CHEMISTRY TERMS
KING,RADIO HALL OF FAME MEMBERS
MEDIAN,DATA SET DATA
ELEMENT,CHEMISTRY TERMS
PRIME,FOREMOST
LOVE,___ LETTER
GREEN,COLORS IN BRAZIL’S FLAG
COVER,___ LETTER
PEACOCK,SHOW OFF
BLUE,COLORS IN BRAZIL’S FLAG
SUPREME,FOREMOST
POSTURE,SHOW OFF
WHITE,COLORS IN BRAZIL’S FLAG
PARAMOUNT,FOREMOST
SCARLET,___ LETTER
MAIN,FOREMOST
CHAIN,___ LETTER
GRANDSTAND,SHOW OFF
YELLOW,COLORS IN BRAZIL’S FLAG
STRUT,SHOW OFF
NUTS,SUNDAE TOPPINGS
PEPPERS,WORDS IN TONGUE TWISTERS
DESERT,LEAVE HIGH AND DRY
RATS,“PHOOEY!”
FUZZY,WORDS IN TONGUE TWISTERS
CHERRY,SUNDAE TOPPINGS
MAROON,LEAVE HIGH AND DRY
SEASHELLS,WORDS IN TONGUE TWISTERS
FUDGE,SUNDAE TOPPINGS
STRAND,LEAVE HIGH AND DRY
SHOOT,“PHOOEY!”
SPRINKLES,SUNDAE TOPPINGS
DARN,“PHOOEY!”
DITCH,LEAVE HIGH AND DRY
WOODCHUCK,WORDS IN TONGUE TWISTERS
CURSES,“PHOOEY!”
TALK,BABY ___
TAP,KINDS OF DANCE
TEAR,MOVE WITH SPEED
DROP,DECLINE
SHOWER,BABY ___
FLY,MOVE WITH SPEED
DIP,DECLINE
CARROT,BABY ___
SALSA,KINDS OF DANCE
SINK,DECLINE
MODERN,KINDS OF DANCE
BLAZE,MOVE WITH SPEED
SWING,KINDS OF DANCE
BOOM,BABY ___
RACE,MOVE WITH SPEED
FALL,DECLINE
HEAD,UNITS OF VEGETABLES
WING,PARTS OF AN AIRPLANE
CANDLE,THINGS MADE OF WAX
HOSE,RIP OFF
CRAYON,THINGS MADE OF WAX
CABIN,PARTS OF AN AIRPLANE
FLEECE,RIP OFF
NOSE,PARTS OF AN AIRPLANE
ENGINE,PARTS OF AN AIRPLANE
BULB,UNITS OF VEGETABLES
SEAL,THINGS MADE OF WAX
EAR,UNITS OF VEGETABLES
STALK,UNITS OF VEGETABLES
STIFF,RIP OFF
HONEYCOMB,THINGS MADE OF WAX
ROB,RIP OFF
CROWN,DENTAL TERMS
APPROVED,RUBBER STAMP WORDS
SCHOOL,___ YEAR
STAFF,SYMBOLIC RODS
VOID,RUBBER STAMP WORDS
SCEPTER,SYMBOLIC RODS
FILLING,DENTAL TERMS
GAP,___ YEAR
CAVITY,DENTAL TERMS
LIGHT,___ YEAR
PAID,RUBBER STAMP WORDS
WAND,SYMBOLIC RODS
LEAP,___ YEAR
PLAQUE,DENTAL TERMS
BATON,SYMBOLIC RODS
URGENT,RUBBER STAMP WORDS
PRIME,EXCELLENT
TIME,PASS THE ___
AT,SYMBOLS ABOVE NUMBERS ON A KEYBOARD
BAR,PASS THE ___
DEVISE,BRING INTO BEING
DOLLAR,SYMBOLS ABOVE NUMBERS ON A KEYBOARD
FINE,EXCELLENT
POUND,SYMBOLS ABOVE NUMBERS ON A KEYBOARD
TORCH,PASS THE ___
BUCK,PASS THE ___
COIN,BRING INTO BEING
QUALITY,EXCELLENT
CREATE,BRING INTO BEING
STERLING,EXCELLENT
PERCENT,SYMBOLS ABOVE NUMBERS ON A KEYBOARD
INVENT,BRING INTO BEING
POPPY,FAMILIAL NICKNAMES
CLOCK,SMARTPHONE FEATURES BEGINNING WITH “C”
ROSE,WORDS PRONOUNCED DIFFERENTLY WITH ACCENT MARKS
CONE,PARTS OF THE EYE
IRIS,PARTS OF THE EYE
EXPOSE,WORDS PRONOUNCED DIFFERENTLY WITH ACCENT MARKS
CAMERA,SMARTPHONE FEATURES BEGINNING WITH “C”
MUM,FAMILIAL NICKNAMES
CALCULATOR,SMARTPHONE FEATURES BEGINNING WITH “C”
GRAMMY,FAMILIAL NICKNAMES
LENS,PARTS OF THE EYE
RESUME,WORDS PRONOUNCED DIFFERENTLY WITH ACCENT MARKS
PATE,WORDS PRONOUNCED DIFFERENTLY WITH ACCENT MARKS
PUPIL,PARTS OF THE EYE
CALENDAR,SMARTPHONE FEATURES BEGINNING WITH “C”
DADA,FAMILIAL NICKNAMES
HANDSOME,WORDS BEGINNING WITH BODY PARTS
HIPPO,WORDS BEGINNING WITH BODY PARTS
IN,OF-THE-MOMENT
CHARGE,"IMPOSE, AS A PENALTY"
FINE,"IMPOSE, AS A PENALTY"
ICON,PICTOGRAPH
POPULAR,OF-THE-MOMENT
LEGEND,WORDS BEGINNING WITH BODY PARTS
HOT,OF-THE-MOMENT
CHARACTER,PICTOGRAPH
LIPID,WORDS BEGINNING WITH BODY PARTS
LEVY,"IMPOSE, AS A PENALTY"
SYMBOL,PICTOGRAPH
BIG,OF-THE-MOMENT
ASSESS,"IMPOSE, AS A PENALTY"
GLYPH,PICTOGRAPH
DUST,___ BUNNY
SOCK,HARD HIT
IRON,ORIGINAL MONOPOLY TOKENS
GLOVE,BASEBALL EQUIPMENT
STRIKE,HARD HIT
BOOT,ORIGINAL MONOPOLY TOKENS
HONEY,___ BUNNY
BAT,BASEBALL EQUIPMENT
BAD,___ BUNNY
BASE,BASEBALL EQUIPMENT
BLOW,HARD HIT
BUGS,___ BUNNY
THIMBLE,ORIGINAL MONOPOLY TOKENS
BALL,BASEBALL EQUIPMENT
TOP HAT,ORIGINAL MONOPOLY TOKENS
LICK,HARD HIT
HEART,SOUGHT AFTER IN “THE WIZARD OF OZ”
MIND,LOOK AFTER
WRIST,SILENT “W”
WATCH,LOOK AFTER
SMART,HURT
COURAGE,SOUGHT AFTER IN “THE WIZARD OF OZ”
WRONG,SILENT “W”
ANSWER,SILENT “W”
GUARD,LOOK AFTER
BRAIN,SOUGHT AFTER IN “THE WIZARD OF OZ”
STING,HURT
HOME,SOUGHT AFTER IN “THE WIZARD OF OZ”
BURN,HURT
TEND,LOOK AFTER
TWO,SILENT “W”
ACHE,HURT
VERTEX,HIGHEST POINT
CELL,“CAN I GET YOUR ___?” (PHONE INFO REQUEST)
BABY,MODIFIERS MEANING “SMALL”
BAG,INSIDE A SCRABBLE BOX
TOY,MODIFIERS MEANING “SMALL”
TILES,INSIDE A SCRABBLE BOX
PEAK,HIGHEST POINT
POCKET,MODIFIERS MEANING “SMALL”
NUMBER,“CAN I GET YOUR ___?” (PHONE INFO REQUEST)
BOARD,INSIDE A SCRABBLE BOX
MINI,MODIFIERS MEANING “SMALL”
RACKS,INSIDE A SCRABBLE BOX
CREST,HIGHEST POINT
CONTACT,“CAN I GET YOUR ___?” (PHONE INFO REQUEST)
SUMMIT,HIGHEST POINT
DIGITS,“CAN I GET YOUR ___?” (PHONE INFO REQUEST)
LOVE,TENNIS SCORING TERMS
THING,ROMANTIC TWOSOME
DRAGON,WORDS WITH “FRUIT”
PROMOTE,DO SOME MARKETING FOR
JACK,WORDS WITH “FRUIT”
AD,TENNIS SCORING TERMS
PASSION,WORDS WITH “FRUIT”
PAIR,ROMANTIC TWOSOME
PUSH,DO SOME MARKETING FOR
ITEM,ROMANTIC TWOSOME
DEUCE,TENNIS SCORING TERMS
PITCH,DO SOME MARKETING FOR
COUPLE,ROMANTIC TWOSOME
BREAD,WORDS WITH “FRUIT”
PLUG,DO SOME MARKETING FOR
ALL,TENNIS SCORING TERMS
BANANA,CRESCENT-SHAPED THINGS
HAMMER,HIT HARD
REGISTER,NEWSPAPER NAMES
SICKLE,CRESCENT-SHAPED THINGS
FLOWER,POWER-UPS IN SUPER MARIO WORLD
SUN,NEWSPAPER NAMES
FEATHER,POWER-UPS IN SUPER MARIO WORLD
MOON,CRESCENT-SHAPED THINGS
POUND,HIT HARD
HERALD,NEWSPAPER NAMES
STAR,POWER-UPS IN SUPER MARIO WORLD
BANG,HIT HARD
CROISSANT,CRESCENT-SHAPED THINGS
SLAM,HIT HARD
MUSHROOM,POWER-UPS IN SUPER MARIO WORLD
CHRONICLE,NEWSPAPER NAMES
CHOIR,RHYMES
FLORIST,BOOKED FOR A WEDDING
GLEE,MERRIMENT
TAR,___ PIT
ORCHESTRA,___ PIT
FIRE,RHYMES
BAND,BOOKED FOR A WEDDING
SNAKE,___ PIT
CATERER,BOOKED FOR A WEDDING
BARBECUE,___ PIT
FESTIVITY,MERRIMENT
FRYER,RHYMES
CHEER,MERRIMENT
LIAR,RHYMES
OFFICIANT,BOOKED FOR A WEDDING
MIRTH,MERRIMENT
PUG,WRINKLY THINGS
LOVER,ENTHUSIAST
BUILT,MUSCULAR
BRAIN,WRINKLY THINGS
BUFF,ENTHUSIAST
CUT,MAKE SHORTER
NUT,ENTHUSIAST
RIPPED,MUSCULAR
PARE,MAKE SHORTER
PRUNE,WRINKLY THINGS
JACKED,MUSCULAR
WALNUT,WRINKLY THINGS
SWOLE,MUSCULAR
TRIM,MAKE SHORTER
FAN,ENTHUSIAST
CLIP,MAKE SHORTER
DRIFT,___WOOD
LEAVE,TIME OFF
BUCKLE,FEATURES OF A BELT
BREAK,TIME OFF
LOOP,FEATURES OF A BELT
HOLE,FEATURES OF A BELT
HOLIDAY,TIME OFF
HOLI,HOMOPHONES
STRAP,FEATURES OF A BELT
HOLY,HOMOPHONES
SANDAL,___WOOD
HOLEY,HOMOPHONES
HOLLY,___WOOD
WHOLLY,HOMOPHONES
DOG,___WOOD
RECESS,TIME OFF
PEN,FARM FIXTURES
INK,COLORS MINUS THEIR FIRST LETTERS
SPOT,CLASSIC DOG NAMES
AGENCY,COMMERCIAL ORGANIZATION
STABLE,FARM FIXTURES
FIRM,COMMERCIAL ORGANIZATION
COMPANY,COMMERCIAL ORGANIZATION
COOP,FARM FIXTURES
OLD,COLORS MINUS THEIR FIRST LETTERS
STY,FARM FIXTURES
REX,CLASSIC DOG NAMES
LACK,COLORS MINUS THEIR FIRST LETTERS
RANGE,COLORS MINUS THEIR FIRST LETTERS
ROVER,CLASSIC DOG NAMES
ENTERPRISE,COMMERCIAL ORGANIZATION
FLUFFY,CLASSIC DOG NAMES
COFFEE,DRINKS WITH CAFFEINE
MATE,DRINKS WITH CAFFEINE
SET,COMEDIAN’S PERFORMANCE
UP,MARTINI SPECIFICATIONS
DRY,MARTINI SPECIFICATIONS
VANILLA,UNEXCITING
ACT,COMEDIAN’S PERFORMANCE
BORING,UNEXCITING
ROUTINE,COMEDIAN’S PERFORMANCE
TWIST,MARTINI SPECIFICATIONS
COCOA,DRINKS WITH CAFFEINE
MUNDANE,UNEXCITING
DULL,UNEXCITING
TEA,DRINKS WITH CAFFEINE
BIT,COMEDIAN’S PERFORMANCE
DIRTY,MARTINI SPECIFICATIONS
BISHOP,ECCLESIASTICAL TITLES
BROTHER,"""GIVE ME A BREAK!"""
QUEEN,ROCK & ROLL HALL OF FAME INDUCTEES
DELI,CITY HOMOPHONES
HEART,ROCK & ROLL HALL OF FAME INDUCTEES
NIECE,CITY HOMOPHONES
SOUL,CITY HOMOPHONES
PRINCE,ROCK & ROLL HALL OF FAME INDUCTEES
CARDINAL,ECCLESIASTICAL TITLES
LORD,"""GIVE ME A BREAK!"""
MADONNA,ROCK & ROLL HALL OF FAME INDUCTEES
PRIOR,ECCLESIASTICAL TITLES
PASTOR,ECCLESIASTICAL TITLES
ROAM,CITY HOMOPHONES
SHEESH,"""GIVE ME A BREAK!"""
PLEASE,"""GIVE ME A BREAK!"""
HONEY,KINDS OF BLOND
WIND,EUPHEMISMS FOR FLATULENCE
PLATINUM,KINDS OF BLOND
LOUD,"OSTENTATIOUS, AS AN OUTFIT"
HUG,WHAT “O” MIGHT MEAN
BRIGHT,"OSTENTATIOUS, AS AN OUTFIT"
OXYGEN,WHAT “O” MIGHT MEAN
STRAWBERRY,KINDS OF BLOND
GARISH,"OSTENTATIOUS, AS AN OUTFIT"
GAS,EUPHEMISMS FOR FLATULENCE
OF,WHAT “O” MIGHT MEAN
ZERO,WHAT “O” MIGHT MEAN
TOOT,EUPHEMISMS FOR FLATULENCE
DIRTY,KINDS OF BLOND
FLASHY,"OSTENTATIOUS, AS AN OUTFIT"
STINKER,EUPHEMISMS FOR FLATULENCE
SPONGE,SEA CREATURES
BOB,BOXING MANEUVERS
SQUARE,BASIC TWO-DIMENSIONAL SHAPES
PANTS,FANCY ___
HOOK,BOXING MANEUVERS
FREE,FANCY ___
THAT,FANCY ___
CIRCLE,BASIC TWO-DIMENSIONAL SHAPES
RAY,SEA CREATURES
DIAMOND,BASIC TWO-DIMENSIONAL SHAPES
CROSS,BOXING MANEUVERS
CRAB,SEA CREATURES
TRIANGLE,BASIC TWO-DIMENSIONAL SHAPES
SQUID,SEA CREATURES
WEAVE,BOXING MANEUVERS
FEAST,FANCY ___
HEART,CLASSIC TATTOOS
BOW,ARCHERY EQUIPMENT
CLOCK,WALLOP
BRIDGE,CARD GAMES
DECK,WALLOP
SPIT,CARD GAMES
ANCHOR,CLASSIC TATTOOS
TARGET,ARCHERY EQUIPMENT
DRAGON,CLASSIC TATTOOS
ARROW,ARCHERY EQUIPMENT
BELT,WALLOP
GIN,CARD GAMES
WAR,CARD GAMES
SLUG,WALLOP
ROSE,CLASSIC TATTOOS
QUIVER,ARCHERY EQUIPMENT
ETHER,NUMBER ANAGRAMS
NET,NUMBER ANAGRAMS
CARD,THINGS YOU CAN DRAW
RUN,BROADCAST
PICTURE,THINGS YOU CAN DRAW
SKIP,MUSIC PLAYER BUTTONS
AIR,BROADCAST
EON,NUMBER ANAGRAMS
STOP,MUSIC PLAYER BUTTONS
BATH,THINGS YOU CAN DRAW
CURTAIN,THINGS YOU CAN DRAW
SHUFFLE,MUSIC PLAYER BUTTONS
SCREEN,BROADCAST
TOW,NUMBER ANAGRAMS
REWIND,MUSIC PLAYER BUTTONS
SHOW,BROADCAST
PACK,CRAM INTO A TIGHT SPACE
RAT,STOOL PIGEON
DRAGON,___FLY
MOUNTAIN,YOGA POSES
CAT,YOGA POSES
BUTTER,___FLY
HORSE,___FLY
JAM,CRAM INTO A TIGHT SPACE
CANARY,STOOL PIGEON
COW,YOGA POSES
STUFF,CRAM INTO A TIGHT SPACE
TRIANGLE,YOGA POSES
SQUEEZE,CRAM INTO A TIGHT SPACE
SNITCH,STOOL PIGEON
FIRE,___FLY
FINK,STOOL PIGEON
PLUTO,PREFIXES WITH -CRACY
DORY,BOATS
PURR,MONOTONOUS SOUNDS
AUTO,PREFIXES WITH -CRACY
NEMO,CAPTAINS
DEMO,PREFIXES WITH -CRACY
BUZZ,MONOTONOUS SOUNDS
BARGE,BOATS
BUREAU,PREFIXES WITH -CRACY
AMERICA,CAPTAINS
SCOW,BOATS
HOOK,CAPTAINS
DRONE,MONOTONOUS SOUNDS
SLOOP,BOATS
MORGAN,CAPTAINS
HUM,MONOTONOUS SOUNDS
MIME,COSTUMES WITH STRIPED SHIRTS
APOLLO,MOVIES MINUS NUMBERS
PARROT,SEEN IN “ALADDIN”
FREEZE,BAD THINGS FOR A VIDEO CALL TO DO
MONKEY,SEEN IN “ALADDIN”
FANTASTIC,MOVIES MINUS NUMBERS
ECHO,BAD THINGS FOR A VIDEO CALL TO DO
PRINCESS,SEEN IN “ALADDIN”
SAILOR,COSTUMES WITH STRIPED SHIRTS
GENIE,SEEN IN “ALADDIN”
REFEREE,COSTUMES WITH STRIPED SHIRTS
SAMURAI,MOVIES MINUS NUMBERS
DROP,BAD THINGS FOR A VIDEO CALL TO DO
CANDLES,MOVIES MINUS NUMBERS
LAG,BAD THINGS FOR A VIDEO CALL TO DO
PRISONER,COSTUMES WITH STRIPED SHIRTS
PRODUCE,GROCERY STORE AISLES
ORANGE,SPHERICAL FOODS
EGG,"ENCOURAGE, WITH ""ON"""
FIGURE,GO ___
STEADY,GO ___
MEATBALL,SPHERICAL FOODS
DAIRY,GROCERY STORE AISLES
FISH,GO ___
MOZZARELLA,SPHERICAL FOODS
GOAD,"ENCOURAGE, WITH ""ON"""
BANANAS,GO ___
SNACK,GROCERY STORE AISLES
SPUR,"ENCOURAGE, WITH ""ON"""
FROZEN,GROCERY STORE AISLES
JAWBREAKER,SPHERICAL FOODS
URGE,"ENCOURAGE, WITH ""ON"""
PLUM,SAUCES IN CHINESE CUISINE
KISS,TOUCH LIGHTLY
WHOLE,KINDS OF NUMBERS
CLAW,BEAR ___
SKIM,TOUCH LIGHTLY
PERFECT,KINDS OF NUMBERS
HUG,BEAR ___
SOY,SAUCES IN CHINESE CUISINE
OYSTER,SAUCES IN CHINESE CUISINE
FRUIT,BEAR ___
ODD,KINDS OF NUMBERS
BRUSH,TOUCH LIGHTLY
WITNESS,BEAR ___
XO,SAUCES IN CHINESE CUISINE
GRAZE,TOUCH LIGHTLY
PRIME,KINDS OF NUMBERS
LIGHT,OVEN BUTTONS
DESERT,WHERE YOU MIGHT FIND SAND
BAKE,OVEN BUTTONS
WATCH,FOLLOW ATTENTIVELY
OASIS,BRITPOP BANDS
HOURGLASS,WHERE YOU MIGHT FIND SAND
MONITOR,FOLLOW ATTENTIVELY
BLUR,BRITPOP BANDS
BEACH,WHERE YOU MIGHT FIND SAND
TIMER,OVEN BUTTONS
PULP,BRITPOP BANDS
TRACK,FOLLOW ATTENTIVELY
BROIL,OVEN BUTTONS
SURVEY,FOLLOW ATTENTIVELY
PLAYGROUND,WHERE YOU MIGHT FIND SAND
SUEDE,BRITPOP BANDS
PILLOW,THINGS MADE WITH FEATHERS
RUBY,PROGRAMMING LANGUAGES
COBRA,THINGS THAT CAN STRIKE
CROC,COMFY SHOES
LIGHTNING,THINGS THAT CAN STRIKE
SHUTTLECOCK,THINGS MADE WITH FEATHERS
MOCCASIN,COMFY SHOES
BOA,THINGS MADE WITH FEATHERS
PYTHON,PROGRAMMING LANGUAGES
HEADDRESS,THINGS MADE WITH FEATHERS
BASIC,PROGRAMMING LANGUAGES
SLIPPER,COMFY SHOES
LOAFER,COMFY SHOES
INSPIRATION,THINGS THAT CAN STRIKE
JAVA,PROGRAMMING LANGUAGES
UNION,THINGS THAT CAN STRIKE
FAMILY,___ CIRCUS
SHIP,NOUN SUFFIXES
LOCK,BIT OF HAIR
NESS,NOUN SUFFIXES
ION,NOUN SUFFIXES
PRESS,MEDIA ATTENTION
FLEA,___ CIRCUS
CURL,BIT OF HAIR
FLYING,___ CIRCUS
MEDIA,___ CIRCUS
TRESS,BIT OF HAIR
EXPOSURE,MEDIA ATTENTION
COVERAGE,MEDIA ATTENTION
DOM,NOUN SUFFIXES
PUBLICITY,MEDIA ATTENTION
RINGLET,BIT OF HAIR
STALK,PURSUE
STOCK,INGREDIENTS IN MINESTRONE
HUNT,PURSUE
SNACK,EAT A LITTLE
BEANS,INGREDIENTS IN MINESTRONE
POD,___CAST
PECK,EAT A LITTLE
TYPE,___CAST
NIBBLE,EAT A LITTLE
TRACK,PURSUE
BROAD,___CAST
PASTA,INGREDIENTS IN MINESTRONE
FORE,___CAST
GRAZE,EAT A LITTLE
VEGETABLES,INGREDIENTS IN MINESTRONE
TRAIL,PURSUE
HINGE,PARTS OF A DOOR
SPOIL,MESS UP
DRILL,WORKSHOP TOOLS
MATCH,USED IN BUILDING A FIRE
LOCK,PARTS OF A DOOR
TINDER,USED IN BUILDING A FIRE
HANDLE,PARTS OF A DOOR
BUMBLE,MESS UP
GRINDER,WORKSHOP TOOLS
FRAME,PARTS OF A DOOR
SAW,WORKSHOP TOOLS
LOG,USED IN BUILDING A FIRE
FLUFF,MESS UP
KINDLING,USED IN BUILDING A FIRE
BLOW,MESS UP
ROUTER,WORKSHOP TOOLS
LEAK,VEGETABLE HOMOPHONES
WIND,MUSICAL SECTIONS
DRAG,PARTY POOPER
DROP,BIT OF LIQUID
STRING,MUSICAL SECTIONS
DRIP,PARTY POOPER
BEAT,VEGETABLE HOMOPHONES
TEAR,BIT OF LIQUID
BORE,PARTY POOPER
RHYTHM,MUSICAL SECTIONS
BEAD,BIT OF LIQUID
BRASS,MUSICAL SECTIONS
CHARRED,VEGETABLE HOMOPHONES
GLOB,BIT OF LIQUID
PEE,VEGETABLE HOMOPHONES
DUD,PARTY POOPER
SUPER,THEY HAVE KEYS
COMPUTER,THEY HAVE KEYS
BUGS,PESTERS
COMPANY,TONY WINNERS FOR BEST MUSICAL
HOUNDS,PESTERS
CATS,TONY WINNERS FOR BEST MUSICAL
FISH,SCHOOL OF ___
BADGERS,PESTERS
HARD KNOCKS,SCHOOL OF ___
PIANO,THEY HAVE KEYS
CABARET,TONY WINNERS FOR BEST MUSICAL
ROCK,SCHOOL OF ___
ANNIE,TONY WINNERS FOR BEST MUSICAL
THOUGHT,SCHOOL OF ___
TESTS,THEY HAVE KEYS
NAGS,PESTERS
CLUE,COLORS WITH THEIR FIRST LETTERS CHANGED
ROOT,ORIGIN
WHINE,DOG SOUNDS
WING,DEPARTMENT
CRADLE,ORIGIN
BRANCH,DEPARTMENT
FROWN,COLORS WITH THEIR FIRST LETTERS CHANGED
BARK,DOG SOUNDS
PREEN,COLORS WITH THEIR FIRST LETTERS CHANGED
GROWL,DOG SOUNDS
ARM,DEPARTMENT
FONT,ORIGIN
HOWL,DOG SOUNDS
MELLOW,COLORS WITH THEIR FIRST LETTERS CHANGED
SOURCE,ORIGIN
CHAPTER,DEPARTMENT
FOREST,SHADES OF GREEN
PARADE,PROCESSION
EROTIC,WHAT “BLUE” MIGHT MEAN
SKELETON,THINGS WITH SPINES
TRAIN,PROCESSION
HEDGEHOG,THINGS WITH SPINES
OLIVE,SHADES OF GREEN
BOOK,THINGS WITH SPINES
MINT,SHADES OF GREEN
DEMOCRATIC,WHAT “BLUE” MIGHT MEAN
CACTUS,THINGS WITH SPINES
FLEET,PROCESSION
NOBLE,WHAT “BLUE” MIGHT MEAN
CARAVAN,PROCESSION
SAD,WHAT “BLUE” MIGHT MEAN
LIME,SHADES OF GREEN
CORE,PARTS OF FRUIT YOU MIGHT NOT EAT
FEATHER,WEIGHTS IN BOXING
WIND,WIN + LETTER
MILL,MANUFACTURING LOCATIONS
MIDDLE,WEIGHTS IN BOXING
WING,WIN + LETTER
SEED,PARTS OF FRUIT YOU MIGHT NOT EAT
LIGHT,WEIGHTS IN BOXING
WINE,WIN + LETTER
STEM,PARTS OF FRUIT YOU MIGHT NOT EAT
PLANT,MANUFACTURING LOCATIONS
SHOP,MANUFACTURING LOCATIONS
RIND,PARTS OF FRUIT YOU MIGHT NOT EAT
FACTORY,MANUFACTURING LOCATIONS
HEAVY,WEIGHTS IN BOXING
WINK,WIN + LETTER
PLASTIC,FLEXIBLE
FOIL,FENCING EQUIPMENT
CELLOPHANE,WORDS BEGINNING WITH INSTRUMENTS
LUMBER,WALK HEAVILY
ORGANISM,WORDS BEGINNING WITH INSTRUMENTS
HARPOON,WORDS BEGINNING WITH INSTRUMENTS
TRUDGE,WALK HEAVILY
LIMBER,FLEXIBLE
STOMP,WALK HEAVILY
ELASTIC,FLEXIBLE
GLOVE,FENCING EQUIPMENT
BASSINET,WORDS BEGINNING WITH INSTRUMENTS
MASK,FENCING EQUIPMENT
PLOD,WALK HEAVILY
JACKET,FENCING EQUIPMENT
SUPPLE,FLEXIBLE
ROMANTIC,"ART MOVEMENTS, WITH -ISM"
TYPE,ILK
BRAVE,"STAND UP TO, AS A CHALLENGE"
FACE,"STAND UP TO, AS A CHALLENGE"
KIND,ILK
EXPRESSION,"ART MOVEMENTS, WITH -ISM"
SOUR,BASIC TASTES
SURREAL,"ART MOVEMENTS, WITH -ISM"
BITTER,BASIC TASTES
SWEET,BASIC TASTES
VARIETY,ILK
MEET,"STAND UP TO, AS A CHALLENGE"
SORT,ILK
CONFRONT,"STAND UP TO, AS A CHALLENGE"
SALTY,BASIC TASTES
MANNER,"ART MOVEMENTS, WITH -ISM"
ANIMAL,KINDS OF CRACKERS
SPLIT,GYMNASTICS POSITIONS
NEON,'80S FASHION TRENDS
SALMON,___ LADDER
ROPE,___ LADDER
MULLET,'80S FASHION TRENDS
TUCK,GYMNASTICS POSITIONS
WORD,___ LADDER
PIKE,GYMNASTICS POSITIONS
GOLDFISH,KINDS OF CRACKERS
CORPORATE,___ LADDER
HEADBAND,'80S FASHION TRENDS
SPANDEX,'80S FASHION TRENDS
RITZ,KINDS OF CRACKERS
OYSTER,KINDS OF CRACKERS
STRADDLE,GYMNASTICS POSITIONS
BLUE,"CHEESES, FAMILIARLY"
POLE,TRACK AND FIELD EQUIPMENT
CUBAN,KINDS OF HEELS
SPACE,DOUBLE ___
AMERICAN,"CHEESES, FAMILIARLY"
KITTEN,KINDS OF HEELS
DUTCH,DOUBLE ___
WEDGE,KINDS OF HEELS
JEOPARDY,DOUBLE ___
HURDLE,TRACK AND FIELD EQUIPMENT
SWISS,"CHEESES, FAMILIARLY"
DATE,DOUBLE ___
JACK,"CHEESES, FAMILIARLY"
HAMMER,TRACK AND FIELD EQUIPMENT
STILETTO,KINDS OF HEELS
JAVELIN,TRACK AND FIELD EQUIPMENT
LEAP,PROPEL INTO THE AIR
DAY,PERIOD
SAFE,PLACE TO STORE VALUABLES
TANG,ANIMALS BACKWARD
FLOW,ANIMALS BACKWARD
VAULT,PLACE TO STORE VALUABLES
AGE,PERIOD
JUMP,PROPEL INTO THE AIR
SPRING,PROPEL INTO THE AIR
TIME,PERIOD
DRIB,ANIMALS BACKWARD
CHEST,PLACE TO STORE VALUABLES
ERA,PERIOD
COFFER,PLACE TO STORE VALUABLES
HOP,PROPEL INTO THE AIR
REED,ANIMALS BACKWARD
BUTTER,GARLIC BREAD INGREDIENTS
FRUIT,___ BAT
FANTASY,DISNEYLAND LANDS
BASEBALL,___ BAT
TOMORROW,DISNEYLAND LANDS
GARLIC,GARLIC BREAD INGREDIENTS
CRICKET,___ BAT
VAMPIRE,___ BAT
STAKE,WAGER
FRONTIER,DISNEYLAND LANDS
BET,WAGER
BREAD,GARLIC BREAD INGREDIENTS
PARSLEY,GARLIC BREAD INGREDIENTS
RISK,WAGER
ADVENTURE,DISNEYLAND LANDS
GAMBLE,WAGER
OKAY,WHAT “K” MIGHT MEAN
COUCH,EXPRESS INDIRECTLY
FOOT,UNITS IN POETRY
MOLE,INTELLIGENCE OPERATIVE
INTIMATE,EXPRESS INDIRECTLY
SLEEPER,INTELLIGENCE OPERATIVE
KELVIN,WHAT “K” MIGHT MEAN
VERSE,UNITS IN POETRY
SUGGEST,EXPRESS INDIRECTLY
THOUSAND,WHAT “K” MIGHT MEAN
LINE,UNITS IN POETRY
ASSET,INTELLIGENCE OPERATIVE
METER,UNITS IN POETRY
AGENT,INTELLIGENCE OPERATIVE
POTASSIUM,WHAT “K” MIGHT MEAN
IMPLY,EXPRESS INDIRECTLY
WAVE,WAYS TO GET ATTENTION
DANCE,BELLY ___
SEA,LARGE AMOUNT
CAVE,FALL IN UNDER PRESSURE
TON,LARGE AMOUNT
BUCKLE,FALL IN UNDER PRESSURE
FLOP,BELLY ___
SNAP,WAYS TO GET ATTENTION
BUTTON,BELLY ___
WHISTLE,WAYS TO GET ATTENTION
MASS,LARGE AMOUNT
SHOUT,WAYS TO GET ATTENTION
GIVE,FALL IN UNDER PRESSURE
LAUGH,BELLY ___
COLLAPSE,FALL IN UNDER PRESSURE
SLEW,LARGE AMOUNT
FELLOW,COLLEAGUE
SPY,WHAT A MOLE CAN BE
PEEP,SEEN DURING EASTER
BIRTHMARK,WHAT A MOLE CAN BE
STUDY,ROOMS IN THE GAME CLUE
ANIMAL,WHAT A MOLE CAN BE
PEER,COLLEAGUE
UNIT,WHAT A MOLE CAN BE
BUNNY,SEEN DURING EASTER
HALL,ROOMS IN THE GAME CLUE
ASSOCIATE,COLLEAGUE
EGG,SEEN DURING EASTER
LOUNGE,ROOMS IN THE GAME CLUE
JELLY BEAN,SEEN DURING EASTER
LIBRARY,ROOMS IN THE GAME CLUE
PARTNER,COLLEAGUE
SWIFT,POP MEGASTARS
VEHICLE,METHOD
LARGE,LIVING ___
LEGEND,LIVING ___
SMALL,"UNLIKELY, AS CHANCES"
MEANS,METHOD
MEDIUM,METHOD
MARS,POP MEGASTARS
OUTSIDE,"UNLIKELY, AS CHANCES"
ROOM,LIVING ___
GRANDE,POP MEGASTARS
SLIM,"UNLIKELY, AS CHANCES"
PROOF,LIVING ___
STYLES,POP MEGASTARS
REMOTE,"UNLIKELY, AS CHANCES"
CHANNEL,METHOD
CLUB,THINGS A JUGGLER JUGGLES
WINDSOCK,WORDS ENDING IN CLOTHING
RUNWAY,PARTS OF AN AIRPORT
BEANBAG,THINGS A JUGGLER JUGGLES
TURNCOAT,WORDS ENDING IN CLOTHING
LAWSUIT,LEGAL TERMS
TORCH,THINGS A JUGGLER JUGGLES
FOXGLOVE,WORDS ENDING IN CLOTHING
CLAIM,LEGAL TERMS
TERMINAL,PARTS OF AN AIRPORT
GUMSHOE,WORDS ENDING IN CLOTHING
COMPLAINT,LEGAL TERMS
HANGAR,PARTS OF AN AIRPORT
RING,THINGS A JUGGLER JUGGLES
ACTION,LEGAL TERMS
TARMAC,PARTS OF AN AIRPORT
TOE,ASSOCIATED WITH “STUB”
JOINT,SHARED
PIPE,___ DREAM
FLUSH,RID OF CONTENTS
CIGARETTE,ASSOCIATED WITH “STUB”
DRAIN,RID OF CONTENTS
COMMON,SHARED
FEVER,___ DREAM
CLEAR,RID OF CONTENTS
PENCIL,ASSOCIATED WITH “STUB”
AMERICAN,___ DREAM
TICKET,ASSOCIATED WITH “STUB”
COLLECTIVE,SHARED
LUCID,___ DREAM
EMPTY,RID OF CONTENTS
MUTUAL,SHARED
DART,THINGS TO SEW
CAN,WAYS TO PRESERVE FOOD
PUNCH,SHARP QUALITY
HEM,THINGS TO SEW
HAW,BIRDS MINUS LAST LETTER
DRY,WAYS TO PRESERVE FOOD
LOO,BIRDS MINUS LAST LETTER
EDGE,SHARP QUALITY
CONDO,BIRDS MINUS LAST LETTER
SPICE,SHARP QUALITY
FREEZE,WAYS TO PRESERVE FOOD
PLEAT,THINGS TO SEW
BITE,SHARP QUALITY
HERO,BIRDS MINUS LAST LETTER
SEAM,THINGS TO SEW
CURE,WAYS TO PRESERVE FOOD
BLANKET,UNIVERSAL
CADET,SPACE ___
BAR,SPACE ___
SCARF,EAT VORACIOUSLY
MAJOR,AREAS OF ACADEMIC FOCUS
HEATER,SPACE ___
GENERAL,UNIVERSAL
STATION,SPACE ___
WOLF,EAT VORACIOUSLY
DEGREE,AREAS OF ACADEMIC FOCUS
DOWN,EAT VORACIOUSLY
CONCENTRATION,AREAS OF ACADEMIC FOCUS
BROAD,UNIVERSAL
INHALE,EAT VORACIOUSLY
MINOR,AREAS OF ACADEMIC FOCUS
SWEEPING,UNIVERSAL
STICK,THINGS A DOG CAN FETCH
SHIFT,MAC KEYBOARD KEYS
BONE,THINGS A DOG CAN FETCH
HIDE,CONCEAL
BLANK,EXPERIENCE A MEMORY LAPSE
BLOCK,CONCEAL
SPACE,EXPERIENCE A MEMORY LAPSE
BALL,THINGS A DOG CAN FETCH
OBSCURE,CONCEAL
COMMAND,MAC KEYBOARD KEYS
FLAKE,EXPERIENCE A MEMORY LAPSE
COVER,CONCEAL
CONTROL,MAC KEYBOARD KEYS
FORGET,EXPERIENCE A MEMORY LAPSE
FRISBEE,THINGS A DOG CAN FETCH
OPTION,MAC KEYBOARD KEYS
BABY,TREAT WITH EXCESSIVE CARE
CRADLE,CAT’S ___
CAN,BACKSIDE
MEOW,CAT’S ___
BOOTY,BACKSIDE
TOWEL,THINGS IN A SPA LOCKER ROOM
PAJAMAS,CAT’S ___
MOTHER,TREAT WITH EXCESSIVE CARE
SPOIL,TREAT WITH EXCESSIVE CARE
EYE,CAT’S ___
SLIPPERS,THINGS IN A SPA LOCKER ROOM
REAR,BACKSIDE
ROBE,THINGS IN A SPA LOCKER ROOM
PAMPER,TREAT WITH EXCESSIVE CARE
BUM,BACKSIDE
WASHCLOTH,THINGS IN A SPA LOCKER ROOM
GOLDEN,"DOG BREEDS, INFORMALLY"
HOWL,FAMOUS POEMS
RANK,SECTION
PIT,"DOG BREEDS, INFORMALLY"
IF,FAMOUS POEMS
BOSTON,"DOG BREEDS, INFORMALLY"
AND,INCLUDING
HARLEM,FAMOUS POEMS
PLUS,INCLUDING
CLASS,SECTION
WITH,INCLUDING
DIVISION,SECTION
TIER,SECTION
DADDY,FAMOUS POEMS
LAB,"DOG BREEDS, INFORMALLY"
ALSO,INCLUDING
PRINCESS,GEMSTONE CUTS
CANDY,HALLOWEEN PURCHASES
BEAN,FOOD SLANG FOR HEAD
LICORICE,PLANTS WITH SIMILAR FLAVORS
PUMPKIN,HALLOWEEN PURCHASES
MELON,FOOD SLANG FOR HEAD
BAGUETTE,GEMSTONE CUTS
EMERALD,GEMSTONE CUTS
RADIANT,GEMSTONE CUTS
COSTUME,HALLOWEEN PURCHASES
NOODLE,FOOD SLANG FOR HEAD
FENNEL,PLANTS WITH SIMILAR FLAVORS
TARRAGON,PLANTS WITH SIMILAR FLAVORS
NUT,FOOD SLANG FOR HEAD
ANISE,PLANTS WITH SIMILAR FLAVORS
DECORATIONS,HALLOWEEN PURCHASES
PIE,HOMOPHONES OF GREEK LETTERS
DAY,___-O
NEW,HOMOPHONES OF GREEK LETTERS
WINNER,BOX OFFICE VICTORY
SPIKE,VOLLEYBALL MOVES
ROW,HOMOPHONES OF GREEK LETTERS
HIT,BOX OFFICE VICTORY
JELL,___-O
SUCCESS,BOX OFFICE VICTORY
BUMP,VOLLEYBALL MOVES
JACKIE,___-O
SET,VOLLEYBALL MOVES
DADDY,___-O
MOO,HOMOPHONES OF GREEK LETTERS
SERVE,VOLLEYBALL MOVES
SMASH,BOX OFFICE VICTORY
DIRTY,PLAY ___
SORRY,“MY MISTAKE!”
TRASH,CRITICIZE
DATE,PLAY ___
KNOCK,CRITICIZE
OUT,ALIBI
OOPS,“MY MISTAKE!”
EXCUSE,ALIBI
DOH,PLAY ___
BLAST,CRITICIZE
APOLOGIES,“MY MISTAKE!”
DEAD,PLAY ___
DEFENSE,ALIBI
PARDON,“MY MISTAKE!”
SLAM,CRITICIZE
REASON,ALIBI
SHRINK,GET SMALLER
PILOT,NOTABLE TV EPISODES
BUSINESS,AIRLINE CLASSES
CONTRACT,GET SMALLER
COACH,AIRLINE CLASSES
VET,"EXAMINE, AS AN APPLICANT"
SPECIAL,NOTABLE TV EPISODES
PREMIUM,AIRLINE CLASSES
REVIEW,"EXAMINE, AS AN APPLICANT"
PREMIERE,NOTABLE TV EPISODES
REDUCE,GET SMALLER
SCREEN,"EXAMINE, AS AN APPLICANT"
FINALE,NOTABLE TV EPISODES
CHECK,"EXAMINE, AS AN APPLICANT"
FIRST,AIRLINE CLASSES
LESSEN,GET SMALLER
MARCH,MOVE FORWARD
MADNESS,FOOLISHNESS
FREEZE,WORDS AFTER “DEEP”
FEET,THINGS THAT MIGHT STINK
SIX,WORDS AFTER “DEEP”
FAKE,WORDS AFTER “DEEP”
FOLLY,FOOLISHNESS
PUSH,MOVE FORWARD
NONSENSE,FOOLISHNESS
CHEESE,THINGS THAT MIGHT STINK
GARBAGE,THINGS THAT MIGHT STINK
PROGRESS,MOVE FORWARD
SKUNK,THINGS THAT MIGHT STINK
CUT,WORDS AFTER “DEEP”
ADVANCE,MOVE FORWARD
ABSURDITY,FOOLISHNESS
SUNFLOWER,SPIRALS IN NATURE
SOLITAIRE,ASSOCIATED WITH “ONE”
STAGE,SEGMENT OF A PROCESS
SNAIL,SPIRALS IN NATURE
CYCLE,SEGMENT OF A PROCESS
CYCLONE,SPIRALS IN NATURE
CYCLOPS,ASSOCIATED WITH “ONE”
CYGNUS,CONSTELLATIONS
UNICYCLE,ASSOCIATED WITH “ONE”
ORION,CONSTELLATIONS
ROUND,SEGMENT OF A PROCESS
GALAXY,SPIRALS IN NATURE
PEGASUS,CONSTELLATIONS
PHASE,SEGMENT OF A PROCESS
MONOLOGUE,ASSOCIATED WITH “ONE”
GEMINI,CONSTELLATIONS
GUESS,SECOND ___
CHARADE,PRETENSE
KING,FAMOUS GUITARISTS
WIND,SECOND ___
NATURE,SECOND ___
PLOT,MOVIE SUMMARY INFO
FIDDLE,SECOND ___
BERRY,FAMOUS GUITARISTS
FRONT,PRETENSE
PAGE,FAMOUS GUITARISTS
TITLE,MOVIE SUMMARY INFO
AIRS,PRETENSE
WATERS,FAMOUS GUITARISTS
CAST,MOVIE SUMMARY INFO
AFFECT,PRETENSE
GENRE,MOVIE SUMMARY INFO
RUSHMORE,STARTING WITH ROCK BANDS
PARMESAN,ITALIAN DEMONYMS
OLYMPUS,CAMERA BRANDS
ASTROTURF,SEEN AT A SPORTS STADIUM
JUMBOTRON,SEEN AT A SPORTS STADIUM
JOURNEYMAN,STARTING WITH ROCK BANDS
KISSCAM,STARTING WITH ROCK BANDS
BOLOGNESE,ITALIAN DEMONYMS
CREAMSICLE,STARTING WITH ROCK BANDS
FUJIFILM,CAMERA BRANDS
NEAPOLITAN,ITALIAN DEMONYMS
SKYBOX,SEEN AT A SPORTS STADIUM
HASSELBLAD,CAMERA BRANDS
VENETIAN,ITALIAN DEMONYMS
SCOREBOARD,SEEN AT A SPORTS STADIUM
POLAROID,CAMERA BRANDS
POP,PALINDROMES
EYE,PALINDROMES
COW,FEMALE ANIMALS
GAG,PALINDROMES
EAR,STARTS OF PLANET NAMES
YAK,"CHAT, INFORMALLY"
EWE,FEMALE ANIMALS
JAW,"CHAT, INFORMALLY"
DOE,FEMALE ANIMALS
MAR,STARTS OF PLANET NAMES
YAP,"CHAT, INFORMALLY"
BIB,PALINDROMES
SAT,STARTS OF PLANET NAMES
HEN,FEMALE ANIMALS
MER,STARTS OF PLANET NAMES
GAB,"CHAT, INFORMALLY"
VOLLEYBALL,THINGS YOU CAN SET
SQUASH,APPLY PRESSURE TO
TABLE,THINGS YOU CAN SET
HOCKEY,OLYMPIC SPORTS
RECORD,THINGS YOU CAN SET
BREAKING,OLYMPIC SPORTS
CRICKET,JUMPING ANIMALS
PRESS,APPLY PRESSURE TO
FROG,JUMPING ANIMALS
SKELETON,OLYMPIC SPORTS
MOOD,THINGS YOU CAN SET
CRUSH,APPLY PRESSURE TO
TRAMPOLINE,OLYMPIC SPORTS
KANGAROO,JUMPING ANIMALS
MASH,APPLY PRESSURE TO
HARE,JUMPING ANIMALS
SHADOW,PURSUE
NAME,SEEN IN A PASSPORT
VISA,SEEN IN A PASSPORT
TRACK,PURSUE
DISCOVER,BECOME AWARE OF
PHOTO,SEEN IN A PASSPORT
GLORY,KUDOS
STAMP,SEEN IN A PASSPORT
CHASE,PURSUE
PROPS,KUDOS
LEARN,BECOME AWARE OF
CREDIT,KUDOS
TAIL,PURSUE
FIND,BECOME AWARE OF
PRAISE,KUDOS
REALIZE,BECOME AWARE OF
SKIP,FAIL TO ATTEND
CAMEL,YELLOW-BROWN SHADES
BEIGE,YELLOW-BROWN SHADES
ROMP,DECISIVE VICTORY
COLOR,___ WHEEL
CUT,FAIL TO ATTEND
BLOWOUT,DECISIVE VICTORY
HAMSTER,___ WHEEL
CHEESE,___ WHEEL
SWEEP,DECISIVE VICTORY
DITCH,FAIL TO ATTEND
TAN,YELLOW-BROWN SHADES
PRAYER,___ WHEEL
KHAKI,YELLOW-BROWN SHADES
MISS,FAIL TO ATTEND
ROUT,DECISIVE VICTORY
PACE,HOW FAST SOMETHING IS GOING
CLIPPER,N.B.A. TEAM PLAYER
MOVE,"""STEP ON IT!"""
MEDICINE,TELE___
FASTER,"""STEP ON IT!"""
PROMPTER,TELE___
ROCKET,N.B.A. TEAM PLAYER
SPEED,HOW FAST SOMETHING IS GOING
GO,"""STEP ON IT!"""
SPUR,N.B.A. TEAM PLAYER
COMMUTE,TELE___
HURRY,"""STEP ON IT!"""
RATE,HOW FAST SOMETHING IS GOING
VISION,TELE___
CLIP,HOW FAST SOMETHING IS GOING
PACER,N.B.A. TEAM PLAYER
BUD,PLANT GROWTHS
LIGHT,SOLAR EMANATIONS
HARP,MUSICAL INSTRUMENTS
SHOOT,PLANT GROWTHS
CORONA,SOLAR EMANATIONS
BASS,MUSICAL INSTRUMENTS
FLARE,SOLAR EMANATIONS
REAR,BRING UP
FOSTER,BRING UP
BLOOM,PLANT GROWTHS
NURSE,BRING UP
RECORDER,MUSICAL INSTRUMENTS
BASSOON,MUSICAL INSTRUMENTS
RAISE,BRING UP
SPROUT,PLANT GROWTHS
RADIATION,SOLAR EMANATIONS
BINGO,GAMES OF CHANCE
ROW,QUARREL
CORRECT,UPDATE FOR ACCURACY
COMPUTER,___ CHIP
FIGHT,QUARREL
AMEND,UPDATE FOR ACCURACY
BLUE,___ CHIP
POTATO,___ CHIP
FIX,UPDATE FOR ACCURACY
TIFF,QUARREL
POKER,___ CHIP
ROULETTE,GAMES OF CHANCE
REVISE,UPDATE FOR ACCURACY
LOTTERY,GAMES OF CHANCE
SCRAP,QUARREL
WAR,GAMES OF CHANCE
BLUE,KINDS OF WHALES
CASINO,THINGS WITH SLOTS
GRAY,KINDS OF WHALES
SPATULA,THINGS WITH SLOTS
DEPARTED,EXITED
RIGHT,KINDS OF WHALES
AVIATOR,ONE FLYING AN AIRPLANE
LEFT,EXITED
ACE,ONE FLYING AN AIRPLANE
SPLIT,EXITED
ATM,THINGS WITH SLOTS
FLIER,ONE FLYING AN AIRPLANE
WENT,EXITED
SCHEDULE,THINGS WITH SLOTS
PILOT,ONE FLYING AN AIRPLANE
FIN,KINDS OF WHALES
HAPPY,DISNEY CHARACTERS
PRETTY,ESPECIALLY
SHINY,"BODY PARTS PLUS ""Y"""
SKY,KINDS OF BLUE
BABY,KINDS OF BLUE
LADY,DISNEY CHARACTERS
ARMY,"BODY PARTS PLUS ""Y"""
NAVY,KINDS OF BLUE
TIFFANY,KINDS OF BLUE
LIVERY,"BODY PARTS PLUS ""Y"""
COLONY,"BODY PARTS PLUS ""Y"""
REALLY,ESPECIALLY
MIGHTY,ESPECIALLY
DAISY,DISNEY CHARACTERS
VERY,ESPECIALLY
GOOFY,DISNEY CHARACTERS
SMOKES,"PRESERVES, AS MEAT"
JAMS,PREDICAMENTS
CANS,"PRESERVES, AS MEAT"
MITTENS,THINGS IN “MY FAVORITE THINGS”
PUFFS,BREATHES HEAVILY
KETTLES,THINGS IN “MY FAVORITE THINGS”
SPOTS,PREDICAMENTS
SALTS,"PRESERVES, AS MEAT"
RAINDROPS,THINGS IN “MY FAVORITE THINGS”
PANTS,BREATHES HEAVILY
PICKLES,PREDICAMENTS
WHISKERS,THINGS IN “MY FAVORITE THINGS”
GASPS,BREATHES HEAVILY
CURES,"PRESERVES, AS MEAT"
BINDS,PREDICAMENTS
HUFFS,BREATHES HEAVILY
HONEY,___ BEAR
BROWN,___ BEAR
CORSET,THINGS THAT ARE CINCHED IN THE MIDDLE
MINERAL,KINDS OF WATER
SPRING,KINDS OF WATER
SLIP,TAKE A TUMBLE
TEDDY,___ BEAR
WASP,THINGS THAT ARE CINCHED IN THE MIDDLE
FALL,TAKE A TUMBLE
HOURGLASS,THINGS THAT ARE CINCHED IN THE MIDDLE
TAP,KINDS OF WATER
BOO-BOO,___ BEAR
STILL,KINDS OF WATER
SPILL,TAKE A TUMBLE
DIABOLO,THINGS THAT ARE CINCHED IN THE MIDDLE
TRIP,TAKE A TUMBLE
🍞,FOOD SLANG FOR MONEY
🧠,WORDS THAT RHYME
🫖,LETTER HOMOPHONES
🪚,HORROR MOVIES
😱,HORROR MOVIES
🐑,LETTER HOMOPHONES
🥬,FOOD SLANG FOR MONEY
🚂,WORDS THAT RHYME
👽,HORROR MOVIES
🧀,FOOD SLANG FOR MONEY
🌧️,WORDS THAT RHYME
👁️,LETTER HOMOPHONES
🥓,FOOD SLANG FOR MONEY
✈️,WORDS THAT RHYME
🐝,LETTER HOMOPHONES
🧛,HORROR MOVIES
MOCCASIN,KINDS OF SNAKES
PRINCE,SEEN IN “CINDERELLA”
POKE,THRUST
BALL,SEEN IN “CINDERELLA”
SLIPPER,SEEN IN “CINDERELLA”
ELBOW,PASTA SHAPES
BOA,KINDS OF SNAKES
BOWTIE,PASTA SHAPES
STICK,THRUST
TUBE,PASTA SHAPES
WHEEL,PASTA SHAPES
PROD,THRUST
MAMBA,KINDS OF SNAKES
JAB,THRUST
PUMPKIN,SEEN IN “CINDERELLA”
ADDER,KINDS OF SNAKES
MASS,STARTS OF U.S. STATES
MARY,STARTS OF U.S. STATES
NORMAL,SKIN TYPES
WASH,STARTS OF U.S. STATES
STANDARD,MODEL FOR REFERENCE
DRY,SKIN TYPES
YARDSTICK,MODEL FOR REFERENCE
FOLD,POKER ACTIONS
OILY,SKIN TYPES
CHECK,POKER ACTIONS
GAUGE,MODEL FOR REFERENCE
COMBINATION,SKIN TYPES
CALL,POKER ACTIONS
KENT,STARTS OF U.S. STATES
BENCHMARK,MODEL FOR REFERENCE
BET,POKER ACTIONS
BUZZ,EXHILARATION
GIFT,___ WRAP
SHRINK,___ WRAP
DART,THROWN IN TARGET GAMES
SCRAMBLE,WAYS TO PREPARE EGGS
AXE,THROWN IN TARGET GAMES
RUSH,EXHILARATION
RING,THROWN IN TARGET GAMES
BUBBLE,___ WRAP
HORSESHOE,THROWN IN TARGET GAMES
BOIL,WAYS TO PREPARE EGGS
KICK,EXHILARATION
BODY,___ WRAP
FRY,WAYS TO PREPARE EGGS
THRILL,EXHILARATION
POACH,WAYS TO PREPARE EGGS
SWEET,WINE TASTING DESCRIPTORS
BEAR,"CARRY, AS A FEELING"
TINDER,STARTING WITH METALS
DRY,WINE TASTING DESCRIPTORS
HARBOR,"CARRY, AS A FEELING"
CHAIR,PIECES OF FURNITURE
GOLDILOCKS,STARTING WITH METALS
LEADERSHIP,STARTING WITH METALS
MAINTAIN,"CARRY, AS A FEELING"
IRONIC,STARTING WITH METALS
BALANCED,WINE TASTING DESCRIPTORS
BED,PIECES OF FURNITURE
TABLE,PIECES OF FURNITURE
HOLD,"CARRY, AS A FEELING"
COUCH,PIECES OF FURNITURE
FULL,WINE TASTING DESCRIPTORS
POWER,HORSE___
DRIVE,INTRINSIC MOTIVATORS
WILL,INTRINSIC MOTIVATORS
SHORTS,SUMMER GEAR
SHOE,HORSE___
SERIES,COLLECTION
TEE,SUMMER GEAR
FLY,HORSE___
BATTERY,COLLECTION
SUNGLASSES,SUMMER GEAR
SET,COLLECTION
RADISH,HORSE___
DESIRE,INTRINSIC MOTIVATORS
ARRAY,COLLECTION
HAT,SUMMER GEAR
RESOLVE,INTRINSIC MOTIVATORS
CRAZY,___ HORSE
PEANUTS,FOUND IN CRACKER JACKS
PRIZE,FOUND IN CRACKER JACKS
FIRM,STURDY
PIGPEN,DISORDERLY PLACE
SOUND,STURDY
GIFT,___ HORSE
CHARLEY,___ HORSE
STABLE,STURDY
STY,DISORDERLY PLACE
DARK,___ HORSE
CARAMEL,FOUND IN CRACKER JACKS
DUMP,DISORDERLY PLACE
POPCORN,FOUND IN CRACKER JACKS
SOLID,STURDY
MESS,DISORDERLY PLACE
FLASH,BRIEF MOMENT
CLASH,DISPUTE
WINK,BRIEF MOMENT
SPAT,ACCESSORIES FOR MR. PEANUT
ZIP,SLANG FOR ZERO
CANE,ACCESSORIES FOR MR. PEANUT
LOVE,SLANG FOR ZERO
HEARTBEAT,BRIEF MOMENT
TIFF,DISPUTE
SQUAT,SLANG FOR ZERO
SCRAP,DISPUTE
MONOCLE,ACCESSORIES FOR MR. PEANUT
TANGLE,DISPUTE
TOP HAT,ACCESSORIES FOR MR. PEANUT
JIFF,BRIEF MOMENT
JACK,SLANG FOR ZERO
EAR,WORDS BEFORE “DRUM”
SCOPE,BREADTH
IRON,HAIR TOOLS
OIL,WORDS BEFORE “DRUM”
CREST,HERALDRY TERMS
BRUSH,HAIR TOOLS
ARMS,HERALDRY TERMS
REACH,BREADTH
KETTLE,WORDS BEFORE “DRUM”
RANGE,BREADTH
COMB,HAIR TOOLS
STEEL,WORDS BEFORE “DRUM”
DRYER,HAIR TOOLS
COAT,HERALDRY TERMS
SHIELD,HERALDRY TERMS
EXTENT,BREADTH
PEA,WORDS BEFORE “NUT”
CHEST,WORDS BEFORE “NUT”
BROWN,SECOND WORDS IN TARANTINO MOVIES
GROUNDS,GRASSY AREA
HAZEL,WORDS BEFORE “NUT”
HEAD,PERSON IN CHARGE
GREEN,GRASSY AREA
FICTION,SECOND WORDS IN TARANTINO MOVIES
LAWN,GRASSY AREA
CHAIR,PERSON IN CHARGE
COCO,WORDS BEFORE “NUT”
DIRECTOR,PERSON IN CHARGE
CHIEF,PERSON IN CHARGE
DOGS,SECOND WORDS IN TARANTINO MOVIES
FIELD,GRASSY AREA
UNCHAINED,SECOND WORDS IN TARANTINO MOVIES
MERMAID,FAST FOOD MASCOTS
PIXIE,"HAIRCUTS, WITH “CUT”"
MAIN,WATER AND GAS CONDUITS
RULER,MEASURING INSTRUMENTS
KING,FAST FOOD MASCOTS
PIPE,WATER AND GAS CONDUITS
BUZZ,"HAIRCUTS, WITH “CUT”"
BOWL,"HAIRCUTS, WITH “CUT”"
COMPASS,MEASURING INSTRUMENTS
CLOWN,FAST FOOD MASCOTS
CHANNEL,WATER AND GAS CONDUITS
CREW,"HAIRCUTS, WITH “CUT”"
SCALE,MEASURING INSTRUMENTS
LINE,WATER AND GAS CONDUITS
WATCH,MEASURING INSTRUMENTS
COLONEL,FAST FOOD MASCOTS
SUPER,AUGMENTATIVE PREFIXES
BALLOON,BECOME LARGER
STICK,ITEMS IN CLASSIC KIDS’ GAMES
SWELL,BECOME LARGER
DOMINO,ITEMS IN CLASSIC KIDS’ GAMES
JACK,ITEMS IN CLASSIC KIDS’ GAMES
NEAT,ORDERLY
UBER,AUGMENTATIVE PREFIXES
HYPER,AUGMENTATIVE PREFIXES
SNOWBALL,BECOME LARGER
MARBLE,ITEMS IN CLASSIC KIDS’ GAMES
CLEAN,ORDERLY
TIDY,ORDERLY
ULTRA,AUGMENTATIVE PREFIXES
MUSHROOM,BECOME LARGER
TRIM,ORDERLY
JOKER,“I’M A ___” (LYRICS IN “THE JOKER”)
HAIR,FILM DEPARTMENTS
RING,SEEN AT THE CIRCUS
WITCH,“THE WIZARD OF OZ” FIGURES
LION,“THE WIZARD OF OZ” FIGURES
CLOWN,SEEN AT THE CIRCUS
SINNER,“I’M A ___” (LYRICS IN “THE JOKER”)
WARDROBE,FILM DEPARTMENTS
TENT,SEEN AT THE CIRCUS
SCARECROW,“THE WIZARD OF OZ” FIGURES
MAKEUP,FILM DEPARTMENTS
WIZARD,“THE WIZARD OF OZ” FIGURES
PROPS,FILM DEPARTMENTS
SMOKER,“I’M A ___” (LYRICS IN “THE JOKER”)
TRAPEZE,SEEN AT THE CIRCUS
LOVER,“I’M A ___” (LYRICS IN “THE JOKER”)
WEDDING,BEGINNING WITH DAY ABBREVIATIONS
SPIRIT,U.S.-BASED AIRLINES
DRILL,BIT OF REPETITIVE TRAINING
FRIAR,BEGINNING WITH DAY ABBREVIATIONS
AMERICAN,U.S.-BASED AIRLINES
SUNDRY,BEGINNING WITH DAY ABBREVIATIONS
MONKEY,BEGINNING WITH DAY ABBREVIATIONS
WRENCH,PULL USING FORCE
ROUTINE,BIT OF REPETITIVE TRAINING
YANK,PULL USING FORCE
UNITED,U.S.-BASED AIRLINES
EXERCISE,BIT OF REPETITIVE TRAINING
TEAR,PULL USING FORCE
FRONTIER,U.S.-BASED AIRLINES
PRACTICE,BIT OF REPETITIVE TRAINING
RIP,PULL USING FORCE
SIDE,___ EFFECT
SURFACE,SUPERFICIAL
BUTTERFLY,___ EFFECT
DOMINO,___ EFFECT
FREESTYLE,INVENT AS YOU GO
PLACEBO,___ EFFECT
MAKE UP,INVENT AS YOU GO
CRAWL,THINGS BABIES DO
COSMETIC,SUPERFICIAL
BABBLE,THINGS BABIES DO
EXTERNAL,SUPERFICIAL
AD-LIB,INVENT AS YOU GO
COO,THINGS BABIES DO
IMPROV,INVENT AS YOU GO
SHALLOW,SUPERFICIAL
NURSE,THINGS BABIES DO
SURPRISE,FLABBERGAST
BOX,THEATER SECTIONS
STORY,BIT OF JOURNALISM
STAGE,THEATER SECTIONS
LEVEL,ON THE SAME PLANE
ROCK,FLABBERGAST
ORCHESTRA,THEATER SECTIONS
FLOOR,FLABBERGAST
BALCONY,THEATER SECTIONS
FEATURE,BIT OF JOURNALISM
REPORT,BIT OF JOURNALISM
FLAT,ON THE SAME PLANE
FLUSH,ON THE SAME PLANE
SHOCK,FLABBERGAST
EVEN,ON THE SAME PLANE
ARTICLE,BIT OF JOURNALISM
DIRT,GATHERED BY SPIES
MIND,"HEED, AS RULES"
SHARE,ALLOTMENT
REGARD,"HEED, AS RULES"
POST,UPRIGHT SUPPORT
INTELLIGENCE,GATHERED BY SPIES
FOLLOW,"HEED, AS RULES"
STAKE,ALLOTMENT
OBSERVE,"HEED, AS RULES"
INTEREST,ALLOTMENT
COLUMN,UPRIGHT SUPPORT
SECRETS,GATHERED BY SPIES
POLE,UPRIGHT SUPPORT
INFORMATION,GATHERED BY SPIES
PERCENTAGE,ALLOTMENT
PILLAR,UPRIGHT SUPPORT
MEAN,HAVE IN MIND
GIRLS,GOLDEN ___
IN,UNIT ABBREVIATIONS
OZ,UNIT ABBREVIATIONS
CURB,SIDEWALK SIGHTS
PLAN,HAVE IN MIND
PARACHUTE,GOLDEN ___
GUTTER,SIDEWALK SIGHTS
GAL,UNIT ABBREVIATIONS
RULE,GOLDEN ___
GRATE,SIDEWALK SIGHTS
FLEECE,GOLDEN ___
AIM,HAVE IN MIND
CAL,UNIT ABBREVIATIONS
INTEND,HAVE IN MIND
MANHOLE,SIDEWALK SIGHTS
GLUE,ATTACH WITH ADHESIVE
STICK,ATTACH WITH ADHESIVE
CUT,DIAMOND QUALITIES
WORDS,PUBLISHED LINES
ROD,A-___
COPY,PUBLISHED LINES
PLUS,A-___
LIST,A-___
PASTE,ATTACH WITH ADHESIVE
COLOR,DIAMOND QUALITIES
TEXT,PUBLISHED LINES
CLARITY,DIAMOND QUALITIES
OK,A-___
WRITING,PUBLISHED LINES
CARAT,DIAMOND QUALITIES
ADHERE,ATTACH WITH ADHESIVE
GOATEE,PARTS OF A DEVIL COSTUME
HAMMER,TRACK AND FIELD EQUIPMENT
HURDLE,TRACK AND FIELD EQUIPMENT
HITCH,TYPES OF KNOTS
HOGWASH,BALDERDASH
PITCHFORK,PARTS OF A DEVIL COSTUME
TAIL,PARTS OF A DEVIL COSTUME
BEND,TYPES OF KNOTS
BUNK,BALDERDASH
SHEEPSHANK,TYPES OF KNOTS
HORNS,PARTS OF A DEVIL COSTUME
HORSEFEATHERS,BALDERDASH
POLE,TRACK AND FIELD EQUIPMENT
CROCK,BALDERDASH
BOWLINE,TYPES OF KNOTS
BATON,TRACK AND FIELD EQUIPMENT
DRUM,EAR___
TRACK,RELATED TO TRAINS
SYMPHONY,STARTING WITH THE SAME SOUND
WIG,EAR___
CONDUCTOR,RELATED TO TRAINS
WAX,EAR___
CYMBAL,STARTING WITH THE SAME SOUND
IDEAL,EMBODIMENT
CAR,RELATED TO TRAINS
MODEL,EMBODIMENT
MARK,EAR___
SIMMER,STARTING WITH THE SAME SOUND
EXAMPLE,EMBODIMENT
SCIMITAR,STARTING WITH THE SAME SOUND
STATION,RELATED TO TRAINS
SYMBOL,EMBODIMENT
SHADOW,STUBBLE
BUD,SLANG FOR FRIEND
KITTY,COLLECTION OF MONEY
FUZZ,STUBBLE
DARK,ADJECTIVES FOR A BASEMENT
WHISKERS,STUBBLE
POT,COLLECTION OF MONEY
COLD,ADJECTIVES FOR A BASEMENT
POOL,COLLECTION OF MONEY
DANK,ADJECTIVES FOR A BASEMENT
MATE,SLANG FOR FRIEND
FUND,COLLECTION OF MONEY
CHUM,SLANG FOR FRIEND
SCRUFF,STUBBLE
MUSTY,ADJECTIVES FOR A BASEMENT
PAL,SLANG FOR FRIEND
BOUNCE,THROW OUT
BIG,TOM HANKS MOVIES
RED,SEAS
BOOT,THROW OUT
BLACK,SEAS
SOIL,TERRA FIRMA
TOSS,THROW OUT
SPLASH,TOM HANKS MOVIES
SULLY,TOM HANKS MOVIES
LAND,TERRA FIRMA
BALTIC,SEAS
EARTH,TERRA FIRMA
PHILIPPINE,SEAS
PHILADELPHIA,TOM HANKS MOVIES
GROUND,TERRA FIRMA
EJECT,THROW OUT
MINI,KINDS OF SKIRTS
LIME,TACO TOPPINGS
FAITH,WORDS WITH “HILL”
MOLE,WORDS WITH “HILL”
SALSA,TACO TOPPINGS
POODLE,KINDS OF SKIRTS
PICO,METRIC PREFIXES
FOOT,WORDS WITH “HILL”
PENCIL,KINDS OF SKIRTS
MICRO,METRIC PREFIXES
ONION,TACO TOPPINGS
WRAP,KINDS OF SKIRTS
MEGA,METRIC PREFIXES
CILANTRO,TACO TOPPINGS
KILO,METRIC PREFIXES
CAPITOL,WORDS WITH “HILL”
BODY,___ LANGUAGE
MICROSCOPE,LAB EQUIPMENT
SIGN,___ LANGUAGE
SHEET,SPREADSHEET TERMS
HEART,NEXUS
CELL,SPREADSHEET TERMS
BEAKER,LAB EQUIPMENT
LOVE,___ LANGUAGE
DROPPER,LAB EQUIPMENT
NUCLEUS,NEXUS
ROMANCE,___ LANGUAGE
FORMULA,SPREADSHEET TERMS
CENTER,NEXUS
SORT,SPREADSHEET TERMS
GOGGLES,LAB EQUIPMENT
HUB,NEXUS
SINE,NUMBERS WITH FIRST LETTERS REPLACED BY “S”
SEN,NUMBERS WITH FIRST LETTERS REPLACED BY “S”
SUN,CATCH SOME RAYS
TAN,CATCH SOME RAYS
MOVE,EMOTIONALLY SWAY 
TASTE,REFINED SENSIBILITY
SOUR,NUMBERS WITH FIRST LETTERS REPLACED BY “S”
SIGHT,NUMBERS WITH FIRST LETTERS REPLACED BY “S”
BAKE,CATCH SOME RAYS
TOUCH,EMOTIONALLY SWAY 
GRACE,REFINED SENSIBILITY
AFFECT,EMOTIONALLY SWAY 
STYLE,REFINED SENSIBILITY
IMPACT,EMOTIONALLY SWAY 
BASK,CATCH SOME RAYS
ELEGANCE,REFINED SENSIBILITY
BUY,TRUST AS REAL
SHORT,POWER ISSUES
SPIKE,POWER ISSUES
SWALLOW,TRUST AS REAL
DIGEST,SUMMARY
CURT,NAME HOMOPHONES
HAIRY,NAME HOMOPHONES
OUTLINE,SUMMARY
BELIEVE,TRUST AS REAL
BRIEF,SUMMARY
SURGE,POWER ISSUES
WANE,NAME HOMOPHONES
ABSTRACT,SUMMARY
ACCEPT,TRUST AS REAL
KNEEL,NAME HOMOPHONES
OUTAGE,POWER ISSUES
SNOW,ANALOG TV INTERFERENCE
RAM,BANG INTO
FIERCE,"PASSIONATE, AS A FEELING"
PROUD,___ MARY
VIRGIN,___ MARY
HAIL,___ MARY
BLOODY,___ MARY
NOISE,ANALOG TV INTERFERENCE
DEEP,"PASSIONATE, AS A FEELING"
BUMP,BANG INTO
FUZZ,ANALOG TV INTERFERENCE
INTENSE,"PASSIONATE, AS A FEELING"
BUTT,BANG INTO
STATIC,ANALOG TV INTERFERENCE
EXTREME,"PASSIONATE, AS A FEELING"
KNOCK,BANG INTO
BRIDGE,EXERCISES
QUEEN,___ BEE
COWBOY,FEATURED IN WESTERNS
CARTER,LEADERS WHO RECEIVED THE NOBEL PEACE PRIZE
HONEY,___ BEE
BOUNTY,FEATURED IN WESTERNS
KING,LEADERS WHO RECEIVED THE NOBEL PEACE PRIZE
CRUNCH,EXERCISES
BUSY,___ BEE
DUEL,FEATURED IN WESTERNS
SQUAT,EXERCISES
TUTU,LEADERS WHO RECEIVED THE NOBEL PEACE PRIZE
SALOON,FEATURED IN WESTERNS
SPELLING,___ BEE
GORE,LEADERS WHO RECEIVED THE NOBEL PEACE PRIZE
DIP,EXERCISES
RANCH,DIPPING SAUCES
STATEMENT,TRANSACTION RECORD
CATTLE,WHAT “STOCK” MIGHT MEAN
BROTH,WHAT “STOCK” MIGHT MEAN
QUESTION,INTERROGATE
BARBECUE,DIPPING SAUCES
GRILL,INTERROGATE
BILL,TRANSACTION RECORD
ANCESTRY,WHAT “STOCK” MIGHT MEAN
EXAMINE,INTERROGATE
RECEIPT,TRANSACTION RECORD
MARINARA,DIPPING SAUCES
PROBE,INTERROGATE
AIOLI,DIPPING SAUCES
MERCHANDISE,WHAT “STOCK” MIGHT MEAN
INVOICE,TRANSACTION RECORD
VIEW,WEB BROWSER MENUS
ANIMAL,MEMBER OF A ’60S BAND
PLANE,"OBJECTS IN 0-, 1-, 2- AND 3-DIMENSIONAL SPACE"
WINDOW,WEB BROWSER MENUS
FLY,FEATURES ON A PAIR OF JEANS
POINT,"OBJECTS IN 0-, 1-, 2- AND 3-DIMENSIONAL SPACE"
POCKET,FEATURES ON A PAIR OF JEANS
DOOR,MEMBER OF A ’60S BAND
HISTORY,WEB BROWSER MENUS
KINK,MEMBER OF A ’60S BAND
RIVET,FEATURES ON A PAIR OF JEANS
LINE,"OBJECTS IN 0-, 1-, 2- AND 3-DIMENSIONAL SPACE"
SOLID,"OBJECTS IN 0-, 1-, 2- AND 3-DIMENSIONAL SPACE"
FILE,WEB BROWSER MENUS
SUPREME,MEMBER OF A ’60S BAND
BUTTON,FEATURES ON A PAIR OF JEANS
ACE,HIGHLY SKILLED
POPCORN,WORDS STARTING WITH MUSIC GENRES
JOKER,JOAQUIN PHOENIX MOVIES
RAPTURE,WORDS STARTING WITH MUSIC GENRES
CRACKERJACK,HIGHLY SKILLED
JACK,USED TO FIX A FLAT
SOULMATE,WORDS STARTING WITH MUSIC GENRES
WRENCH,USED TO FIX A FLAT
HER,JOAQUIN PHOENIX MOVIES
ROCKETRY,WORDS STARTING WITH MUSIC GENRES
HOTSHOT,HIGHLY SKILLED
SIGNS,JOAQUIN PHOENIX MOVIES
TIRE,USED TO FIX A FLAT
EXPERT,HIGHLY SKILLED
GLADIATOR,JOAQUIN PHOENIX MOVIES
CHOCK,USED TO FIX A FLAT
GARAGE,___ SALE
SHED,CAST OFF
YARD,UNITS OF LENGTH
DISCO,NIGHTSPOTS
LOUNGE,NIGHTSPOTS
CLEARANCE,___ SALE
SAMPLE,___ SALE
LEAGUE,UNITS OF LENGTH
DITCH,CAST OFF
FATHOM,UNITS OF LENGTH
BAKE,___ SALE
CLUB,NIGHTSPOTS
FOOT,UNITS OF LENGTH
LOSE,CAST OFF
BAR,NIGHTSPOTS
DROP,CAST OFF
SPRING,COMPONENTS OF A LOCK
LOVE,ENJOY
PIN,COMPONENTS OF A LOCK
WELL,FILLER WORDS
FANCY,ENJOY
JEWEL,HOMOPHONES OF UNITS OF MEASURE
LIKE,FILLER WORDS
CARROT,HOMOPHONES OF UNITS OF MEASURE
CYLINDER,COMPONENTS OF A LOCK
HURTS,HOMOPHONES OF UNITS OF MEASURE
LITERALLY,FILLER WORDS
RELISH,ENJOY
UM,FILLER WORDS
OM,HOMOPHONES OF UNITS OF MEASURE
SAVOR,ENJOY
TUMBLER,COMPONENTS OF A LOCK
FRANK,STARTS OF MONSTERS
FRUIT,SOMETHING GAINED FROM HARD WORK
EGG,KINDS OF BAGELS
DIRECT,CONTRIBUTE TO A MOVIE
PLAIN,KINDS OF BAGELS
PRODUCE,CONTRIBUTE TO A MOVIE
WRITE,CONTRIBUTE TO A MOVIE
MUM,STARTS OF MONSTERS
RETURN,SOMETHING GAINED FROM HARD WORK
ACT,CONTRIBUTE TO A MOVIE
REWARD,SOMETHING GAINED FROM HARD WORK
EVERYTHING,KINDS OF BAGELS
VAMP,STARTS OF MONSTERS
POPPY,KINDS OF BAGELS
WERE,STARTS OF MONSTERS
BENEFIT,SOMETHING GAINED FROM HARD WORK
SOME,QUANTITY WORDS
LOVERS,"TAROT CARDS, WITH “THE”"
FOOL,"TAROT CARDS, WITH “THE”"
MANY,QUANTITY WORDS
COUPLE,CONNECT
JOIN,CONNECT
MAGICIAN,"TAROT CARDS, WITH “THE”"
HANDFUL,NUISANCE
TOWER,"TAROT CARDS, WITH “THE”"
FEW,QUANTITY WORDS
BOTHER,NUISANCE
TIE,CONNECT
PAIN,NUISANCE
LINK,CONNECT
SEVERAL,QUANTITY WORDS
PEST,NUISANCE
SNAP,KEEP RHYTHM WITH MUSIC
WRAP,DELI BREAD OPTIONS
TRAP,SLANG FOR MOUTH
CLAP,KEEP RHYTHM WITH MUSIC
BOB,KEEP RHYTHM WITH MUSIC
BUN,DELI BREAD OPTIONS
YAP,SLANG FOR MOUTH
TAP,KEEP RHYTHM WITH MUSIC
APPLAUSE,ROUND OF ___
GOLF,ROUND OF ___
DRINKS,ROUND OF ___
CHOPS,SLANG FOR MOUTH
HERO,DELI BREAD OPTIONS
KISSER,SLANG FOR MOUTH
FUNDING,ROUND OF ___
ROLL,DELI BREAD OPTIONS
SPRINKLE,LITTLE BIT OF A BEVERAGE
SPONGE,___ BATH
BIRD,___ BATH
ROSE,SHADES OF RED
PICK,CHOICEST
CHERRY,SHADES OF RED
DROP,LITTLE BIT OF A BEVERAGE
CREAM,CHOICEST
MUD,___ BATH
BUBBLE,___ BATH
TOP,CHOICEST
SPOT,LITTLE BIT OF A BEVERAGE
RUBY,SHADES OF RED
BEST,CHOICEST
SPLASH,LITTLE BIT OF A BEVERAGE
BRICK,SHADES OF RED
SPELL,DURATION
CHECK,REGULATE
EGG,TRADEMARKS OF A PLATYPUS
BILL,TRADEMARKS OF A PLATYPUS
PERIOD,DURATION
TAB,CONTAINER CLOSURES
TIME,DURATION
LIMIT,REGULATE
FUR,TRADEMARKS OF A PLATYPUS
CAP,CONTAINER CLOSURES
CONTAIN,REGULATE
VENOM,TRADEMARKS OF A PLATYPUS
CORK,CONTAINER CLOSURES
CURB,REGULATE
STRETCH,DURATION
LID,CONTAINER CLOSURES
GLOBE,THINGS THAT SPIN
MERCURY,LEAD SINGERS OF ’70S ROCK BANDS
TOP,THINGS THAT SPIN
RECORD,THINGS THAT SPIN
LEAD,ACCESSORIES FOR DOG WALKING
FERRY,LEAD SINGERS OF ’70S ROCK BANDS
HARNESS,ACCESSORIES FOR DOG WALKING
BRASS,CHUTZPAH
CAROUSEL,THINGS THAT SPIN
CHEEK,CHUTZPAH
PLANT,LEAD SINGERS OF ’70S ROCK BANDS
HALTER,ACCESSORIES FOR DOG WALKING
NERVE,CHUTZPAH
NICKS,LEAD SINGERS OF ’70S ROCK BANDS
COLLAR,ACCESSORIES FOR DOG WALKING
GALL,CHUTZPAH
SILVER,VAMPIRE VULNERABILITIES
MUSIC,CLUB ___
STAR,ONE WITH TOP BILLING
CROSS,VAMPIRE VULNERABILITIES
MAD,"SATIRICAL PUBLICATIONS, FAMILIARLY"
MED,CLUB ___
SUN,VAMPIRE VULNERABILITIES
LEAD,ONE WITH TOP BILLING
GARLIC,VAMPIRE VULNERABILITIES
SANDWICH,CLUB ___
ONION,"SATIRICAL PUBLICATIONS, FAMILIARLY"
SODA,CLUB ___
LAMPOON,"SATIRICAL PUBLICATIONS, FAMILIARLY"
PRINCIPAL,ONE WITH TOP BILLING
CRACKED,"SATIRICAL PUBLICATIONS, FAMILIARLY"
HEADLINER,ONE WITH TOP BILLING
MAMA,COCKTAILS MINUS PLACE NAMES
MIA,ACRONYMS/INITIALISMS
OMG,ACRONYMS/INITIALISMS
KID,PLAYFULLY POKE FUN AT
MULE,COCKTAILS MINUS PLACE NAMES
PIN,ACRONYMS/INITIALISMS
ROUND,CUTS OF BEEF
SLING,COCKTAILS MINUS PLACE NAMES
NEEDLE,PLAYFULLY POKE FUN AT
CHUCK,CUTS OF BEEF
RAM,ACRONYMS/INITIALISMS
RIB,PLAYFULLY POKE FUN AT
FLANK,CUTS OF BEEF
TEASE,PLAYFULLY POKE FUN AT
LIBRE,COCKTAILS MINUS PLACE NAMES
LOIN,CUTS OF BEEF
TAG,PLAYGROUND VERBS
LINE,FASHION DESIGNER'S OUTPUT
BUNNY,LOONEY TUNES FIGURES
HOP,PLAYGROUND VERBS
GREECE,HOMOPHONES OF MUSICALS
LABEL,FASHION DESIGNER'S OUTPUT
DODGE,PLAYGROUND VERBS
DUCK,LOONEY TUNES FIGURES
HIDE,PLAYGROUND VERBS
PIG,LOONEY TUNES FIGURES
HARE,HOMOPHONES OF MUSICALS
COLLECTION,FASHION DESIGNER'S OUTPUT
BRAND,FASHION DESIGNER'S OUTPUT
KATZ,HOMOPHONES OF MUSICALS
MARTIAN,LOONEY TUNES FIGURES
MAIM,HOMOPHONES OF MUSICALS
YO,SPANISH PRONOUNS/POSSESSIVES
JIM,SLIM ___
SKETCH,EARLY ITERATION
SUP,ENJOY A MEAL
SHADY,SLIM ___
PLAN,EARLY ITERATION
FEAST,ENJOY A MEAL
SUS,SPANISH PRONOUNS/POSSESSIVES
FIT,SLIM ___
ME,SPANISH PRONOUNS/POSSESSIVES
DRAFT,EARLY ITERATION
FEED,ENJOY A MEAL
ELLA,SPANISH PRONOUNS/POSSESSIVES
OUTLINE,EARLY ITERATION
DINE,ENJOY A MEAL
PICKINGS,SLIM ___
OPEN,FORTHRIGHT
AURA,CAR COMPANIES MINUS LETTER
HODA,CAR COMPANIES MINUS LETTER
SAVANNA,GRASSLAND
PLAIN,GRASSLAND
MEASURE,BIT OF LEGISLATION
ACT,BIT OF LEGISLATION
DIRECT,FORTHRIGHT
DOGE,CAR COMPANIES MINUS LETTER
FRANK,FORTHRIGHT
BUCK,CAR COMPANIES MINUS LETTER
BILL,BIT OF LEGISLATION
PRAIRIE,GRASSLAND
RESOLUTION,BIT OF LEGISLATION
STRAIGHT,FORTHRIGHT
MEADOW,GRASSLAND
ICE,"ASSURE, AS A VICTORY"
COAST,MOVE IN AN EFFORTLESS WAY
STILL,PHOTO
WET,___ BLANKET
SECURITY,___ BLANKET
LOCK,"ASSURE, AS A VICTORY"
BREEZE,MOVE IN AN EFFORTLESS WAY
SHOT,PHOTO
SECURE,"ASSURE, AS A VICTORY"
PICNIC,___ BLANKET
THROW,___ BLANKET
SAIL,MOVE IN AN EFFORTLESS WAY
SNAP,PHOTO
GLIDE,MOVE IN AN EFFORTLESS WAY
CINCH,"ASSURE, AS A VICTORY"
PIC,PHOTO
PING,REACH OUT TO
PONG,BEER ___
DIRTY,CORRUPT
TEXT,REACH OUT TO
GARDEN,BEER ___
FRUIT,CLASSIC STILL LIFE COMPONENTS
BATTER,BEER ___
CAN,BEER ___
BASE,CORRUPT
CONTACT,REACH OUT TO
PITCHER,CLASSIC STILL LIFE COMPONENTS
LOW,CORRUPT
TABLECLOTH,CLASSIC STILL LIFE COMPONENTS
VILE,CORRUPT
SKULL,CLASSIC STILL LIFE COMPONENTS
MESSAGE,REACH OUT TO
CATFISH,ANIMALS WHOSE NAMES ARE TWO ANIMALS
HAIRPIN,SHARP TURNS
FISHBOWL,CLASSIC PARTY GAMES
TRAMPOLINE,THINGS WITH SPRING/S
MOUSETRAP,THINGS WITH SPRING/S
WEREWOLF,CLASSIC PARTY GAMES
BULLDOG,ANIMALS WHOSE NAMES ARE TWO ANIMALS
SWITCHBACK,SHARP TURNS
DOGLEG,SHARP TURNS
MATTRESS,THINGS WITH SPRING/S
HORSEFLY,ANIMALS WHOSE NAMES ARE TWO ANIMALS
CATEGORIES,CLASSIC PARTY GAMES
TURTLEDOVE,ANIMALS WHOSE NAMES ARE TWO ANIMALS
CHARADES,CLASSIC PARTY GAMES
CLOCK,THINGS WITH SPRING/S
ZAG,SHARP TURNS
SQUARE,OLD-FASHIONED
PAIR,FRUIT HOMOPHONES
LOADED,AFFLUENT
DICE,CUT INTO PIECES
FLUSH,AFFLUENT
BURY,FRUIT HOMOPHONES
CUBE,CUT INTO PIECES
CURRENT,FRUIT HOMOPHONES
STRAIGHT,OLD-FASHIONED
LEACHY,FRUIT HOMOPHONES
STUFFY,OLD-FASHIONED
CHOP,CUT INTO PIECES
RICH,AFFLUENT
MINCE,CUT INTO PIECES
TRADITIONAL,OLD-FASHIONED
WEALTHY,AFFLUENT
CARPENTER,ACTION MOVIE DIRECTORS
PUPPET,ONE BEING MANIPULATED
MAGIC,SORCERER’S OUTPUT
UNDERWEAR,CLASSIC SUPERHERO WEAR
TOOL,ONE BEING MANIPULATED
WOO,ACTION MOVIE DIRECTORS
CAPE,CLASSIC SUPERHERO WEAR
BAY,ACTION MOVIE DIRECTORS
CHARM,SORCERER’S OUTPUT
PAWN,ONE BEING MANIPULATED
MASK,CLASSIC SUPERHERO WEAR
INSTRUMENT,ONE BEING MANIPULATED
TIGHTS,CLASSIC SUPERHERO WEAR
SPELL,SORCERER’S OUTPUT
SCOTT,ACTION MOVIE DIRECTORS
HEX,SORCERER’S OUTPUT
PINCH,SMIDGEN
CHALK,BILLIARDS EQUIPMENT
MATCH,___BOOK (THAT’S NOT A BOOK)
DEAL,BARGAIN
RACK,BILLIARDS EQUIPMENT
TOUCH,SMIDGEN
BUY,BARGAIN
STEAL,BARGAIN
FACE,___BOOK (THAT’S NOT A BOOK)
VALUE,BARGAIN
POCKET,___BOOK (THAT’S NOT A BOOK)
BALL,BILLIARDS EQUIPMENT
DASH,SMIDGEN
CUE,BILLIARDS EQUIPMENT
MAC,___BOOK (THAT’S NOT A BOOK)
BIT,SMIDGEN
WHEELS,"CAR, INFORMALLY"
PEELS,REMOVES THE COVERING OF
BEES,“BUZZY” THINGS
KNEES,"BODY PARTS IN “HEAD, SHOULDERS, KNEES AND TOES”"
SHELLS,REMOVES THE COVERING OF
GOSSIP,“BUZZY” THINGS
SHOULDERS,"BODY PARTS IN “HEAD, SHOULDERS, KNEES AND TOES”"
RIDE,"CAR, INFORMALLY"
HEAD,"BODY PARTS IN “HEAD, SHOULDERS, KNEES AND TOES”"
WHIP,"CAR, INFORMALLY"
SHUCKS,REMOVES THE COVERING OF
CAFFEINE,“BUZZY” THINGS
AUTO,"CAR, INFORMALLY"
INTERCOMS,“BUZZY” THINGS
TOES,"BODY PARTS IN “HEAD, SHOULDERS, KNEES AND TOES”"
PARES,REMOVES THE COVERING OF
CULTURE,NEWSPAPER DESKS
HEYDAY,WORDS BEGINNING WITH GREETINGS
SPORTS,NEWSPAPER DESKS
HIJINKS,WORDS BEGINNING WITH GREETINGS
USE,TAKE ADVANTAGE OF
UP,"FINISHED, AS TIME"
YOGURT,WORDS BEGINNING WITH GREETINGS
MILK,TAKE ADVANTAGE OF
COPY,NEWSPAPER DESKS
EXPLOIT,TAKE ADVANTAGE OF
OVER,"FINISHED, AS TIME"
SUPPER,WORDS BEGINNING WITH GREETINGS
LEVERAGE,TAKE ADVANTAGE OF
DONE,"FINISHED, AS TIME"
THROUGH,"FINISHED, AS TIME"
CITY,NEWSPAPER DESKS
SEA,___ CHANGE
SMILE,THINGS TO CRACK
EGG,THINGS TO CRACK
CORN,FOOD PRODUCTS ASSOCIATED WITH SENTIMENTALITY
CHEESE,FOOD PRODUCTS ASSOCIATED WITH SENTIMENTALITY
CHUMP,___ CHANGE
PIPE,CONDUITS FOR WATER REMOVAL
SAP,FOOD PRODUCTS ASSOCIATED WITH SENTIMENTALITY
DRAIN,CONDUITS FOR WATER REMOVAL
KNUCKLES,THINGS TO CRACK
LOOSE,___ CHANGE
DUCT,CONDUITS FOR WATER REMOVAL
SCHMALTZ,FOOD PRODUCTS ASSOCIATED WITH SENTIMENTALITY
CLIMATE,___ CHANGE
SEWER,CONDUITS FOR WATER REMOVAL
WINDOW,THINGS TO CRACK
INITIAL,INAUGURAL
HERE,PRONOUN PLUS “E”
WEE,PRONOUN PLUS “E”
THEME,PRONOUN PLUS “E”
ENDORSE,ADVOCATE FOR
MAIDEN,INAUGURAL
PREMIER,INAUGURAL
CHAMPION,ADVOCATE FOR
SIGN,ADVERTISING FORMAT
SUPPORT,ADVOCATE FOR
BANNER,ADVERTISING FORMAT
USE,PRONOUN PLUS “E”
FIRST,INAUGURAL
POSTER,ADVERTISING FORMAT
BACK,ADVOCATE FOR
BILLBOARD,ADVERTISING FORMAT
RUFFLE,ORNAMENTAL BORDER
PAN,FOUND ON A STOVE TOP
TEASE,WORDS THAT SOUND LIKE PLURAL LETTERS
WISE,WORDS THAT SOUND LIKE PLURAL LETTERS
LAY,"DEPOSIT, WITH “DOWN”"
TRIM,ORNAMENTAL BORDER
KETTLE,FOUND ON A STOVE TOP
SET,"DEPOSIT, WITH “DOWN”"
FRINGE,ORNAMENTAL BORDER
PLACE,"DEPOSIT, WITH “DOWN”"
GEEZ,WORDS THAT SOUND LIKE PLURAL LETTERS
POT,FOUND ON A STOVE TOP
PUT,"DEPOSIT, WITH “DOWN”"
SEIZE,WORDS THAT SOUND LIKE PLURAL LETTERS
GRIDDLE,FOUND ON A STOVE TOP
FRILL,ORNAMENTAL BORDER
FLAT,KINDS OF NOTES
TIRE,___ IRON
DOWN,DOG COMMANDS
VOTE,AGENCY IN DECISIONMAKING
PUMP,___ IRON
SHAKE,DOG COMMANDS
QUARTER,KINDS OF NOTES
HEEL,DOG COMMANDS
NATURAL,KINDS OF NOTES
CHOICE,AGENCY IN DECISIONMAKING
SAY,AGENCY IN DECISIONMAKING
SPEAK,DOG COMMANDS
WAFFLE,___ IRON
STEAM,___ IRON
WHOLE,KINDS OF NOTES
VOICE,AGENCY IN DECISIONMAKING
WAXY,ADJECTIVES FOR A CANDLE
SOLID,SPELLING BEE RANKS
EVIL,ANAGRAMS
GENIUS,SPELLING BEE RANKS
VILE,ANAGRAMS
FLEXIBLE,AMENABLE
LIT,ADJECTIVES FOR A CANDLE
WICKED,ADJECTIVES FOR A CANDLE
EASY,AMENABLE
BEGINNER,SPELLING BEE RANKS
OPEN,AMENABLE
LIVE,ANAGRAMS
AMAZING,SPELLING BEE RANKS
SCENTED,ADJECTIVES FOR A CANDLE
VEIL,ANAGRAMS
RECEPTIVE,AMENABLE
BULLY,INTIMIDATE
BULL,___ MARKET
EATS,FOOD
MEAT,___ MARKET
STOCK,___ MARKET
STEER,PILOT
RATTLE,INTIMIDATE
GUIDE,PILOT
FARE,FOOD
FLEA,___ MARKET
COW,INTIMIDATE
CHOW,FOOD
LEAD,PILOT
GRUB,FOOD
DIRECT,PILOT
DAUNT,INTIMIDATE
SAFETY,___ PIN
SWAY,INFLUENCE
SACK,PLUNDER
BOB,HAIRSTYLES
PUSH,___ PIN
PULL,INFLUENCE
WEIGHT,INFLUENCE
ROB,PLUNDER
CROP,HAIRSTYLES
LOOT,PLUNDER
FADE,HAIRSTYLES
BOBBY,___ PIN
CLOUT,INFLUENCE
SHAG,HAIRSTYLES
RAID,PLUNDER
HAIR,___ PIN
BODY,CORPUS
MARACA,THINGS PEOPLE SHAKE
JACKET,COMPONENTS OF AN LP
HOOD,MOUNT ___
SLEEVE,COMPONENTS OF AN LP
FUJI,MOUNT ___
CANON,CORPUS
HANDS,THINGS PEOPLE SHAKE
INSERT,COMPONENTS OF AN LP
POLAROID,THINGS PEOPLE SHAKE
OLYMPUS,MOUNT ___
WORKS,CORPUS
WHITNEY,MOUNT ___
SNOWGLOBE,THINGS PEOPLE SHAKE
OEUVRE,CORPUS
RECORD,COMPONENTS OF AN LP
PRESS,DUMBBELL EXERCISES
LOCK,PHILOSOPHER HOMOPHONES
HURRY,“DON’T DELAY!”
WAVE,OCEAN PHENOMENA
PANE,PHILOSOPHER HOMOPHONES
FLY,DUMBBELL EXERCISES
CURRENT,OCEAN PHENOMENA
CURL,DUMBBELL EXERCISES
NOW,“DON’T DELAY!”
ROW,DUMBBELL EXERCISES
STAT,“DON’T DELAY!”
MARKS,PHILOSOPHER HOMOPHONES
DRIFT,OCEAN PHENOMENA
PRONTO,“DON’T DELAY!”
RUSTLE,PHILOSOPHER HOMOPHONES
TIDE,OCEAN PHENOMENA
MOBILE,U.S. CITIES
FOLLOWERS,CONFORMISTS
SHOVELS,WHAT “DIGS” MIGHT MEAN
BUFFALO,U.S. CITIES
LIKES,WHAT “DIGS” MIGHT MEAN
INSULTS,WHAT “DIGS” MIGHT MEAN
SHARES,COMPANY OWNERSHIP OFFERS
SHEEP,CONFORMISTS
APARTMENT,WHAT “DIGS” MIGHT MEAN
BILLINGS,U.S. CITIES
PUPPETS,CONFORMISTS
OPTIONS,COMPANY OWNERSHIP OFFERS
EQUITY,COMPANY OWNERSHIP OFFERS
PHOENIX,U.S. CITIES
STOCKS,COMPANY OWNERSHIP OFFERS
LEMMINGS,CONFORMISTS
SCHOOL,B-___
SPOOL,TWIST AROUND
WAX,"REMOVE, AS BODY HAIR"
SOLAR PANEL,THINGS MADE OF CELLS
MOVIE,B-___
THREAD,"REMOVE, AS BODY HAIR"
HONEYCOMB,THINGS MADE OF CELLS
WIND,TWIST AROUND
LASER,"REMOVE, AS BODY HAIR"
BALL,B-___
WRAP,TWIST AROUND
VITAMIN,B-___
COIL,TWIST AROUND
SPREADSHEET,THINGS MADE OF CELLS
ORGANISM,THINGS MADE OF CELLS
PLUCK,"REMOVE, AS BODY HAIR"
STAFF,PARTS OF A WIZARD COSTUME
HAT,PARTS OF A WIZARD COSTUME
MAKE,"TAKE HOME, AS INCOME"
BRIDGE,FOUND ON A SHIP
HATCH,FOUND ON A SHIP
NET,"TAKE HOME, AS INCOME"
ROBE,PARTS OF A WIZARD COSTUME
SPAN,C-___
CLEAR,"TAKE HOME, AS INCOME"
KEEL,FOUND ON A SHIP
CLEF,C-___
SECTION,C-___
SUITE,C-___
BEARD,PARTS OF A WIZARD COSTUME
DECK,FOUND ON A SHIP
EARN,"TAKE HOME, AS INCOME"
NICE,“AWESOME!”
RING,"FRIED APPETIZER, INFORMALLY"
STYLE,VARIETY
POINT,GIST
KIND,VARIETY
STICK,"FRIED APPETIZER, INFORMALLY"
TENDER,"FRIED APPETIZER, INFORMALLY"
MESSAGE,GIST
SWEET,“AWESOME!”
TYPE,VARIETY
DRIFT,GIST
SICK,“AWESOME!”
SORT,VARIETY
WING,"FRIED APPETIZER, INFORMALLY"
COOL,“AWESOME!”
IDEA,GIST
MARBLE,HAIL SIZE COMPARISONS
BASEBALL,HAIL SIZE COMPARISONS
DRIVE,MOVE TO ACTION
WILD,UNO CARDS
REVERSE,UNO CARDS
PUSH,MOVE TO ACTION
GYM,PLACES WITH BENCHES
PARK,PLACES WITH BENCHES
PROMPT,MOVE TO ACTION
PEA,HAIL SIZE COMPARISONS
DRAW,UNO CARDS
DUGOUT,PLACES WITH BENCHES
SKIP,UNO CARDS
PROPEL,MOVE TO ACTION
GRAPEFRUIT,HAIL SIZE COMPARISONS
COURTROOM,PLACES WITH BENCHES
COAT,THIN COVERING
BRUSH,"REMOVE, AS CRUMBS"
DEVELOP,VERBS FOR A SOFTWARE ENGINEER
FILM,THIN COVERING
SWEEP,"REMOVE, AS CRUMBS"
PICTURE,DREAM UP
SKIN,THIN COVERING
FLICK,"REMOVE, AS CRUMBS"
IMAGINE,DREAM UP
LAYER,THIN COVERING
PROGRAM,VERBS FOR A SOFTWARE ENGINEER
CODE,VERBS FOR A SOFTWARE ENGINEER
WIPE,"REMOVE, AS CRUMBS"
CONCEIVE,DREAM UP
HACK,VERBS FOR A SOFTWARE ENGINEER
ENVISION,DREAM UP
PLEATS,ANAGRAMS
PLEASE,PRETTY ___
HOLD,GRAB ONE’S ATTENTION
RECORD,DOCUMENT WITH VIDEO
WOMAN,PRETTY ___
FILM,DOCUMENT WITH VIDEO
GOOD,PRETTY ___
PASTEL,ANAGRAMS
PENNY,PRETTY ___
STAPLE,ANAGRAMS
TAPE,DOCUMENT WITH VIDEO
RIVET,GRAB ONE’S ATTENTION
ABSORB,GRAB ONE’S ATTENTION
PETALS,ANAGRAMS
ENGROSS,GRAB ONE’S ATTENTION
SHOOT,DOCUMENT WITH VIDEO
SALTY,FEELING SOME TYPE OF WAY
PEPPER,THROW HERE AND THERE
BAKED,___ POTATO
CAKE,THINGS WITH LAYERS
SPRINKLE,THROW HERE AND THERE
ONION,THINGS WITH LAYERS
BITTER,FEELING SOME TYPE OF WAY
EARTH,THINGS WITH LAYERS
SWEET,___ POTATO
SCATTER,THROW HERE AND THERE
COUCH,___ POTATO
UPSET,FEELING SOME TYPE OF WAY
HOT,___ POTATO
PLYWOOD,THINGS WITH LAYERS
SORE,FEELING SOME TYPE OF WAY
STREW,THROW HERE AND THERE
ARROW,SYMBOLS USED IN MAKING LISTS
CRUCIFIX,WHAT “CROSS” MIGHT MEAN
HYPHEN,SYMBOLS USED IN MAKING LISTS
HYBRID,WHAT “CROSS” MIGHT MEAN
ANGRY,WHAT “CROSS” MIGHT MEAN
COMPLEX,COMPLICATED
SUBSTANCE,CORE
CHECKBOX,SYMBOLS USED IN MAKING LISTS
BAROQUE,COMPLICATED
CRUX,CORE
INVOLVED,COMPLICATED
HEART,CORE
ESSENCE,CORE
ELABORATE,COMPLICATED
BETRAY,WHAT “CROSS” MIGHT MEAN
BULLET,SYMBOLS USED IN MAKING LISTS
HI,SETTINGS ON AN APPLIANCE KNOB
BYE,HOMOPHONES
TRI,"MUSCLES, INFORMALLY"
BI,HOMOPHONES
TRAP,MUSIC GENRES
AB,"MUSCLES, INFORMALLY"
POP,MUSIC GENRES
OFF,SETTINGS ON AN APPLIANCE KNOB
DUB,MUSIC GENRES
MED,SETTINGS ON AN APPLIANCE KNOB
BUY,HOMOPHONES
QUAD,"MUSCLES, INFORMALLY"
LO,SETTINGS ON AN APPLIANCE KNOB
EMO,MUSIC GENRES
PEC,"MUSCLES, INFORMALLY"
BY,HOMOPHONES
DUMBO,PLACES IN NEW YORK CITY
E.T.,RHYMING TITLES
MY LEFT FOOT,ENDING IN UNITS OF MEASUREMENT
DOGMA,STARTING WITH ANIMALS
THE GREEN MILE,ENDING IN UNITS OF MEASUREMENT
BEETLEJUICE,STARTING WITH ANIMALS
WALL STREET,PLACES IN NEW YORK CITY
KILL BILL,RHYMING TITLES
CHINATOWN,PLACES IN NEW YORK CITY
FRIGHT NIGHT,RHYMING TITLES
FOXY BROWN,STARTING WITH ANIMALS
HEDWIG AND THE ANGRY INCH,ENDING IN UNITS OF MEASUREMENT
OCTOPUSSY,STARTING WITH ANIMALS
THE LONGEST YARD,ENDING IN UNITS OF MEASUREMENT
BE KIND REWIND,RHYMING TITLES
MANHATTAN,PLACES IN NEW YORK CITY
SMASH,BLOCKBUSTER
THAT,WORDS AFTER “COPY”
LIKE,ENJOY
BUTTON,CAMPAIGN SWAG
FANCY,ENJOY
CAT,WORDS AFTER “COPY”
SHIRT,CAMPAIGN SWAG
SUCCESS,BLOCKBUSTER
EDITOR,WORDS AFTER “COPY”
HAT,CAMPAIGN SWAG
HIT,BLOCKBUSTER
DIG,ENJOY
APPRECIATE,ENJOY
STICKER,CAMPAIGN SWAG
PASTE,WORDS AFTER “COPY”
SENSATION,BLOCKBUSTER
YANKEE,NATO PHONETIC ALPHABET
PAPER,WRITING ASSIGNMENTS
DEPUTY,ASSOCIATED WITH #2
FLAMINGO,THINGS THAT ARE PINK
ERASER,THINGS THAT ARE PINK
SILVER MEDAL,ASSOCIATED WITH #2
BUBBLE GUM,THINGS THAT ARE PINK
REPORT,WRITING ASSIGNMENTS
PENCIL,ASSOCIATED WITH #2
VICTOR,NATO PHONETIC ALPHABET
DEREK JETER,ASSOCIATED WITH #2
HOTEL,NATO PHONETIC ALPHABET
ESSAY,WRITING ASSIGNMENTS
FOXTROT,NATO PHONETIC ALPHABET
CARNATION,THINGS THAT ARE PINK
ARTICLE,WRITING ASSIGNMENTS
SOLE,FISH
FLOWER,___ CHILD
FLOATER,BASKETBALL SHOTS
BOUNCE,QUALITIES OF THICK HAIR
THREE,BASKETBALL SHOTS
BODY,QUALITIES OF THICK HAIR
PROBLEM,___ CHILD
POSTER,___ CHILD
LIFT,QUALITIES OF THICK HAIR
DUNK,BASKETBALL SHOTS
ONLY,___ CHILD
SKATE,FISH
PERCH,FISH
VOLUME,QUALITIES OF THICK HAIR
LAYUP,BASKETBALL SHOTS
PIKE,FISH
FISH,___ TALE
BUSH,REMOTE RURAL AREA
FLAMINGO,CLASSIC LAWN ORNAMENTS
SHAPE,CURRENT SITUATION
FOUNTAIN,CLASSIC LAWN ORNAMENTS
FOLK,___ TALE
COUNTRY,REMOTE RURAL AREA
FAIRY,___ TALE
GNOME,CLASSIC LAWN ORNAMENTS
STATE,CURRENT SITUATION
TALL,___ TALE
STICKS,REMOTE RURAL AREA
FORM,CURRENT SITUATION
WOODS,REMOTE RURAL AREA
PINWHEEL,CLASSIC LAWN ORNAMENTS
CONDITION,CURRENT SITUATION
FIX,PREDICAMENT
SHIP,"DELIVER, AS A PACKAGE"
HOLE,PREDICAMENT
STAIN,KINDS OF LIP MAKEUP
TEMPERATURE,MEASURED IN DEGREES
LINER,KINDS OF LIP MAKEUP
ANGLE,MEASURED IN DEGREES
SPOT,PREDICAMENT
BALM,KINDS OF LIP MAKEUP
EDUCATION,MEASURED IN DEGREES
SEND,"DELIVER, AS A PACKAGE"
CRIME,MEASURED IN DEGREES
MAIL,"DELIVER, AS A PACKAGE"
CORNER,PREDICAMENT
GLOSS,KINDS OF LIP MAKEUP
POST,"DELIVER, AS A PACKAGE"
POWER,REMOTE CONTROL BUTTONS
CASINO,FIRST WORD IN BOND MOVIE TITLES
UMBRELLA,DRINK GARNISHES
CHERRY,DRINK GARNISHES
DIAMONDS,FIRST WORD IN BOND MOVIE TITLES
SWORD,DRINK GARNISHES
SHIELD,HIDE FROM VIEW
TOMORROW,FIRST WORD IN BOND MOVIE TITLES
OLIVE,DRINK GARNISHES
MENU,REMOTE CONTROL BUTTONS
QUANTUM,FIRST WORD IN BOND MOVIE TITLES
SCREEN,HIDE FROM VIEW
BLOCK,HIDE FROM VIEW
VOLUME,REMOTE CONTROL BUTTONS
COVER,HIDE FROM VIEW
CHANNEL,REMOTE CONTROL BUTTONS
SEA,MULTITUDE
AYE,POSITIONS IN FAVOR
SEE,GO OUT WITH
TEA,THINGS READ IN DIVINATION
COURT,GO OUT WITH
PRO,POSITIONS IN FAVOR
DROVE,MULTITUDE
DATE,GO OUT WITH
PACK,MULTITUDE
FOR,POSITIONS IN FAVOR
PALM,THINGS READ IN DIVINATION
WOO,GO OUT WITH
TAROT,THINGS READ IN DIVINATION
HOST,MULTITUDE
AURA,THINGS READ IN DIVINATION
YEA,POSITIONS IN FAVOR
FLY,FISHING GEAR
NAIL,BITS OF HARDWARE
SINK,HAIR SALON FIXTURES
SINKER,FISHING GEAR
WASHER,BITS OF HARDWARE
DRYER,HAIR SALON FIXTURES
BUG,LIGHTNING ___
SCREW,BITS OF HARDWARE
MIRROR,HAIR SALON FIXTURES
BOLT,LIGHTNING ___
LINE,FISHING GEAR
CHAIR,HAIR SALON FIXTURES
HOOK,FISHING GEAR
STRIKE,LIGHTNING ___
NUT,BITS OF HARDWARE
ROD,LIGHTNING ___
CINDERELLA,TYPES OF COME-FROM-BEHIND STORIES
TAILGATE,BEGINNING WITH SYNONYMS FOR REAR END
GREEN LIGHT,APPROVAL
RUMPELSTILTSKIN,BEGINNING WITH SYNONYMS FOR REAR END
FERRIS WHEEL,AMUSEMENT PARK RIDES
BUMPER-TO-BUMPER,BEGINNING WITH SYNONYMS FOR REAR END
DAVID-AND-GOLIATH,TYPES OF COME-FROM-BEHIND STORIES
THUMBS-UP,APPROVAL
BUTTERMILK,BEGINNING WITH SYNONYMS FOR REAR END
RAGS-TO-RICHES,TYPES OF COME-FROM-BEHIND STORIES
MERRY-GO-ROUND,AMUSEMENT PARK RIDES
CLEARANCE,APPROVAL
UNDERDOG,TYPES OF COME-FROM-BEHIND STORIES
TILT-A-WHIRL,AMUSEMENT PARK RIDES
GO-AHEAD,APPROVAL
ROLLER COASTER,AMUSEMENT PARK RIDES
FRANK,WORDS FOR SAUSAGE
STRING,ONE THING AFTER ANOTHER
WOOD,KINDS OF GOLF CLUBS
RING,"HORROR MOVIES, WITH “THE”"
DOG,WORDS FOR SAUSAGE
FOG,"HORROR MOVIES, WITH “THE”"
TRAIN,ONE THING AFTER ANOTHER
BIRDS,"HORROR MOVIES, WITH “THE”"
CHAIN,ONE THING AFTER ANOTHER
LINK,WORDS FOR SAUSAGE
IRON,KINDS OF GOLF CLUBS
BRAT,WORDS FOR SAUSAGE
DRIVER,KINDS OF GOLF CLUBS
OMEN,"HORROR MOVIES, WITH “THE”"
SERIES,ONE THING AFTER ANOTHER
WEDGE,KINDS OF GOLF CLUBS
QUIET,“SETTLE DOWN!”
MAGIC,___ CITY NICKNAMES
COLD,MINOR AILMENTS
SIN,___ CITY NICKNAMES
BUG,MINOR AILMENTS
BREACH,WHAT HUMPBACK WHALES DO
EASY,“SETTLE DOWN!”
ENOUGH,“SETTLE DOWN!”
SING,WHAT HUMPBACK WHALES DO
WINDY,___ CITY NICKNAMES
DIVE,WHAT HUMPBACK WHALES DO
MOTOR,___ CITY NICKNAMES
RELAX,“SETTLE DOWN!”
COUGH,MINOR AILMENTS
SPOUT,WHAT HUMPBACK WHALES DO
CHILL,MINOR AILMENTS
BARE,ANIMAL HOMOPHONES
CARPET,RED ___
RAW,SORE TO THE TOUCH
MEAT,RED ___
NEW,ANIMAL HOMOPHONES
DELICATE,SORE TO THE TOUCH
DELICIOUS,RED ___
MOUSSE,ANIMAL HOMOPHONES
DEAR,ANIMAL HOMOPHONES
DESSERT,RESTAURANT COURSES
SENSITIVE,SORE TO THE TOUCH
SIDE,RESTAURANT COURSES
STARTER,RESTAURANT COURSES
TAPE,RED ___
MAIN,RESTAURANT COURSES
TENDER,SORE TO THE TOUCH
UNKNOWN,SILENT “K”
FORMULA,"KEY TO SUCCESS, SO TO SPEAK"
DOORKNOB,SILENT “K”
KNIFE,SILENT “K”
TALK,"DIVULGE, AS PRIVATE INFORMATION"
FORK,DIVIDE
RECIPE,"KEY TO SUCCESS, SO TO SPEAK"
DISH,"DIVULGE, AS PRIVATE INFORMATION"
TOPKNOT,SILENT “K”
PART,DIVIDE
TELL,"DIVULGE, AS PRIVATE INFORMATION"
SECRET,"KEY TO SUCCESS, SO TO SPEAK"
SPLIT,DIVIDE
TICKET,"KEY TO SUCCESS, SO TO SPEAK"
BRANCH,DIVIDE
SPILL,"DIVULGE, AS PRIVATE INFORMATION"
PERSONAL,___ AD
PORT,PLACE TO PLUG SOMETHING IN
MAJOR,ARMY RANKS
OUTLET,PLACE TO PLUG SOMETHING IN
PRIVATE,ARMY RANKS
DEMAND,"CONSUMER DESIRE, COLLECTIVELY"
POP-UP,___ AD
MARKET,"CONSUMER DESIRE, COLLECTIVELY"
AUDIENCE,"CONSUMER DESIRE, COLLECTIVELY"
WANT,___ AD
CAPTAIN,ARMY RANKS
JACK,PLACE TO PLUG SOMETHING IN
GENERAL,ARMY RANKS
APPETITE,"CONSUMER DESIRE, COLLECTIVELY"
SOCKET,PLACE TO PLUG SOMETHING IN
ATTACK,___ AD
BOND,GOLD ___
WING,GROUP WITHIN A GROUP
RUSH,GOLD ___
KISSES,ROMANTIC LETTER SIGN-OFFS
HUNT,PURSUIT
LEAF,GOLD ___
SEARCH,PURSUIT
PARTY,GROUP WITHIN A GROUP
ALWAYS,ROMANTIC LETTER SIGN-OFFS
CAMP,GROUP WITHIN A GROUP
YOURS,ROMANTIC LETTER SIGN-OFFS
MINE,GOLD ___
CHASE,PURSUIT
SIDE,GROUP WITHIN A GROUP
QUEST,PURSUIT
LOVE,ROMANTIC LETTER SIGN-OFFS
BRIEF,UNDERWEAR IN THE SINGULAR
WORD,INDICATION TO PROCEED
MESSENGER,TYPES OF BAGS
LICENSE,WIGGLE ROOM
PROMPT,INDICATION TO PROCEED
SLACK,WIGGLE ROOM
SIGNAL,INDICATION TO PROCEED
CLUTCH,TYPES OF BAGS
SHORT,UNDERWEAR IN THE SINGULAR
DRAWER,UNDERWEAR IN THE SINGULAR
BOXER,UNDERWEAR IN THE SINGULAR
FREEDOM,WIGGLE ROOM
TOTE,TYPES OF BAGS
LATITUDE,WIGGLE ROOM
SATCHEL,TYPES OF BAGS
CUE,INDICATION TO PROCEED
SAT,PLACED DOWN
MAY,___FLOWER
TO,HOMOPHONES
SUN,___FLOWER
WALL,___FLOWER
WED,CONNECT
PUT,PLACED DOWN
COUPLE,CONNECT
TWO,HOMOPHONES
TIE,CONNECT
TUE,HOMOPHONES
LAID,PLACED DOWN
TOO,HOMOPHONES
WILD,___FLOWER
PLACED,PLACED DOWN
UNITE,CONNECT
ASH,TREES
ELECTRIC,GRILL FUEL SOURCES
SAW,OLD SAYING
JET,HOT TUB COMPONENTS
GAS,GRILL FUEL SOURCES
CHESTNUT,OLD SAYING
FILTER,HOT TUB COMPONENTS
GUM,TREES
EBONY,TREES
MAXIM,OLD SAYING
WOOD,GRILL FUEL SOURCES
HEATER,HOT TUB COMPONENTS
PUMP,HOT TUB COMPONENTS
CHERRY,TREES
CHARCOAL,GRILL FUEL SOURCES
ADAGE,OLD SAYING
PYRAMID,SEEN ON A U.S. DOLLAR BILL
PRINCE,FIRST WORDS OF CANADIAN PROVINCES/TERRITORIES
BRITISH,FIRST WORDS OF CANADIAN PROVINCES/TERRITORIES
SEAL,SEEN ON A U.S. DOLLAR BILL
STING,SCHEME
WASHINGTON,SEEN ON A U.S. DOLLAR BILL
NOVA,FIRST WORDS OF CANADIAN PROVINCES/TERRITORIES
USHER,SHOW THE WAY
NORTHWEST,FIRST WORDS OF CANADIAN PROVINCES/TERRITORIES
RACKET,SCHEME
LEAD,SHOW THE WAY
EAGLE,SEEN ON A U.S. DOLLAR BILL
CON,SCHEME
DIRECT,SHOW THE WAY
HUSTLE,SCHEME
GUIDE,SHOW THE WAY
LIQUID,ADJECTIVES FOR ASSETS
SQUID,___ GAME
CAVEAT,LATIN WORDS
STORE,PACK (AWAY) FOR FUTURE USE
FIXED,ADJECTIVES FOR ASSETS
ARCADE,___ GAME
TOXIC,ADJECTIVES FOR ASSETS
SQUIRREL,PACK (AWAY) FOR FUTURE USE
QUID,LATIN WORDS
STASH,PACK (AWAY) FOR FUTURE USE
FROZEN,ADJECTIVES FOR ASSETS
NUMBERS,___ GAME
STOW,PACK (AWAY) FOR FUTURE USE
VOX,LATIN WORDS
BLAME,___ GAME
ERGO,LATIN WORDS
BIRTHDAY,KINDS OF CAKE
MARBLE,KINDS OF CAKE
WRENCH,"THINGS YOU CAN THROW, IN METAPHORS"
CONCRETE,TANGIBLE
CURVEBALL,"THINGS YOU CAN THROW, IN METAPHORS"
WORKSHOP,"DEVELOP, AS IDEAS"
PARTY,"THINGS YOU CAN THROW, IN METAPHORS"
POUND,KINDS OF CAKE
SPITBALL,"DEVELOP, AS IDEAS"
MATERIAL,TANGIBLE
REAL,TANGIBLE
TANTRUM,"THINGS YOU CAN THROW, IN METAPHORS"
SOLID,TANGIBLE
BRAINSTORM,"DEVELOP, AS IDEAS"
CRUMB,KINDS OF CAKE
IDEATE,"DEVELOP, AS IDEAS"
FIREWORKS,ROMANTIC RAPPORT
LIBERTY,WORDS BEFORE “BELL”
COOKIES,THINGS STORED BY A WEB BROWSER
DINNER,WORDS BEFORE “BELL”
HISTORY,THINGS STORED BY A WEB BROWSER
CHEMISTRY,ROMANTIC RAPPORT
REVOLUTION,SINGLE ROTATION
TINKER,WORDS BEFORE “BELL”
DATA,THINGS STORED BY A WEB BROWSER
BAR,WORDS BEFORE “BELL”
SPARKS,ROMANTIC RAPPORT
LAP,SINGLE ROTATION
CYCLE,SINGLE ROTATION
CACHE,THINGS STORED BY A WEB BROWSER
TURN,SINGLE ROTATION
ATTRACTION,ROMANTIC RAPPORT
YEN,YEARN
BOND,CHARACTERS IN BOND MOVIES
MAD,MAGAZINES
POWER,WORDS THAT PRECEDE “POP” IN MUSIC GENRES
EURO,WORDS THAT PRECEDE “POP” IN MUSIC GENRES
O,MAGAZINES
Q,CHARACTERS IN BOND MOVIES
FORTUNE,MAGAZINES
LONG,YEARN
M,CHARACTERS IN BOND MOVIES
K,WORDS THAT PRECEDE “POP” IN MUSIC GENRES
PINE,YEARN
BUBBLEGUM,WORDS THAT PRECEDE “POP” IN MUSIC GENRES
NATURE,MAGAZINES
DESIRE,YEARN
MONEYPENNY,CHARACTERS IN BOND MOVIES
SAW,OBJECTS PLAYED AS INSTRUMENTS
DOG,___ TAG
JUG,OBJECTS PLAYED AS INSTRUMENTS
BOTTLE,PURCHASES FOR A BABY
PHONE,___ TAG
FREEZE,___ TAG
CELL,BIOLOGICAL BUILDING BLOCKS
SPOONS,OBJECTS PLAYED AS INSTRUMENTS
MOBILE,PURCHASES FOR A BABY
PROTEIN,BIOLOGICAL BUILDING BLOCKS
RATTLE,PURCHASES FOR A BABY
ATOM,BIOLOGICAL BUILDING BLOCKS
WASHBOARD,OBJECTS PLAYED AS INSTRUMENTS
PRICE,___ TAG
MOLECULE,BIOLOGICAL BUILDING BLOCKS
CRIB,PURCHASES FOR A BABY
COPPER,SLANGY NAMES FOR PROFESSIONS
HONEY,MARIAH CAREY NUMBER ONE HITS
COVER,REPLACEMENT
MELT,CHANGE STATES OF MATTER
SUB,REPLACEMENT
SHRINK,SLANGY NAMES FOR PROFESSIONS
HERO,MARIAH CAREY NUMBER ONE HITS
CONDENSE,CHANGE STATES OF MATTER
FREEZE,CHANGE STATES OF MATTER
HACK,SLANGY NAMES FOR PROFESSIONS
BACKUP,REPLACEMENT
SOMEDAY,MARIAH CAREY NUMBER ONE HITS
ALTERNATE,REPLACEMENT
FANTASY,MARIAH CAREY NUMBER ONE HITS
VAPORIZE,CHANGE STATES OF MATTER
SUIT,SLANGY NAMES FOR PROFESSIONS
CANINE,WORDS ENDING IN NUMBERS
TRICK,BIT OF ADVICE
SPIRIT,FORTITUDE
OZONE,WORDS ENDING IN NUMBERS
OFTEN,WORDS ENDING IN NUMBERS
POINTER,BIT OF ADVICE
WILL,FORTITUDE
VISIT,SPEND TIME AT
FREQUENT,SPEND TIME AT
RESOLVE,FORTITUDE
HAUNT,SPEND TIME AT
TIP,BIT OF ADVICE
GRIT,FORTITUDE
SUGGESTION,BIT OF ADVICE
FREIGHT,WORDS ENDING IN NUMBERS
PATRONIZE,SPEND TIME AT
SCRUB,TV SHOWS MINUS “S”
MAZE,WORDS AFTER “HEDGE”
REGISTER,CHRONICLE
SHOCK,MESS OF HAIR
HOG,WORDS AFTER “HEDGE”
LOG,CHRONICLE
MOP,MESS OF HAIR
CHEER,TV SHOWS MINUS “S”
TANGLE,MESS OF HAIR
WEED,TV SHOWS MINUS “S”
RECORD,CHRONICLE
FUND,WORDS AFTER “HEDGE”
FRIEND,TV SHOWS MINUS “S”
MANE,MESS OF HAIR
TRIMMER,WORDS AFTER “HEDGE”
JOURNAL,CHRONICLE
BASS,FISH
TEMPLE,COMPONENTS OF EYEGLASSES
LIP,BACK TALK
RIM,COMPONENTS OF EYEGLASSES
SASS,BACK TALK
CHANCE,FUTURE LIKELIHOOD
BRIDGE,COMPONENTS OF EYEGLASSES
FLUKE,FISH
OUTLOOK,FUTURE LIKELIHOOD
CHEEK,BACK TALK
PERCH,FISH
ATTITUDE,BACK TALK
FORECAST,FUTURE LIKELIHOOD
PIKE,FISH
LENS,COMPONENTS OF EYEGLASSES
PROSPECT,FUTURE LIKELIHOOD
TAPE,SCHOOL SUPPLIES
RECORDING,LIGHT-UP SIGNS
HAND,TRANSFER
SEND,TRANSFER
APPLAUSE,LIGHT-UP SIGNS
KEY,FUNDAMENTAL
PASS,TRANSFER
PRINCIPAL,FUNDAMENTAL
RULER,SCHOOL SUPPLIES
WALK,LIGHT-UP SIGNS
STAPLE,FUNDAMENTAL
PEN,SCHOOL SUPPLIES
ESSENTIAL,FUNDAMENTAL
SCISSORS,SCHOOL SUPPLIES
GIVE,TRANSFER
EXIT,LIGHT-UP SIGNS
ODD,ROULETTE BETS
LIBRARY,SCHOOL FACILITIES
CHOCOLATE,ASSOCIATED WITH “DOVE”
SOAP,ASSOCIATED WITH “DOVE”
PIGEON,ASSOCIATED WITH “DOVE”
MOTHER,___ GOOSE
RED,ROULETTE BETS
LAB,SCHOOL FACILITIES
BLACK,ROULETTE BETS
GREY,___ GOOSE
GYM,SCHOOL FACILITIES
PEACE,ASSOCIATED WITH “DOVE”
GOLDEN,___ GOOSE
EVEN,ROULETTE BETS
SILLY,___ GOOSE
AUDITORIUM,SCHOOL FACILITIES
LISTEN,SILENT “T”
SOUND,COME ACROSS AS
WITCH,SILENT “T”
TITANIC,ENORMOUS
AVATAR,EMBODIMENT
GIANT,ENORMOUS
LOOK,COME ACROSS AS
HUSTLE,SILENT “T”
MONSTER,ENORMOUS
FIGURE,EMBODIMENT
CASTLE,SILENT “T”
APPEAR,COME ACROSS AS
PERSONA,EMBODIMENT
SEEM,COME ACROSS AS
MAMMOTH,ENORMOUS
CHARACTER,EMBODIMENT
FINE,CONDITIONS FOR COLLECTIBLES
BUTTER,WORDS BEFORE “NUT”
MINT,CONDITIONS FOR COLLECTIBLES
DOUGH,WORDS BEFORE “NUT”
POINT,SLENDER PROJECTIONS
LINE,PROFESSION
FAIR,CONDITIONS FOR COLLECTIBLES
TRADE,PROFESSION
BRAZIL,WORDS BEFORE “NUT”
PINE,WORDS BEFORE “NUT”
FIELD,PROFESSION
PRONG,SLENDER PROJECTIONS
BUSINESS,PROFESSION
TIP,SLENDER PROJECTIONS
GOOD,CONDITIONS FOR COLLECTIBLES
TINE,SLENDER PROJECTIONS
BELIEVE,REGARD AS TRUE
HANDLE,LIQUOR BOTTLE SIZES
MOUNT,WAYS TO SECURE A TV
SHOW,FACADE
BASE,WAYS TO SECURE A TV
BLUFF,FACADE
ACCEPT,REGARD AS TRUE
STAND,WAYS TO SECURE A TV
FRONT,FACADE
FIFTH,LIQUOR BOTTLE SIZES
BRACKET,WAYS TO SECURE A TV
TRUST,REGARD AS TRUE
PINT,LIQUOR BOTTLE SIZES
BUY,REGARD AS TRUE
SHAM,FACADE
LITER,LIQUOR BOTTLE SIZES
PAN,PETER ___
PILOT,EXPERIMENTAL
SHORT,IN A BAD MOOD
RABBIT,PETER ___
CROSS,IN A BAD MOOD
PARKER,PETER ___
KINKY,STARTS OF BROADWAY MUSICALS
TRIAL,EXPERIMENTAL
PIPER,PETER ___
FIDDLER,STARTS OF BROADWAY MUSICALS
TESTY,IN A BAD MOOD
EXPLORATORY,EXPERIMENTAL
MERRILY,STARTS OF BROADWAY MUSICALS
SURLY,IN A BAD MOOD
PRELIMINARY,EXPERIMENTAL
JERSEY,STARTS OF BROADWAY MUSICALS
PACK,ANIMAL GROUP NAMES
CART,STARTS OF U.S. PRESIDENTS
CHECK,HINDER
HAMPER,HINDER
BANK,BUILDINGS AROUND TOWN
WASHING,STARTS OF U.S. PRESIDENTS
SCHOOL,ANIMAL GROUP NAMES
LAUNDROMAT,BUILDINGS AROUND TOWN
BIDE,STARTS OF U.S. PRESIDENTS
PRIDE,ANIMAL GROUP NAMES
CURB,HINDER
NIX,STARTS OF U.S. PRESIDENTS
POST OFFICE,BUILDINGS AROUND TOWN
INHIBIT,HINDER
SUPERMARKET,BUILDINGS AROUND TOWN
SWARM,ANIMAL GROUP NAMES
HEART,EMOJI
FLASH,GLITZINESS
MATCH,BOXING UNIT
SQUARE,OPEN SPACE
ROUND,BOXING UNIT
PLAZA,OPEN SPACE
RITZ,GLITZINESS
FIRE,EMOJI
SPARKLES,EMOJI
DAZZLE,GLITZINESS
COURT,OPEN SPACE
CONTEST,BOXING UNIT
YARD,OPEN SPACE
SKULL,EMOJI
BOUT,BOXING UNIT
POMP,GLITZINESS
REGULAR,GAS PUMP OPTIONS
COFFEE,___ TABLE
PLUS,GAS PUMP OPTIONS
WATER,___ TABLE
STEADY,ROMANTIC PARTNER
SLIGHT,INSULT
POOL,___ TABLE
FLAME,ROMANTIC PARTNER
BURN,INSULT
PERIODIC,___ TABLE
DIESEL,GAS PUMP OPTIONS
DIG,INSULT
LOVER,ROMANTIC PARTNER
PREMIUM,GAS PUMP OPTIONS
JAB,INSULT
SWEETHEART,ROMANTIC PARTNER
NATURAL,EFFORTLESS
JUICE,ENERGY FOR AN ELECTRONIC DEVICE
MAINSTREAM,WHAT “POP” MIGHT MEAN
DAD,WHAT “POP” MIGHT MEAN
SWEAT,EXERTION
FLUID,EFFORTLESS
BURST,WHAT “POP” MIGHT MEAN
CHARGE,ENERGY FOR AN ELECTRONIC DEVICE
SODA,WHAT “POP” MIGHT MEAN
BATTERY,ENERGY FOR AN ELECTRONIC DEVICE
SMOOTH,EFFORTLESS
LABOR,EXERTION
WORK,EXERTION
POWER,ENERGY FOR AN ELECTRONIC DEVICE
GRACEFUL,EFFORTLESS
EFFORT,EXERTION
MAKEUP,CONSTITUTION
LEVEL,CARPENTRY TOOLS
TAN,MATH ABBREVIATIONS
STUMP,WAYS TO SUPPORT A CANDIDATE
LOG,MATH ABBREVIATIONS
STRUCTURE,CONSTITUTION
SAW,CARPENTRY TOOLS
FILE,CARPENTRY TOOLS
FABRIC,CONSTITUTION
CLAMP,CARPENTRY TOOLS
CANVASS,WAYS TO SUPPORT A CANDIDATE
MOD,MATH ABBREVIATIONS
ORGANIZE,WAYS TO SUPPORT A CANDIDATE
CAMPAIGN,WAYS TO SUPPORT A CANDIDATE
MAX,MATH ABBREVIATIONS
COMPOSITION,CONSTITUTION
PYRAMID,FOOD ___
HORN,MUSICAL INSTRUMENTS
CONE,USED TO REDIRECT TRAFFIC
CHAIN,FOOD ___
FIGHT,FOOD ___
FLAG,USED TO REDIRECT TRAFFIC
FIELD,REALM OF EXPERTISE
FLARE,USED TO REDIRECT TRAFFIC
SPHERE,REALM OF EXPERTISE
PROCESSOR,FOOD ___
RECORDER,MUSICAL INSTRUMENTS
BARRIER,USED TO REDIRECT TRAFFIC
TRIANGLE,MUSICAL INSTRUMENTS
DOMAIN,REALM OF EXPERTISE
FIDDLE,MUSICAL INSTRUMENTS
AREA,REALM OF EXPERTISE
HOT DOG,ONE WHO LIKES SHOWING OFF
WORD,UTTERANCE
BUG,LOONEY TUNES CHARACTERS MINUS A LETTER
TWEET,LOONEY TUNES CHARACTERS MINUS A LETTER
PEEP,UTTERANCE
PORK,LOONEY TUNES CHARACTERS MINUS A LETTER
PEACOCK,ONE WHO LIKES SHOWING OFF
QUACK,IMPOSTOR
HAM,ONE WHO LIKES SHOWING OFF
SHAM,IMPOSTOR
SPEED,LOONEY TUNES CHARACTERS MINUS A LETTER
SOUND,UTTERANCE
FRAUD,IMPOSTOR
NOISE,UTTERANCE
SHOWBOAT,ONE WHO LIKES SHOWING OFF
CHARLATAN,IMPOSTOR
KID,JOKE AROUND WITH
CALF,BABY ANIMALS
THIGH,POULTRY CUTS
KIT,BABY ANIMALS
TENDER,POULTRY CUTS
SHOULDER,PUSH THROUGH A CROWD
MUSCLE,PUSH THROUGH A CROWD
RIB,JOKE AROUND WITH
FAWN,BABY ANIMALS
TEASE,JOKE AROUND WITH
JOSTLE,PUSH THROUGH A CROWD
CUB,BABY ANIMALS
BREAST,POULTRY CUTS
BARGE,PUSH THROUGH A CROWD
RAZZ,JOKE AROUND WITH
WING,POULTRY CUTS
WAX,ANCIENT WRITING SURFACES
MUMMY,WRAPPED THINGS
GIFT,WRAPPED THINGS
ANCHOR,"LEAD, AS A TV PROGRAM"
BURRITO,WRAPPED THINGS
PRESENT,"LEAD, AS A TV PROGRAM"
CLAY,ANCIENT WRITING SURFACES
PAPYRUS,ANCIENT WRITING SURFACES
SPRAIN,WRAPPED THINGS
FLAIR,NATURAL ABILITY
MODERATE,"LEAD, AS A TV PROGRAM"
TALENT,NATURAL ABILITY
INSTINCT,NATURAL ABILITY
PARCHMENT,ANCIENT WRITING SURFACES
HOST,"LEAD, AS A TV PROGRAM"
FACULTY,NATURAL ABILITY
LIAR,INSTRUMENT HOMOPHONES
CON,DRAWBACK
BACK,ADVOCATE FOR
DOWN,BASIC DIRECTIONS
SUPPORT,ADVOCATE FOR
SYMBOL,INSTRUMENT HOMOPHONES
MINUS,DRAWBACK
LOOT,INSTRUMENT HOMOPHONES
CHAMPION,ADVOCATE FOR
STRIKE,DRAWBACK
DING,DRAWBACK
RIGHT,BASIC DIRECTIONS
BASE,INSTRUMENT HOMOPHONES
UP,BASIC DIRECTIONS
ENDORSE,ADVOCATE FOR
LEFT,BASIC DIRECTIONS
BEAR,"CREATE, AS RESULTS"
DETOUR,OFF-TOPIC REMARKS
RADIUS,"WORDS REPRESENTED BY THE LETTER ""R"""
YIELD,"CREATE, AS RESULTS"
FOX,HOTTIE
TANGENT,OFF-TOPIC REMARKS
REVERSE,"WORDS REPRESENTED BY THE LETTER ""R"""
SNACK,HOTTIE
TEN,HOTTIE
GENERATE,"CREATE, AS RESULTS"
DIGRESSION,OFF-TOPIC REMARKS
RIGHT,"WORDS REPRESENTED BY THE LETTER ""R"""
PRODUCE,"CREATE, AS RESULTS"
ASIDE,OFF-TOPIC REMARKS
ARE,"WORDS REPRESENTED BY THE LETTER ""R"""
BABE,HOTTIE
BUTTERFLY,"NERVOUSNESS, IN THE SINGULAR"
TUXEDO,CAT COAT PATTERNS
PEACOCK,STARTING WITH VEGETABLES
NERVE,"NERVOUSNESS, IN THE SINGULAR"
BEETHOVEN,STARTING WITH VEGETABLES
SPINE,PARTS OF A BOOK
WILLY,"NERVOUSNESS, IN THE SINGULAR"
JACKET,PARTS OF A BOOK
CORNUCOPIA,STARTING WITH VEGETABLES
KALEIDOSCOPE,STARTING WITH VEGETABLES
TORTOISESHELL,CAT COAT PATTERNS
JITTER,"NERVOUSNESS, IN THE SINGULAR"
CALICO,CAT COAT PATTERNS
COVER,PARTS OF A BOOK
TABBY,CAT COAT PATTERNS
PAGE,PARTS OF A BOOK
GUTTER,THINGS WITH SPOUTS
WHALE,THINGS WITH SPOUTS
TEAPOT,THINGS WITH SPOUTS
DOME,STADIUMS
FISH,ASSOCIATED WITH SCALES
BOWL,STADIUMS
JUSTICE,ASSOCIATED WITH SCALES
ALLEY,STREET SUFFIXES
SOLFEGE,ASSOCIATED WITH SCALES
COURT,STREET SUFFIXES
FOUNTAIN,THINGS WITH SPOUTS
LANE,STREET SUFFIXES
COLISEUM,STADIUMS
LIBRA,ASSOCIATED WITH SCALES
DRIVE,STREET SUFFIXES
ARENA,STADIUMS
SUPER,PEACHY KEEN
COMPLEX,GROUP OF BUILDINGS
EXPAND,PROVIDE MORE DETAILS
FACILITY,ABILITY TO DO SOMETHING WELL
ELABORATE,PROVIDE MORE DETAILS
SWELL,PEACHY KEEN
GIFT,ABILITY TO DO SOMETHING WELL
BLOCK,GROUP OF BUILDINGS
COMPOUND,GROUP OF BUILDINGS
FLAIR,ABILITY TO DO SOMETHING WELL
NEAT,PEACHY KEEN
EXPLAIN,PROVIDE MORE DETAILS
KNACK,ABILITY TO DO SOMETHING WELL
DEVELOPMENT,GROUP OF BUILDINGS
SPECIFY,PROVIDE MORE DETAILS
NIFTY,PEACHY KEEN
LITTLE,FINGERS
BULLDOG,FRENCH ___
SOUR,ALE STYLES
KISS,FRENCH ___
HUSKY,RASPY
RING,FINGERS
STOUT,ALE STYLES
GRUFF,RASPY
POINTER,FINGERS
HORN,FRENCH ___
ROUGH,RASPY
AMBER,ALE STYLES
PORTER,ALE STYLES
HOARSE,RASPY
MIDDLE,FINGERS
FRY,FRENCH ___
FLING,THROW
ROMANCE,BOOKSTORE SECTIONS
TUBE,___ SOCKS
CHUCK,THROW
CAST,THROW
CREW,___ SOCKS
PITCH,PROMOTE
SWEAT,___ SOCKS
TRAVEL,BOOKSTORE SECTIONS
MARKET,PROMOTE
HYPE,PROMOTE
FICTION,BOOKSTORE SECTIONS
SELL,PROMOTE
HUMOR,BOOKSTORE SECTIONS
ANKLE,___ SOCKS
HURL,THROW
PRESENT,ADJECTIVES USED IN GRAMMAR
SAMPLE,THINGS A DJ DOES
JEALOUS,WHAT “GREEN” MIGHT MEAN
TRY,"STRETCH, AS ONE’S PATIENCE"
TAX,"STRETCH, AS ONE’S PATIENCE"
MIX,THINGS A DJ DOES
LUSH,WHAT “GREEN” MIGHT MEAN
POSSESSIVE,ADJECTIVES USED IN GRAMMAR
DIRECT,ADJECTIVES USED IN GRAMMAR
TEST,"STRETCH, AS ONE’S PATIENCE"
SCRATCH,THINGS A DJ DOES
NAUSEOUS,WHAT “GREEN” MIGHT MEAN
SPIN,THINGS A DJ DOES
IRREGULAR,ADJECTIVES USED IN GRAMMAR
ECOLOGICAL,WHAT “GREEN” MIGHT MEAN
STRAIN,"STRETCH, AS ONE’S PATIENCE"
BULL,NONSENSE
RUSH,BIT OF EXCITEMENT
KICK,BIT OF EXCITEMENT
STAND,TOLERATE
BEAR,TOLERATE
TONGUE,THINGS TO CLICK
TRIPE,NONSENSE
STOMACH,TOLERATE
HIGH,BIT OF EXCITEMENT
HEELS,THINGS TO CLICK
THRILL,BIT OF EXCITEMENT
MOUSE,THINGS TO CLICK
BALONEY,NONSENSE
REMOTE,THINGS TO CLICK
TAKE,TOLERATE
BUNK,NONSENSE
SPORT,KIDDO
DRINK,"NICKNAMES FOR THE SEA, WITH “THE”"
BLUE,"NICKNAMES FOR THE SEA, WITH “THE”"
OOZE,BEGINNING WITH DOUBLE LETTERS
DOWN,UP FOR IT
LLAMA,BEGINNING WITH DOUBLE LETTERS
TIGER,KIDDO
GAME,UP FOR IT
DEEP,"NICKNAMES FOR THE SEA, WITH “THE”"
CHAMP,KIDDO
BRINY,"NICKNAMES FOR THE SEA, WITH “THE”"
EERIE,BEGINNING WITH DOUBLE LETTERS
AMENABLE,UP FOR IT
AARDVARK,BEGINNING WITH DOUBLE LETTERS
BUDDY,KIDDO
WILLING,UP FOR IT
BIRTHDAY,KINDS OF GREETING CARDS
CANDY,WORDS AFTER “EYE”
GET IT,ARE WE CLEAR?
THANK YOU,KINDS OF GREETING CARDS
CONTACT,WORDS AFTER “EYE”
WITNESS,WORDS AFTER “EYE”
HACK IT,SURVIVE
SEE,ARE WE CLEAR?
SHADOW,WORDS AFTER “EYE”
MAKE DO,SURVIVE
GET WELL,KINDS OF GREETING CARDS
UNDERSTAND,ARE WE CLEAR?
MANAGE,SURVIVE
CAPISCE,ARE WE CLEAR?
GET BY,SURVIVE
CONGRATULATIONS,KINDS OF GREETING CARDS
CLOUD,FLUFFY WHITE THINGS
SHOE,___HORN
SUBJECT,ONE IN A RESEARCH STUDY
OBJECT,TAKE ISSUE
BULL,___HORN
GUINEA PIG,ONE IN A RESEARCH STUDY
COTTON BALL,FLUFFY WHITE THINGS
FOG,___HORN
DANDELION,FLUFFY WHITE THINGS
MIND,TAKE ISSUE
MATTER,___HORN
VOLUNTEER,ONE IN A RESEARCH STUDY
PROTEST,TAKE ISSUE
PARTICIPANT,ONE IN A RESEARCH STUDY
SHEEP,FLUFFY WHITE THINGS
DISAPPROVE,TAKE ISSUE
X-RAY,ELECTROMAGNETIC SPECTRUM
BYTE,THINGS WITH BITS
RADIO,ELECTROMAGNETIC SPECTRUM
DRILL,THINGS WITH BITS
DISHWASHER,RESTAURANT JOBS
RAM,CRAM
MICROWAVE,ELECTROMAGNETIC SPECTRUM
SERVER,RESTAURANT JOBS
COMEDIAN,THINGS WITH BITS
COOK,RESTAURANT JOBS
STUFF,CRAM
HOST,RESTAURANT JOBS
PACK,CRAM
VISIBLE,ELECTROMAGNETIC SPECTRUM
BRIDLE,THINGS WITH BITS
JAM,CRAM
TALK,___ RADIO
PIRATE,___ RADIO
PILLAR,MAINSTAY
PARROT,REITERATE
HAM,___ RADIO
QUOTE,REITERATE
CANNONBALL,SPLASHY WAYS TO ENTER A POOL
ANCHOR,MAINSTAY
SATELLITE,___ RADIO
ECHO,REITERATE
CORNERSTONE,MAINSTAY
JACKKNIFE,SPLASHY WAYS TO ENTER A POOL
BACKFLIP,SPLASHY WAYS TO ENTER A POOL
BACKBONE,MAINSTAY
BELLYFLOP,SPLASHY WAYS TO ENTER A POOL
REPEAT,REITERATE
HORROR,SHOCK ___
CHEERLEADER,SUPPORTER
PUNK,ROCK GENRES
JOCK,SHOCK ___
MIA,NOT PRESENT
GOTH,ROCK GENRES
WAVE,SHOCK ___
GLAM,ROCK GENRES
CHAMPION,SUPPORTER
ELSEWHERE,NOT PRESENT
VALUE,SHOCK ___
EXPONENT,SUPPORTER
GONE,NOT PRESENT
METAL,ROCK GENRES
ADVOCATE,SUPPORTER
ABSENT,NOT PRESENT
STRAWBERRY,THINGS THAT ARE RED
MILK,BIOPICS
OFFICE,MICROSOFT PRODUCTS
RUN,BE IN COMMISSION
BLONDE,BIOPICS
ROSE,THINGS THAT ARE RED
WORK,BE IN COMMISSION
TEAMS,MICROSOFT PRODUCTS
JOBS,BIOPICS
FUNCTION,BE IN COMMISSION
EDGE,MICROSOFT PRODUCTS
MARS,THINGS THAT ARE RED
WINDOWS,MICROSOFT PRODUCTS
VICE,BIOPICS
DEVIL,THINGS THAT ARE RED
OPERATE,BE IN COMMISSION
CHAMP,ALL-TIME GREAT
I,HOMOPHONES OF BODY FEATURES
ON,REGARDING
SHIP,LARGE BOAT
BEST,ALL-TIME GREAT
CRAFT,LARGE BOAT
MUSSEL,HOMOPHONES OF BODY FEATURES
GOAT,ALL-TIME GREAT
HARE,HOMOPHONES OF BODY FEATURES
LEGEND,ALL-TIME GREAT
ABOUT,REGARDING
NAVAL,HOMOPHONES OF BODY FEATURES
BARGE,LARGE BOAT
TOWARD,REGARDING
CONCERNING,REGARDING
VESSEL,LARGE BOAT
BOWIE,KINDS OF KNIVES
HEAD,SLANG FOR TOILET
FULL,MATTRESS SIZES
BUTTER,KINDS OF KNIVES
LEAD,METAL ELEMENTS
THRONE,SLANG FOR TOILET
MERCURY,METAL ELEMENTS
KING,MATTRESS SIZES
QUEEN,MATTRESS SIZES
BUTTERFLY,KINDS OF KNIVES
JOHN,SLANG FOR TOILET
GOLD,METAL ELEMENTS
BUTCHER,KINDS OF KNIVES
TWIN,MATTRESS SIZES
TIN,METAL ELEMENTS
CAN,SLANG FOR TOILET
MARKED,OBVIOUS
SAID,STATED
SPOKE,STATED
WHEEL,___HOUSE (THAT AREN’T HOUSES)
CLEAR,OBVIOUS
HANDLE,NICKNAME
PORTER,___HOUSE (THAT AREN’T HOUSES)
PRONOUNCED,OBVIOUS
DESIGNATION,NICKNAME
ROUGH,___HOUSE (THAT AREN’T HOUSES)
STRIKING,OBVIOUS
MONIKER,NICKNAME
TOLD,STATED
SOBRIQUET,NICKNAME
POWER,___HOUSE (THAT AREN’T HOUSES)
VOICED,STATED
BABE,FIRST NAMES OF YANKEES LEGENDS
BUZZ,THINGS BEES DO
BOO-BOO,BLUNDER
DAISY,FLOWERS
JASMINE,FLOWERS
MICKEY,FIRST NAMES OF YANKEES LEGENDS
DANCE,THINGS BEES DO
YOGI,FIRST NAMES OF YANKEES LEGENDS
GOOF,BLUNDER
STING,THINGS BEES DO
PETUNIA,FLOWERS
FLUB,BLUNDER
POPPY,FLOWERS
LOU,FIRST NAMES OF YANKEES LEGENDS
GAFFE,BLUNDER
POLLINATE,THINGS BEES DO
MATCH,OTHER HALF
PHONE,WORDS AFTER “PAY”
BUD,"BEERS, FAMILIARLY"
RANGE,BREADTH
SIERRA,"BEERS, FAMILIARLY"
DIRT,WORDS AFTER “PAY”
MATE,OTHER HALF
PAL,WORDS AFTER “PAY”
REACH,BREADTH
CHECK,WORDS AFTER “PAY”
NATTY,"BEERS, FAMILIARLY"
SCOPE,BREADTH
COMPLEMENT,OTHER HALF
STELLA,"BEERS, FAMILIARLY"
EXTENT,BREADTH
PARTNER,OTHER HALF
OK,MEH
COWBOY,KINDS OF BOOTS
ANKLE,KINDS OF BOOTS
SUN,THINGS THAT GO UP AND DOWN
HI,U.S. STATE ABBREVIATIONS
TIDE,THINGS THAT GO UP AND DOWN
YO-YO,THINGS THAT GO UP AND DOWN
MA,U.S. STATE ABBREVIATIONS
FAIR,MEH
GO-GO,KINDS OF BOOTS
AVERAGE,MEH
ELEVATOR,THINGS THAT GO UP AND DOWN
PA,U.S. STATE ABBREVIATIONS
SO-SO,MEH
OR,U.S. STATE ABBREVIATIONS
THIGH-HIGH,KINDS OF BOOTS
TONGUE,SPOKEN COMMUNICATION
TAPE,FIRST AID KIT ITEMS
RANCH,HOUSE STYLES
NECK,CANOODLE
FRENCH,CANOODLE
LANGUAGE,SPOKEN COMMUNICATION
DRESSING,FIRST AID KIT ITEMS
COTTAGE,HOUSE STYLES
BANDAGE,FIRST AID KIT ITEMS
CRAFTSMAN,HOUSE STYLES
MAKE OUT,CANOODLE
SCISSORS,FIRST AID KIT ITEMS
SPEECH,SPOKEN COMMUNICATION
KISS,CANOODLE
PRAIRIE,HOUSE STYLES
DIALECT,SPOKEN COMMUNICATION
NERD,CANDY PIECES
GRUMP,SEVEN DWARFS MINUS LAST LETTER
SNOOZE,ALARM CLOCK BUTTONS
WHAT IF,“HERE’S A THOUGHT ...”
SAY,“HERE’S A THOUGHT ...”
DO,SEVEN DWARFS MINUS LAST LETTER
DOPE,SEVEN DWARFS MINUS LAST LETTER
RUNT,CANDY PIECES
SLEEP,SEVEN DWARFS MINUS LAST LETTER
KISS,CANDY PIECES
SUPPOSE,“HERE’S A THOUGHT ...”
ALARM,ALARM CLOCK BUTTONS
HOUR,ALARM CLOCK BUTTONS
PERHAPS,“HERE’S A THOUGHT ...”
TIME SET,ALARM CLOCK BUTTONS
WHOPPER,CANDY PIECES
FOLK,MUSIC GENRES
WARRIOR,YOGA POSES
COCONUT,STARTING WITH PIXAR MOVIES
TREE,YOGA POSES
SOULMATE,STARTING WITH PIXAR MOVIES
ROCK,MUSIC GENRES
CHAIR,YOGA POSES
BUN,BRATWURST GO-WITHS
MOUNTAIN,YOGA POSES
MUSTARD,BRATWURST GO-WITHS
COUNTRY,MUSIC GENRES
UPDO,STARTING WITH PIXAR MOVIES
SAUERKRAUT,BRATWURST GO-WITHS
WALLET,STARTING WITH PIXAR MOVIES
BLUES,MUSIC GENRES
BRAT,BRATWURST GO-WITHS
CAT,DR. SEUSS TITLE FIGURES
CRANK,ROTATE
BLOW,RUSH OF WIND
POP,DR. SEUSS TITLE FIGURES
LION,ZODIAC SYMBOLS
GRINCH,DR. SEUSS TITLE FIGURES
WIND,ROTATE
TURTLE,DR. SEUSS TITLE FIGURES
CRAB,ZODIAC SYMBOLS
REEL,ROTATE
DRAFT,RUSH OF WIND
RAM,ZODIAC SYMBOLS
PUFF,RUSH OF WIND
BULL,ZODIAC SYMBOLS
TURN,ROTATE
GUST,RUSH OF WIND
BALLOON,THINGS THAT ARE INFLATED
BAR,KINDS OF CHARTS
CAKE,COVER WITH A THICK LAYER
FIZZ,CLASSIC COCKTAIL TYPES
PIE,KINDS OF CHARTS
BUBBLE,KINDS OF CHARTS
TIRE,THINGS THAT ARE INFLATED
COAT,COVER WITH A THICK LAYER
SLING,CLASSIC COCKTAIL TYPES
SMEAR,COVER WITH A THICK LAYER
PUNCH,CLASSIC COCKTAIL TYPES
LINE,KINDS OF CHARTS
FLOATIE,THINGS THAT ARE INFLATED
SOUR,CLASSIC COCKTAIL TYPES
PLASTER,COVER WITH A THICK LAYER
BASKETBALL,THINGS THAT ARE INFLATED
EGG,PRANK VERBS
STORY,TIER
SUN,NEWSPAPER NAMES
SCREEN,CLASSIC MOVIE THEATER EQUIPMENT
MOON,PRANK VERBS
REEL,CLASSIC MOVIE THEATER EQUIPMENT
STREAK,PRANK VERBS
POST,NEWSPAPER NAMES
GLOBE,NEWSPAPER NAMES
DECK,TIER
SPEAKER,CLASSIC MOVIE THEATER EQUIPMENT
FLOOR,TIER
TOILET PAPER,PRANK VERBS
MIRROR,NEWSPAPER NAMES
LEVEL,TIER
PROJECTOR,CLASSIC MOVIE THEATER EQUIPMENT
TIE,LANGUAGE HOMOPHONES
TAN,BEIGE SHADES
FAN,BURLESQUE WEAR
FAWN,BEIGE SHADES
CHECK,LANGUAGE HOMOPHONES
FINISH,LANGUAGE HOMOPHONES
MONITOR,VISUAL INTERFACE
BUFF,BEIGE SHADES
BOA,BURLESQUE WEAR
SCREEN,VISUAL INTERFACE
CREAM,BEIGE SHADES
BASK,LANGUAGE HOMOPHONES
TERMINAL,VISUAL INTERFACE
CORSET,BURLESQUE WEAR
DISPLAY,VISUAL INTERFACE
GLOVES,BURLESQUE WEAR
NATIONAL,CAR RENTAL COMPANIES
TALK,HEARSAY
SLIP,MOVE STEALTHILY
LATIN,ENDING WITH CHEMICAL ELEMENTS
JARGON,ENDING WITH CHEMICAL ELEMENTS
STEAL,MOVE STEALTHILY
BUDGET,CAR RENTAL COMPANIES
TIPTOE,MOVE STEALTHILY
WHISPERS,HEARSAY
ENVIRON,ENDING WITH CHEMICAL ELEMENTS
PLEAD,ENDING WITH CHEMICAL ELEMENTS
ENTERPRISE,CAR RENTAL COMPANIES
CREEP,MOVE STEALTHILY
SPECULATION,HEARSAY
THRIFTY,CAR RENTAL COMPANIES
RUMBLING,HEARSAY
STEAMING,HOPPING MAD
POKER,ACTIVITIES THAT INVOLVE FOLDING
AIR,WORDS THAT MAKE UP THE ACRONYM “HVAC”
BAKING,ACTIVITIES THAT INVOLVE FOLDING
LAUNDRY,ACTIVITIES THAT INVOLVE FOLDING
RANKING,STATUS
BOILING,HOPPING MAD
STATION,STATUS
HEATING,WORDS THAT MAKE UP THE ACRONYM “HVAC”
ORIGAMI,ACTIVITIES THAT INVOLVE FOLDING
POSITION,STATUS
FUMING,HOPPING MAD
STANDING,STATUS
VENTILATION,WORDS THAT MAKE UP THE ACRONYM “HVAC”
LIVID,HOPPING MAD
CONDITIONING,WORDS THAT MAKE UP THE ACRONYM “HVAC”
SLICE,BAD GOLF SHOTS
SNEAK,FOOTWEAR MINUS “ER” SOUND
TIRE,TORUS-SHAPED THINGS
SUPPORT,OFFICIAL SANCTIONING
BAGEL,TORUS-SHAPED THINGS
SLIP,FOOTWEAR MINUS “ER” SOUND
LOAF,FOOTWEAR MINUS “ER” SOUND
WHIFF,BAD GOLF SHOTS
BLESSING,OFFICIAL SANCTIONING
WADE,FOOTWEAR MINUS “ER” SOUND
LIFESAVER,TORUS-SHAPED THINGS
CONSENT,OFFICIAL SANCTIONING
WREATH,TORUS-SHAPED THINGS
HOOK,BAD GOLF SHOTS
APPROVAL,OFFICIAL SANCTIONING
SHANK,BAD GOLF SHOTS
KICK,CHILI PEPPER QUALITY
THUNDER,EXPLOSIVE SOUND
BRUSH,CLASSIC BARBERSHOP SUPPLIES
HEAT,CHILI PEPPER QUALITY
GEL,CLASSIC BARBERSHOP SUPPLIES
SET,KINDS OF CARDS
MAGIC,KINDS OF CARDS
FIRE,CHILI PEPPER QUALITY
CLIPPERS,CLASSIC BARBERSHOP SUPPLIES
ROAR,EXPLOSIVE SOUND
CAPE,CLASSIC BARBERSHOP SUPPLIES
TAROT,KINDS OF CARDS
BOOM,EXPLOSIVE SOUND
SPICE,CHILI PEPPER QUALITY
BASEBALL,KINDS OF CARDS
CRASH,EXPLOSIVE SOUND
MARTINI,DESCRIBED AS DRY
TEETH,BABY ___
HUMOR,DESCRIBED AS DRY
PENDULUM,FOUND AT THE END OF A STRING/CORD
STEPS,BABY ___
TEA BAG,FOUND AT THE END OF A STRING/CORD
MONKEY BARS,PLAYGROUND EQUIPMENT
TETHERBALL,FOUND AT THE END OF A STRING/CORD
TEETOTALER,DESCRIBED AS DRY
SLIDE,PLAYGROUND EQUIPMENT
BOOMER,BABY ___
DESERT,DESCRIBED AS DRY
SWINGS,PLAYGROUND EQUIPMENT
YO-YO,FOUND AT THE END OF A STRING/CORD
TEETER-TOTTER,PLAYGROUND EQUIPMENT
BLUES,BABY ___
PLAYER,KINDS OF PIANOS
GAMBLE,SECOND NAMES IN COMPANIES WITH AMPERSANDS
BROWN,U.S. COLLEGES/UNIVERSITIES
YOUNG,SECOND NAMES IN COMPANIES WITH AMPERSANDS
COUNT,DEEM
SMITH,U.S. COLLEGES/UNIVERSITIES
NOBLE,SECOND NAMES IN COMPANIES WITH AMPERSANDS
DUKE,U.S. COLLEGES/UNIVERSITIES
UPRIGHT,KINDS OF PIANOS
CONSIDER,DEEM
GRAND,KINDS OF PIANOS
JUDGE,DEEM
ELECTRONIC,KINDS OF PIANOS
REGARD,DEEM
HOWARD,U.S. COLLEGES/UNIVERSITIES
JOHNSON,SECOND NAMES IN COMPANIES WITH AMPERSANDS
GOLD,SPARKLING THINGS
CUBE,ICE ___
TEMPLE,WONDERS OF THE WORLD
FENCE,PARTICIPATE IN SUMMER OLYMPIC EVENTS
MACHINE,ICE ___
BOX,PARTICIPATE IN SUMMER OLYMPIC EVENTS
SEQUIN,SPARKLING THINGS
CREAM,ICE ___
DIAMOND,SPARKLING THINGS
LIGHTHOUSE,WONDERS OF THE WORLD
ROW,PARTICIPATE IN SUMMER OLYMPIC EVENTS
PYRAMID,WONDERS OF THE WORLD
DIVE,PARTICIPATE IN SUMMER OLYMPIC EVENTS
STORM,ICE ___
GLITTER,SPARKLING THINGS
GARDENS,WONDERS OF THE WORLD
GREEK,KINDS OF SALAD
CHEF,KINDS OF SALAD
CROWN,TREE FEATURES
SPORTS,NEWSPAPER SECTIONS
MONTICELLO,SEEN ON BACKS OF U.S. COINS
RINGS,TREE FEATURES
GARDEN,KINDS OF SALAD
EAGLE,SEEN ON BACKS OF U.S. COINS
BUSINESS,NEWSPAPER SECTIONS
ROOTS,TREE FEATURES
TORCH,SEEN ON BACKS OF U.S. COINS
WEDGE,KINDS OF SALAD
BARK,TREE FEATURES
ARTS,NEWSPAPER SECTIONS
SHIELD,SEEN ON BACKS OF U.S. COINS
COMICS,NEWSPAPER SECTIONS
CHARCOAL,SHADES OF BLACK
HAMMER,PARTS OF THE EAR
GOLF BAG,WHERE YOU MIGHT FIND “A DRIVER”
GRILL,COOK IN A PAN
TOOLBOX,WHERE YOU MIGHT FIND “A DRIVER”
RAVEN,SHADES OF BLACK
LIMOUSINE,WHERE YOU MIGHT FIND “A DRIVER”
JET,SHADES OF BLACK
BROWN,COOK IN A PAN
DRUM,PARTS OF THE EAR
SABLE,SHADES OF BLACK
CHAR,COOK IN A PAN
ANVIL,PARTS OF THE EAR
MOVIE SET,WHERE YOU MIGHT FIND “A DRIVER”
SEAR,COOK IN A PAN
CANAL,PARTS OF THE EAR
RECORD,CLASSIC COLLECTION ITEMS
STORE,CHAIN ___
WEIRD,PECULIAR
REACTION,CHAIN ___
STAMP,CLASSIC COLLECTION ITEMS
STATION,ASSIGNMENT
LETTER,CHAIN ___
COMIC,CLASSIC COLLECTION ITEMS
FUNNY,PECULIAR
MAIL,CHAIN ___
COIN,CLASSIC COLLECTION ITEMS
POST,ASSIGNMENT
OFF,PECULIAR
POSITION,ASSIGNMENT
CURIOUS,PECULIAR
JOB,ASSIGNMENT
TOO,EXCESSIVELY
REAL,GLOBAL CURRENCIES
FORE,___HEAD
SPARE,ABSOLVE
WON,GLOBAL CURRENCIES
ARROW,___HEAD
EXTRA,EXCESSIVELY
POUND,GLOBAL CURRENCIES
KNUCKLE,___HEAD
EXCUSE,ABSOLVE
OVER,EXCESSIVELY
BLOCK,___HEAD
SAVE,ABSOLVE
BEYOND,EXCESSIVELY
PARDON,ABSOLVE
YEN,GLOBAL CURRENCIES
CATER,HELP PUT ON A PARTY
BOWL,PUPPY PURCHASES
THROW,HELP PUT ON A PARTY
STAR,SYMBOLS ON A KEYBOARD
CARET,SYMBOLS ON A KEYBOARD
TRACE,VERY SMALL AMOUNT
CRATE,PUPPY PURCHASES
HASH,SYMBOLS ON A KEYBOARD
SHRED,VERY SMALL AMOUNT
BED,PUPPY PURCHASES
BRACE,SYMBOLS ON A KEYBOARD
TOUCH,VERY SMALL AMOUNT
PLAN,HELP PUT ON A PARTY
HINT,VERY SMALL AMOUNT
COLLAR,PUPPY PURCHASES
HOST,HELP PUT ON A PARTY
BASH,CRITICIZE
BAG,OBTAIN
COLOR,HAIR SALON OFFERINGS
SACK,MEASURED IN FOOTBALL STATS
RECEPTION,MEASURED IN FOOTBALL STATS
BLOWOUT,HAIR SALON OFFERINGS
LAND,OBTAIN
PAN,CRITICIZE
CUT,HAIR SALON OFFERINGS
BLAST,CRITICIZE
YARD,MEASURED IN FOOTBALL STATS
SCORE,OBTAIN
SLAM,CRITICIZE
SNAG,OBTAIN
TRIM,HAIR SALON OFFERINGS
ATTEMPT,MEASURED IN FOOTBALL STATS
CATALOG,THINGS RECEIVED IN THE MAIL
EPISODE,INCIDENT
LETTER,THINGS RECEIVED IN THE MAIL
COIL,WHAT “SPRING” MIGHT REFER TO
COUNT,QUANTITY
SEASON,WHAT “SPRING” MIGHT REFER TO
MATTER,INCIDENT
NUMBER,QUANTITY
BOUNCE,WHAT “SPRING” MIGHT REFER TO
BILL,THINGS RECEIVED IN THE MAIL
GEYSER,WHAT “SPRING” MIGHT REFER TO
AFFAIR,INCIDENT
TOTAL,QUANTITY
EVENT,INCIDENT
CARD,THINGS RECEIVED IN THE MAIL
AMOUNT,QUANTITY
TANK,AQUARIUM PURCHASES
GLOVE,THINGS USED IN GOLF
SCALE,WAYS TO TRANSFORM AN IMAGE
TEE,THINGS USED IN GOLF
COACH,LOGOS WITH HORSES
ROCKS,AQUARIUM PURCHASES
POLO,LOGOS WITH HORSES
CROP,WAYS TO TRANSFORM AN IMAGE
FILTER,AQUARIUM PURCHASES
BALL,THINGS USED IN GOLF
ROTATE,WAYS TO TRANSFORM AN IMAGE
MUSTANG,LOGOS WITH HORSES
GODIVA,LOGOS WITH HORSES
FLIP,WAYS TO TRANSFORM AN IMAGE
PUMP,AQUARIUM PURCHASES
DRIVER,THINGS USED IN GOLF
FROST,VERBS IN A CAKE RECIPE
BEACH,___ BOYS
PUMP,WHAT A HEART DOES WHEN EXCITED
POPE,ECCLESIASTICAL TITLES
RACE,WHAT A HEART DOES WHEN EXCITED
BISHOP,ECCLESIASTICAL TITLES
PET SHOP,___ BOYS
POUND,WHAT A HEART DOES WHEN EXCITED
HARDY,___ BOYS
BEAT,VERBS IN A CAKE RECIPE
PRIOR,ECCLESIASTICAL TITLES
BAKE,VERBS IN A CAKE RECIPE
THROB,WHAT A HEART DOES WHEN EXCITED
BAD,___ BOYS
PREHEAT,VERBS IN A CAKE RECIPE
PASTOR,ECCLESIASTICAL TITLES
COACH,SITCOMS
FLUSH,GET RED IN THE FACE
NONSTOP,CONTINUOUS
FLIGHT,FLAVOR ASSORTMENT
SOLID,CONTINUOUS
PLATTER,FLAVOR ASSORTMENT
FULL HOUSE,SITCOMS
GLOW,GET RED IN THE FACE
BURN,GET RED IN THE FACE
STRAIGHT,CONTINUOUS
SAMPLER,FLAVOR ASSORTMENT
BLOSSOM,SITCOMS
COMMUNITY,SITCOMS
TASTING,FLAVOR ASSORTMENT
CONSECUTIVE,CONTINUOUS
BLUSH,GET RED IN THE FACE
STARS,RATINGS SYSTEMS
STRIPES,VARIETIES
HAND,TRANSFER
DELIVER,TRANSFER
SORTS,VARIETIES
DECK OF CARDS,THINGS WITH KINGS
THUMBS,RATINGS SYSTEMS
MONARCHY,THINGS WITH KINGS
PASS,TRANSFER
TYPES,VARIETIES
NHL,THINGS WITH KINGS
A-F,RATINGS SYSTEMS
PERCENTAGE,RATINGS SYSTEMS
CHECKERS,THINGS WITH KINGS
GIVE,TRANSFER
KINDS,VARIETIES
DINOSAUR,FEATURED IN “JURASSIC PARK”
PEARL,BITS OF WISDOM
EGGPLANT,THINGS THAT ARE PURPLE
MINT,LARGE AMOUNT OF MONEY
LAVENDER,THINGS THAT ARE PURPLE
AMBER,FEATURED IN “JURASSIC PARK”
NUGGET,BITS OF WISDOM
PILE,LARGE AMOUNT OF MONEY
TIDBIT,BITS OF WISDOM
AMETHYST,THINGS THAT ARE PURPLE
FORTUNE,LARGE AMOUNT OF MONEY
MOSQUITO,FEATURED IN “JURASSIC PARK”
BUNDLE,LARGE AMOUNT OF MONEY
PALEONTOLOGIST,FEATURED IN “JURASSIC PARK”
GRIMACE,THINGS THAT ARE PURPLE
KERNEL,BITS OF WISDOM
SAKE,BEHALF
SAVE,MARK ONLINE FOR LATER
PEPSI,ENDING WITH GREEK LETTERS
MOCHI,ENDING WITH GREEK LETTERS
CURRY,"NBA LEGENDS, FAMILIARLY"
FETA,ENDING WITH GREEK LETTERS
BIRD,"NBA LEGENDS, FAMILIARLY"
BIOTA,ENDING WITH GREEK LETTERS
LIKE,MARK ONLINE FOR LATER
MAGIC,"NBA LEGENDS, FAMILIARLY"
ADVANTAGE,BEHALF
KOBE,"NBA LEGENDS, FAMILIARLY"
FAVORITE,MARK ONLINE FOR LATER
INTEREST,BEHALF
BOOKMARK,MARK ONLINE FOR LATER
BENEFIT,BEHALF
BEETLE,CAR MODELS
JUICE,VITALITY
ENERGY,VITALITY
LEVEL,PALINDROMES FEATURING “E”
COW,FEATURED IN “JACK AND THE BEANSTALK”
PEP,PALINDROMES FEATURING “E”
FOCUS,CAR MODELS
BEANS,FEATURED IN “JACK AND THE BEANSTALK”
ZIP,VITALITY
JACK,FEATURED IN “JACK AND THE BEANSTALK”
LIFE,VITALITY
TENET,PALINDROMES FEATURING “E”
GIANT,FEATURED IN “JACK AND THE BEANSTALK”
VOLT,CAR MODELS
CIVIC,CAR MODELS
REFER,PALINDROMES FEATURING “E”
LION,___ KING
SWITCH,CONSOLE INPUTS
RETRO,PREFIXES
BURGER,___ KING
VINTAGE,WINE BOTTLE INFO
SUB,PREFIXES
PROM,___ KING
SLIDER,CONSOLE INPUTS
SUPER,PREFIXES
GRAPE,WINE BOTTLE INFO
BUTTON,CONSOLE INPUTS
CALIFORNIA,___ KING
REGION,WINE BOTTLE INFO
KNOB,CONSOLE INPUTS
PRO,PREFIXES
WINERY,WINE BOTTLE INFO
CLOWN,DOOFUS
DWELL,RESIDE
TURKEY,DOOFUS
SEA,MEMBER OF A SEPTET
WONDER,MEMBER OF A SEPTET
SAP,DOOFUS
DWINDLE,DECREASE
STAY,RESIDE
DECLINE,DECREASE
DWEEB,DOOFUS
EBB,DECREASE
LIVE,RESIDE
SIN,MEMBER OF A SEPTET
INHABIT,RESIDE
DWARF,MEMBER OF A SEPTET
DROP,DECREASE
CACTUS,SPIKY THINGS
BOTTLE,THINGS THAT ARE CAPPED
MUSHROOM,THINGS THAT ARE CAPPED
CHEESE,OVERLY SENTIMENTAL WORK
SUPREME,FOREMOST
GRADUATE,THINGS THAT ARE CAPPED
HEDGEHOG,SPIKY THINGS
PINEAPPLE,SPIKY THINGS
CORN,OVERLY SENTIMENTAL WORK
SALARY,THINGS THAT ARE CAPPED
PAP,OVERLY SENTIMENTAL WORK
PRINCIPAL,FOREMOST
CHIEF,FOREMOST
MACE,SPIKY THINGS
PREMIER,FOREMOST
MUSH,OVERLY SENTIMENTAL WORK
PUMP,KINDS OF SHOES
SPEAKER,LEGISLATIVE ROLES
FIRE,"GET EXCITED, WITH ""UP"""
MATTE,NAME HOMOPHONES
MIC,NAME HOMOPHONES
CHAIR,LEGISLATIVE ROLES
FLAT,KINDS OF SHOES
AMP,"GET EXCITED, WITH ""UP"""
WHIP,LEGISLATIVE ROLES
DUG,NAME HOMOPHONES
HYPE,"GET EXCITED, WITH ""UP"""
SLIDE,KINDS OF SHOES
PEAT,NAME HOMOPHONES
PSYCH,"GET EXCITED, WITH ""UP"""
MULE,KINDS OF SHOES
LEADER,LEGISLATIVE ROLES
DROOP,CARTOON DOGS MINUS “Y”
DEMO,KINDS OF REELS
STOOP,GATHERING SPOT OUTSIDE A RESIDENCE
GOOF,CARTOON DOGS MINUS “Y”
BLOOPER,KINDS OF REELS
SNOOP,CARTOON DOGS MINUS “Y”
DOPE,LOWDOWN
SCOOP,LOWDOWN
DECK,GATHERING SPOT OUTSIDE A RESIDENCE
DISH,LOWDOWN
HIGHLIGHT,KINDS OF REELS
LAD,CARTOON DOGS MINUS “Y”
SIZZLE,KINDS OF REELS
YARD,GATHERING SPOT OUTSIDE A RESIDENCE
INFO,LOWDOWN
PORCH,GATHERING SPOT OUTSIDE A RESIDENCE
CHAMPAGNE,PLACES IN FRANCE
SUPER,PREFIX MEANING “VERY”
NOVA,PBS SHOWS
REUNION,PLACES IN FRANCE
BIRTHDAY,KINDS OF PARTIES
NATURE,PBS SHOWS
NICE,PLACES IN FRANCE
COCKTAIL,KINDS OF PARTIES
ANGERS,PLACES IN FRANCE
EXTRA,PREFIX MEANING “VERY”
SURPRISE,KINDS OF PARTIES
MASTERPIECE,PBS SHOWS
HYPER,PREFIX MEANING “VERY”
FRONTLINE,PBS SHOWS
OVER,PREFIX MEANING “VERY”
DINNER,KINDS OF PARTIES
CAT,WORDS AFTER “KITTY”
PERSON,SOMEBODY
SOLO,"CHARACTERS IN “THE EMPIRE STRIKES BACK,"" FAMILIARLY"
HAWK,WORDS AFTER “KITTY”
CHEWIE,"CHARACTERS IN “THE EMPIRE STRIKES BACK,"" FAMILIARLY"
FIGURE,PRESUME
INDIVIDUAL,SOMEBODY
CORNER,WORDS AFTER “KITTY”
CHARACTER,SOMEBODY
BOBA,"CHARACTERS IN “THE EMPIRE STRIKES BACK,"" FAMILIARLY"
IMAGINE,PRESUME
PARTY,SOMEBODY
SUSPECT,PRESUME
EMPEROR,"CHARACTERS IN “THE EMPIRE STRIKES BACK,"" FAMILIARLY"
LITTER,WORDS AFTER “KITTY”
THINK,PRESUME
REAL,EXTREMELY
MEDIUM,CLAIRVOYANT
IMPRESSIVE,“GREAT JOB!”
EXCLUSIVE,SPECIAL EDITION ADJECTIVES
NICE,“GREAT JOB!”
RARE,SPECIAL EDITION ADJECTIVES
AWFUL,EXTREMELY
MYSTIC,CLAIRVOYANT
WAY,EXTREMELY
WELL DONE,“GREAT JOB!”
BLOODY,EXTREMELY
LIMITED,SPECIAL EDITION ADJECTIVES
ORACLE,CLAIRVOYANT
PROPS,“GREAT JOB!”
COLLECTIBLE,SPECIAL EDITION ADJECTIVES
PSYCHIC,CLAIRVOYANT
PASTEL,COLOR TYPES
POOL,CHANCE TO WIN A PRIZE
SUNTAN,WHAT “BRONZE” MIGHT MEAN
SCULPTURE,WHAT “BRONZE” MIGHT MEAN
PRINT,FILE MENU OPTIONS
THIRD,WHAT “BRONZE” MIGHT MEAN
NEUTRAL,COLOR TYPES
DRAWING,CHANCE TO WIN A PRIZE
NEW,FILE MENU OPTIONS
ALLOY,WHAT “BRONZE” MIGHT MEAN
OPEN,FILE MENU OPTIONS
NEON,COLOR TYPES
LOTTERY,CHANCE TO WIN A PRIZE
SAVE,FILE MENU OPTIONS
GRAYSCALE,COLOR TYPES
RAFFLE,CHANCE TO WIN A PRIZE
CHIP,MEMBER OF A CARTOON DUO
BED,BIT OF LAND FOR GROWING
ROUGH,"NOT SMOOTH, AS TERRAIN"
PATCH,BIT OF LAND FOR GROWING
ROCKY,MEMBER OF A CARTOON DUO
STITCH,MEMBER OF A CARTOON DUO
PARALLEL,___ PARK
UNEVEN,"NOT SMOOTH, AS TERRAIN"
RUGGED,"NOT SMOOTH, AS TERRAIN"
SOUTH,___ PARK
AMUSEMENT,___ PARK
PLOT,BIT OF LAND FOR GROWING
NATIONAL,___ PARK
PARCEL,BIT OF LAND FOR GROWING
SCRATCHY,MEMBER OF A CARTOON DUO
BUMPY,"NOT SMOOTH, AS TERRAIN"
BALLOON,BIT OF PARTY DECORATION
BOOK,PROCURE IN ADVANCE
MODEL,ONLINE PERSONALITY
BANNER,BIT OF PARTY DECORATION
NOVEL,INSPIRED
AMBASSADOR,ONLINE PERSONALITY
CONFETTI,BIT OF PARTY DECORATION
STREAMER,ONLINE PERSONALITY
SECURE,PROCURE IN ADVANCE
CREATIVE,INSPIRED
RESERVE,PROCURE IN ADVANCE
FRESH,INSPIRED
ORIGINAL,INSPIRED
GARLAND,BIT OF PARTY DECORATION
INFLUENCER,ONLINE PERSONALITY
CHARTER,PROCURE IN ADVANCE
HAT TRICK,TRIO OF SPORTS ACHIEVEMENTS
HOME RUN,___ DERBY
BROIL,FOOD NAMED AFTER CITIES
PAINT,NEEDS FOR PAINTING A ROOM
SOAP BOX,___ DERBY
TRIPLE CROWN,TRIO OF SPORTS ACHIEVEMENTS
DROP CLOTH,NEEDS FOR PAINTING A ROOM
WINGS,FOOD NAMED AFTER CITIES
ROLLER,NEEDS FOR PAINTING A ROOM
KENTUCKY,___ DERBY
SPROUTS,FOOD NAMED AFTER CITIES
TRIFECTA,TRIO OF SPORTS ACHIEVEMENTS
DEMOLITION,___ DERBY
TAPE,NEEDS FOR PAINTING A ROOM
THREEPEAT,TRIO OF SPORTS ACHIEVEMENTS
CHEESESTEAK,FOOD NAMED AFTER CITIES
SWELL,"INCREASE, IN A WAY"
FRILL,DECORATIVE EDGE
BIKINI,STRING ___
WAX,"INCREASE, IN A WAY"
TRIM,DECORATIVE EDGE
CHEESE,STRING ___
NEAT,SPECIFICATIONS FOR A BARTENDER
BORDER,DECORATIVE EDGE
GROW,"INCREASE, IN A WAY"
DRY,SPECIFICATIONS FOR A BARTENDER
BEAN,STRING ___
VIRGIN,SPECIFICATIONS FOR A BARTENDER
THEORY,STRING ___
STRAIGHT,SPECIFICATIONS FOR A BARTENDER
FRINGE,DECORATIVE EDGE
MOUNT,"INCREASE, IN A WAY"
IMPORT,SIGNIFICANCE
THING,"SCI-FI MOVIES, WITH “THE”"
GRAVITY,SIGNIFICANCE
START,ACTIONS IN FANTASY SPORTS
BANK,AREA OF HIGH GROUND
TRADE,ACTIONS IN FANTASY SPORTS
MATRIX,"SCI-FI MOVIES, WITH “THE”"
DUNE,AREA OF HIGH GROUND
WEIGHT,SIGNIFICANCE
ABYSS,"SCI-FI MOVIES, WITH “THE”"
DRAFT,ACTIONS IN FANTASY SPORTS
MOUND,AREA OF HIGH GROUND
HILL,AREA OF HIGH GROUND
BENCH,ACTIONS IN FANTASY SPORTS
FLY,"SCI-FI MOVIES, WITH “THE”"
SUBSTANCE,SIGNIFICANCE
QUALITY,___ CONTROL
BIRTH,___ CONTROL
HOUSE,ITEMS IN A MONOPOLY BOX
PLANT,EMBED
REMOTE,___ CONTROL
LODGE,EMBED
HYBRID,COMPOSITE
COMPOUND,COMPOSITE
CROSS,COMPOSITE
CRUISE,___ CONTROL
STICK,EMBED
HOTEL,ITEMS IN A MONOPOLY BOX
TOKEN,ITEMS IN A MONOPOLY BOX
BLEND,COMPOSITE
WEDGE,EMBED
DEED,ITEMS IN A MONOPOLY BOX
PLAY,ACTIONS IN CARD GAMES
JUSTICE,CABINET DEPARTMENTS
THROW,BEDDING
ENERGY,CABINET DEPARTMENTS
HONOR,"MAKE GOOD ON, AS A PROMISE"
PASS,ACTIONS IN CARD GAMES
KEEP,"MAKE GOOD ON, AS A PROMISE"
SHAM,BEDDING
DISCARD,ACTIONS IN CARD GAMES
SHEET,BEDDING
STATE,CABINET DEPARTMENTS
FULFILL,"MAKE GOOD ON, AS A PROMISE"
BLANKET,BEDDING
LABOR,CABINET DEPARTMENTS
UPHOLD,"MAKE GOOD ON, AS A PROMISE"
DRAW,ACTIONS IN CARD GAMES
DOROTHY,CHARACTERS WITH PET DOGS
ROAM,CAPITAL CITY HOMOPHONES
ROSE,COMMON PERFUME INGREDIENTS
STEAM,COOK WITH HEAT AND WATER
VANILLA,COMMON PERFUME INGREDIENTS
SOPHIA,CAPITAL CITY HOMOPHONES
SHAGGY,CHARACTERS WITH PET DOGS
BLANCH,COOK WITH HEAT AND WATER
CHARLIE,CHARACTERS WITH PET DOGS
BOIL,COOK WITH HEAT AND WATER
KETO,CAPITAL CITY HOMOPHONES
MUSK,COMMON PERFUME INGREDIENTS
AMBERGRIS,COMMON PERFUME INGREDIENTS
WALLACE,CHARACTERS WITH PET DOGS
SOUL,CAPITAL CITY HOMOPHONES
POACH,COOK WITH HEAT AND WATER
QUICK,DISHWASHER CYCLES
LATHER,FLUSTERED STATE
CURRENT,FAST-MOVING WATER
CONDITION,FITNESS
RAPID,FAST-MOVING WATER
RINSE,DISHWASHER CYCLES
HEALTH,FITNESS
SWEAT,FLUSTERED STATE
NORMAL,DISHWASHER CYCLES
WAVE,FAST-MOVING WATER
FORM,FITNESS
SANITIZE,DISHWASHER CYCLES
STEW,FLUSTERED STATE
SHAPE,FITNESS
CASCADE,FAST-MOVING WATER
TIZZY,FLUSTERED STATE
JOKER,ROBERT DE NIRO FILMS
DICE,USE A KITCHEN KNIFE
CHANCE,PUT ON THE LINE
CASINO,ROBERT DE NIRO FILMS
OCTOPUS,DISTINCTIVE NUMBER OF ARMS (OR LACK THEREOF)
SLOT MACHINE,DISTINCTIVE NUMBER OF ARMS (OR LACK THEREOF)
CUBE,USE A KITCHEN KNIFE
GAMBLE,PUT ON THE LINE
SLICE,USE A KITCHEN KNIFE
BET,PUT ON THE LINE
SHIVA,DISTINCTIVE NUMBER OF ARMS (OR LACK THEREOF)
JULIENNE,USE A KITCHEN KNIFE
HEAT,ROBERT DE NIRO FILMS
VENUS DE MILO,DISTINCTIVE NUMBER OF ARMS (OR LACK THEREOF)
RISK,PUT ON THE LINE
TAXI DRIVER,ROBERT DE NIRO FILMS
SKI,ITEM SOLD IN PAIRS
PANT,BUGS PLUS STARTING LETTER
PRUNE,CARE FOR A PLANT
JUICE,BEVERAGES
PUNCH,BEVERAGES
POT,CARE FOR A PLANT
MILK,BEVERAGES
SMITE,BUGS PLUS STARTING LETTER
SOCK,ITEM SOLD IN PAIRS
BLOUSE,BUGS PLUS STARTING LETTER
EARBUD,ITEM SOLD IN PAIRS
WATER,CARE FOR A PLANT
STICK,BUGS PLUS STARTING LETTER
SODA,BEVERAGES
FERTILIZE,CARE FOR A PLANT
BOOKEND,ITEM SOLD IN PAIRS
DROP,SMALL AMOUNT
DASH,SMALL AMOUNT
DAISY,DISNEY CHARACTERS
DREAM,___ DATE
DING,CONCAVITY
DOC,DISNEY CHARACTERS
DINNER,___ DATE
DAB,SMALL AMOUNT
DALE,DISNEY CHARACTERS
DUE,___ DATE
DIMPLE,CONCAVITY
DELIVERY,___ DATE
DENT,CONCAVITY
DOLLOP,SMALL AMOUNT
DORY,DISNEY CHARACTERS
DIVOT,CONCAVITY
JACUZZI,BRANDS THAT HAVE BECOME GENERIC TERMS
BIKINI,KINDS OF UNDERWEAR
HANGER,STEAK CUTS
X-RAY,INVOLVED IN A DENTIST VISIT
Q-TIP,BRANDS THAT HAVE BECOME GENERIC TERMS
TOOTHBRUSH,INVOLVED IN A DENTIST VISIT
G-STRING,KINDS OF UNDERWEAR
CHAPSTICK,BRANDS THAT HAVE BECOME GENERIC TERMS
T-BONE,STEAK CUTS
XEROX,BRANDS THAT HAVE BECOME GENERIC TERMS
HIPSTER,KINDS OF UNDERWEAR
SKIRT,STEAK CUTS
DRILL,INVOLVED IN A DENTIST VISIT
FILET,STEAK CUTS
SINK,INVOLVED IN A DENTIST VISIT
THONG,KINDS OF UNDERWEAR
SHED,THINGS CATS DO
CREAM,___ CHEESE
RETREAT,TURN TAIL
ABOUT,PAGES ON A WEBSITE
COTTAGE,___ CHEESE
LOGIN,PAGES ON A WEBSITE
HOME,PAGES ON A WEBSITE
SCRATCH,THINGS CATS DO
KNEAD,THINGS CATS DO
GOAT,___ CHEESE
LEAVE,TURN TAIL
STRING,___ CHEESE
FLEE,TURN TAIL
PURR,THINGS CATS DO
CONTACT,PAGES ON A WEBSITE
WITHDRAW,TURN TAIL
KING KONG,FAMOUS PRIMATES
WHOOP,SOUNDS OF LAUGHTER
BEEP BEEP,CAR ONOMATOPOEIA
YAHOO,KNUCKLEHEAD
DING-DONG,KNUCKLEHEAD
HAR-HAR,SOUNDS OF LAUGHTER
KOKO,FAMOUS PRIMATES
HOOT,SOUNDS OF LAUGHTER
SKRRT,CAR ONOMATOPOEIA
BUBBLES,FAMOUS PRIMATES
DODO,KNUCKLEHEAD
PURR,CAR ONOMATOPOEIA
YUK,SOUNDS OF LAUGHTER
YO-YO,KNUCKLEHEAD
VROOM,CAR ONOMATOPOEIA
GEORGE,FAMOUS PRIMATES
CANE,CANDY ___
BLOCK,PROHIBIT
ACCIDENTAL,FOUND ON SHEET MUSIC
SPIDER,HALLOWEEN SYMBOLS
BAR,CANDY ___
STAFF,FOUND ON SHEET MUSIC
APPLE,CANDY ___
NOTE,FOUND ON SHEET MUSIC
BAT,HALLOWEEN SYMBOLS
BAN,PROHIBIT
PUMPKIN,HALLOWEEN SYMBOLS
CORN,CANDY ___
FORBID,PROHIBIT
WITCH,HALLOWEEN SYMBOLS
REST,FOUND ON SHEET MUSIC
DENY,PROHIBIT
SPIN,MUSIC PUBLICATIONS
JACKKNIFE,ENDING WITH TABLEWARE
BUBBLES,EFFERVESCENCE
PROGRESS,BURGEON
BUTTERCUP,ENDING WITH TABLEWARE
FIZZ,EFFERVESCENCE
BLOSSOM,BURGEON
PITCHFORK,MUSIC PUBLICATIONS
MOJO,MUSIC PUBLICATIONS
MATURE,BURGEON
FOAM,EFFERVESCENCE
BOILERPLATE,ENDING WITH TABLEWARE
WITHERSPOON,ENDING WITH TABLEWARE
BILLBOARD,MUSIC PUBLICATIONS
DEVELOP,BURGEON
FROTH,EFFERVESCENCE
HIP,BODY PARTS
TEA,WORDS IN “DO-RE-MI”
BIG,MOVIES
BAD,"COOL, IN ’80S SLANG"
EYE,BODY PARTS
FLY,"COOL, IN ’80S SLANG"
SEW,WORDS IN “DO-RE-MI”
SAW,MOVIES
ILL,"COOL, IN ’80S SLANG"
FAR,WORDS IN “DO-RE-MI”
ELF,MOVIES
LEG,BODY PARTS
HER,MOVIES
RAD,"COOL, IN ’80S SLANG"
ARM,BODY PARTS
DOE,WORDS IN “DO-RE-MI”
NERVE,BRASHNESS
SPLASH,QUICK JUMP IN THE POOL
EXTRA,ADDITIONAL BENEFIT
RELISH,CHERISH
GRAVY,ADDITIONAL BENEFIT
TREASURE,CHERISH
SAUCE,BRASHNESS
DIP,QUICK JUMP IN THE POOL
DIVE,QUICK JUMP IN THE POOL
BONUS,ADDITIONAL BENEFIT
VALUE,CHERISH
BRASS,BRASHNESS
FROSTING,ADDITIONAL BENEFIT
CHEEK,BRASHNESS
SWIM,QUICK JUMP IN THE POOL
SAVOR,CHERISH
GOO,STARTS OF CELL PHONE MAKERS
COO,BIRD ONOMATOPOEIA
APP,STARTS OF CELL PHONE MAKERS
WRAP,DRAPED ACCESSORIES
SWALLOW,TOLERATE
MOTOR,STARTS OF CELL PHONE MAKERS
HONK,BIRD ONOMATOPOEIA
BEAR,TOLERATE
GOBBLE,BIRD ONOMATOPOEIA
SCARF,DRAPED ACCESSORIES
STAND,TOLERATE
SAM,STARTS OF CELL PHONE MAKERS
STOLE,DRAPED ACCESSORIES
TAKE,TOLERATE
HOOT,BIRD ONOMATOPOEIA
SHAWL,DRAPED ACCESSORIES
CARGO,KINDS OF PANTS
BOULDER,ROAD RUNNER CARTOON STAPLES
CLAW,MADE OF KERATIN
HAMMER,KINDS OF PANTS
ANVIL,ROAD RUNNER CARTOON STAPLES
HORN,MADE OF KERATIN
CALIFORNIA,___ ROLL
COYOTE,ROAD RUNNER CARTOON STAPLES
EGG,___ ROLL
STIRRUP,KINDS OF PANTS
DRUM,___ ROLL
TNT,ROAD RUNNER CARTOON STAPLES
CAPRI,KINDS OF PANTS
HOOF,MADE OF KERATIN
HONOR,___ ROLL
NAIL,MADE OF KERATIN
PONY,WAYS TO WEAR YOUR HAIR UP
ROLL,SOUNDS OF THUNDER
COMB,RUMMAGE
BOOK,THINGS THAT CAN HAVE LEAVES
ROOT,RUMMAGE
TREE,THINGS THAT CAN HAVE LEAVES
CLAP,SOUNDS OF THUNDER
TABLE,THINGS THAT CAN HAVE LEAVES
BUN,WAYS TO WEAR YOUR HAIR UP
SALAD,THINGS THAT CAN HAVE LEAVES
DIG,RUMMAGE
RUMBLE,SOUNDS OF THUNDER
SIFT,RUMMAGE
TWIST,WAYS TO WEAR YOUR HAIR UP
PEAL,SOUNDS OF THUNDER
BRAID,WAYS TO WEAR YOUR HAIR UP
DRIVE,WHAT “D” MIGHT STAND FOR
PENNYWISE,FICTIONAL CLOWNS
SAFETY,FOOTBALL POSITIONS
NICKELODEON,CABLE CHANNELS
QUARTERBACK,FOOTBALL POSITIONS
HISTORY,CABLE CHANNELS
DIMENSIONAL,WHAT “D” MIGHT STAND FOR
HOMEY,FICTIONAL CLOWNS
DEFENSE,WHAT “D” MIGHT STAND FOR
GUARD,FOOTBALL POSITIONS
JOKER,FICTIONAL CLOWNS
DISCOVERY,CABLE CHANNELS
OXYGEN,CABLE CHANNELS
DEMOCRAT,WHAT “D” MIGHT STAND FOR
CENTER,FOOTBALL POSITIONS
RONALD,FICTIONAL CLOWNS
PEACE,WHAT THE OUTSTRETCHED INDEX AND MIDDLE FINGERS CAN REPRESENT
PEBBLE,BIT OF BREAKFAST CEREAL
LATER,AT SOME FUTURE POINT
SCISSORS,WHAT THE OUTSTRETCHED INDEX AND MIDDLE FINGERS CAN REPRESENT
ROUND,PARTS OF A TOURNAMENT SETUP
CHEERIO,BIT OF BREAKFAST CEREAL
BYE,PARTS OF A TOURNAMENT SETUP
FLAKE,BIT OF BREAKFAST CEREAL
NEXT,AT SOME FUTURE POINT
BRACKET,PARTS OF A TOURNAMENT SETUP
SOON,AT SOME FUTURE POINT
SEED,PARTS OF A TOURNAMENT SETUP
VICTORY,WHAT THE OUTSTRETCHED INDEX AND MIDDLE FINGERS CAN REPRESENT
PUFF,BIT OF BREAKFAST CEREAL
TWO,WHAT THE OUTSTRETCHED INDEX AND MIDDLE FINGERS CAN REPRESENT
EVENTUALLY,AT SOME FUTURE POINT
PARK,GRASSY AREA
CAR,MOVIES WITH “S” REMOVED
HARVARD,___ LAW
YARD,GRASSY AREA
ADDRESS,DEAL WITH
GREEN,GRASSY AREA
JAW,MOVIES WITH “S” REMOVED
LEMON,___ LAW
NATURAL,___ LAW
CRIMINAL,___ LAW
FIELD,DEAL WITH
SWINGER,MOVIES WITH “S” REMOVED
HANDLE,DEAL WITH
GOODFELLA,MOVIES WITH “S” REMOVED
ANSWER,DEAL WITH
LAWN,GRASSY AREA
FLOP,CLUNKER
CHARGE,NON-CASH WAY TO PAY
PLASTIC,NON-CASH WAY TO PAY
TURN,OPPORTUNITY
TIME,OPPORTUNITY
RIVER,AMAZON ___
CHANCE,OPPORTUNITY
CARD,NON-CASH WAY TO PAY
MISS,CLUNKER
PRIME,AMAZON ___
BUST,CLUNKER
SHOT,OPPORTUNITY
RAINFOREST,AMAZON ___
CREDIT,NON-CASH WAY TO PAY
DUD,CLUNKER
KINDLE,AMAZON ___
PROVOKE,BRING ABOUT
SOAP,THINGS THAT ARE OFTEN SCENTED
NETTLE,THINGS THAT MIGHT STING
CANDLE,THINGS THAT ARE OFTEN SCENTED
INSULT,THINGS THAT MIGHT STING
INCENSE,THINGS THAT ARE OFTEN SCENTED
INSPIRE,BRING ABOUT
MADDEN,VIDEO GAME FRANCHISES
JELLYFISH,THINGS THAT MIGHT STING
CIVILIZATION,VIDEO GAME FRANCHISES
PROMPT,BRING ABOUT
LOTION,THINGS THAT ARE OFTEN SCENTED
HALO,VIDEO GAME FRANCHISES
GENERATE,BRING ABOUT
WASP,THINGS THAT MIGHT STING
METROID,VIDEO GAME FRANCHISES
PADDLE,TABLE TENNIS NEEDS
SEW,HOMOPHONES OF COORDINATING CONJUNCTIONS
ROW,NOISY DISTURBANCE
STORY,BIT OF NEWSPAPER WRITING
OAR,HOMOPHONES OF COORDINATING CONJUNCTIONS
FORE,HOMOPHONES OF COORDINATING CONJUNCTIONS
COLUMN,BIT OF NEWSPAPER WRITING
RACKET,NOISY DISTURBANCE
NET,TABLE TENNIS NEEDS
BUTT,HOMOPHONES OF COORDINATING CONJUNCTIONS
FEATURE,BIT OF NEWSPAPER WRITING
BALL,TABLE TENNIS NEEDS
CLATTER,NOISY DISTURBANCE
TABLE,TABLE TENNIS NEEDS
RUCKUS,NOISY DISTURBANCE
ARTICLE,BIT OF NEWSPAPER WRITING
WHIRL,___POOL
DRAW,ATTRACT
NAVY,KINDS OF BEANS
LIVER,___POOL
CAR,___POOL
KIDNEY,KINDS OF BEANS
HOOK,ATTRACT
DRIVE,AUTOMATIC GEAR SHIFTER POSITIONS
PINTO,KINDS OF BEANS
PULL,ATTRACT
NEUTRAL,AUTOMATIC GEAR SHIFTER POSITIONS
DEAD,___POOL
LOW,AUTOMATIC GEAR SHIFTER POSITIONS
MUNG,KINDS OF BEANS
GRAB,ATTRACT
REVERSE,AUTOMATIC GEAR SHIFTER POSITIONS
DESIGNER,BRAND-NAME
ENGINEER,DEVISE
HATCH,DEVISE
TAG,GAMES WHERE YOU SAY THE GAME’S NAME
GALILEO,NASA SPACECRAFT
MARCO POLO,GAMES WHERE YOU SAY THE GAME’S NAME
MASTERMIND,DEVISE
VIKING,NASA SPACECRAFT
BINGO,GAMES WHERE YOU SAY THE GAME’S NAME
PIONEER,NASA SPACECRAFT
LUXURY,BRAND-NAME
CONCOCT,DEVISE
HAUTE,BRAND-NAME
VOYAGER,NASA SPACECRAFT
UNO,GAMES WHERE YOU SAY THE GAME’S NAME
HIGH-END,BRAND-NAME
JEANS,BLUE ___
JACKET,YELLOW ___
RAIN,PURPLE ___
HAZE,PURPLE ___
GOBLIN,GREEN ___
JAY,BLUE ___
BERET,GREEN ___
CAB,YELLOW ___
MOON,BLUE ___
PAGES,YELLOW ___
HEART,PURPLE ___
THUMB,GREEN ___
PROSE,PURPLE ___
SALAD,GREEN ___
WHALE,BLUE ___
JOURNALISM,YELLOW ___
ADIEU,FRENCH WORDS
FORTUNE TELLER,THINGS MADE BY FOLDING PAPER
SLATE,LINEUP
CRANE,THINGS MADE BY FOLDING PAPER
AUDIO,NYT OFFERINGS
TEMPS,FRENCH WORDS
AIRPLANE,THINGS MADE BY FOLDING PAPER
GAMES,NYT OFFERINGS
PROGRAM,LINEUP
NEWS,NYT OFFERINGS
FAN,THINGS MADE BY FOLDING PAPER
PAIN,FRENCH WORDS
COOKING,NYT OFFERINGS
SCHEDULE,LINEUP
BELLE,FRENCH WORDS
BILL,LINEUP
FORMAL,EVENT WITH DANCING
COOKWARE,“PAN”
QUESTION MARK,IPHONE MESSAGE TAPBACK RESPONSES
RAVE,EVENT WITH DANCING
PERIOD,•
THUMBS UP,IPHONE MESSAGE TAPBACK RESPONSES
BALL,EVENT WITH DANCING
DOT,•
BAD REVIEW,“PAN”
HOP,EVENT WITH DANCING
EXCLAMATION POINTS,IPHONE MESSAGE TAPBACK RESPONSES
SATYR,“PAN”
POINT,•
CAMERA MOVEMENT,“PAN”
HEART,IPHONE MESSAGE TAPBACK RESPONSES
TITTLE,•
SWING,PLACES TO LIE/SIT THAT MOVE
THROW,FLUSTER
ROCKER,PLACES TO LIE/SIT THAT MOVE
ROLLER,CYLINDER-SHAPED THINGS
RATTLE,FLUSTER
THREAD,SERIES OF MESSAGES
CRADLE,PLACES TO LIE/SIT THAT MOVE
SPOOL,CYLINDER-SHAPED THINGS
CAN,CYLINDER-SHAPED THINGS
RUFFLE,FLUSTER
CHAT,SERIES OF MESSAGES
HAMMOCK,PLACES TO LIE/SIT THAT MOVE
CONVERSATION,SERIES OF MESSAGES
SILO,CYLINDER-SHAPED THINGS
CHAIN,SERIES OF MESSAGES
FAZE,FLUSTER
FRESH,SASSY
PRINCE,THE LITTLE ___
BEL,UNITS
AIR,AMBIENCE
QUALITY,AMBIENCE
BAR,UNITS
CUTE,SASSY
MERMAID,THE LITTLE ___
LUX,UNITS
WISE,SASSY
TRAMP,THE LITTLE ___
MOOD,AMBIENCE
FEELING,AMBIENCE
SMART,SASSY
MOLE,UNITS
RASCALS,THE LITTLE ___
SPELL,INDICATE
LOVE,CHURCH OF ENGLAND WEDDING VOW VERBS
PLEASE,MAGIC WORDS
HOLD,CHURCH OF ENGLAND WEDDING VOW VERBS
PRESTO,MAGIC WORDS
MEAN,INDICATE
THANK YOU,MAGIC WORDS
SHAZAM,AUDIO APPS
AUDIBLE,AUDIO APPS
ABRACADABRA,MAGIC WORDS
SIGNIFY,INDICATE
TIDAL,AUDIO APPS
SUGGEST,INDICATE
HAVE,CHURCH OF ENGLAND WEDDING VOW VERBS
PANDORA,AUDIO APPS
CHERISH,CHURCH OF ENGLAND WEDDING VOW VERBS
TIMES,___ SQUARE
NEW,IN PRISTINE CONDITION
ROMAN,SINGULAR NOUN IN A FAMOUS “JULIUS CAESAR” LINE
TOWN,___ SQUARE
POCKET,___ SQUARE
EAR,SINGULAR NOUN IN A FAMOUS “JULIUS CAESAR” LINE
FRIEND,SINGULAR NOUN IN A FAMOUS “JULIUS CAESAR” LINE
FELLOW,MEDICAL ROLES
ATTENDING,MEDICAL ROLES
ORIGINAL,IN PRISTINE CONDITION
PERFECT,___ SQUARE
RESIDENT,MEDICAL ROLES
MINT,IN PRISTINE CONDITION
COUNTRYMAN,SINGULAR NOUN IN A FAMOUS “JULIUS CAESAR” LINE
INTERN,MEDICAL ROLES
UNUSED,IN PRISTINE CONDITION
IDEA,RETAIL CHAINS WITH A LETTER CHANGED
BOOM,UPSWING
PACKING,KINDS OF TAPE
DOLLY,THINGS WITH WHEELS
SKATEBOARD,THINGS WITH WHEELS
GAFFER,KINDS OF TAPE
WAGON,THINGS WITH WHEELS
BEST BOY,RETAIL CHAINS WITH A LETTER CHANGED
DUCT,KINDS OF TAPE
SPIKE,UPSWING
ELECTRICAL,KINDS OF TAPE
STABLES,RETAIL CHAINS WITH A LETTER CHANGED
RISE,UPSWING
ROLLERBLADE,THINGS WITH WHEELS
KRONER,RETAIL CHAINS WITH A LETTER CHANGED
SURGE,UPSWING
BAT,THINGS YOU CAN DO WITH YOUR EYELIDS
EGG,___ HUNT
LOVE,TERMS OF ENDEARMENT
WITCH,___ HUNT
PUMPKIN,TERMS OF ENDEARMENT
SPIDER,SPORTS CARS
BLINK,THINGS YOU CAN DO WITH YOUR EYELIDS
JOB,___ HUNT
DIABLO,SPORTS CARS
FLUTTER,THINGS YOU CAN DO WITH YOUR EYELIDS
TREASURE,TERMS OF ENDEARMENT
VIPER,SPORTS CARS
SCAVENGER,___ HUNT
MUSTANG,SPORTS CARS
WINK,THINGS YOU CAN DO WITH YOUR EYELIDS
DARLING,TERMS OF ENDEARMENT
DRAG,PROGRESS SLOWLY
DRAFT,WAYS TO ORDER A BEER
DOODLE,CHEESY CORN SNACK UNIT
DOMINO,___ EFFECT
BALL,CHEESY CORN SNACK UNIT
BUTTERFLY,___ EFFECT
CURL,CHEESY CORN SNACK UNIT
CRAWL,PROGRESS SLOWLY
PUFF,CHEESY CORN SNACK UNIT
INCH,PROGRESS SLOWLY
HALO,___ EFFECT
BOTTLE,WAYS TO ORDER A BEER
TAP,WAYS TO ORDER A BEER
PLACEBO,___ EFFECT
CAN,WAYS TO ORDER A BEER
CREEP,PROGRESS SLOWLY
BOARD,GROUP OF ADVISORS
DROP,KINDS OF EARRINGS
PLANK,CORE EXERCISES
SINK,SEEN IN A KITCHEN
RANGE,SEEN IN A KITCHEN
PANEL,GROUP OF ADVISORS
STUD,KINDS OF EARRINGS
BOAT,CORE EXERCISES
CHANDELIER,KINDS OF EARRINGS
COUNTER,SEEN IN A KITCHEN
CABINET,GROUP OF ADVISORS
CRUNCH,CORE EXERCISES
COUNCIL,GROUP OF ADVISORS
MOUNTAIN CLIMBER,CORE EXERCISES
FRIDGE,SEEN IN A KITCHEN
HOOP,KINDS OF EARRINGS
STREET,EASY ___
SENSE,SNEAKING SUSPICION
MOVING,HEARTWARMING
MONEY,EASY ___
TENDER,HEARTWARMING
FEELING,SNEAKING SUSPICION
HEARING,LEGAL SESSION
LISTENING,EASY ___
PROCEEDING,LEGAL SESSION
TOUCHING,HEARTWARMING
CHAIR,EASY ___
INQUIRY,LEGAL SESSION
SWEET,HEARTWARMING
HUNCH,SNEAKING SUSPICION
TRIAL,LEGAL SESSION
IMPRESSION,SNEAKING SUSPICION
SHELL,WORDS WITH APOSTROPHES REMOVED
VANITY,FURNITURE
OUTFIT,EQUIP
ID,WORDS WITH APOSTROPHES REMOVED
WARDROBE,FURNITURE
CANT,WORDS WITH APOSTROPHES REMOVED
CONSOLE,FURNITURE
EGO,INDIVIDUALITY
STOCK,EQUIP
CHARACTER,INDIVIDUALITY
BEING,INDIVIDUALITY
CHEST,FURNITURE
SELF,INDIVIDUALITY
PROVISION,EQUIP
WERE,WORDS WITH APOSTROPHES REMOVED
FURNISH,EQUIP
CATERPILLAR,THINGS THAT ARE FUZZY
CLAM,THINGS WITH SHELLS
MUSHROOM,MAGIC ___
KINGDOM,MAGIC ___
TURTLE,THINGS WITH SHELLS
PEACH,THINGS THAT ARE FUZZY
EGG,THINGS WITH SHELLS
PIPE CLEANER,THINGS THAT ARE FUZZY
PRINCESS,FIGURES IN “SHREK”
MARKER,MAGIC ___
DONKEY,FIGURES IN “SHREK”
CARPET,MAGIC ___
NUT,THINGS WITH SHELLS
DRAGON,FIGURES IN “SHREK”
FLEECE,THINGS THAT ARE FUZZY
OGRE,FIGURES IN “SHREK”
STOP,DVR BUTTONS
POEM,THINGS WITH FEET
DIFFERENT,GROUNDBREAKING
MESSAGE,COMMUNICATE THROUGH WRITING
NEW,GROUNDBREAKING
NOVEL,GROUNDBREAKING
YARDSTICK,THINGS WITH FEET
FURNITURE,THINGS WITH FEET
PLAY,DVR BUTTONS
TEXT,COMMUNICATE THROUGH WRITING
BIPED,THINGS WITH FEET
RECORD,DVR BUTTONS
CORRESPOND,COMMUNICATE THROUGH WRITING
ORIGINAL,GROUNDBREAKING
PAUSE,DVR BUTTONS
WRITE,COMMUNICATE THROUGH WRITING
EGADS,ANAGRAMS OF FAMOUS PAINTERS
SCRAMBLE,FOOD-RELATED JUMBLES
ARTIST,INFO ON A MUSEUM PLACARD
NAME,PUBLIC STANDING
SALAD,FOOD-RELATED JUMBLES
YEAR,INFO ON A MUSEUM PLACARD
YOGA,ANAGRAMS OF FAMOUS PAINTERS
CHARACTER,PUBLIC STANDING
MEDIUM,INFO ON A MUSEUM PLACARD
DIAL,ANAGRAMS OF FAMOUS PAINTERS
IMAGE,PUBLIC STANDING
STEW,FOOD-RELATED JUMBLES
MONTE,ANAGRAMS OF FAMOUS PAINTERS
REPUTATION,PUBLIC STANDING
HASH,FOOD-RELATED JUMBLES
TITLE,INFO ON A MUSEUM PLACARD
BLUE,RISQUÉ
CHEESE,CUT THE ___
SPICY,RISQUÉ
MUSTARD,CUT THE ___
SWEET,KINDS OF PICKLES
CAPER,ESCAPADE
DILL,KINDS OF PICKLES
DECK,CUT THE ___
EXPLOIT,ESCAPADE
SOUR,KINDS OF PICKLES
ADULT,RISQUÉ
ANTIC,ESCAPADE
SUGGESTIVE,RISQUÉ
STUNT,ESCAPADE
KOSHER,KINDS OF PICKLES
CORD,CUT THE ___
THRONE,WORDS BEFORE “ROOM” TO MEAN LAVATORY
SHRED,SMALLEST AMOUNT
GNARLY,CONTORTED
POWDER,WORDS BEFORE “ROOM” TO MEAN LAVATORY
RADICAL,ALGEBRA TERMS
BATH,WORDS BEFORE “ROOM” TO MEAN LAVATORY
LICK,SMALLEST AMOUNT
POWER,ALGEBRA TERMS
TWISTED,CONTORTED
ROOT,ALGEBRA TERMS
REST,WORDS BEFORE “ROOM” TO MEAN LAVATORY
BENT,CONTORTED
TRACE,SMALLEST AMOUNT
WARPED,CONTORTED
EXPONENT,ALGEBRA TERMS
OUNCE,SMALLEST AMOUNT
RAVEN,N.F.L. TEAM MEMBER
GOLFER,THINGS THAT SWING
PILOT,GUIDE
PENDULUM,THINGS THAT SWING
DRUM,BARREL-SHAPED CONTAINER
USHER,GUIDE
SALOON DOORS,THINGS THAT SWING
CASK,BARREL-SHAPED CONTAINER
COWBOY,N.F.L. TEAM MEMBER
CYLINDER,BARREL-SHAPED CONTAINER
STEER,GUIDE
JET,N.F.L. TEAM MEMBER
TANK,BARREL-SHAPED CONTAINER
RAM,N.F.L. TEAM MEMBER
SWING,THINGS THAT SWING
SHEPHERD,GUIDE
CRUNCH,CANDY BARS
SUBSTANCE,GIST
DEMI,KINDS OF BRAS
SUE,___ BIRD
BIG,___ BIRD
THRUST,GIST
SPORTS,KINDS OF BRAS
PUSH-UP,KINDS OF BRAS
MARS,CANDY BARS
MEAT,GIST
EARLY,___ BIRD
PAYDAY,CANDY BARS
CORE,GIST
DOVE,CANDY BARS
LADY,___ BIRD
WIRELESS,KINDS OF BRAS
RAM,LAPTOP SPECS
ROBE,FEATURES OF JUSTICE PERSONIFIED
CLOVE,VEGETABLE UNITS
CRAB,COMPLAIN
SWORD,FEATURES OF JUSTICE PERSONIFIED
SPEED,LAPTOP SPECS
SCALES,FEATURES OF JUSTICE PERSONIFIED
SPEAR,VEGETABLE UNITS
BELLYACHE,COMPLAIN
BLINDFOLD,FEATURES OF JUSTICE PERSONIFIED
STORAGE,LAPTOP SPECS
CARP,COMPLAIN
STALK,VEGETABLE UNITS
GRUMBLE,COMPLAIN
RESOLUTION,LAPTOP SPECS
FLORET,VEGETABLE UNITS
MUSTARD,THINGS THAT ARE YELLOW
WING,BUILDING ADD-ONS
WEDNESDAY,WORDS THAT SEEM LONGER WRITTEN THAN SPOKEN
WORCESTERSHIRE,WORDS THAT SEEM LONGER WRITTEN THAN SPOKEN
COLONEL,WORDS THAT SEEM LONGER WRITTEN THAN SPOKEN
TARTAR,CONCERNS FOR A DENTIST
LEMON,THINGS THAT ARE YELLOW
MINION,THINGS THAT ARE YELLOW
CALCULUS,CONCERNS FOR A DENTIST
CANARY,THINGS THAT ARE YELLOW
ADDITION,BUILDING ADD-ONS
PLAQUE,CONCERNS FOR A DENTIST
EXTENSION,BUILDING ADD-ONS
PHARAOH,WORDS THAT SEEM LONGER WRITTEN THAN SPOKEN
CAVITY,CONCERNS FOR A DENTIST
ANNEX,BUILDING ADD-ONS
GRAIN,FORMS OF SUGAR
DRAIN,DEPLETE
TOTAL,WORDS ON A RESTAURANT RECEIPT
CUBE,FORMS OF SUGAR
SYRUP,FORMS OF SUGAR
SHRED,PLAY MUSIC WITH PASSION
SIGNATURE,WORDS ON A RESTAURANT RECEIPT
SAP,DEPLETE
JAM,PLAY MUSIC WITH PASSION
TAX,WORDS ON A RESTAURANT RECEIPT
POWDER,FORMS OF SUGAR
ROCK,PLAY MUSIC WITH PASSION
EMPTY,DEPLETE
GROOVE,PLAY MUSIC WITH PASSION
TIP,WORDS ON A RESTAURANT RECEIPT
EXHAUST,DEPLETE
PIPE,INSTRUMENTS YOU BLOW INTO
PHRASE,ELEMENTS OF WRITING
JUG,INSTRUMENTS YOU BLOW INTO
PASSAGE,___ OF TIME
LEAK,FISSURE
LETTER,ELEMENTS OF WRITING
WASTE,___ OF TIME
WHISTLE,INSTRUMENTS YOU BLOW INTO
NICK,___ OF TIME
CRACK,FISSURE
RECORDER,INSTRUMENTS YOU BLOW INTO
WORD,ELEMENTS OF WRITING
HOLE,FISSURE
SANDS,___ OF TIME
SENTENCE,ELEMENTS OF WRITING
PUNCTURE,FISSURE
ROGUE,GO ___
CAP,THINGS THAT PREVENT LEAKS
GATOR,COLLEGE FOOTBALL TEAM MEMBERS
SEAL,THINGS THAT PREVENT LEAKS
BERET,KINDS OF HATS
WOLVERINE,COLLEGE FOOTBALL TEAM MEMBERS
COMMANDO,GO ___
FIGURE,GO ___
VOLUNTEER,COLLEGE FOOTBALL TEAM MEMBERS
DERBY,KINDS OF HATS
PILLBOX,KINDS OF HATS
COVER,THINGS THAT PREVENT LEAKS
PLUG,THINGS THAT PREVENT LEAKS
SNAPBACK,KINDS OF HATS
SOONER,COLLEGE FOOTBALL TEAM MEMBERS
BANANAS,GO ___
APOLOGY,OCCASIONS WHEN ONE MIGHT KNEEL
QUOTATION,WHAT AN APOSTROPHE MIGHT INDICATE
ASSOCIATION,ALLIANCE
CONTRACTION,WHAT AN APOSTROPHE MIGHT INDICATE
CLINGY,CLOSE-FITTING 
UNION,ALLIANCE
POSSESSIVE,WHAT AN APOSTROPHE MIGHT INDICATE
SLINKY,CLOSE-FITTING 
PROPOSAL,OCCASIONS WHEN ONE MIGHT KNEEL
SNUG,CLOSE-FITTING 
PRAYER,OCCASIONS WHEN ONE MIGHT KNEEL
LEAGUE,ALLIANCE
GUILD,ALLIANCE
DUBBING,OCCASIONS WHEN ONE MIGHT KNEEL
FOOT,WHAT AN APOSTROPHE MIGHT INDICATE
SLEEK,CLOSE-FITTING 
DOMINO,THINGS WITH SPOTS
DRYER,USED IN HAIR CARE
FIDDLER,___ CRAB
LADYBUG,THINGS WITH SPOTS
INTERNET,MONTHLY EXPENSES
HORSESHOE,___ CRAB
SPIDER,___ CRAB
RENT,MONTHLY EXPENSES
HAIRSPRAY,USED IN HAIR CARE
GAS,MONTHLY EXPENSES
DALMATIAN,THINGS WITH SPOTS
COMB,USED IN HAIR CARE
PHONE,MONTHLY EXPENSES
HERMIT,___ CRAB
ROLLERS,USED IN HAIR CARE
DIE,THINGS WITH SPOTS
FOCUS,AREA OF EXPERTISE
FACE,WAYS TO UNLOCK A DEVICE
FIELD,AREA OF EXPERTISE
JEOPARDY,DOUBLE ___
RIBBON,PASTA SHAPES
PIN,WAYS TO UNLOCK A DEVICE
WHEEL,PASTA SHAPES
EAR,PASTA SHAPES
PASSWORD,WAYS TO UNLOCK A DEVICE
AGENT,DOUBLE ___
CONCENTRATION,AREA OF EXPERTISE
FINGERPRINT,WAYS TO UNLOCK A DEVICE
STANDARD,DOUBLE ___
ELBOW,PASTA SHAPES
SPECIALTY,AREA OF EXPERTISE
DRIBBLE,DOUBLE ___
PLAY,"BROADCAST, AS ONLINE MEDIA"
BAY,SOUND LIKE A DOG
STIR,COCKTAIL-MAKING VERBS
CHAIN,"ORGANIZATIONAL STRUCTURES, METAPHORICALLY"
TREE,"ORGANIZATIONAL STRUCTURES, METAPHORICALLY"
STREAM,"BROADCAST, AS ONLINE MEDIA"
BARK,SOUND LIKE A DOG
RUN,"BROADCAST, AS ONLINE MEDIA"
HOWL,SOUND LIKE A DOG
GARNISH,COCKTAIL-MAKING VERBS
AIR,"BROADCAST, AS ONLINE MEDIA"
PYRAMID,"ORGANIZATIONAL STRUCTURES, METAPHORICALLY"
MUDDLE,COCKTAIL-MAKING VERBS
LADDER,"ORGANIZATIONAL STRUCTURES, METAPHORICALLY"
SNARL,SOUND LIKE A DOG
STRAIN,COCKTAIL-MAKING VERBS
BOBA,SPHERES IN MILK TEA
FETT,STARTS OF PASTA NAMES
POLO,KINDS OF SHIRTS
STAR,"MARINE INVERTEBRATES, FAMILIARLY"
OXFORD,KINDS OF SHIRTS
SPONGE,"MARINE INVERTEBRATES, FAMILIARLY"
BUBBLE,SPHERES IN MILK TEA
PENN,STARTS OF PASTA NAMES
PEARL,SPHERES IN MILK TEA
TORTE,STARTS OF PASTA NAMES
CORAL,"MARINE INVERTEBRATES, FAMILIARLY"
TEE,KINDS OF SHIRTS
ZIT,STARTS OF PASTA NAMES
JELLY,"MARINE INVERTEBRATES, FAMILIARLY"
FLANNEL,KINDS OF SHIRTS
TAPIOCA,SPHERES IN MILK TEA
FANTASY,“___ ISLAND”
TEAMS,WORK COMMUNICATION PLATFORMS
LOVE,“___ ISLAND”
ATTENTION,PUBLICITY
LENS,POINT OF VIEW
EXPOSURE,PUBLICITY
POSITION,POINT OF VIEW
MEET,WORK COMMUNICATION PLATFORMS
ZOOM,WORK COMMUNICATION PLATFORMS
SHUTTER,“___ ISLAND”
PRESS,PUBLICITY
ANGLE,POINT OF VIEW
TREASURE,“___ ISLAND”
COVERAGE,PUBLICITY
PERSPECTIVE,POINT OF VIEW
SLACK,WORK COMMUNICATION PLATFORMS
BALL-IN-CUP,THINGS ON STICKS
BALANCE SHEET,BLACK OR RED
LATEX,SECRETED BY TREES
LOLLIPOP,THINGS ON STICKS
ACCOUNT,TELLING OF EVENTS
CHECKERS,BLACK OR RED
COTTON SWAB,THINGS ON STICKS
LICORICE,BLACK OR RED
GUM,SECRETED BY TREES
CORN DOG,THINGS ON STICKS
STORY,TELLING OF EVENTS
SAP,SECRETED BY TREES
CHRONICLE,TELLING OF EVENTS
RESIN,SECRETED BY TREES
ROULETTE,BLACK OR RED
DESCRIPTION,TELLING OF EVENTS
LURCH,CAREEN
TRANCE,ELECTRONIC DANCE MUSIC GENRES
TREE,WORDS AFTER “ASH”
THING,WHAT A NOUN MIGHT BE
TRAY,WORDS AFTER “ASH”
REEL,CAREEN
WEDNESDAY,WORDS AFTER “ASH”
JUNGLE,ELECTRONIC DANCE MUSIC GENRES
PITCH,CAREEN
IDEA,WHAT A NOUN MIGHT BE
HEAVE,CAREEN
PERSON,WHAT A NOUN MIGHT BE
BLOND,WORDS AFTER “ASH”
HOUSE,ELECTRONIC DANCE MUSIC GENRES
AMBIENT,ELECTRONIC DANCE MUSIC GENRES
PLACE,WHAT A NOUN MIGHT BE
LIGHT,ASSOCIATED PRINCIPLES IN CHINESE PHILOSOPHY
SCORE,ATTAIN
LAND,ATTAIN
SEA,LARGE GROUP
HOST,LARGE GROUP
BOW,PARTS OF A SHIP
WIN,ATTAIN
YANG,ASSOCIATED PRINCIPLES IN CHINESE PHILOSOPHY
ANCHOR,PARTS OF A SHIP
MASCULINE,ASSOCIATED PRINCIPLES IN CHINESE PHILOSOPHY
FLOCK,LARGE GROUP
DECK,PARTS OF A SHIP
EXPANSIVE,ASSOCIATED PRINCIPLES IN CHINESE PHILOSOPHY
BRIDGE,PARTS OF A SHIP
EARN,ATTAIN
CROWD,LARGE GROUP
PLAZA,FEATURED IN “ELOISE”
OVERLOOK,DISREGARD
BONUS,GOOD THINGS TO GET AT WORK
DISCOUNT,DISREGARD
CLUB,KINDS OF CRACKERS
PROMOTION,GOOD THINGS TO GET AT WORK
RITZ,KINDS OF CRACKERS
ANIMAL,KINDS OF CRACKERS
RAISE,GOOD THINGS TO GET AT WORK
TURTLE,FEATURED IN “ELOISE”
GOLDFISH,KINDS OF CRACKERS
FORGET,DISREGARD
PUG,FEATURED IN “ELOISE”
IGNORE,DISREGARD
EQUITY,GOOD THINGS TO GET AT WORK
ELOISE,FEATURED IN “ELOISE”
RUBBER,___ BAND
BABY,WHAT A SITTER MIGHT SIT
BUGGY,NOT WORKING RELIABLY
BUMPER,CAR PARTS
HOUSE,WHAT A SITTER MIGHT SIT
MIRROR,CAR PARTS
ERRATIC,NOT WORKING RELIABLY
TRIBUTE,___ BAND
SPOTTY,NOT WORKING RELIABLY
PLANT,WHAT A SITTER MIGHT SIT
PET,WHAT A SITTER MIGHT SIT
WEDDING,___ BAND
BOY,___ BAND
GRILLE,CAR PARTS
GLITCHY,NOT WORKING RELIABLY
RIM,CAR PARTS
QUACK,FRAUDSTER
GOBBLE,EAT VORACIOUSLY
THANKS,APPRECIATION
GIVING,___ TUESDAY
FAT,___ TUESDAY
TACO,___ TUESDAY
BOLT,EAT VORACIOUSLY
PRAISE,APPRECIATION
SUPER,___ TUESDAY
CREDIT,APPRECIATION
CON,FRAUDSTER
DOWN,EAT VORACIOUSLY
CHEAT,FRAUDSTER
SCARF,EAT VORACIOUSLY
FAKE,FRAUDSTER
RECOGNITION,APPRECIATION
ENDEAVOR,UNDERTAKING
CURB,FIRST WORDS OF HBO SHOWS
NATIONAL,M.L.B. TEAM MEMBER
BOARDWALK,FIRST WORDS OF HBO SHOWS
HERTZ,UNITS
TWIN,M.L.B. TEAM MEMBER
MOLE,UNITS
ENTERPRISE,UNDERTAKING
SILICON,FIRST WORDS OF HBO SHOWS
PROJECT,UNDERTAKING
TIGER,M.L.B. TEAM MEMBER
VOLT,UNITS
GAME,FIRST WORDS OF HBO SHOWS
RAY,M.L.B. TEAM MEMBER
SECOND,UNITS
VENTURE,UNDERTAKING
ROCK,PERFORM WELL ON
PALM,STEAL
FAST,___BALL PITCHES
MODERN,DANCE STYLES
NAIL,PERFORM WELL ON
SWING,DANCE STYLES
SCREW,___BALL PITCHES
KNUCKLE,___BALL PITCHES
POCKET,STEAL
ACE,PERFORM WELL ON
TAP,DANCE STYLES
SWIPE,STEAL
CURVE,___BALL PITCHES
JAZZ,DANCE STYLES
LIFT,STEAL
CRUSH,PERFORM WELL ON
SOLO,“FREE ___”
JERSEY,FOOTBALL GEAR
WILLY,“FREE ___”
WONKA,CANDY NAMES
YORK,CANDY NAMES
HAVEN,SANCTUARY
KINDER,CANDY NAMES
BIRD,“FREE ___”
PADS,FOOTBALL GEAR
CHARMS,CANDY NAMES
PORT,SANCTUARY
HELMET,FOOTBALL GEAR
RETREAT,SANCTUARY
FALLIN’,“FREE ___”
CLEATS,FOOTBALL GEAR
SHELTER,SANCTUARY
TRUMPET,ANNOUNCE
CROQUET,THINGS INVOLVING MALLETS
CROCODILE,ICON EMBROIDERED ON A POLO SHIRT
PAPER,___ CLIP
ALLIGATOR,___ CLIP
HAIR,___ CLIP
WHAC-A-MOLE,THINGS INVOLVING MALLETS
HERALD,ANNOUNCE
POLO PLAYER,ICON EMBROIDERED ON A POLO SHIRT
BROADCAST,ANNOUNCE
LAUREL,ICON EMBROIDERED ON A POLO SHIRT
XYLOPHONE,THINGS INVOLVING MALLETS
CARPENTRY,THINGS INVOLVING MALLETS
VIDEO,___ CLIP
SWOOSH,ICON EMBROIDERED ON A POLO SHIRT
DECLARE,ANNOUNCE
COOKIE,“SESAME STREET” CHARACTERS
EMMY,NAMES THAT SOUND LIKE TWO LETTERS
GRAMMY,FAMILIAL NICKNAMES
KATIE,NAMES THAT SOUND LIKE TWO LETTERS
JUNIOR,SOPRANOS
OSCAR,“SESAME STREET” CHARACTERS
TONY,SOPRANOS
POP,FAMILIAL NICKNAMES
CECE,NAMES THAT SOUND LIKE TWO LETTERS
MUMMY,FAMILIAL NICKNAMES
COUNT,“SESAME STREET” CHARACTERS
MEADOW,SOPRANOS
SNUFFY,“SESAME STREET” CHARACTERS
CUZ,FAMILIAL NICKNAMES
CARMELA,SOPRANOS
EDIE,NAMES THAT SOUND LIKE TWO LETTERS
PAN,FIGURES IN GREEK MYTH
PINE TREE,THINGS WITH NEEDLE/S
LEAD,STEER
CANDLE,STARTING WITH SYNONYMS FOR LAVATORY
COMPASS,THINGS WITH NEEDLE/S
LOOFAH,STARTING WITH SYNONYMS FOR LAVATORY
TURNTABLE,THINGS WITH NEEDLE/S
SHEPHERD,STEER
ATLAS,FIGURES IN GREEK MYTH
TOILETRIES,STARTING WITH SYNONYMS FOR LAVATORY
ECHO,FIGURES IN GREEK MYTH
GUIDE,STEER
SEWING KIT,THINGS WITH NEEDLE/S
HELEN,FIGURES IN GREEK MYTH
DIRECT,STEER
JOHNSON,STARTING WITH SYNONYMS FOR LAVATORY
APPLE,TECH COMPANIES
LIME,___STONE
YELLOW,___STONE
FACE,EXTERIOR
NOSE,APTITUDE
FRONT,EXTERIOR
RHINE,___STONE
AMAZON,TECH COMPANIES
SURFACE,EXTERIOR
GIFT,APTITUDE
ORACLE,TECH COMPANIES
BRIM,___STONE
INSTINCT,APTITUDE
INTUIT,TECH COMPANIES
OUTSIDE,EXTERIOR
FLAIR,APTITUDE
PUZZLE,BAFFLE
MANIA,COLLOQUIAL SUFFIXES
BUZZ,"“TOY STORY” CHARACTERS, FAMILIARLY"
GATE,COLLOQUIAL SUFFIXES
CORE,COLLOQUIAL SUFFIXES
HEX,CURSE
VEX,BAFFLE
REX,"“TOY STORY” CHARACTERS, FAMILIARLY"
SLINKY,"“TOY STORY” CHARACTERS, FAMILIARLY"
STUMP,BAFFLE
POX,CURSE
PERPLEX,BAFFLE
JINX,CURSE
HAMM,"“TOY STORY” CHARACTERS, FAMILIARLY"
SPELL,CURSE
PILLED,COLLOQUIAL SUFFIXES
SUN,W.N.B.A. TEAMS
FLY,WAYS TO ATTRACT FISH
HORN,LONG___
WINGS,W.N.B.A. TEAMS
ASSOCIATE,THINK OF TOGETHER
LEGS,LONG___
FELLOW,LONG___
BOW,LONG___
STORM,W.N.B.A. TEAMS
CHUM,WAYS TO ATTRACT FISH
RELATE,THINK OF TOGETHER
LIBERTY,W.N.B.A. TEAMS
BAIT,WAYS TO ATTRACT FISH
EQUATE,THINK OF TOGETHER
LURE,WAYS TO ATTRACT FISH
AFFILIATE,THINK OF TOGETHER
SANDWICH,CRAM
CATERPILLAR,COMPANIES NAMED AFTER ANIMALS
SHOEHORN,CRAM
SEOUL,HOMOPHONES OF MUSIC GENRES
SLUG,PUNCH
WRAP,HOMOPHONES OF MUSIC GENRES
WEDGE,CRAM
SOCK,PUNCH
PUMA,COMPANIES NAMED AFTER ANIMALS
BELT,PUNCH
METTLE,HOMOPHONES OF MUSIC GENRES
DOVE,COMPANIES NAMED AFTER ANIMALS
INDY,HOMOPHONES OF MUSIC GENRES
GREYHOUND,COMPANIES NAMED AFTER ANIMALS
BLOW,PUNCH
SQUEEZE,CRAM
RAY,WORDS AFTER “X”
FACTOR,WORDS AFTER “X”
LIGHTER,USED IN STARTING A FIRE
STAIN,USED TO VIEW A BIOLOGICAL SAMPLE
MICROSCOPE,USED TO VIEW A BIOLOGICAL SAMPLE
GAMES,WORDS AFTER “X”
CONSIDERATION,DELIBERATION
MAGNIFYING GLASS,USED IN STARTING A FIRE
REFLECTION,DELIBERATION
MATCHES,USED IN STARTING A FIRE
SLIDE,USED TO VIEW A BIOLOGICAL SAMPLE
THOUGHT,DELIBERATION
FLINT,USED IN STARTING A FIRE
FILES,WORDS AFTER “X”
SCRUTINY,DELIBERATION
SPECIMEN,USED TO VIEW A BIOLOGICAL SAMPLE
FISH,FEEL AROUND (FOR)
CALL,GIVE A TITLE TO
WANDA,COUNTRIES MINUS FIRST LETTER
RAN,COUNTRIES MINUS FIRST LETTER
INLAND,COUNTRIES MINUS FIRST LETTER
CRUISE,PARTS OF A FLIGHT
FUMBLE,FEEL AROUND (FOR)
TAXI,PARTS OF A FLIGHT
TOUCHDOWN,PARTS OF A FLIGHT
DUB,GIVE A TITLE TO
OLIVIA,COUNTRIES MINUS FIRST LETTER
ROOT,FEEL AROUND (FOR)
NAME,GIVE A TITLE TO
RUMMAGE,FEEL AROUND (FOR)
TAKEOFF,PARTS OF A FLIGHT
LABEL,GIVE A TITLE TO
HAIRSPRAY,THINGS YOU SHAKE
ROSEBUD,ENDING IN SYNONYMS FOR “FRIEND”
POKÉMON,PROPER NOUN PORTMANTEAUX
PRIMATE,ENDING IN SYNONYMS FOR “FRIEND”
XANADU,UTOPIA
JAZZERCISE,PROPER NOUN PORTMANTEAUX
KETCHUM,ENDING IN SYNONYMS FOR “FRIEND”
SNOWGLOBE,THINGS YOU SHAKE
PARALYMPICS,PROPER NOUN PORTMANTEAUX
PAYPAL,ENDING IN SYNONYMS FOR “FRIEND”
PARADISE,UTOPIA
WIKIPEDIA,PROPER NOUN PORTMANTEAUX
SEVENTH HEAVEN,UTOPIA
SALAD DRESSING,THINGS YOU SHAKE
MAGIC 8 BALL,THINGS YOU SHAKE
SHANGRI-LA,UTOPIA
TRASH,EMAIL FOLDERS
PHISH,ANIMAL HOMOPHONES
CRUSH,CITRUS SODAS
TROLL,FANTASY CREATURES
BORE,ANIMAL HOMOPHONES
SPAM,EMAIL FOLDERS
LINKS,ANIMAL HOMOPHONES
SQUIRT,CITRUS SODAS
SPRITE,CITRUS SODAS
TOWED,ANIMAL HOMOPHONES
GIANT,FANTASY CREATURES
DRAFTS,EMAIL FOLDERS
PIXIE,FANTASY CREATURES
SENT,EMAIL FOLDERS
STARRY,CITRUS SODAS
DRAGON,FANTASY CREATURES
GOING,WORDS IN AN AUCTION-ENDING PHRASE
SOLE,FISH
REAL,GLOBAL CURRENCIES
BUTTER,WORDS BEFORE “CUP”
FLUKE,FISH
SOLD,WORDS IN AN AUCTION-ENDING PHRASE
DIVA,WORDS BEFORE “CUP”
SOL,GLOBAL CURRENCIES
ONCE,WORDS IN AN AUCTION-ENDING PHRASE
SOLO,WORDS BEFORE “CUP”
TANG,FISH
YUAN,GLOBAL CURRENCIES
POUND,GLOBAL CURRENCIES
TWICE,WORDS IN AN AUCTION-ENDING PHRASE
WORLD,WORDS BEFORE “CUP”
MULLET,FISH
THUMB,"SKIM THROUGH, AS PAGES"
KEY,POP SINGERS MINUS “S”
LEAF,"SKIM THROUGH, AS PAGES"
STYLE,POP SINGERS MINUS “S”
MACE,SPICES
MAR,POP SINGERS MINUS “S”
FLAIL,PERFORM POORLY
FLIP,"SKIM THROUGH, AS PAGES"
SPEAR,POP SINGERS MINUS “S”
CLOVE,SPICES
TANK,PERFORM POORLY
PEPPER,SPICES
RIFFLE,"SKIM THROUGH, AS PAGES"
FLOUNDER,PERFORM POORLY
NUTMEG,SPICES
FLOP,PERFORM POORLY
LIGHT BULB,CLASSIC JOKE STAPLES
SNOWBALL,KINDS OF PLAY FIGHTS
HAM,TYPES OF RADIO
CHICKEN,CLASSIC JOKE STAPLES
PILLOW,KINDS OF PLAY FIGHTS
YODEL,SNACK CAKES
BAR,CLASSIC JOKE STAPLES
FOOD,KINDS OF PLAY FIGHTS
KNOCK-KNOCK,CLASSIC JOKE STAPLES
WALKIE-TALKIE,TYPES OF RADIO
DING DONG,SNACK CAKES
WATER BALLOON,KINDS OF PLAY FIGHTS
SATELLITE,TYPES OF RADIO
DEVIL DOG,SNACK CAKES
AM,TYPES OF RADIO
HOHO,SNACK CAKES
TISSUE,KINDS OF PAPER
CARPET,KINDS OF TENNIS COURTS
WAX,KINDS OF PAPER
PLUCK,INTREPIDITY
DRAG,ROAD
NERVE,INTREPIDITY
CLAY,KINDS OF TENNIS COURTS
GRAPH,KINDS OF PAPER
GRASS,KINDS OF TENNIS COURTS
ARTERY,ROAD
HARD,KINDS OF TENNIS COURTS
HEART,INTREPIDITY
DRIVE,ROAD
GRIT,INTREPIDITY
CONSTRUCTION,KINDS OF PAPER
AVENUE,ROAD
TACKLE,DEAL WITH
TEAPOT,___ DOME
HOLD,INVESTMENT VERBS
ONION,___ DOME
SHORT,INVESTMENT VERBS
FIELD,DEAL WITH
STOUT,STYLES OF BEER
HEDGE,INVESTMENT VERBS
HANDLE,DEAL WITH
SOUR,STYLES OF BEER
TRADE,INVESTMENT VERBS
CAPITOL,___ DOME
BITTER,STYLES OF BEER
CHROME,___ DOME
MANAGE,DEAL WITH
BOCK,STYLES OF BEER
TAP,BAR FIXTURES
TUG,WATERCRAFT
KEG,BAR FIXTURES
BARREL,SEEN IN “DONKEY KONG”
TABLE,DEFER
SUB,WATERCRAFT
BARGE,WATERCRAFT
HAMMER,SEEN IN “DONKEY KONG”
COUNTER,BAR FIXTURES
LADDER,SEEN IN “DONKEY KONG”
GORILLA,SEEN IN “DONKEY KONG”
SHELVE,DEFER
JUNK,WATERCRAFT
DELAY,DEFER
STOOL,BAR FIXTURES
POSTPONE,DEFER
WHALE,COMPLAINT HOMOPHONES
COCKTAIL,CONCOCTION
FINANCE,KINDS OF BROS
QUESTION,TYPES OF SENTENCES
STATEMENT,TYPES OF SENTENCES
SOLUTION,CONCOCTION
GROWN,COMPLAINT HOMOPHONES
WINE,COMPLAINT HOMOPHONES
TECH,KINDS OF BROS
COMMAND,TYPES OF SENTENCES
COMPOUND,CONCOCTION
CRYPTO,KINDS OF BROS
MOWN,COMPLAINT HOMOPHONES
PHARMA,KINDS OF BROS
EXCLAMATION,TYPES OF SENTENCES
MIXTURE,CONCOCTION
BAND,LOOP
SLEIGH,KINDS OF BEDS
BALONEY,THINGS CALLED “OSCAR”
PAN,COOKING VESSELS
BUNK,KINDS OF BEDS
GROUCH,THINGS CALLED “OSCAR”
CIRCLE,LOOP
CANOPY,KINDS OF BEDS
CROCK,COOKING VESSELS
O,THINGS CALLED “OSCAR”
STATUETTE,THINGS CALLED “OSCAR”
POT,COOKING VESSELS
RING,LOOP
MURPHY,KINDS OF BEDS
CASSEROLE,COOKING VESSELS
HOOP,LOOP
STATS,PALINDROMES
CROWN,SLANG FOR HEAD
ABBOTT,FIRST IN A COMEDY DUO
ELEMENTARY,POLICE PROCEDURALS
NUN,PALINDROMES
KEY,FIRST IN A COMEDY DUO
DOME,SLANG FOR HEAD
ABBA,PALINDROMES
LAUREL,FIRST IN A COMEDY DUO
MONK,POLICE PROCEDURALS
COCONUT,SLANG FOR HEAD
FRY,FIRST IN A COMEDY DUO
SKULL,SLANG FOR HEAD
BONES,POLICE PROCEDURALS
KAYAK,PALINDROMES
KOJAK,POLICE PROCEDURALS
BOAT,NECKLINES
U,HOMOPHONES
BOWL,SUPER ___
M,"WAYS TO EXPRESS 1,000"
THOU,"WAYS TO EXPRESS 1,000"
CREW,NECKLINES
V,NECKLINES
YOU,HOMOPHONES
8,SUPER ___
EWE,HOMOPHONES
SCOOP,NECKLINES
GLUE,SUPER ___
TUESDAY,SUPER ___
K,"WAYS TO EXPRESS 1,000"
GRAND,"WAYS TO EXPRESS 1,000"
YEW,HOMOPHONES
LIONS,"“LIONS AND TIGERS AND BEARS, OH MY!”"
TIGERS,"“LIONS AND TIGERS AND BEARS, OH MY!”"
BEARS,"“LIONS AND TIGERS AND BEARS, OH MY!”"
OH MY,"“LIONS AND TIGERS AND BEARS, OH MY!”"
DEAR,"BELOVED, AS A FRIEND"
JAYS,WORDS THAT SOUND LIKE PLURAL LETTERS
BILLS,"WHEN TRIPLED, HIT SONG TITLES"
USE,WORDS THAT SOUND LIKE PLURAL LETTERS
BYE,"WHEN TRIPLED, HIT SONG TITLES"
BEES,WORDS THAT SOUND LIKE PLURAL LETTERS
PLEASE,"WHEN TRIPLED, HIT SONG TITLES"
CLOSE,"BELOVED, AS A FRIEND"
TIGHT,"BELOVED, AS A FRIEND"
GIMME,"WHEN TRIPLED, HIT SONG TITLES"
EASE,WORDS THAT SOUND LIKE PLURAL LETTERS
INTIMATE,"BELOVED, AS A FRIEND"
QUEEN,FEMALE ANIMALS
STAR,CELESTIAL OBJECTS
CUPID,ARCHERS
STRONG,“S.N.L.” CAST MEMBERS
RUDOLPH,“S.N.L.” CAST MEMBERS
SAGITTARIUS,ARCHERS
NANNY,FEMALE ANIMALS
COMET,CELESTIAL OBJECTS
VIXEN,FEMALE ANIMALS
MOON,CELESTIAL OBJECTS
ROBIN HOOD,ARCHERS
SHANNON,“S.N.L.” CAST MEMBERS
HAWKEYE,ARCHERS
FEY,“S.N.L.” CAST MEMBERS
JENNY,FEMALE ANIMALS
PLANET,CELESTIAL OBJECTS
TIDY,"SIZABLE, AS AN AMOUNT"
ALA,"U.S. STATE ABBREVIATIONS, PER AP STYLE GUIDE"
HANDSOME,"SIZABLE, AS AN AMOUNT"
ELDER,TREES
SPRUCE,TREES
LIKE,APPROXIMATELY
PINE,TREES
MISS,"U.S. STATE ABBREVIATIONS, PER AP STYLE GUIDE"
HEALTHY,"SIZABLE, AS AN AMOUNT"
ROUGHLY,APPROXIMATELY
ARK,"U.S. STATE ABBREVIATIONS, PER AP STYLE GUIDE"
PALM,TREES
ABOUT,APPROXIMATELY
RESPECTABLE,"SIZABLE, AS AN AMOUNT"
ORE,"U.S. STATE ABBREVIATIONS, PER AP STYLE GUIDE"
AROUND,APPROXIMATELY
TAPS,"PUSHES, AS A BUTTON"
UNICORN,THEY HAVE A HORN
IRONS,OSCAR-WINNING ACTORS
BACON,BREAKFAST SIDES
PRESSES,"PUSHES, AS A BUTTON"
PHOENIX,OSCAR-WINNING ACTORS
CAR,THEY HAVE A HORN
BUGLER,THEY HAVE A HORN
BRIDGES,OSCAR-WINNING ACTORS
AFRICA,THEY HAVE A HORN
TOAST,BREAKFAST SIDES
WASHINGTON,OSCAR-WINNING ACTORS
GRITS,BREAKFAST SIDES
HITS,"PUSHES, AS A BUTTON"
HASH,BREAKFAST SIDES
CLICKS,"PUSHES, AS A BUTTON"
MINEFIELD,STARTING WITH POSSESSIVE PRONOUNS
HABIT,PROVERBIAL THINGS TO KICK
ITSY,STARTING WITH POSSESSIVE PRONOUNS
HORNETS’ NEST,PROVERBIAL THINGS TO KICK
PANDORA’S BOX,OBJECTS FROM GREEK MYTH
HERSHEY,STARTING WITH POSSESSIVE PRONOUNS
PIECE OF CAKE,“NOTHING TO IT!”
AEGIS,OBJECTS FROM GREEK MYTH
HISTAMINE,STARTING WITH POSSESSIVE PRONOUNS
SURE THING,“NOTHING TO IT!”
APPLE OF DISCORD,OBJECTS FROM GREEK MYTH
TIRES,PROVERBIAL THINGS TO KICK
EASY,“NOTHING TO IT!”
GOLDEN FLEECE,OBJECTS FROM GREEK MYTH
CAN,PROVERBIAL THINGS TO KICK
NO SWEAT,“NOTHING TO IT!”
BEACH,TREE HOMOPHONES
DATE,APPOINTMENT SPECIFICATIONS
LOCK,DIFFERENT AMOUNTS OF HAIR
CHERRY,SHADES OF RED
FUR,TREE HOMOPHONES
MAROON,SHADES OF RED
TIME,APPOINTMENT SPECIFICATIONS
PAIR,TREE HOMOPHONES
STRAND,DIFFERENT AMOUNTS OF HAIR
HEAD,DIFFERENT AMOUNTS OF HAIR
LOCATION,APPOINTMENT SPECIFICATIONS
BRICK,SHADES OF RED
DURATION,APPOINTMENT SPECIFICATIONS
YOU,TREE HOMOPHONES
RUBY,SHADES OF RED
WISP,DIFFERENT AMOUNTS OF HAIR
PINK,"NAMES FEATURING ""!"""
PONY,"PAY, WITH “UP”"
CLUB,LUNCH ORDERS
AIRPLANE,"NAMES FEATURING ""!"""
GRINDER,USED TO MAKE COFFEE
WATER,USED TO MAKE COFFEE
ANTE,"PAY, WITH “UP”"
HERO,LUNCH ORDERS
WRAP,LUNCH ORDERS
SETTLE,"PAY, WITH “UP”"
JEOPARDY,"NAMES FEATURING ""!"""
BEANS,USED TO MAKE COFFEE
YAHOO,"NAMES FEATURING ""!"""
FILTER,USED TO MAKE COFFEE
MELT,LUNCH ORDERS
COUGH,"PAY, WITH “UP”"
BALL,FUN TIME
DROP,NAME ___
DART,MOVE QUICKLY
GAME,NAME ___
ATTENTION,WORDS BEFORE AN ADDRESSEE
DEAR,WORDS BEFORE AN ADDRESSEE
BRAND,NAME ___
NAMES,NAME ___
THRILL,FUN TIME
FOR,WORDS BEFORE AN ADDRESSEE
FLY,MOVE QUICKLY
BLAST,FUN TIME
BOLT,MOVE QUICKLY
KICK,FUN TIME
TO,WORDS BEFORE AN ADDRESSEE
DASH,MOVE QUICKLY
EARTHWORM,SLIMY ANIMALS
CLOG,DUTCH SYMBOLS
SLUG,SLIMY ANIMALS
WATERFALL,ENDING WITH SYNONYMS FOR “PLUNGE”
GLOWSTICK,THINGS THAT LUMINESCE
RAINDROP,ENDING WITH SYNONYMS FOR “PLUNGE”
CANAL,DUTCH SYMBOLS
FIREFLY,THINGS THAT LUMINESCE
WINDMILL,DUTCH SYMBOLS
RADIUM,THINGS THAT LUMINESCE
SKYDIVE,ENDING WITH SYNONYMS FOR “PLUNGE”
SALAMANDER,SLIMY ANIMALS
AURORA,THINGS THAT LUMINESCE
EEL,SLIMY ANIMALS
TULIP,DUTCH SYMBOLS
GATECRASH,ENDING WITH SYNONYMS FOR “PLUNGE”
TIME,CADENCE
CLOCK,PERCEIVE
DONUT,ONE IN A GROUP OF TWELVE
PADDLE,DOG ___
TIRED,DOG ___
MONTH,ONE IN A GROUP OF TWELVE
BEAT,CADENCE
REGISTER,PERCEIVE
CATCH,PERCEIVE
TAG,DOG ___
INCH,ONE IN A GROUP OF TWELVE
DAYS,DOG ___
METER,CADENCE
JUROR,ONE IN A GROUP OF TWELVE
NOTICE,PERCEIVE
RHYTHM,CADENCE
SINGLE,ONE DOLLAR
STICKER,POT___
BELLY,POT___
BUTTON,KINDS OF MUSHROOMS
HOLE,POT___
SOLE,PARTS OF A FOOT
OYSTER,KINDS OF MUSHROOMS
CLAM,ONE DOLLAR
BUCK,ONE DOLLAR
LUCK,POT___
BALL,PARTS OF A FOOT
TRUMPET,KINDS OF MUSHROOMS
MOREL,KINDS OF MUSHROOMS
ARCH,PARTS OF A FOOT
SMACKER,ONE DOLLAR
HEEL,PARTS OF A FOOT
CHECK,MARK AS COMPLETED
CLOCK,DEPICTED IN DALÍ’S “THE PERSISTENCE OF MEMORY”
CRUMPLE,CRUSH INTO A COMPACT SHAPE
CROSS,MARK AS COMPLETED
HOOK,FASTENERS
TICK,MARK AS COMPLETED
BUCKLE,FASTENERS
ANT,DEPICTED IN DALÍ’S “THE PERSISTENCE OF MEMORY”
BALL,CRUSH INTO A COMPACT SHAPE
STRIKE,MARK AS COMPLETED
MELTING,DEPICTED IN DALÍ’S “THE PERSISTENCE OF MEMORY”
WAD,CRUSH INTO A COMPACT SHAPE
SNAP,FASTENERS
SCRUNCH,CRUSH INTO A COMPACT SHAPE
BRANCH,DEPICTED IN DALÍ’S “THE PERSISTENCE OF MEMORY”
CLIP,FASTENERS
STOP,REMOTE CONTROL FUNCTIONS
GROSS,EARN
MAKE,EARN
HOME,REMOTE CONTROL FUNCTIONS
YIELD,EARN
VOLUME,REMOTE CONTROL FUNCTIONS
SLOW,HARDLY BUSTLING
SNARE,WORDS BEFORE “DRUM”
QUIET,HARDLY BUSTLING
KETTLE,WORDS BEFORE “DRUM”
NET,EARN
MUTE,REMOTE CONTROL FUNCTIONS
EAR,WORDS BEFORE “DRUM”
SLEEPY,HARDLY BUSTLING
OIL,WORDS BEFORE “DRUM”
CALM,HARDLY BUSTLING
BLANKET,CATCHALL
BOOT,SYNONYMS FOR REAR END MINUS LAST LETTER
BREEZE,METAPHORS FOR EASY THINGS
RUM,SYNONYMS FOR REAR END MINUS LAST LETTER
PICNIC,METAPHORS FOR EASY THINGS
PANT,BREATHE HARD
UMBRELLA,CATCHALL
PIE,METAPHORS FOR EASY THINGS
HEAVE,BREATHE HARD
ARS,SYNONYMS FOR REAR END MINUS LAST LETTER
ABC,METAPHORS FOR EASY THINGS
GENERAL,CATCHALL
BROAD,CATCHALL
GASP,BREATHE HARD
BUT,SYNONYMS FOR REAR END MINUS LAST LETTER
PUFF,BREATHE HARD
A FEW,A HANDFUL OF
LOVE,___ IS ___ (IS ___)
BARBERSHOP,VOCAL MUSIC
ESSAYS,BOOK SUBTITLES
A ROSE,___ IS ___ (IS ___)
CERTAIN,A HANDFUL OF
ENOUGH,___ IS ___ (IS ___)
A LIFE,BOOK SUBTITLES
A DEAL,___ IS ___ (IS ___)
PART ONE,BOOK SUBTITLES
VARIOUS,A HANDFUL OF
A CAPPELLA,VOCAL MUSIC
A NOVEL,BOOK SUBTITLES
DOO-WOP,VOCAL MUSIC
SOME,A HANDFUL OF
MADRIGAL,VOCAL MUSIC
PICK,ACCESSORIES FOR PLAYING AN INSTRUMENT
MEMORY,DISTINCTIVE FEATURES OF AN ELEPHANT
LIMB,SECTION
BISCUIT,WORDS MISSPELLED IN NU METAL BAND NAMES
TRUNK,DISTINCTIVE FEATURES OF AN ELEPHANT
DRUMSTICK,ACCESSORIES FOR PLAYING AN INSTRUMENT
CORN,WORDS MISSPELLED IN NU METAL BAND NAMES
BRANCH,SECTION
EAR,DISTINCTIVE FEATURES OF AN ELEPHANT
WING,SECTION
STAINED,WORDS MISSPELLED IN NU METAL BAND NAMES
BOW,ACCESSORIES FOR PLAYING AN INSTRUMENT
LINCOLN,WORDS MISSPELLED IN NU METAL BAND NAMES
MALLET,ACCESSORIES FOR PLAYING AN INSTRUMENT
TUSK,DISTINCTIVE FEATURES OF AN ELEPHANT
DIVISION,SECTION
SHINING,LAST WORDS IN “AMERICA THE BEAUTIFUL”
FINANCE,CORPORATE DEPARTMENTS
TABLE,VENDOR’S SPOT AT A MARKET
SIT,DOG COMMANDS
STAND,VENDOR’S SPOT AT A MARKET
STAY,DOG COMMANDS
TO,LAST WORDS IN “AMERICA THE BEAUTIFUL”
IT,CORPORATE DEPARTMENTS
SEA,LAST WORDS IN “AMERICA THE BEAUTIFUL”
STALL,VENDOR’S SPOT AT A MARKET
COME,DOG COMMANDS
FROM,LAST WORDS IN “AMERICA THE BEAUTIFUL”
LEGAL,CORPORATE DEPARTMENTS
HEEL,DOG COMMANDS
BOOTH,VENDOR’S SPOT AT A MARKET
SALES,CORPORATE DEPARTMENTS
SUGAR,INGREDIENTS IN AN OLD FASHIONED
GOAT,FEATURED IN THE MONTY HALL PROBLEM
RELAX,“CALM DOWN”
ORANGE,INGREDIENTS IN AN OLD FASHIONED
HOST,FEATURED IN THE MONTY HALL PROBLEM
REST,BE CONTINGENT (ON)
DOOR,FEATURED IN THE MONTY HALL PROBLEM
HINGE,BE CONTINGENT (ON)
EASY,“CALM DOWN”
RYE,INGREDIENTS IN AN OLD FASHIONED
DEPEND,BE CONTINGENT (ON)
CAR,FEATURED IN THE MONTY HALL PROBLEM
RELY,BE CONTINGENT (ON)
CHILL,“CALM DOWN”
ENOUGH,“CALM DOWN”
BITTERS,INGREDIENTS IN AN OLD FASHIONED
CONVERSE,THINGS TO DO AT A WORK EVENT
SUPREME,___ COURT
FOOD,___ COURT
NETWORK,THINGS TO DO AT A WORK EVENT
SURFING,OLYMPIC EVENTS SINCE 2000
KANGAROO,___ COURT
TABLE,DISPLAY OF ROWS AND COLUMNS
TENNIS,___ COURT
MATRIX,DISPLAY OF ROWS AND COLUMNS
BREAKING,OLYMPIC EVENTS SINCE 2000
TRAMPOLINE,OLYMPIC EVENTS SINCE 2000
GRID,DISPLAY OF ROWS AND COLUMNS
CIRCULATE,THINGS TO DO AT A WORK EVENT
TAEKWONDO,OLYMPIC EVENTS SINCE 2000
ARRAY,DISPLAY OF ROWS AND COLUMNS
MINGLE,THINGS TO DO AT A WORK EVENT
COMETS,THINGS FEATURING TAILS
INVENTION,FABRICATION
COIN TOSS,THINGS FEATURING TAILS
DEFENDER,CLASSIC ATARI GAMES
COURT,WOO
ASTEROIDS,CLASSIC ATARI GAMES
FAIRY TALE,FABRICATION
DRESS COAT,THINGS FEATURING TAILS
FICTION,FABRICATION
ROMANCE,WOO
SONIC THE HEDGEHOG,THINGS FEATURING TAILS
CENTIPEDE,CLASSIC ATARI GAMES
CHARM,WOO
FANTASY,FABRICATION
BREAKOUT,CLASSIC ATARI GAMES
PURSUE,WOO
BANK,CACHE
PARK,DRIVING INSTRUCTOR DIRECTIVES
BOOK,___WORM
STORE,CACHE
RESERVE,CACHE
TRAIN,TEACH
SCHOOL,TEACH
POOL,CACHE
EARTH,___WORM
SIGNAL,DRIVING INSTRUCTOR DIRECTIVES
INCH,___WORM
COACH,TEACH
TURN,DRIVING INSTRUCTOR DIRECTIVES
GLOW,___WORM
GUIDE,TEACH
BRAKE,DRIVING INSTRUCTOR DIRECTIVES
WORKING,OPERATING
SESSION,TERM
BODY,THINGS IN A CAMERA KIT
CROWD,BIRD PLUS LETTER
PUFFING,BIRD PLUS LETTER
RUNNING,OPERATING
SWANK,BIRD PLUS LETTER
FLASH,THINGS IN A CAMERA KIT
SITTING,TERM
ACTIVE,OPERATING
GULLY,BIRD PLUS LETTER
PERIOD,TERM
STRAP,THINGS IN A CAMERA KIT
MEETING,TERM
FUNCTIONAL,OPERATING
LENS,THINGS IN A CAMERA KIT
PEANUT,FICTIONAL MISTERS
VEHICLE,MEANS
DIRTY,MARTINI SPECIFICATIONS
ROBOT,FICTIONAL MISTERS
SHY,LACKING
BIG,FICTIONAL MISTERS
WET,MARTINI SPECIFICATIONS
TOAD,FICTIONAL MISTERS
MEDIUM,MEANS
LOW,LACKING
PERFECT,MARTINI SPECIFICATIONS
TOOL,MEANS
LIGHT,LACKING
MECHANISM,MEANS
DRY,MARTINI SPECIFICATIONS
SHORT,LACKING
MARKET,BUYING AND SELLING
SWITCH,INSTALLED ON A WALL
PLANT,SPY
MALL,___ RAT
TRADE,BUYING AND SELLING
GYM,___ RAT
OUTLET,INSTALLED ON A WALL
ASSET,SPY
RUG,___ RAT
BUSINESS,BUYING AND SELLING
MOLE,SPY
SCONCE,INSTALLED ON A WALL
PACK,___ RAT
AGENT,SPY
BASEBOARD,INSTALLED ON A WALL
COMMERCE,BUYING AND SELLING
HIT,STRIKE
OPERA,WEB BROWSERS
BANGER,FRANKFURTER
ROSEBUD,ENDING WITH BEER BRANDS
PEPPERONI,ENDING WITH BEER BRANDS
BOP,STRIKE
EDGE,WEB BROWSERS
LINK,FRANKFURTER
TAP,STRIKE
CONTRABASS,ENDING WITH BEER BRANDS
BRAT,FRANKFURTER
SAFARI,WEB BROWSERS
AUTOHARP,ENDING WITH BEER BRANDS
CHROME,WEB BROWSERS
KNOCK,STRIKE
SAUSAGE,FRANKFURTER
LABEL,INFO ON A RECORD
SPINE,BARB
PAGE,TURN THE ___
TIDE,TURN THE ___
URGE,DESIRE
STICKER,BARB
TRACK,INFO ON A RECORD
SPUR,BARB
CORNER,TURN THE ___
ARTIST,INFO ON A RECORD
DRIVE,DESIRE
TABLES,TURN THE ___
ITCH,DESIRE
THORN,BARB
ALBUM,INFO ON A RECORD
IMPULSE,DESIRE
SUN,THEY HAVE RAYS
POOL,FUND
ACTION,COURT FILING
AQUARIUM,THEY HAVE RAYS
CLAIM,COURT FILING
GEOMETRY,THEY HAVE RAYS
BLUFF,LANDFORMS
SUIT,COURT FILING
CAPE,LANDFORMS
PURSE,FUND
TAMPA BAY,THEY HAVE RAYS
KITTY,FUND
PLAIN,LANDFORMS
CASE,COURT FILING
POT,FUND
BASIN,LANDFORMS
COOKIE,___ SHEET
BEAR,"TAKE ON, AS A RESPONSIBILITY"
SPINACH,ASSOCIATED WITH POPEYE
SHOULDER,"TAKE ON, AS A RESPONSIBILITY"
CROOK,CORNERS
ANCHOR,ASSOCIATED WITH POPEYE
ELBOW,CORNERS
CHEAT,___ SHEET
PIPE,ASSOCIATED WITH POPEYE
HANDLE,"TAKE ON, AS A RESPONSIBILITY"
BEND,CORNERS
FOREARM,ASSOCIATED WITH POPEYE
FITTED,___ SHEET
ANGLE,CORNERS
ASSUME,"TAKE ON, AS A RESPONSIBILITY"
BALANCE,___ SHEET
MINIATURE,SMALL LIKENESS
OCTOPUS,DOCTORS IN POP CULTURE
CRACK,PUTDOWN
PEPPER,DOCTORS IN POP CULTURE
SLIGHT,PUTDOWN
SALT,USED TO CLEAR SNOW
DIG,PUTDOWN
SAND,USED TO CLEAR SNOW
DOLL,SMALL LIKENESS
WHO,DOCTORS IN POP CULTURE
SHOVEL,USED TO CLEAR SNOW
FIGURE,SMALL LIKENESS
PLOW,USED TO CLEAR SNOW
BARB,PUTDOWN
MODEL,SMALL LIKENESS
NO,DOCTORS IN POP CULTURE
BOXER,ONES WEARING ROBES
DITCH,RESULTS OF SOME DIGGING
BATTER,___ UP
LAB,TYPES OF ACADEMIC COURSES
CHIN,___ UP
JUDGE,ONES WEARING ROBES
PIT,RESULTS OF SOME DIGGING
LAWYER,___ UP
LECTURE,TYPES OF ACADEMIC COURSES
HOLE,RESULTS OF SOME DIGGING
WIZARD,ONES WEARING ROBES
DISCUSSION,TYPES OF ACADEMIC COURSES
TRENCH,RESULTS OF SOME DIGGING
BOTTOMS,___ UP
SEMINAR,TYPES OF ACADEMIC COURSES
MONK,ONES WEARING ROBES
BETTER,OUTDO
BLANKET,PICNIC ACCESSORIES
SATCHEL,PARTS OF AN INDIANA JONES COSTUME
PAGAN,RHYMES OF U.S. PRESIDENT NAMES
WIDEN,RHYMES OF U.S. PRESIDENT NAMES
COOLER,PICNIC ACCESSORIES
WHIP,PARTS OF AN INDIANA JONES COSTUME
SMARTER,RHYMES OF U.S. PRESIDENT NAMES
BASKET,PICNIC ACCESSORIES
ECLIPSE,OUTDO
BOMBER,PARTS OF AN INDIANA JONES COSTUME
UTENSILS,PICNIC ACCESSORIES
TOP,OUTDO
FEDORA,PARTS OF AN INDIANA JONES COSTUME
SURPASS,OUTDO
VIXEN,RHYMES OF U.S. PRESIDENT NAMES
LITTER,RUDE THINGS TO DO
NICOTINE,___ PATCH
ROUGH,___ PATCH
TRADE,VOCATION
CABBAGE,___ PATCH
BROOD,CONTEMPLATE
LINE,VOCATION
POINT,RUDE THINGS TO DO
REFLECT,CONTEMPLATE
STARE,RUDE THINGS TO DO
INTERRUPT,RUDE THINGS TO DO
WORK,VOCATION
CRAFT,VOCATION
MUSE,CONTEMPLATE
SOUL,___ PATCH
PONDER,CONTEMPLATE
GINKGO,WORDS DERIVED FROM JAPANESE
SLOPE,FEATURES OF A SKI RESORT
EMOJI,WORDS DERIVED FROM JAPANESE
ANGLE,WORDS AFTER THE PREFIX “TRI-”
DENT,WORDS AFTER THE PREFIX “TRI-”
TYCOON,WORDS DERIVED FROM JAPANESE
RECESS,SCHOOL PERIODS
MOGUL,FEATURES OF A SKI RESORT
LODGE,FEATURES OF A SKI RESORT
LUNCH,SCHOOL PERIODS
POD,WORDS AFTER THE PREFIX “TRI-”
KARAOKE,WORDS DERIVED FROM JAPANESE
CLASS,SCHOOL PERIODS
CYCLE,WORDS AFTER THE PREFIX “TRI-”
LIFT,FEATURES OF A SKI RESORT
HOMEROOM,SCHOOL PERIODS
RAVEN,DANCE EVENTS PLUS A LETTER
SILO,KEEP APART
HITCH,PARTS OF A BIG RIG
PROMO,DANCE EVENTS PLUS A LETTER
TRAILER,PARTS OF A BIG RIG
DISCOG,DANCE EVENTS PLUS A LETTER
FISH,WAYS TO GET FOOD
TRACTOR,PARTS OF A BIG RIG
BALLY,DANCE EVENTS PLUS A LETTER
FARM,WAYS TO GET FOOD
CLOISTER,KEEP APART
GATHER,WAYS TO GET FOOD
SEPARATE,KEEP APART
HUNT,WAYS TO GET FOOD
AXLES,PARTS OF A BIG RIG
SECLUDE,KEEP APART
OLIVE,“EXTRA VIRGIN OLIVE OIL”
TYPEWRITER,SEEN IN “THE SHINING”
EXTRA,“EXTRA VIRGIN OLIVE OIL”
SAMPLE,SMALL AMOUNT OF FOOD TO TRY
BARK,PROTECTIVE COVERINGS IN NATURE
BITE,SMALL AMOUNT OF FOOD TO TRY
AXE,SEEN IN “THE SHINING”
SCALES,PROTECTIVE COVERINGS IN NATURE
TWINS,SEEN IN “THE SHINING”
OIL,“EXTRA VIRGIN OLIVE OIL”
SHELL,PROTECTIVE COVERINGS IN NATURE
VIRGIN,“EXTRA VIRGIN OLIVE OIL”
TASTE,SMALL AMOUNT OF FOOD TO TRY
HEDGE MAZE,SEEN IN “THE SHINING”
SKIN,PROTECTIVE COVERINGS IN NATURE
MOUTHFUL,SMALL AMOUNT OF FOOD TO TRY
DEMON,SPEED ___
LAUGH,FUNNY PERSON
JOKER,FUNNY PERSON
AIRHEAD,CANDY BARS MINUS “S”
CARD,FUNNY PERSON
BAND,RESISTANCE TRAINING EQUIPMENT
CHESS,SPEED ___
DUMBBELL,RESISTANCE TRAINING EQUIPMENT
SNICKER,CANDY BARS MINUS “S”
CHARACTER,FUNNY PERSON
MAT,RESISTANCE TRAINING EQUIPMENT
MAR,CANDY BARS MINUS “S”
BUMP,SPEED ___
MOUND,CANDY BARS MINUS “S”
DIAL,SPEED ___
BENCH,RESISTANCE TRAINING EQUIPMENT
WICKED,MOVIE SERIES WITH 2024 RELEASES
GINGERBREAD,___ HOUSE
FULL,___ HOUSE
TALK,THINGS YOU MIGHT DO IN YOUR SLEEP
POSSESSED,OWNED
VENOM,MOVIE SERIES WITH 2024 RELEASES
ALIEN,MOVIE SERIES WITH 2024 RELEASES
DROOL,THINGS YOU MIGHT DO IN YOUR SLEEP
HAUNTED,___ HOUSE
DREAM,THINGS YOU MIGHT DO IN YOUR SLEEP
SNORE,THINGS YOU MIGHT DO IN YOUR SLEEP
BORE,OWNED
HAD,OWNED
GLADIATOR,MOVIE SERIES WITH 2024 RELEASES
WHITE,___ HOUSE
HELD,OWNED
HALO,INTANGIBLE QUALITY
RIGATONI,STARTING WITH EUROPEAN CAPITALS
AIR,INTANGIBLE QUALITY
WINGS,GAME DAY FARE
ROMEO,STARTING WITH EUROPEAN CAPITALS
HARP,"KEEP GOING ON ABOUT, WITH “ON”"
DIP,GAME DAY FARE
DWELL,"KEEP GOING ON ABOUT, WITH “ON”"
PIZZA,GAME DAY FARE
PARISH,STARTING WITH EUROPEAN CAPITALS
LINGER,"KEEP GOING ON ABOUT, WITH “ON”"
VIBE,INTANGIBLE QUALITY
BERNIE,STARTING WITH EUROPEAN CAPITALS
AURA,INTANGIBLE QUALITY
BEER,GAME DAY FARE
INSIST,"KEEP GOING ON ABOUT, WITH “ON”"
SNOOT,SCHNOZZ
BREAST,STARTS OF SWIMMING STROKES
FREE,STARTS OF SWIMMING STROKES
CHEST,STORAGE CONTAINERS
BUTTER,STARTS OF SWIMMING STROKES
SNOB,ONES WITH DISCERNING TASTES
BACK,STARTS OF SWIMMING STROKES
EXPERT,ONES WITH DISCERNING TASTES
BEAK,SCHNOZZ
TRUNK,STORAGE CONTAINERS
CRITIC,ONES WITH DISCERNING TASTES
CASE,STORAGE CONTAINERS
CONNOISSEUR,ONES WITH DISCERNING TASTES
SNOUT,SCHNOZZ
CRATE,STORAGE CONTAINERS
HONKER,SCHNOZZ
MATCH,STRIKE A ___
SHADE,TINT
CHALLENGE,TAKE ISSUE WITH
CLUE,COMPONENTS OF A MYSTERY
CONTEST,TAKE ISSUE WITH
SUSPECT,COMPONENTS OF A MYSTERY
CHORD,STRIKE A ___
TONE,TINT
DEAL,STRIKE A ___
HUE,TINT
DETECTIVE,COMPONENTS OF A MYSTERY
QUESTION,TAKE ISSUE WITH
POSE,STRIKE A ___
ALIBI,COMPONENTS OF A MYSTERY
DISPUTE,TAKE ISSUE WITH
TINGE,TINT
SWISS,WORDS AFTER “K”
SWALLOW,BIRDS THAT ARE VERBS
SORRY,DEJECTED
STREET,WORDS AFTER “K”
MUNSTER,TV COMEDY FAMILIES
MART,WORDS AFTER “K”
BLUE,DEJECTED
HAWK,BIRDS THAT ARE VERBS
DUCK,BIRDS THAT ARE VERBS
DOWN,DEJECTED
POP,WORDS AFTER “K”
PARTRIDGE,TV COMEDY FAMILIES
GRIFFIN,TV COMEDY FAMILIES
GROUSE,BIRDS THAT ARE VERBS
PICKLES,TV COMEDY FAMILIES
HANGDOG,DEJECTED
SNAP,COMMENT AFTER AN INSULT
SCREW,"BUNGLE, WITH “UP”"
BURN,COMMENT AFTER AN INSULT
ZEST,BIT OF CITRUS GARNISH
LOUSE,"BUNGLE, WITH “UP”"
WEDGE,BIT OF CITRUS GARNISH
ZING,COMMENT AFTER AN INSULT
MITE,"TINY AMOUNT, WITH “A”"
SLICE,BIT OF CITRUS GARNISH
MUCK,"BUNGLE, WITH “UP”"
BIT,"TINY AMOUNT, WITH “A”"
OUCH,COMMENT AFTER AN INSULT
LITTLE,"TINY AMOUNT, WITH “A”"
TWIST,BIT OF CITRUS GARNISH
FOUL,"BUNGLE, WITH “UP”"
TAD,"TINY AMOUNT, WITH “A”"
FILE,SMOOTH USING FRICTION
SAVE,CONSERVE
BUTTER,WORDS BEFORE “FINGERS”
CHICKEN,WORDS BEFORE “FINGERS”
SPREAD,SPORTS GAMBLING TERMS
SAND,SMOOTH USING FRICTION
UNDER,SPORTS GAMBLING TERMS
STORE,CONSERVE
LADY,WORDS BEFORE “FINGERS”
FAVORITE,SPORTS GAMBLING TERMS
STICKY,WORDS BEFORE “FINGERS”
PRESERVE,CONSERVE
KEEP,CONSERVE
BUFF,SMOOTH USING FRICTION
PARLAY,SPORTS GAMBLING TERMS
GRIND,SMOOTH USING FRICTION
FAN,THINGS TO DO WITH A DECK OF CARDS
FLAG,INDICATION
WILLIAM,WHAT “BILL” MIGHT REFER TO
TELL,INDICATION
BONUS,PARTS OF A COMPENSATION PACKAGE
BANKNOTE,WHAT “BILL” MIGHT REFER TO
CUT,THINGS TO DO WITH A DECK OF CARDS
DEAL,THINGS TO DO WITH A DECK OF CARDS
BEAK,WHAT “BILL” MIGHT REFER TO
SALARY,PARTS OF A COMPENSATION PACKAGE
INVOICE,WHAT “BILL” MIGHT REFER TO
GIVEAWAY,INDICATION
INSURANCE,PARTS OF A COMPENSATION PACKAGE
SIGN,INDICATION
SHUFFLE,THINGS TO DO WITH A DECK OF CARDS
VACATION,PARTS OF A COMPENSATION PACKAGE
GREAT,MAGNANIMOUS
LAMP,THINGS WITH NECKS
DIZZY,FIRST NAMES IN JAZZ
GIRAFFE,THINGS WITH NECKS
COUNT,FIRST NAMES IN JAZZ
LIGHT,DELICATE
NOBLE,MAGNANIMOUS
FAINT,DELICATE
GUITAR,THINGS WITH NECKS
DUKE,FIRST NAMES IN JAZZ
CAB,FIRST NAMES IN JAZZ
GRAND,MAGNANIMOUS
SOFT,DELICATE
BOTTLE,THINGS WITH NECKS
LOFTY,MAGNANIMOUS
MILD,DELICATE
BLUE,ASSOCIATED WITH THE GENIE IN “ALADDIN”
VELVET,RED ___
RUN,BE IN CHARGE OF
TIRE,THINGS MADE OF RUBBER
LEAD,BE IN CHARGE OF
BALLOON,THINGS MADE OF RUBBER
ERASER,THINGS MADE OF RUBBER
HEAD,BE IN CHARGE OF
BULL,RED ___
LAMP,ASSOCIATED WITH THE GENIE IN “ALADDIN”
CROSS,RED ___
WISHES,ASSOCIATED WITH THE GENIE IN “ALADDIN”
DIRECT,BE IN CHARGE OF
GALOSH,THINGS MADE OF RUBBER
EARRING,ASSOCIATED WITH THE GENIE IN “ALADDIN”
HERRING,RED ___
FAST,___ FOOD
BUNCH,"SCRUNCH, AS FABRIC"
TEAM,INFO ON A BASEBALL CARD
PLAYER,INFO ON A BASEBALL CARD
SOUL,___ FOOD
STAT,INFO ON A BASEBALL CARD
SOON,TIME ADVERBS
RUFFLE,"SCRUNCH, AS FABRIC"
LATER,TIME ADVERBS
GATHER,"SCRUNCH, AS FABRIC"
BIO,INFO ON A BASEBALL CARD
FINGER,___ FOOD
NOW,TIME ADVERBS
JUNK,___ FOOD
THEN,TIME ADVERBS
PUCKER,"SCRUNCH, AS FABRIC"
SUPER,MASSIVE
BOWL,USED WHEN SERVING SOUP
PARTY,SOMEBODY
PERSON,SOMEBODY
JUMBO,MASSIVE
TRON,SCI-FI FRANCHISES
ALIEN,SCI-FI FRANCHISES
MONSTER,MASSIVE
DUNE,SCI-FI FRANCHISES
SPOON,USED WHEN SERVING SOUP
GIANT,MASSIVE
CHARACTER,SOMEBODY
INDIVIDUAL,SOMEBODY
POT,USED WHEN SERVING SOUP
AVATAR,SCI-FI FRANCHISES
LADLE,USED WHEN SERVING SOUP
AUNT,WORDS FAMOUSLY PRONOUNCED DIFFERENT WAYS
AROMA,SCENTS OF WINE
SHOWER,SPRINKLE
BOUQUET,SCENTS OF WINE
VASE,WORDS FAMOUSLY PRONOUNCED DIFFERENT WAYS
PEPPER,SPRINKLE
NOSE,SCENTS OF WINE
STOP,"“AAH, ENOUGH!”"
UNCLE,"“AAH, ENOUGH!”"
TOMATO,WORDS FAMOUSLY PRONOUNCED DIFFERENT WAYS
TRUCE,"“AAH, ENOUGH!”"
DUST,SPRINKLE
SCATTER,SPRINKLE
NOTE,SCENTS OF WINE
EITHER,WORDS FAMOUSLY PRONOUNCED DIFFERENT WAYS
MERCY,"“AAH, ENOUGH!”"
MAD,___CAP
MAN,BUSTER
HUB,___CAP
BUB,BUSTER
NIGHT,___CAP
MAT,YOGA ACCESSORIES
BUD,BUSTER
TUG,WREST
JACK,BUSTER
WRENCH,WREST
BLOCK,YOGA ACCESSORIES
JERK,WREST
STRAP,YOGA ACCESSORIES
KNEE,___CAP
YANK,WREST
BOLSTER,YOGA ACCESSORIES
SHAKESPEARE,"STARTING WITH “SHAKE, RATTLE AND ROLL”"
RATTLESNAKE,"STARTING WITH “SHAKE, RATTLE AND ROLL”"
ANDROID,"STARTING WITH “SHAKE, RATTLE AND ROLL”"
ROLLERBLADE,"STARTING WITH “SHAKE, RATTLE AND ROLL”"
SONG,BITS IN A VARIETY SHOW
TITLE,DOCUMENTS OF OWNERSHIP
SKATEBOARD,PROPS FOR CHARACTERS ON “THE SIMPSONS”
SKETCH,BITS IN A VARIETY SHOW
DONUT,PROPS FOR CHARACTERS ON “THE SIMPSONS”
DANCE,BITS IN A VARIETY SHOW
DEED,DOCUMENTS OF OWNERSHIP
SAXOPHONE,PROPS FOR CHARACTERS ON “THE SIMPSONS”
CERTIFICATE,DOCUMENTS OF OWNERSHIP
MONOLOGUE,BITS IN A VARIETY SHOW
PACIFIER,PROPS FOR CHARACTERS ON “THE SIMPSONS”
RECEIPT,DOCUMENTS OF OWNERSHIP
GUILT,___ TRIP
MIGHT,MODAL VERBS
MOLD,TEMPLATE
EGO,___ TRIP
POWER,___ TRIP
EXPRESSION,"DEMONSTRATION, AS OF APPRECIATION"
TOKEN,"DEMONSTRATION, AS OF APPRECIATION"
MUST,MODAL VERBS
HEAD,___ TRIP
WILL,MODAL VERBS
GUIDE,TEMPLATE
GESTURE,"DEMONSTRATION, AS OF APPRECIATION"
CAN,MODAL VERBS
MODEL,TEMPLATE
SYMBOL,"DEMONSTRATION, AS OF APPRECIATION"
BLUEPRINT,TEMPLATE
SURPRISE,WORDS SAID TO AN UNSUSPECTING PERSON
HUMOR,MOLLYCODDLE
SEE,HOMOPHONES OF BODIES OF WATER
STRAIGHT,HOMOPHONES OF BODIES OF WATER
BABY,MOLLYCODDLE
RATTLE,THINGS A RATTLESNAKE DOES
BOO,WORDS SAID TO AN UNSUSPECTING PERSON
CREAK,HOMOPHONES OF BODIES OF WATER
HISS,THINGS A RATTLESNAKE DOES
BAE,HOMOPHONES OF BODIES OF WATER
GOTCHA,WORDS SAID TO AN UNSUSPECTING PERSON
PAMPER,MOLLYCODDLE
SHED,THINGS A RATTLESNAKE DOES
GUESS WHO,WORDS SAID TO AN UNSUSPECTING PERSON
INDULGE,MOLLYCODDLE
SLITHER,THINGS A RATTLESNAKE DOES
POPULAR,WORDS SHORTENED IN ROCK GENRES
EMOTIONAL,WORDS SHORTENED IN ROCK GENRES
CHEESE,___CAKE
DISH,DIVULGE
PAN,___CAKE
RETURN,WORDS ON A MAC KEYBOARD
SPILL,DIVULGE
CUP,___CAKE
TELL,DIVULGE
COMMAND,WORDS ON A MAC KEYBOARD
ALTERNATIVE,WORDS SHORTENED IN ROCK GENRES
OPTION,WORDS ON A MAC KEYBOARD
SHORT,___CAKE
PROGRESSIVE,WORDS SHORTENED IN ROCK GENRES
CONTROL,WORDS ON A MAC KEYBOARD
BLAB,DIVULGE
PUNCH,FAMOUS PUPPETS
SUGGESTION,GLIMMER
TOUCH,GLIMMER
POINT,DOG BREEDS MINUS “ER” SOUND
MATCH,CORRESPOND WELL WITH
BOX,DOG BREEDS MINUS “ER” SOUND
TRIUMPH,FAMOUS PUPPETS
SET,DOG BREEDS MINUS “ER” SOUND
HINT,GLIMMER
COMPLEMENT,CORRESPOND WELL WITH
OSCAR,FAMOUS PUPPETS
SUIT,CORRESPOND WELL WITH
LAMB CHOP,FAMOUS PUPPETS
TRACE,GLIMMER
FIT,CORRESPOND WELL WITH
RETRIEVE,DOG BREEDS MINUS “ER” SOUND
DOUBLE,BOWLING RESULTS
BLOW,___FISH
SNAKE,FOLLOW A MEANDERING COURSE
BREAK,TIME OFF
LEAVE,TIME OFF
WIND,FOLLOW A MEANDERING COURSE
CAT,___FISH
STRIKE,BOWLING RESULTS
SPARE,BOWLING RESULTS
REST,TIME OFF
SWORD,___FISH
WEAVE,FOLLOW A MEANDERING COURSE
VACATION,TIME OFF
CURVE,FOLLOW A MEANDERING COURSE
TURKEY,BOWLING RESULTS
GOLD,___FISH
HEARTY,"SUBSTANTIAL, AS A MEAL"
READY,ACCESSIBLE
HANDY,ACCESSIBLE
SQUARE,"SUBSTANTIAL, AS A MEAL"
AVAILABLE,ACCESSIBLE
BUTTY,BRITISHISMS
CAVITY,CRATER
FILLING,"SUBSTANTIAL, AS A MEAL"
FOOTY,BRITISHISMS
HOLE,CRATER
SOLID,"SUBSTANTIAL, AS A MEAL"
CHIPPY,BRITISHISMS
HOLLOW,CRATER
TELLY,BRITISHISMS
NEARBY,ACCESSIBLE
PIT,CRATER
TICK,SOUNDS A CUCKOO CLOCK MAKES
TOCK,SOUNDS A CUCKOO CLOCK MAKES
DING,SMALL IMPERFECTION
DOCK,STRUCTURES BY THE SHORE
NICK,SMALL IMPERFECTION
COCK,___TAIL
PONY,___TAIL
MOCK,___TAIL
CHIME,SOUNDS A CUCKOO CLOCK MAKES
PIG,___TAIL
WHARF,STRUCTURES BY THE SHORE
SCRATCH,SMALL IMPERFECTION
LIGHTHOUSE,STRUCTURES BY THE SHORE
CUCKOO,SOUNDS A CUCKOO CLOCK MAKES
DENT,SMALL IMPERFECTION
BOARDWALK,STRUCTURES BY THE SHORE
ROOSTER,ASSOCIATED WITH EARLY MORNING
UMBRELLA,COOKIE CUTTER SHAPES IN “SQUID GAME”
SLEEP,SPEND THE NIGHT (AT)
STAR,COOKIE CUTTER SHAPES IN “SQUID GAME”
SOS,ALERT
SUNRISE,ASSOCIATED WITH EARLY MORNING
STAY,SPEND THE NIGHT (AT)
FLARE,ALERT
CIRCLE,COOKIE CUTTER SHAPES IN “SQUID GAME”
BUNK,SPEND THE NIGHT (AT)
SIGNAL,ALERT
DEW,ASSOCIATED WITH EARLY MORNING
ALARM,ALERT
TRIANGLE,COOKIE CUTTER SHAPES IN “SQUID GAME”
WORM,ASSOCIATED WITH EARLY MORNING
CRASH,SPEND THE NIGHT (AT)
GUITAR,OBJECTS THAT MAY BE RIGHT- OR LEFT-HANDED
PICK,"COLLECT, AS FROM AN ORCHARD"
EYEDROPPER,PHOTOSHOP TOOLS
SOLUTION,WAY OF SOLVING A PROBLEM
HARVEST,"COLLECT, AS FROM AN ORCHARD"
FIX,WAY OF SOLVING A PROBLEM
CAN OPENER,OBJECTS THAT MAY BE RIGHT- OR LEFT-HANDED
ERASER,PHOTOSHOP TOOLS
BASEBALL GLOVE,OBJECTS THAT MAY BE RIGHT- OR LEFT-HANDED
MAGIC WAND,PHOTOSHOP TOOLS
ANSWER,WAY OF SOLVING A PROBLEM
REAP,"COLLECT, AS FROM AN ORCHARD"
GATHER,"COLLECT, AS FROM AN ORCHARD"
GOLF CLUB,OBJECTS THAT MAY BE RIGHT- OR LEFT-HANDED
LASSO,PHOTOSHOP TOOLS
REMEDY,WAY OF SOLVING A PROBLEM
YANKEE,MEMBER OF A TEAM WITH THE MOST CHAMPIONSHIPS IN THEIR RESPECTIVE SPORTS
DOODLE,WORDS AFTER “GOLDEN”
GLITTER,SUPPLIES FOR MACARONI ART
GOOSE,WORDS AFTER “GOLDEN”
PAPER,SUPPLIES FOR MACARONI ART
FEATHER,CREATE SOME VOLUME/TEXTURE IN HAIR
MACARONI,SUPPLIES FOR MACARONI ART
ROD,WORDS AFTER “GOLDEN”
PARACHUTE,WORDS AFTER “GOLDEN”
PACKER,MEMBER OF A TEAM WITH THE MOST CHAMPIONSHIPS IN THEIR RESPECTIVE SPORTS
CANADIEN,MEMBER OF A TEAM WITH THE MOST CHAMPIONSHIPS IN THEIR RESPECTIVE SPORTS
CURL,CREATE SOME VOLUME/TEXTURE IN HAIR
CELTIC,MEMBER OF A TEAM WITH THE MOST CHAMPIONSHIPS IN THEIR RESPECTIVE SPORTS
TEASE,CREATE SOME VOLUME/TEXTURE IN HAIR
GLUE,SUPPLIES FOR MACARONI ART
CRIMP,CREATE SOME VOLUME/TEXTURE IN HAIR
PICKLE,WAYS TO PRESERVE FOOD
GRATE,RUB TOGETHER
MILK,PROVERBIAL THINGS THAT ARE SPILLED
TEA,PROVERBIAL THINGS THAT ARE SPILLED
JAM,BREAKFAST CONDIMENTS
SCRAPE,RUB TOGETHER
CAN,WAYS TO PRESERVE FOOD
BUTTER,BREAKFAST CONDIMENTS
GRIND,RUB TOGETHER
BEANS,PROVERBIAL THINGS THAT ARE SPILLED
SYRUP,BREAKFAST CONDIMENTS
FERMENT,WAYS TO PRESERVE FOOD
FREEZE,WAYS TO PRESERVE FOOD
GUTS,PROVERBIAL THINGS THAT ARE SPILLED
HOT SAUCE,BREAKFAST CONDIMENTS
GNASH,RUB TOGETHER
MERMAID,CLASSIC NAUTICAL TATTOOS
CAVE,BEND UNDER PRESSURE
HEARTH,BODY PARTS PLUS LETTER
BUCKLE,BEND UNDER PRESSURE
BOW,BEND UNDER PRESSURE
SCARF,EAT VORACIOUSLY
BUTTE,BODY PARTS PLUS LETTER
GULP,EAT VORACIOUSLY
WOLF,EAT VORACIOUSLY
COMPASS,CLASSIC NAUTICAL TATTOOS
CHINA,BODY PARTS PLUS LETTER
SHINE,BODY PARTS PLUS LETTER
SWALLOW,CLASSIC NAUTICAL TATTOOS
GIVE,BEND UNDER PRESSURE
ANCHOR,CLASSIC NAUTICAL TATTOOS
GOBBLE,EAT VORACIOUSLY
BRICK,RECTANGULAR PRISMS
MORTAR,RHYME WITH U.S. COINS
PICKLE,RHYME WITH U.S. COINS
SHOEBOX,RECTANGULAR PRISMS
MUCHO,“MANY” IN DIFFERENT LANGUAGES
GUSTO,ENTHUSIASM
MULTI,“MANY” IN DIFFERENT LANGUAGES
MICROWAVE,RECTANGULAR PRISMS
RELISH,ENTHUSIASM
BEAUCOUP,“MANY” IN DIFFERENT LANGUAGES
LIME,RHYME WITH U.S. COINS
ZEST,ENTHUSIASM
JENNY,RHYME WITH U.S. COINS
PASSION,ENTHUSIASM
MOLTO,“MANY” IN DIFFERENT LANGUAGES
FISH TANK,RECTANGULAR PRISMS
DASH,MADE WITH HORIZONTAL LINES
PAST,ONETIME
LATE,ONETIME
COMER,SIMPSON FAMILY MEMBERS WITH FIRST LETTER CHANGED
BARGE,SIMPSON FAMILY MEMBERS WITH FIRST LETTER CHANGED
UNDERSCORE,MADE WITH HORIZONTAL LINES
MINUS,MADE WITH HORIZONTAL LINES
CHARGE,EXPENDITURE
RATE,EXPENDITURE
BAGGIE,SIMPSON FAMILY MEMBERS WITH FIRST LETTER CHANGED
COST,EXPENDITURE
PRIOR,ONETIME
PISA,SIMPSON FAMILY MEMBERS WITH FIRST LETTER CHANGED
PRICE,EXPENDITURE
FORMER,ONETIME
HYPHEN,MADE WITH HORIZONTAL LINES
TISSUE,LEVELS OF BIOLOGICAL ORGANIZATION
RING,CONTACT VIA TELEPHONE
BIGFOOT,ENDING WITH UNITS OF MEASURE
WHEEL,PARTS OF A CAR
THERMOMETER,ENDING WITH UNITS OF MEASURE
HORN,PARTS OF A CAR
PHONE,CONTACT VIA TELEPHONE
ORGAN,LEVELS OF BIOLOGICAL ORGANIZATION
CELL,LEVELS OF BIOLOGICAL ORGANIZATION
INSTAGRAM,ENDING WITH UNITS OF MEASURE
BELT,PARTS OF A CAR
DIAL,CONTACT VIA TELEPHONE
MIRROR,PARTS OF A CAR
CALL,CONTACT VIA TELEPHONE
COMPOUND,ENDING WITH UNITS OF MEASURE
ATOM,LEVELS OF BIOLOGICAL ORGANIZATION
PEACH,LOVELY PERSON
YO-YO,BE INDECISIVE
EGG,COMPONENTS OF METAPHORS FOR THINGS THAT CAN’T BE UNDONE
MARBLES,LUCIDITY
TOOTHPASTE,COMPONENTS OF METAPHORS FOR THINGS THAT CAN’T BE UNDONE
WAFFLE,BE INDECISIVE
DOLL,LOVELY PERSON
MIND,LUCIDITY
GENIE,COMPONENTS OF METAPHORS FOR THINGS THAT CAN’T BE UNDONE
ANGEL,LOVELY PERSON
SENSE,LUCIDITY
HESITATE,BE INDECISIVE
WAVER,BE INDECISIVE
WITS,LUCIDITY
BELL,COMPONENTS OF METAPHORS FOR THINGS THAT CAN’T BE UNDONE
DEAR,LOVELY PERSON
PHANTOM,"BROADWAY MUSICALS, FAMILIARLY"
TOLLBOOTH,TO-BO- COMPOUND WORDS
LADYBUG,ASSOCIATED WITH GOOD LUCK
MIDNIGHT,WORDS BEFORE “COWBOY” IN FILM AND MUSIC
SHAMROCK,ASSOCIATED WITH GOOD LUCK
RHINESTONE,WORDS BEFORE “COWBOY” IN FILM AND MUSIC
SUNSET,"BROADWAY MUSICALS, FAMILIARLY"
TOOLBOX,TO-BO- COMPOUND WORDS
TOMBOY,TO-BO- COMPOUND WORDS
HORSESHOE,ASSOCIATED WITH GOOD LUCK
FIDDLER,"BROADWAY MUSICALS, FAMILIARLY"
DRUGSTORE,WORDS BEFORE “COWBOY” IN FILM AND MUSIC
MERRILY,"BROADWAY MUSICALS, FAMILIARLY"
TOWBOAT,TO-BO- COMPOUND WORDS
SPACE,WORDS BEFORE “COWBOY” IN FILM AND MUSIC
PENNY,ASSOCIATED WITH GOOD LUCK
WIN,WHAT “W” MIGHT STAND FOR
SHOE,___STRING
SHAKE,EVADE
WEST,WHAT “W” MIGHT STAND FOR
VIBRATE,CELLPHONE MODES
LOSE,EVADE
HAM,___STRING
DRAW,___STRING
HEART,___STRING
AIRPLANE,CELLPHONE MODES
TUNGSTEN,WHAT “W” MIGHT STAND FOR
DODGE,EVADE
DO NOT DISTURB,CELLPHONE MODES
WATT,WHAT “W” MIGHT STAND FOR
ESCAPE,EVADE
RING,CELLPHONE MODES
LEAF,FORMATS OF GOLD
LOAF,BE AT LEISURE
ROLL,CYLINDER OF MATERIAL
BONE,SEEN IN “THE FLINTSTONES”
SCROLL,CYLINDER OF MATERIAL
BAR,FORMATS OF GOLD
DINOSAUR,SEEN IN “THE FLINTSTONES”
LOUNGE,BE AT LEISURE
CLUB,SEEN IN “THE FLINTSTONES”
BOLT,CYLINDER OF MATERIAL
COIN,FORMATS OF GOLD
REEL,CYLINDER OF MATERIAL
CHILL,BE AT LEISURE
NUGGET,FORMATS OF GOLD
RUBBLE,SEEN IN “THE FLINTSTONES”
REST,BE AT LEISURE
FRESH,ADJECTIVES FOR NICE SKIN
DAISY,___ CHAIN
BUCKET,DICKENS CHARACTERS
MOP,MESS OF HAIR
SCROOGE,DICKENS CHARACTERS
FOOD,___ CHAIN
TWIST,DICKENS CHARACTERS
DEWY,ADJECTIVES FOR NICE SKIN
TANGLE,MESS OF HAIR
MOUNTAIN,___ CHAIN
THATCH,MESS OF HAIR
PIP,DICKENS CHARACTERS
SMOOTH,ADJECTIVES FOR NICE SKIN
SUPPLY,___ CHAIN
GLOWING,ADJECTIVES FOR NICE SKIN
MAT,MESS OF HAIR
BITE,THINGS PEOPLE DO TO FINGERNAILS
ONION,WHAT MIGHT BRING TEARS TO YOUR EYES
SOFT,___BALL RECREATIONAL SPORTS
KICK,___BALL RECREATIONAL SPORTS
PICKLE,___BALL RECREATIONAL SPORTS
SKIRT,PERIPHERY
ALLERGY,WHAT MIGHT BRING TEARS TO YOUR EYES
RELIEF,WHAT MIGHT BRING TEARS TO YOUR EYES
PAINT,THINGS PEOPLE DO TO FINGERNAILS
DODGE,___BALL RECREATIONAL SPORTS
EDGE,PERIPHERY
CLIP,THINGS PEOPLE DO TO FINGERNAILS
BORDER,PERIPHERY
FILE,THINGS PEOPLE DO TO FINGERNAILS
MELODRAMA,WHAT MIGHT BRING TEARS TO YOUR EYES
FRINGE,PERIPHERY
FLAT,SHOES
STONE,SAND___
PETER,WANE
PIPER,SAND___
MARY JANE,SHOES
WATER,DO SOME TASKS IN THE GARDEN
SLIDE,SHOES
WEED,DO SOME TASKS IN THE GARDEN
PAPER,SAND___
TAPER,WANE
PLANT,DO SOME TASKS IN THE GARDEN
CASTLE,SAND___
FADE,WANE
PRUNE,DO SOME TASKS IN THE GARDEN
MULE,SHOES
DWINDLE,WANE
AMPLE,FRUITS WITH THEIR SECOND LETTERS CHANGED
CASH,SUBJECTS OF ACCLAIMED MUSICAL BIOPICS
LABEL,EMBLEM
LUMON,FRUITS WITH THEIR SECOND LETTERS CHANGED
BUFFALO,U.S. CITIES
MARK,EMBLEM
HELENA,U.S. CITIES
MERCURY,SUBJECTS OF ACCLAIMED MUSICAL BIOPICS
SEAL,EMBLEM
IRVING,U.S. CITIES
DYLAN,SUBJECTS OF ACCLAIMED MUSICAL BIOPICS
DOTE,FRUITS WITH THEIR SECOND LETTERS CHANGED
BROWN,SUBJECTS OF ACCLAIMED MUSICAL BIOPICS
STAMP,EMBLEM
POACH,FRUITS WITH THEIR SECOND LETTERS CHANGED
PHOENIX,U.S. CITIES
SPIN,WASHING MACHINE CYCLES/SETTINGS
SHADOW,___BOX
EXCELLENT,WORDS SAID FREQUENTLY IN THE “BILL AND TED” MOVIES
JUKE,___BOX
TOTALLY,WORDS SAID FREQUENTLY IN THE “BILL AND TED” MOVIES
FAKE,FAUX
COTTON,WASHING MACHINE CYCLES/SETTINGS
SOAP,___BOX
MOCK,FAUX
BOGUS,WORDS SAID FREQUENTLY IN THE “BILL AND TED” MOVIES
CHATTER,___BOX
IMITATION,FAUX
DELICATE,WASHING MACHINE CYCLES/SETTINGS
DUDE,WORDS SAID FREQUENTLY IN THE “BILL AND TED” MOVIES
ARTIFICIAL,FAUX
BULKY,WASHING MACHINE CYCLES/SETTINGS
SOLID,HELPFUL DEED
METAL,BUILDING MATERIALS
MICKEY,#1 SONGS FROM 1982
MOUSE,COMPUTER INPUT DEVICES
CONCRETE,BUILDING MATERIALS
PHYSICAL,#1 SONGS FROM 1982
STONE,BUILDING MATERIALS
TABLET,COMPUTER INPUT DEVICES
ABRACADABRA,#1 SONGS FROM 1982
MICROPHONE,COMPUTER INPUT DEVICES
FAVOR,HELPFUL DEED
KINDNESS,HELPFUL DEED
BRICK,BUILDING MATERIALS
SERVICE,HELPFUL DEED
CENTERFOLD,#1 SONGS FROM 1982
SCANNER,COMPUTER INPUT DEVICES
MONA LISA,FAMOUS SMILES
STATUE OF LIBERTY,ATTRACTIONS ICONICALLY DIFFERENT FROM THEIR ORIGINAL FORMS
BOWLING,ASSOCIATED WITH “THE DUDE” LEBOWSKI
SPHYNX,CAT BREEDS
VENUS DE MILO,ATTRACTIONS ICONICALLY DIFFERENT FROM THEIR ORIGINAL FORMS
JOKER,FAMOUS SMILES
RUSSIAN BLUE,CAT BREEDS
RUG,ASSOCIATED WITH “THE DUDE” LEBOWSKI
WHITE RUSSIAN,ASSOCIATED WITH “THE DUDE” LEBOWSKI
LIBERTY BELL,ATTRACTIONS ICONICALLY DIFFERENT FROM THEIR ORIGINAL FORMS
COMEDY MASK,FAMOUS SMILES
TURKISH ANGORA,CAT BREEDS
RAGAMUFFIN,CAT BREEDS
CHESHIRE CAT,FAMOUS SMILES
BATHROBE,ASSOCIATED WITH “THE DUDE” LEBOWSKI
TOWER OF PISA,ATTRACTIONS ICONICALLY DIFFERENT FROM THEIR ORIGINAL FORMS
PHONE,THINGS THAT RING
BREAK,VARIATION FROM THE NORM
FOOTBALL,THINGS TRADITIONALLY MADE OF LEATHER
LEGEND,SINGER-SONGWRITER PIANISTS
SADDLE,THINGS TRADITIONALLY MADE OF LEATHER
KEYS,SINGER-SONGWRITER PIANISTS
BELL,THINGS THAT RING
WALLET,THINGS TRADITIONALLY MADE OF LEATHER
ALTERNATIVE,VARIATION FROM THE NORM
KING,SINGER-SONGWRITER PIANISTS
WONDER,SINGER-SONGWRITER PIANISTS
CHANGE,VARIATION FROM THE NORM
MOCCASINS,THINGS TRADITIONALLY MADE OF LEATHER
INTERCOM,THINGS THAT RING
DEPARTURE,VARIATION FROM THE NORM
ALARM,THINGS THAT RING
ORANGE,WORDS SAID TO HAVE NO EXACT RHYMES
KETCHUP,THINGS THAT ARE RED
ELMO,THINGS THAT ARE RED
COTTON,___ CANDY
SUGAR,INGREDIENTS IN CLASSIC POUND CAKE
EYE,___ CANDY
ROSE,THINGS THAT ARE RED
MONTH,WORDS SAID TO HAVE NO EXACT RHYMES
EGGS,INGREDIENTS IN CLASSIC POUND CAKE
ROCK,___ CANDY
PURPLE,WORDS SAID TO HAVE NO EXACT RHYMES
BUTTER,INGREDIENTS IN CLASSIC POUND CAKE
FLOUR,INGREDIENTS IN CLASSIC POUND CAKE
CARDINAL,THINGS THAT ARE RED
JOHN,___ CANDY
SILVER,WORDS SAID TO HAVE NO EXACT RHYMES
SPIN,PARTIALITY
ART,SHAKESPEAREAN WORDS
WAVE,"SIGNAL DOWN, AS A TAXI"
FLAG,"SIGNAL DOWN, AS A TAXI"
FLOP,CARDS IN TEXAS HOLD ’EM
ANGLE,PARTIALITY
WILT,SHAKESPEAREAN WORDS
TURN,CARDS IN TEXAS HOLD ’EM
ANON,SHAKESPEAREAN WORDS
RIVER,CARDS IN TEXAS HOLD ’EM
WHISTLE,"SIGNAL DOWN, AS A TAXI"
SLANT,PARTIALITY
HOLE,CARDS IN TEXAS HOLD ’EM
HAIL,"SIGNAL DOWN, AS A TAXI"
BIAS,PARTIALITY
THOU,SHAKESPEAREAN WORDS
DIRT,___ ROAD
CANDY,CHECKOUT LINE IMPULSE BUYS
FINE,"IMPOSE, AS A PENALTY"
SILK,___ ROAD
SHORT,MOVIES OF VARIOUS LENGTHS
CHARGING CABLE,CHECKOUT LINE IMPULSE BUYS
ROCKY,___ ROAD
LEVY,"IMPOSE, AS A PENALTY"
HIGH,___ ROAD
FILM SERIES,MOVIES OF VARIOUS LENGTHS
MAGAZINE,CHECKOUT LINE IMPULSE BUYS
CHARGE,"IMPOSE, AS A PENALTY"
EPIC,MOVIES OF VARIOUS LENGTHS
CHAPSTICK,CHECKOUT LINE IMPULSE BUYS
ASSESS,"IMPOSE, AS A PENALTY"
FEATURE,MOVIES OF VARIOUS LENGTHS
PEG,FEATURES OF STRINGED INSTRUMENTS
SUE,LITIGATION VERBS
MOVE,LITIGATION VERBS
NEEDLE,SHARP PROTRUSION
MAY,"IN “STAR LIGHT, STAR BRIGHT”"
BARB,SHARP PROTRUSION
NECK,FEATURES OF STRINGED INSTRUMENTS
TONIGHT,"IN “STAR LIGHT, STAR BRIGHT”"
BRIDGE,FEATURES OF STRINGED INSTRUMENTS
MIGHT,"IN “STAR LIGHT, STAR BRIGHT”"
WISH,"IN “STAR LIGHT, STAR BRIGHT”"
STRING,FEATURES OF STRINGED INSTRUMENTS
BRISTLE,SHARP PROTRUSION
SERVE,LITIGATION VERBS
SPINE,SHARP PROTRUSION
CHARGE,LITIGATION VERBS
MONSTER,SERIAL KILLER MOVIES
TAROT,ENDING WITH SILENT “T”
LIBRARY,STARTING WITH CONSTELLATIONS
GROUP,BUNCH
DRACONIAN,STARTING WITH CONSTELLATIONS
DEBUT,ENDING WITH SILENT “T”
CONSTELLATION,BUNCH
ZODIAC,SERIAL KILLER MOVIES
COLLECTION,BUNCH
SEVEN,SERIAL KILLER MOVIES
BALLET,ENDING WITH SILENT “T”
HYDRANT,STARTING WITH CONSTELLATIONS
LEONARDO,STARTING WITH CONSTELLATIONS
CLUSTER,BUNCH
PSYCHO,SERIAL KILLER MOVIES
RAPPORT,ENDING WITH SILENT “T”
PICKUP,KINDS OF TRUCKS
GARBAGE,KINDS OF TRUCKS
ABANDON,UNINHIBITEDNESS
FIBER,FILAMENT
MAROON,BANDS MINUS THE NUMBER FIVE
FREEDOM,UNINHIBITEDNESS
MC,BANDS MINUS THE NUMBER FIVE
STRAND,FILAMENT
THREAD,FILAMENT
MONSTER,KINDS OF TRUCKS
SPONTANEITY,UNINHIBITEDNESS
JACKSON,BANDS MINUS THE NUMBER FIVE
BEN FOLDS,BANDS MINUS THE NUMBER FIVE
STRING,FILAMENT
UNRESTRAINT,UNINHIBITEDNESS
DUMP,KINDS OF TRUCKS
KINDER,GERMAN WORDS
DICE,PLURAL WORDS THAT ARE VERY DIFFERENT FROM THEIR SINGULAR FORMS
SINGULAR,EXCEPTIONAL
DIE,GERMAN WORDS
OXEN,PLURAL WORDS THAT ARE VERY DIFFERENT FROM THEIR SINGULAR FORMS
SPECIAL,EXCEPTIONAL
DEER,PLURAL ANIMALS IDENTICAL TO THEIR SINGULAR FORMS
LICE,PLURAL WORDS THAT ARE VERY DIFFERENT FROM THEIR SINGULAR FORMS
UNIQUE,EXCEPTIONAL
SHEEP,PLURAL ANIMALS IDENTICAL TO THEIR SINGULAR FORMS
SQUID,PLURAL ANIMALS IDENTICAL TO THEIR SINGULAR FORMS
ANGST,GERMAN WORDS
MICE,PLURAL WORDS THAT ARE VERY DIFFERENT FROM THEIR SINGULAR FORMS
WURST,GERMAN WORDS
REMARKABLE,EXCEPTIONAL
SHRIMP,PLURAL ANIMALS IDENTICAL TO THEIR SINGULAR FORMS
MEAN,SIGNIFY
KING,À/A LA ___
EXPRESS,SIGNIFY
SHOULDER,PARTS OF A ROAD
BACK,WEB BROWSER BUTTONS
MEDIAN,PARTS OF A ROAD
CARTE,À/A LA ___
SPELL,SIGNIFY
DIVIDER,PARTS OF A ROAD
EXTENSIONS,WEB BROWSER BUTTONS
MODE,À/A LA ___
REFRESH,WEB BROWSER BUTTONS
PLANCHA,À/A LA ___
LANE,PARTS OF A ROAD
FORWARD,WEB BROWSER BUTTONS
CONVEY,SIGNIFY
GENIE,THINGS IN BOTTLES
BUNGEE,KINDS OF CORDS
STRAIT,BODIES OF WATER
VOCAL,OUTSPOKEN
SHIP,THINGS IN BOTTLES
EXTENSION,KINDS OF CORDS
DIRECT,OUTSPOKEN
MESSAGE,THINGS IN BOTTLES
LOUD,OUTSPOKEN
SOUND,BODIES OF WATER
SPINAL,KINDS OF CORDS
CHANNEL,BODIES OF WATER
UMBILICAL,KINDS OF CORDS
BAY,BODIES OF WATER
LIGHTNING,THINGS IN BOTTLES
FRANK,OUTSPOKEN
COMPASS,ARCHITECTURAL DRAWING TOOLS
ICON,LUMINARY
SOAP,BAR ___
WORLD,MILIEU
LEGEND,LUMINARY
EXAM,BAR ___
STENCIL,ARCHITECTURAL DRAWING TOOLS
CHART,BAR ___
SCENE,MILIEU
RULER,ARCHITECTURAL DRAWING TOOLS
MITZVAH,BAR ___
CIRCLE,MILIEU
GREAT,LUMINARY
SPHERE,MILIEU
LION,LUMINARY
T-SQUARE,ARCHITECTURAL DRAWING TOOLS
TOUCHDOWN,WORDS ABBREVIATED WITH “T” + LETTER
TRIFLE,KNICKKNACK
TRILLION,WORDS WITH THE PREFIX MEANING “THREE”
TROMBONE,MUSICAL INSTRUMENTS
TRIDENT,WORDS WITH THE PREFIX MEANING “THREE”
TRADEMARK,WORDS ABBREVIATED WITH “T” + LETTER
THEREMIN,MUSICAL INSTRUMENTS
TCHOTCHKE,KNICKKNACK
TRIANGLE,WORDS WITH THE PREFIX MEANING “THREE”
TELEVISION,WORDS ABBREVIATED WITH “T” + LETTER
TRINKET,KNICKKNACK
TRILOBITE,WORDS WITH THE PREFIX MEANING “THREE”
TIMPANI,MUSICAL INSTRUMENTS
THINGAMAJIG,KNICKKNACK
TAMBOURINE,MUSICAL INSTRUMENTS
TUBERCULOSIS,WORDS ABBREVIATED WITH “T” + LETTER
SMART,WORDS THAT MODIFY “WATCH”
AIRPLANE,THINGS WITH WINGS
BACK,WORDS REPEATED IN “MISS MARY MACK”
POCKET,WORDS THAT MODIFY “WATCH”
GRAB,CAPTIVATE
BUTTONS,WORDS REPEATED IN “MISS MARY MACK”
STOP,WORDS THAT MODIFY “WATCH”
FLY,THINGS WITH WINGS
FAIRY,THINGS WITH WINGS
ENTRANCE,CAPTIVATE
BLACK,WORDS REPEATED IN “MISS MARY MACK”
RIVET,CAPTIVATE
MACK,WORDS REPEATED IN “MISS MARY MACK”
WRIST,WORDS THAT MODIFY “WATCH”
ABSORB,CAPTIVATE
HOSPITAL,THINGS WITH WINGS
MATURE,"WHO VIDEO GAMES ARE FOR, PER ESRB RATINGS"
EARTH,THINGS WITH LAYERS
UNIFORM,UNFLUCTUATING
RANK,BAD-SMELLING
LEVEL,UNFLUCTUATING
RIPE,BAD-SMELLING
PHOTOSHOP,THINGS WITH LAYERS
EVERYONE,"WHO VIDEO GAMES ARE FOR, PER ESRB RATINGS"
HENHOUSE,THINGS WITH LAYERS
STABLE,UNFLUCTUATING
TEEN,"WHO VIDEO GAMES ARE FOR, PER ESRB RATINGS"
ONION,THINGS WITH LAYERS
FOUL,BAD-SMELLING
ADULTS ONLY,"WHO VIDEO GAMES ARE FOR, PER ESRB RATINGS"
CONSTANT,UNFLUCTUATING
SOUR,BAD-SMELLING
BALE,ANAGRAMS
CRYSTAL,CLEAR AS ___
PANDA,BLACK-AND-WHITE THINGS
MUD,CLEAR AS ___
TEDDY,U.S. PRESIDENTIAL NICKNAMES
TUXEDO,BLACK-AND-WHITE THINGS
ABLE,ANAGRAMS
DAY,CLEAR AS ___
ABEL,ANAGRAMS
CAL,U.S. PRESIDENTIAL NICKNAMES
A BELL,CLEAR AS ___
OREO,BLACK-AND-WHITE THINGS
ABE,U.S. PRESIDENTIAL NICKNAMES
CROSSWORD,BLACK-AND-WHITE THINGS
BELA,ANAGRAMS
DICK,U.S. PRESIDENTIAL NICKNAMES
PINOT,UNITS OF VOLUME PLUS LETTER
CARD,KINDS OF DIGITAL STORAGE
SHOT,"INCREASED, WITH “UP”"
GLASS,PARTS OF A TABLE SETTING
ROSE,"INCREASED, WITH “UP”"
QUARTZ,UNITS OF VOLUME PLUS LETTER
DRIVE,KINDS OF DIGITAL STORAGE
THRUST,"INCREASED, WITH “UP”"
CLOUD,KINDS OF DIGITAL STORAGE
BOUNCE,UNITS OF VOLUME PLUS LETTER
PLATE,PARTS OF A TABLE SETTING
DISK,KINDS OF DIGITAL STORAGE
NAPKIN,PARTS OF A TABLE SETTING
FLEW,"INCREASED, WITH “UP”"
GALLEON,UNITS OF VOLUME PLUS LETTER
FORK,PARTS OF A TABLE SETTING
PHONE,OBJECTS WITH THE PREFIX “MICRO-”
SWAY,AFFECT
SCRATCH,SLANG FOR MONEY
WAVE,OBJECTS WITH THE PREFIX “MICRO-”
RIGHT,YOU GOT IT!
CHIP,OBJECTS WITH THE PREFIX “MICRO-”
PAPER,SLANG FOR MONEY
DING,YOU GOT IT!
CORRECT,YOU GOT IT!
SCOPE,OBJECTS WITH THE PREFIX “MICRO-”
TOUCH,AFFECT
GREEN,SLANG FOR MONEY
MOVE,AFFECT
BINGO,YOU GOT IT!
CHANGE,SLANG FOR MONEY
REACH,AFFECT
CHUCK,HURL
MONTY,___ HALL
BRACKET,BE ON BOTH SIDES OF
CITY,___ HALL
SKIRT,PARTS OF A CLASSIC GIRL SCOUT UNIFORM
PITCH,HURL
FLANK,BE ON BOTH SIDES OF
BADGE,PARTS OF A CLASSIC GIRL SCOUT UNIFORM
STUDY,___ HALL
SASH,PARTS OF A CLASSIC GIRL SCOUT UNIFORM
SLING,HURL
BOOKEND,BE ON BOTH SIDES OF
SURROUND,BE ON BOTH SIDES OF
BINGO,___ HALL
BERET,PARTS OF A CLASSIC GIRL SCOUT UNIFORM
PELT,HURL
SILVER,MATERIALS ASSOCIATED WITH FANCY DINING
BIKE,KINDS OF SHORTS
BOXER,KINDS OF SHORTS
PANAMA,NOUNS IN A FAMOUS PALINDROME
BERMUDA,KINDS OF SHORTS
CLUE,MOVIES FROM 1985
MAN,NOUNS IN A FAMOUS PALINDROME
COMMANDO,MOVIES FROM 1985
CRYSTAL,MATERIALS ASSOCIATED WITH FANCY DINING
BRAZIL,MOVIES FROM 1985
WITNESS,MOVIES FROM 1985
CHINA,MATERIALS ASSOCIATED WITH FANCY DINING
PLAN,NOUNS IN A FAMOUS PALINDROME
CARGO,KINDS OF SHORTS
LINEN,MATERIALS ASSOCIATED WITH FANCY DINING
CANAL,NOUNS IN A FAMOUS PALINDROME
MEAN,AVERAGE
EAGLE,PICTURED ON THE U.S. GREAT SEAL
STANDARD,AVERAGE
SPOKES,___MAN
GENTLE,___MAN
BIRDIE,PROPER NOUNS IN BROADWAY MUSICAL TITLES THAT ARE SPOKEN PHRASES
YANKEES,PROPER NOUNS IN BROADWAY MUSICAL TITLES THAT ARE SPOKEN PHRASES
PAR,AVERAGE
CRAFTS,___MAN
ARROWS,PICTURED ON THE U.S. GREAT SEAL
BOGEY,___MAN
SHIELD,PICTURED ON THE U.S. GREAT SEAL
DOLLY,PROPER NOUNS IN BROADWAY MUSICAL TITLES THAT ARE SPOKEN PHRASES
NORM,AVERAGE
OLIVE BRANCH,PICTURED ON THE U.S. GREAT SEAL
KATE,PROPER NOUNS IN BROADWAY MUSICAL TITLES THAT ARE SPOKEN PHRASES
FORE,___PLAY
WORD,___PLAY
DEPOSIT,ATM OPTIONS
TOO,ALSO
PUT AWAY,CONSUMED
SCREEN,___PLAY
ATE,CONSUMED
BALANCE,ATM OPTIONS
BESIDES,ALSO
HORSE,___PLAY
TRANSFER,ATM OPTIONS
TO BOOT,ALSO
HAD,CONSUMED
AS WELL,ALSO
TOOK IN,CONSUMED
WITHDRAWAL,ATM OPTIONS
FANCY,CAPRICE
READING,WORDS PRONOUNCED DIFFERENTLY AS PROPER NOUNS
NICE,WORDS PRONOUNCED DIFFERENTLY AS PROPER NOUNS
IMPULSE,CAPRICE
JOB,WORDS PRONOUNCED DIFFERENTLY AS PROPER NOUNS
TYPE,ILK
LIKE,ILK
VENUS,WILLIAMSES
KIND,ILK
HERB,WORDS PRONOUNCED DIFFERENTLY AS PROPER NOUNS
ROBIN,WILLIAMSES
LARK,CAPRICE
TENNESSEE,WILLIAMSES
WHIM,CAPRICE
SORT,ILK
HANK,WILLIAMSES
SCANNER,SEEN AT A GROCERY CHECKOUT COUNTER
BROWSER,THINGS WITH TABS
POSTER,PRINTED NOTIFICATION
READER,PALM ___
NOTICE,PRINTED NOTIFICATION
BEACH,PALM ___
REGISTER,SEEN AT A GROCERY CHECKOUT COUNTER
FOLDER,THINGS WITH TABS
SUNDAY,PALM ___
BULLETIN,PRINTED NOTIFICATION
SCALE,SEEN AT A GROCERY CHECKOUT COUNTER
TREE,PALM ___
SODA CAN,THINGS WITH TABS
CONVEYOR BELT,SEEN AT A GROCERY CHECKOUT COUNTER
KEYBOARD,THINGS WITH TABS
ANNOUNCEMENT,PRINTED NOTIFICATION
DRIVE,CAR TRIP
PARK,BASEBALL VENUES
HARMONY,COMPANIES WITH “E” REMOVED
BALANCE,WHAT’S LEFTOVER
DIAMOND,BASEBALL VENUES
INK,COMPANIES WITH “E” REMOVED
REST,WHAT’S LEFTOVER
SPIN,CAR TRIP
DIFFERENCE,WHAT’S LEFTOVER
FIELD,BASEBALL VENUES
CRUISE,CAR TRIP
BAY,COMPANIES WITH “E” REMOVED
RIDE,CAR TRIP
TRADE,COMPANIES WITH “E” REMOVED
STADIUM,BASEBALL VENUES
REMAINDER,WHAT’S LEFTOVER
CROSSWORD,ENDING WITH MEDIEVAL WEAPONS
TIME,MAGAZINES
STAR,MAGAZINES
SIGN,EMPLOY
RAINBOW,ENDING WITH MEDIEVAL WEAPONS
MENU,PARTS OF A WEBSITE
CONTRACT,EMPLOY
BILLBOARD,MAGAZINES
BANNER,PARTS OF A WEBSITE
PEOPLE,MAGAZINES
GRIMACE,ENDING WITH MEDIEVAL WEAPONS
ENGAGE,EMPLOY
RETAIN,EMPLOY
HEADER,PARTS OF A WEBSITE
SEMBLANCE,ENDING WITH MEDIEVAL WEAPONS
SIDEBAR,PARTS OF A WEBSITE
TRASH,UTILITIES
PIZZA,___ JOINT
CABLE,UTILITIES
REMOTE,ALOOF
COOL,ALOOF
WATER,UTILITIES
HIP,___ JOINT
RESISTANCE,WHAT AN ELECTROMETER MEASURES
CURRENT,WHAT AN ELECTROMETER MEASURES
SPIKE LEE,___ JOINT
DOVETAIL,___ JOINT
GAS,UTILITIES
RESERVED,ALOOF
VOLTAGE,WHAT AN ELECTROMETER MEASURES
DISTANT,ALOOF
CHARGE,WHAT AN ELECTROMETER MEASURES
POUND,THROB
LOCKER,FOOT___
LEVEL,PICTURE HANGING NEEDS
CRATER,LANDFORMS
NAIL,PICTURE HANGING NEEDS
HILLS,FOOT___
CAPE,LANDFORMS
HANGER,PICTURE HANGING NEEDS
PULSE,THROB
HAMMER,PICTURE HANGING NEEDS
BEAT,THROB
GORGE,LANDFORMS
BALL,FOOT___
RIDGE,LANDFORMS
PRINT,FOOT___
THUMP,THROB
NEGATIVE,RADIO LINGO
NUMBERS,OLD TESTAMENT BOOKS
SEAN,WORDS PRONOUNCED “SH” WITHOUT AN “SH”
JOB,OLD TESTAMENT BOOKS
PIERCE,PRICK
SUGAR,WORDS PRONOUNCED “SH” WITHOUT AN “SH”
STICK,PRICK
ROGER,RADIO LINGO
SURE,WORDS PRONOUNCED “SH” WITHOUT AN “SH”
DANIEL,OLD TESTAMENT BOOKS
OVER,RADIO LINGO
SIOBHAN,WORDS PRONOUNCED “SH” WITHOUT AN “SH”
POKE,PRICK
COPY,RADIO LINGO
JUDGES,OLD TESTAMENT BOOKS
JAB,PRICK
DOG,ANIMALS IN THE WITCHES' BREW IN “MACBETH”
POP,PUNCH
BALL,ROUND THREE-DIMENSIONAL OBJECTS
SOCK,PUNCH
SLUG,PUNCH
FROG,ANIMALS IN THE WITCHES' BREW IN “MACBETH”
GLOVE,FOX___
TROT,FOX___
BAT,ANIMALS IN THE WITCHES' BREW IN “MACBETH”
HOUND,FOX___
GLOBE,ROUND THREE-DIMENSIONAL OBJECTS
POUND,PUNCH
ORB,ROUND THREE-DIMENSIONAL OBJECTS
NEWT,ANIMALS IN THE WITCHES' BREW IN “MACBETH”
HOLE,FOX___
SPHERE,ROUND THREE-DIMENSIONAL OBJECTS
NAUGHTY,ANTI-SPIRIT OF CHRISTMAS
CANARY,SHADES OF YELLOW
COAL,ANTI-SPIRIT OF CHRISTMAS
MINE,SUPPLY
MUSTARD,SHADES OF YELLOW
SOY,SPANISH WORDS
RESERVE,SUPPLY
MAYO,SPANISH WORDS
GOLD,SHADES OF YELLOW
GUSTO,SPANISH WORDS
GRINCH,ANTI-SPIRIT OF CHRISTMAS
ELLA,SPANISH WORDS
WELL,SUPPLY
BAH,ANTI-SPIRIT OF CHRISTMAS
LEMON,SHADES OF YELLOW
STORE,SUPPLY
CITRUS,SOURCES OF VITAMINS
CITY,PLACES USED IN RETAIL SUFFIXES
RED CARPET,PLACES TO FIND STARS
ALL OUT,WORDS AFTER “GO”
AMERICAN FLAG,PLACES TO FIND STARS
KART,WORDS AFTER “GO”
BETWEEN,WORDS AFTER “GO”
SUNSHINE,SOURCES OF VITAMINS
GALAXY,PLACES TO FIND STARS
LEAFY GREENS,SOURCES OF VITAMINS
WORLD,PLACES USED IN RETAIL SUFFIXES
UBER RATING,PLACES TO FIND STARS
LAND,PLACES USED IN RETAIL SUFFIXES
STEADY,WORDS AFTER “GO”
SUPPLEMENTS,SOURCES OF VITAMINS
TOWN,PLACES USED IN RETAIL SUFFIXES
SIN,DO WRONG
SEC,SHORT PERIOD OF TIME
SUN,N.B.A. PLAYER
TAN,STARTS OF AFRICAN COUNTRIES
FLASH,SHORT PERIOD OF TIME
BOTS,STARTS OF AFRICAN COUNTRIES
FALL,DO WRONG
CAME,STARTS OF AFRICAN COUNTRIES
BIT,SHORT PERIOD OF TIME
BUCK,N.B.A. PLAYER
KEN,STARTS OF AFRICAN COUNTRIES
STRAY,DO WRONG
NET,N.B.A. PLAYER
JIFF,SHORT PERIOD OF TIME
ERR,DO WRONG
SPUR,N.B.A. PLAYER
PRESENT,ATTENDANCE STATUS
CAPER,___BERRY
ELDER,___BERRY
ROMAN,FONT-MODIFYING WORDS
LOGAN,___BERRY
SWIPE,STEAL
POCKET,STEAL
TYPEWRITER,FONT-MODIFYING WORDS
GOOSE,___BERRY
SANS,FONT-MODIFYING WORDS
ABSENT,ATTENDANCE STATUS
PINCH,STEAL
LATE,ATTENDANCE STATUS
GOTHIC,FONT-MODIFYING WORDS
NICK,STEAL
EXCUSED,ATTENDANCE STATUS
HUNT,ASSOCIATED WITH THE GAME THE OREGON TRAIL
CHECK,RESTRICT
GAME,TICKETED EVENTS
FORD,ASSOCIATED WITH THE GAME THE OREGON TRAIL
PRESIDENT,WHAT “FORD” MIGHT REFER TO
PLAY,TICKETED EVENTS
CAR,WHAT “FORD” MIGHT REFER TO
STOP,RESTRICT
OXEN,ASSOCIATED WITH THE GAME THE OREGON TRAIL
BLOCK,RESTRICT
MOVIE,TICKETED EVENTS
ACTOR,WHAT “FORD” MIGHT REFER TO
DAM,RESTRICT
DYSENTERY,ASSOCIATED WITH THE GAME THE OREGON TRAIL
DIRECTOR,WHAT “FORD” MIGHT REFER TO
CONCERT,TICKETED EVENTS
BELL,SECOND WORDS OF “PETER PAN” CHARACTERS
REFRAIN,DESIST
SPEED,CARD GAMES
CHORUS,ELEMENTS OF GREEK DRAMA
BRIDGE,CARD GAMES
HUBRIS,ELEMENTS OF GREEK DRAMA
DARLING,SECOND WORDS OF “PETER PAN” CHARACTERS
HEARTS,CARD GAMES
HOOK,SECOND WORDS OF “PETER PAN” CHARACTERS
AVOID,DESIST
HERO,ELEMENTS OF GREEK DRAMA
CEASE,DESIST
SPOONS,CARD GAMES
PAN,SECOND WORDS OF “PETER PAN” CHARACTERS
ABSTAIN,DESIST
TRAGEDY,ELEMENTS OF GREEK DRAMA
CROWD,THEY ROAR
SCORE,MESS UP THE SURFACE OF
MAMBA,LATIN DANCES WITH A VOWEL CHANGED
ENGINE,THEY ROAR
BOA,BURLESQUE WEAR
SIMBA,LATIN DANCES WITH A VOWEL CHANGED
KATY PERRY,THEY ROAR
SCAR,MESS UP THE SURFACE OF
LION,THEY ROAR
GARTER,BURLESQUE WEAR
SCRATCH,MESS UP THE SURFACE OF
MERINGUE,LATIN DANCES WITH A VOWEL CHANGED
CORSET,BURLESQUE WEAR
SCRAPE,MESS UP THE SURFACE OF
TANGY,LATIN DANCES WITH A VOWEL CHANGED
STOCKINGS,BURLESQUE WEAR
CASE,UNITS OF BEER
MANTLE,BASEBALL GREATS
SAUCE,COMPONENTS OF A PIZZA
CORE,CENTRAL SECTION OF THE BODY
CRUST,COMPONENTS OF A PIZZA
FORTY,UNITS OF BEER
TRUNK,CENTRAL SECTION OF THE BODY
TROUT,BASEBALL GREATS
TORSO,CENTRAL SECTION OF THE BODY
YOUNG,BASEBALL GREATS
SIX-PACK,UNITS OF BEER
CHEESE,COMPONENTS OF A PIZZA
TOPPINGS,COMPONENTS OF A PIZZA
BONDS,BASEBALL GREATS
MIDRIFF,CENTRAL SECTION OF THE BODY
GROWLER,UNITS OF BEER
GOOD,PERSONAL PROPERTY MINUS “S”
BOY,INTERJECTIONS
BANJO,THINGS YOU CAN PICK
BIRDS,"HORROR MOVIES, WITH “THE”"
NOSE,THINGS YOU CAN PICK
MAN,INTERJECTIONS
POSSESSION,PERSONAL PROPERTY MINUS “S”
GOODNESS,INTERJECTIONS
BELONGING,PERSONAL PROPERTY MINUS “S”
HAUNTING,"HORROR MOVIES, WITH “THE”"
APPLE,THINGS YOU CAN PICK
CARD,THINGS YOU CAN PICK
SHINING,"HORROR MOVIES, WITH “THE”"
EFFECT,PERSONAL PROPERTY MINUS “S”
WOW,INTERJECTIONS
EXORCIST,"HORROR MOVIES, WITH “THE”"
HOT,ADJECTIVES FOR A DESERT
DEVIL,REPRESENTED BY THREE-DIGIT NUMBERS
GOLDEN,"DOG BREEDS, INFORMALLY"
INTRO CLASS,REPRESENTED BY THREE-DIGIT NUMBERS
LAB,"DOG BREEDS, INFORMALLY"
BULLY,"DOG BREEDS, INFORMALLY"
SANDY,ADJECTIVES FOR A DESERT
ADDRESS,SPOKEN PRESENTATION
DRY,ADJECTIVES FOR A DESERT
CANNABIS,REPRESENTED BY THREE-DIGIT NUMBERS
LECTURE,SPOKEN PRESENTATION
JAMES BOND,REPRESENTED BY THREE-DIGIT NUMBERS
TALK,SPOKEN PRESENTATION
CHOW,"DOG BREEDS, INFORMALLY"
VAST,ADJECTIVES FOR A DESERT
SPEECH,SPOKEN PRESENTATION
BAR,WORDS BEFORE “HOP”
JOKE,THINGS YOU CAN CRACK
BUNNY,WORDS BEFORE “HOP”
SHIRT,NEEDS FOR TIE-DYEING A SHIRT
DYE,NEEDS FOR TIE-DYEING A SHIRT
WHIP,THINGS YOU CAN CRACK
SOCK,WORDS BEFORE “HOP”
PEEP,GLIMPSE
EGG,THINGS YOU CAN CRACK
GANDER,GLIMPSE
HIP,WORDS BEFORE “HOP”
RUBBER BANDS,NEEDS FOR TIE-DYEING A SHIRT
LOOK,GLIMPSE
BASIN,NEEDS FOR TIE-DYEING A SHIRT
CODE,THINGS YOU CAN CRACK
GLANCE,GLIMPSE
CELL,THINGS YOU CAN INSERT INTO A SPREADSHEET
IRON,INFO ON A NUTRITION LABEL
TWIST,METAPHOR FOR SOMETHING UNEXPECTED
SHEET,THINGS YOU CAN INSERT INTO A SPREADSHEET
SPRING,HELICAL THINGS
WRENCH,METAPHOR FOR SOMETHING UNEXPECTED
PROTEIN,INFO ON A NUTRITION LABEL
CORKSCREW,HELICAL THINGS
DNA,HELICAL THINGS
CURVEBALL,METAPHOR FOR SOMETHING UNEXPECTED
COLUMN,THINGS YOU CAN INSERT INTO A SPREADSHEET
SODIUM,INFO ON A NUTRITION LABEL
BOMBSHELL,METAPHOR FOR SOMETHING UNEXPECTED
ROW,THINGS YOU CAN INSERT INTO A SPREADSHEET
FAT,INFO ON A NUTRITION LABEL
FUSILLI,HELICAL THINGS
ICE,THINGS THAT ARE SLIPPERY
WHEEL,SEEN IN A POTTERY STUDIO
GREASE,THINGS THAT ARE SLIPPERY
LIGHTNING,NATURAL PRODUCERS OF HEAT
FIRE,NATURAL PRODUCERS OF HEAT
EEL,THINGS THAT ARE SLIPPERY
AXE,"CANCEL, AS A PROJECT"
SUN,NATURAL PRODUCERS OF HEAT
CLAY,SEEN IN A POTTERY STUDIO
SCRAP,"CANCEL, AS A PROJECT"
VOLCANO,NATURAL PRODUCERS OF HEAT
GLAZE,SEEN IN A POTTERY STUDIO
DROP,"CANCEL, AS A PROJECT"
BANANA PEEL,THINGS THAT ARE SLIPPERY
KILN,SEEN IN A POTTERY STUDIO
CUT,"CANCEL, AS A PROJECT"
BEAN,___POLE
GAG,COMEDIC ROUTINE
TRUNK,PARTS OF A TREE
MUZZLE,CANINE/FELINE FEATURES
TAIL,CANINE/FELINE FEATURES
MAY,___POLE
ACT,COMEDIC ROUTINE
PAW,CANINE/FELINE FEATURES
TAD,___POLE
BIT,COMEDIC ROUTINE
ROOT,PARTS OF A TREE
SKETCH,COMEDIC ROUTINE
BRANCH,PARTS OF A TREE
FLAG,___POLE
FUR,CANINE/FELINE FEATURES
LEAF,PARTS OF A TREE
CORNFIELD,THEY HAVE LITERAL/IDIOMATIC EARS
ICEBERG,KINDS OF LETTUCE
BUTTER,KINDS OF LETTUCE
MILK,THINGS THAT ARE WHITE
BABY POWDER,THINGS THAT ARE WHITE
SCARECROW,“BATMAN” VILLAINS
PITCHERS,THEY HAVE LITERAL/IDIOMATIC EARS
POLAR BEAR,THINGS THAT ARE WHITE
PENGUIN,“BATMAN” VILLAINS
LEAF,KINDS OF LETTUCE
MUSICIANS,THEY HAVE LITERAL/IDIOMATIC EARS
BANE,“BATMAN” VILLAINS
WALLS,THEY HAVE LITERAL/IDIOMATIC EARS
SNOW,THINGS THAT ARE WHITE
JOKER,“BATMAN” VILLAINS
ROMAINE,KINDS OF LETTUCE
SPRINGBOARD,STARTING POINT
VACUUM,___ TUBE
SPARK,STARTING POINT
SUMMERTIME,GREAT AMERICAN SONGBOOK SONGS
WINTERGREEN,GUM FLAVORS
WITCHCRAFT,GREAT AMERICAN SONGBOOK SONGS
FALLOPIAN,___ TUBE
BUBBLEGUM,GUM FLAVORS
AUTUMN LEAVES,GREAT AMERICAN SONGBOOK SONGS
CINNAMON,GUM FLAVORS
LAUNCHPAD,STARTING POINT
INNER,___ TUBE
MENTHOL,GUM FLAVORS
UNFORGETTABLE,GREAT AMERICAN SONGBOOK SONGS
TEST,___ TUBE
CATALYST,STARTING POINT
GLEN,VALLEY
GARY,COLOR ANAGRAMS
ROSS,BOBS
COLOR,TINT
HOPE,BOBS
HOLLOW,VALLEY
SHADE,TINT
LUBE,COLOR ANAGRAMS
DELL,VALLEY
DOLE,BOBS
GENRE,COLOR ANAGRAMS
TONE,TINT
HUE,TINT
DRE,COLOR ANAGRAMS
DALE,VALLEY
MARLEY,BOBS
MASSAGE,SWEDISH ___
TIMES,CALCULATOR BUTTONS
RUFFLE,SALTY SNACK UNIT
FISH,SWEDISH ___
PERCENT,CALCULATOR BUTTONS
SHOCK,AMOUNTS OF HAIR
MEATBALL,SWEDISH ___
GOLDFISH,SALTY SNACK UNIT
COMBO,SALTY SNACK UNIT
LOCK,AMOUNTS OF HAIR
EQUALS,CALCULATOR BUTTONS
THATCH,AMOUNTS OF HAIR
CHEF,SWEDISH ___
MINUS,CALCULATOR BUTTONS
TUFT,AMOUNTS OF HAIR
TAKI,SALTY SNACK UNIT
MOUSSE,HAIR PRODUCTS
DRAIN,WEARY
BARE,AUSTERE
TIRE,WEARY
HAIR,CLUES AT A CRIME SCENE
BORE,WEARY
TIRE MARK,CLUES AT A CRIME SCENE
EXHAUST,WEARY
PLAIN,AUSTERE
SPRAY,HAIR PRODUCTS
SPARE,AUSTERE
FIBER,CLUES AT A CRIME SCENE
WAX,HAIR PRODUCTS
SIMPLE,AUSTERE
FINGERPRINT,CLUES AT A CRIME SCENE
GEL,HAIR PRODUCTS
LADDER,THINGS TO CLIMB
BATTER,COOKING CONCOCTIONS
SUIT,"WHAT ""DIAMOND"" CAN REFER TO"
CANDLESTICK,SEEN ON A TABLE AT A DINNER PARTY
INFIELD,"WHAT ""DIAMOND"" CAN REFER TO"
ROPE,THINGS TO CLIMB
PASTE,COOKING CONCOCTIONS
PITCHER,SEEN ON A TABLE AT A DINNER PARTY
GEMSTONE,"WHAT ""DIAMOND"" CAN REFER TO"
MOUNTAIN,THINGS TO CLIMB
PLATE,SEEN ON A TABLE AT A DINNER PARTY
MIXTURE,COOKING CONCOCTIONS
TREE,THINGS TO CLIMB
DOUGH,COOKING CONCOCTIONS
RHOMBUS,"WHAT ""DIAMOND"" CAN REFER TO"
PLACEMAT,SEEN ON A TABLE AT A DINNER PARTY
HEEL,PARTS OF A SHOE
ROOM,ACCOMMODATION
DYNASTY,ENDING WITH SYNONYMS FOR “YUCK”
FACE,REPUTATION
GIMMICK,ENDING WITH SYNONYMS FOR “YUCK”
STANDING,REPUTATION
SEATING,ACCOMMODATION
MILDEW,ENDING WITH SYNONYMS FOR “YUCK”
UPPER,PARTS OF A SHOE
SOLE,PARTS OF A SHOE
REGARD,REPUTATION
CHAIRS,ACCOMMODATION
CAPACITY,ACCOMMODATION
ENGROSS,ENDING WITH SYNONYMS FOR “YUCK”
TONGUE,PARTS OF A SHOE
IMAGE,REPUTATION
POCKET,"WORDS THAT PRECEDE ""-SIZE"" TO MEAN SMALL"
SHAKE,"STOP, AS A HABIT"
PURSE,WINNINGS
PAN,MOVIE CAMERA VERBS
POT,WINNINGS
DOLLY,MOVIE CAMERA VERBS
FUN,"WORDS THAT PRECEDE ""-SIZE"" TO MEAN SMALL"
PRIZE,WINNINGS
TRAVEL,"WORDS THAT PRECEDE ""-SIZE"" TO MEAN SMALL"
BREAK,"STOP, AS A HABIT"
BITE,"WORDS THAT PRECEDE ""-SIZE"" TO MEAN SMALL"
KICK,"STOP, AS A HABIT"
ZOOM,MOVIE CAMERA VERBS
DROP,"STOP, AS A HABIT"
REWARD,WINNINGS
TILT,MOVIE CAMERA VERBS
DOG,BBQ OFFERING
STATUE,KINDS OF CARVINGS
GOOSE,___NECK
PROP,PILLAR
TURTLE,___NECK
BOTTLE,___NECK
WING,BBQ OFFERING
BUST,KINDS OF CARVINGS
SUPPORT,PILLAR
RELIEF,KINDS OF CARVINGS
BREAK,___NECK
LINK,BBQ OFFERING
POST,PILLAR
RIB,BBQ OFFERING
TORSO,KINDS OF CARVINGS
BRACE,PILLAR
SMOKE,DEFEAT SOUNDLY
SHELL,“WILL” CONTRACTIONS WITHOUT THE APOSTROPHE
FIRE,AWESOME
MILK,URL ENDINGS PLUS A LETTER
CREAM,DEFEAT SOUNDLY
COMP,URL ENDINGS PLUS A LETTER
HELL,“WILL” CONTRACTIONS WITHOUT THE APOSTROPHE
LIT,AWESOME
SICK,AWESOME
LICK,DEFEAT SOUNDLY
PASTE,DEFEAT SOUNDLY
NETI,URL ENDINGS PLUS A LETTER
ORGO,URL ENDINGS PLUS A LETTER
ILL,“WILL” CONTRACTIONS WITHOUT THE APOSTROPHE
WELL,“WILL” CONTRACTIONS WITHOUT THE APOSTROPHE
DOPE,AWESOME
CHEWY,QUALITIES OF OVERCOOKED MEAT
NOODLE,PLAY SOME ELECTRIC GUITAR
CARS,PLANETS/DWARF PLANET WITH FIRST LETTER CHANGED
DARTH,PLANETS/DWARF PLANET WITH FIRST LETTER CHANGED
JAM,PLAY SOME ELECTRIC GUITAR
BOBA,INGREDIENTS IN BUBBLE TEA
TOUGH,QUALITIES OF OVERCOOKED MEAT
SHRED,PLAY SOME ELECTRIC GUITAR
SOLO,PLAY SOME ELECTRIC GUITAR
DRY,QUALITIES OF OVERCOOKED MEAT
SUGAR,INGREDIENTS IN BUBBLE TEA
BLUTO,PLANETS/DWARF PLANET WITH FIRST LETTER CHANGED
TEA,INGREDIENTS IN BUBBLE TEA
GENUS,PLANETS/DWARF PLANET WITH FIRST LETTER CHANGED
STRINGY,QUALITIES OF OVERCOOKED MEAT
MILK,INGREDIENTS IN BUBBLE TEA
TORPEDO,THINGS THAT ARE LONG AND CYLINDRICAL
BAT,ASSOCIATED WITH COUNT DRACULA
COAST,GLIDE
LEVEL,STOP CHANGING
CAPE,ASSOCIATED WITH COUNT DRACULA
BATON,THINGS THAT ARE LONG AND CYLINDRICAL
PLATEAU,STOP CHANGING
HOAGIE,THINGS THAT ARE LONG AND CYLINDRICAL
SETTLE,STOP CHANGING
CRUISE,GLIDE
CIGAR,THINGS THAT ARE LONG AND CYLINDRICAL
CASTLE,ASSOCIATED WITH COUNT DRACULA
FLOAT,GLIDE
FLATTEN,STOP CHANGING
FANG,ASSOCIATED WITH COUNT DRACULA
DRIFT,GLIDE
HUSH,SILENCE
RIBBON,STARTING WITH SYNONYMS FOR “TEASE”
BABY,COMPARATIVELY SMALL
TOY,COMPARATIVELY SMALL
MINUTE,COMPARATIVELY SMALL
MOCKINGBIRD,STARTING WITH SYNONYMS FOR “TEASE”
GAME,TENNIS COMPETITION UNITS
RAZZMATAZZ,STARTING WITH SYNONYMS FOR “TEASE”
STILL,SILENCE
SET,TENNIS COMPETITION UNITS
COMPACT,COMPARATIVELY SMALL
PEACE,SILENCE
MATCH,TENNIS COMPETITION UNITS
CALM,SILENCE
KIDNEY,STARTING WITH SYNONYMS FOR “TEASE”
TOURNAMENT,TENNIS COMPETITION UNITS
CHORAL,HOMOPHONES OF GEMSTONES
CUPS,TAROT MINOR ARCANA SUITS
KNIT,"GET BETTER, AS A BROKEN BONE"
SAVE,NOT INCLUDING
RECOVER,"GET BETTER, AS A BROKEN BONE"
PURL,HOMOPHONES OF GEMSTONES
BUT,NOT INCLUDING
QUARTS,HOMOPHONES OF GEMSTONES
SWORDS,TAROT MINOR ARCANA SUITS
BESIDES,NOT INCLUDING
MEND,"GET BETTER, AS A BROKEN BONE"
PENTACLES,TAROT MINOR ARCANA SUITS
OPEL,HOMOPHONES OF GEMSTONES
HEAL,"GET BETTER, AS A BROKEN BONE"
WANDS,TAROT MINOR ARCANA SUITS
EXCEPT,NOT INCLUDING
PEN,COMMIT TO PAPER
CUP,NEEDS FOR PLAYING YAHTZEE
JOY,___STICK
WICK,HEROES OF ACTION MOVIE FRANCHISES
CHOP,___STICK
CANDLE,___STICK
OCEAN,HEROES OF ACTION MOVIE FRANCHISES
DICE,NEEDS FOR PLAYING YAHTZEE
YARD,___STICK
PENCIL,NEEDS FOR PLAYING YAHTZEE
AUTHOR,COMMIT TO PAPER
BOND,HEROES OF ACTION MOVIE FRANCHISES
COMPOSE,COMMIT TO PAPER
JONES,HEROES OF ACTION MOVIE FRANCHISES
SCORECARD,NEEDS FOR PLAYING YAHTZEE
WRITE,COMMIT TO PAPER
DIM,"FUZZY, AS A MEMORY"
SUM,RESULTS OF SOME ARITHMETIC
PRODUCT,RESULTS OF SOME ARITHMETIC
SHADE,WINDOW TREATMENTS IN THE SINGULAR
COLOR,TV DISPLAY SETTINGS
DRAPE,WINDOW TREATMENTS IN THE SINGULAR
REMOTE,"FUZZY, AS A MEMORY"
DIFFERENCE,RESULTS OF SOME ARITHMETIC
CONTRAST,TV DISPLAY SETTINGS
FAINT,"FUZZY, AS A MEMORY"
SHUTTER,WINDOW TREATMENTS IN THE SINGULAR
TINT,TV DISPLAY SETTINGS
QUOTIENT,RESULTS OF SOME ARITHMETIC
BLIND,WINDOW TREATMENTS IN THE SINGULAR
BRIGHTNESS,TV DISPLAY SETTINGS
VAGUE,"FUZZY, AS A MEMORY"
BEANS,VIGOR
MINUS,WITHOUT
LOVE,LETTER SIGN-OFFS
ENERGY,VIGOR
ZIP,VIGOR
BEST,LETTER SIGN-OFFS
COMIC,___ STRIP
SANS,WITHOUT
SINCERELY,LETTER SIGN-OFFS
WANTING,WITHOUT
BACON,___ STRIP
SUNSET,___ STRIP
ABSENT,WITHOUT
LANDING,___ STRIP
CHEERS,LETTER SIGN-OFFS
PEP,VIGOR
BOSS,COMMON VIDEO GAME FEATURES
GOOSE,MOTHER ___
TICKLE,MAKE HAPPY
SUIT,MAKE HAPPY
DUCK,EVADE
HEALTH,COMMON VIDEO GAME FEATURES
SHAKE,EVADE
SKIRT,EVADE
PLEASE,MAKE HAPPY
MAY I,MOTHER ___
SUPERIOR,MOTHER ___
LEVEL,COMMON VIDEO GAME FEATURES
DODGE,EVADE
DELIGHT,MAKE HAPPY
EARTH,MOTHER ___
POWER-UP,COMMON VIDEO GAME FEATURES
VISIT,THINGS TRACKED BY WEB ANALYTICS
BANK,REBOUND
WALLET,PLACES TO FIND PAPER MONEY
HIT,THINGS TRACKED BY WEB ANALYTICS
SMACK,THINGS YOU CAN DO WITH YOUR LIPS
ATM,PLACES TO FIND PAPER MONEY
CASH REGISTER,PLACES TO FIND PAPER MONEY
BOUNCE,REBOUND
CLICK,THINGS TRACKED BY WEB ANALYTICS
TIP JAR,PLACES TO FIND PAPER MONEY
PURSE,THINGS YOU CAN DO WITH YOUR LIPS
CAROM,REBOUND
CURL,THINGS YOU CAN DO WITH YOUR LIPS
PAGE VIEW,THINGS TRACKED BY WEB ANALYTICS
RICOCHET,REBOUND
PUCKER,THINGS YOU CAN DO WITH YOUR LIPS
BAZAAR,PLACES TO SHOP
SUPREME,KINDS OF PIZZA
VACUUM,___ CLEANER
VEGGIE,KINDS OF PIZZA
EVERGREEN,ENDING WITH COLORS
BATHROOM,___ CLEANER
FAIR,PLACES TO SHOP
HAWAIIAN,KINDS OF PIZZA
PIPE,___ CLEANER
INFRARED,ENDING WITH COLORS
PLAIN,KINDS OF PIZZA
OUTLET,PLACES TO SHOP
MARIGOLD,ENDING WITH COLORS
MARKET,PLACES TO SHOP
DRY,___ CLEANER
QUICKSILVER,ENDING WITH COLORS
BABE,TITULAR ANIMALS OF FILM
PSYCHE,STARTING WITH SILENT LETTERS
DRAW,ABSORB USING CAPILLARY ACTION
NEO,GREEK PREFIXES
MNEMONIC,STARTING WITH SILENT LETTERS
BOLT,TITULAR ANIMALS OF FILM
KNEE,STARTING WITH SILENT LETTERS
WICK,ABSORB USING CAPILLARY ACTION
TED,TITULAR ANIMALS OF FILM
HYPER,GREEK PREFIXES
PULL,ABSORB USING CAPILLARY ACTION
GNOME,STARTING WITH SILENT LETTERS
KILO,GREEK PREFIXES
DUMBO,TITULAR ANIMALS OF FILM
META,GREEK PREFIXES
SUCK,ABSORB USING CAPILLARY ACTION
FLUTE,LAST WORDS OF FAMOUS OPERA TITLES
MADRID,REAL ___
GROUNDS,RATIONALE
ICE,TYPES OF SNOW
ESTATE,REAL ___
POWDER,TYPES OF SNOW
SEVILLE,LAST WORDS OF FAMOUS OPERA TITLES
FOUNDATION,RATIONALE
BUTTERFLY,LAST WORDS OF FAMOUS OPERA TITLES
WORLD,REAL ___
REASON,RATIONALE
CRUST,TYPES OF SNOW
SLUSH,TYPES OF SNOW
BASIS,RATIONALE
BESS,LAST WORDS OF FAMOUS OPERA TITLES
DEAL,REAL ___
RODEO,ASSOCIATED WITH BULLS
HOURGLASS,ENDING WITH BUILDING MATERIALS
KUBRICK,ENDING WITH BUILDING MATERIALS
SUNSET,DISCONTINUE
TREE,KINDS OF PLANTS
SCRAP,DISCONTINUE
WALL STREET,ASSOCIATED WITH BULLS
VINE,KINDS OF PLANTS
MICHAEL JORDAN,ASSOCIATED WITH BULLS
HOLLYWOOD,ENDING WITH BUILDING MATERIALS
HERB,KINDS OF PLANTS
TAURUS,ASSOCIATED WITH BULLS
END,DISCONTINUE
SHRUB,KINDS OF PLANTS
NEUROPLASTIC,ENDING WITH BUILDING MATERIALS
DISSOLVE,DISCONTINUE
MACARONI,KINDS OF PENGUINS
ANIMAL,MEMBER OF A KINGDOM IN TAXONOMY
KING,KINDS OF PENGUINS
MAIL,“E” THINGS
RULER,GRADUATED INSTRUMENTS
SCOOTER,“E” THINGS
PLANT,MEMBER OF A KINGDOM IN TAXONOMY
EMPEROR,KINDS OF PENGUINS
BEAKER,GRADUATED INSTRUMENTS
BACTERIA,MEMBER OF A KINGDOM IN TAXONOMY
COMMERCE,“E” THINGS
SYRINGE,GRADUATED INSTRUMENTS
FUNGUS,MEMBER OF A KINGDOM IN TAXONOMY
SIGNATURE,“E” THINGS
CHINSTRAP,KINDS OF PENGUINS
PROTRACTOR,GRADUATED INSTRUMENTS
ALMOST,ENCOURAGING RESPONSES IN A GUESSING GAME
ATHLETIC,WHAT “A” MIGHT MEAN
OPEN,UP FOR ANYTHING
CLOSE,ENCOURAGING RESPONSES IN A GUESSING GAME
WARM,ENCOURAGING RESPONSES IN A GUESSING GAME
FLEXIBLE,UP FOR ANYTHING
EXCELLENT,WHAT “A” MIGHT MEAN
EXERCISE,TASKS FOR A STUDENT
AREA,WHAT “A” MIGHT MEAN
DRILL,TASKS FOR A STUDENT
ONE,WHAT “A” MIGHT MEAN
GAME,UP FOR ANYTHING
EASY,UP FOR ANYTHING
ASSIGNMENT,TASKS FOR A STUDENT
NOT QUITE,ENCOURAGING RESPONSES IN A GUESSING GAME
LESSON,TASKS FOR A STUDENT
MELON,FEATURES OF A TOOTHED WHALE
BALL,FUNDRAISING EVENT
CHANCE,SPACES ON A MONOPOLY BOARD
BAWL,HOMOPHONES OF PARTS OF THE FOOT
SOUL,HOMOPHONES OF PARTS OF THE FOOT
BLUBBER,FEATURES OF A TOOTHED WHALE
FUNCTION,FUNDRAISING EVENT
FLUKE,FEATURES OF A TOOTHED WHALE
UTILITY,SPACES ON A MONOPOLY BOARD
TOW,HOMOPHONES OF PARTS OF THE FOOT
AVENUE,SPACES ON A MONOPOLY BOARD
BENEFIT,FUNDRAISING EVENT
FLIPPER,FEATURES OF A TOOTHED WHALE
RAILROAD,SPACES ON A MONOPOLY BOARD
GALA,FUNDRAISING EVENT
HEAL,HOMOPHONES OF PARTS OF THE FOOT
LEDGER,ACCOUNT BOOK
DAY,WORDS BEFORE “BED”
BROWN,DETECTIVES OF KID-LIT
HORSE,SEEN IN A BARN
WATER,WORDS BEFORE “BED”
HARDY,DETECTIVES OF KID-LIT
LOG,ACCOUNT BOOK
MURPHY,WORDS BEFORE “BED”
BALE,SEEN IN A BARN
DREW,DETECTIVES OF KID-LIT
CANOPY,WORDS BEFORE “BED”
RECORD,ACCOUNT BOOK
TROUGH,SEEN IN A BARN
REGISTER,ACCOUNT BOOK
HOLMES,DETECTIVES OF KID-LIT
PITCHFORK,SEEN IN A BARN
TRASH,FOLDERS ON A MAC
PATCH,MEDICINE FORMATS
LAPTOP,THINGS THAT OPEN LIKE A CLAM
BAR,"PROHIBIT, AS ENTRY"
REFUSE,"PROHIBIT, AS ENTRY"
MUSIC,FOLDERS ON A MAC
COMPACT,THINGS THAT OPEN LIKE A CLAM
DESKTOP,FOLDERS ON A MAC
CLAM,THINGS THAT OPEN LIKE A CLAM
BLOCK,"PROHIBIT, AS ENTRY"
TABLET,MEDICINE FORMATS
PICTURES,FOLDERS ON A MAC
CREAM,MEDICINE FORMATS
WAFFLE IRON,THINGS THAT OPEN LIKE A CLAM
DENY,"PROHIBIT, AS ENTRY"
SPRAY,MEDICINE FORMATS
ASTERISK,FINE PRINT
SHREK,CHARACTERS WITH GREEN SKIN
BRIDGE TROLL,FAMOUS RIDDLE-GIVERS
POOL,FEATURES OF THE NATIONAL MALL IN D.C.
HULK,CHARACTERS WITH GREEN SKIN
SPHINX,FAMOUS RIDDLE-GIVERS
CATCH,FINE PRINT
GRINCH,CHARACTERS WITH GREEN SKIN
RIDDLER,FAMOUS RIDDLE-GIVERS
ELPHABA,CHARACTERS WITH GREEN SKIN
OBELISK,FEATURES OF THE NATIONAL MALL IN D.C.
STRINGS,FINE PRINT
CAPITOL,FEATURES OF THE NATIONAL MALL IN D.C.
CONDITION,FINE PRINT
MAD HATTER,FAMOUS RIDDLE-GIVERS
MALL,FEATURES OF THE NATIONAL MALL IN D.C.
STONE,BRITISH IMPERIAL UNITS OF WEIGHT
FIBER,ONE’S CONSTITUTION
MARBLE,WHAT “CAT’S EYE” CAN BE USED TO DESCRIBE
EYELINER,WHAT “CAT’S EYE” CAN BE USED TO DESCRIBE
BLOWOUT,QUITE THE PARTY
MAKEUP,ONE’S CONSTITUTION
POUND,BRITISH IMPERIAL UNITS OF WEIGHT
BASH,QUITE THE PARTY
NATURE,ONE’S CONSTITUTION
GLASSES,WHAT “CAT’S EYE” CAN BE USED TO DESCRIBE
BLAST,QUITE THE PARTY
DRAM,BRITISH IMPERIAL UNITS OF WEIGHT
NEBULA,WHAT “CAT’S EYE” CAN BE USED TO DESCRIBE
OUNCE,BRITISH IMPERIAL UNITS OF WEIGHT
CHARACTER,ONE’S CONSTITUTION
RAVE,QUITE THE PARTY
WALKER,BLACK WOMEN AUTHORS
JET,NEW YORK SPORTS TEAM MEMBERS
STROLLER,BABY GEAR
JOGGER,"KINDS OF PANTS MINUS ""S"""
NET,NEW YORK SPORTS TEAM MEMBERS
HOOKS,BLACK WOMEN AUTHORS
RANGER,NEW YORK SPORTS TEAM MEMBERS
MONITOR,BABY GEAR
BUTLER,BLACK WOMEN AUTHORS
MET,NEW YORK SPORTS TEAM MEMBERS
BOTTLE,BABY GEAR
SLACK,"KINDS OF PANTS MINUS ""S"""
GAY,BLACK WOMEN AUTHORS
CAPRI,"KINDS OF PANTS MINUS ""S"""
JEAN,"KINDS OF PANTS MINUS ""S"""
BIB,BABY GEAR
DOUBLE,DOPPELGÄNGER
HELIX,EAR PIERCING SITES
SNAIL,___ MAIL
KING,PLAYING CARDS
CONCH,EAR PIERCING SITES
QUEEN,PLAYING CARDS
TWIN,DOPPELGÄNGER
ROOK,EAR PIERCING SITES
ELECTRONIC,___ MAIL
JUNK,___ MAIL
ACE,PLAYING CARDS
RINGER,DOPPELGÄNGER
JACK,PLAYING CARDS
LOBE,EAR PIERCING SITES
CLONE,DOPPELGÄNGER
CHAIN,___ MAIL
JOKER,CARD GAMES WITH FIRST LETTER CHANGED
TEDDY,LINGERIE
SHEET,ITEMS IN A LINEN CLOSET
FRIDGE,CARD GAMES WITH FIRST LETTER CHANGED
POLAR,DIAMETRIC
TOWEL,ITEMS IN A LINEN CLOSET
COUNTER,DIAMETRIC
GUMMY,CARD GAMES WITH FIRST LETTER CHANGED
SLIP,LINGERIE
DIN,CARD GAMES WITH FIRST LETTER CHANGED
WASHCLOTH,ITEMS IN A LINEN CLOSET
HOSE,LINGERIE
REVERSE,DIAMETRIC
PILLOWCASE,ITEMS IN A LINEN CLOSET
GARTER,LINGERIE
OPPOSITE,DIAMETRIC
CAROUSEL,AIRPORT FEATURES
CANDELABRA,WHAT CHARACTERS WERE TRANSFORMED INTO IN “BEAUTY AND THE BEAST”
COASTER,ROUND FLAT THINGS
CLOCK,WHAT CHARACTERS WERE TRANSFORMED INTO IN “BEAUTY AND THE BEAST”
SLIDE,GUITAR PLAYING TECHNIQUES
GATE,AIRPORT FEATURES
RECORD,ROUND FLAT THINGS
TEACUP,WHAT CHARACTERS WERE TRANSFORMED INTO IN “BEAUTY AND THE BEAST”
BEAST,WHAT CHARACTERS WERE TRANSFORMED INTO IN “BEAUTY AND THE BEAST”
PICK,GUITAR PLAYING TECHNIQUES
LOUNGE,AIRPORT FEATURES
PANCAKE,ROUND FLAT THINGS
STRUM,GUITAR PLAYING TECHNIQUES
FRISBEE,ROUND FLAT THINGS
BEND,GUITAR PLAYING TECHNIQUES
FOOD COURT,AIRPORT FEATURES
CHICAGO,BEST PICTURE WINNERS SINCE 2000
POPE,MUSIC GENRES PLUS A LETTER
MOONLIGHT,BEST PICTURE WINNERS SINCE 2000
BRIDGE,CONNECT
WHEEL,PARTS OF A BIKE
ROCKY,MUSIC GENRES PLUS A LETTER
CHAIN,PARTS OF A BIKE
LINK,CONNECT
BLUEST,MUSIC GENRES PLUS A LETTER
UNITE,CONNECT
GLADIATOR,BEST PICTURE WINNERS SINCE 2000
PEDAL,PARTS OF A BIKE
JOIN,CONNECT
SADDLE,PARTS OF A BIKE
SKAT,MUSIC GENRES PLUS A LETTER
CRASH,BEST PICTURE WINNERS SINCE 2000
FROST,VERBS FOR FINISHING DONUTS
RIGHT,SUITABLE
MUSCULAR,WHAT “BUFF” MIGHT MEAN
HONOR,SALUTE
HAIL,SALUTE
FIT,SUITABLE
POLISH,WHAT “BUFF” MIGHT MEAN
POWDER,VERBS FOR FINISHING DONUTS
PROPER,SUITABLE
ENTHUSIAST,WHAT “BUFF” MIGHT MEAN
NUDE,WHAT “BUFF” MIGHT MEAN
APPLAUD,SALUTE
SPRINKLE,VERBS FOR FINISHING DONUTS
PRAISE,SALUTE
APT,SUITABLE
GLAZE,VERBS FOR FINISHING DONUTS
TAPE,THEY'RE ON A ROLL!
RADIO,WORDS BEFORE “SHACK”
WATER BOTTLE,COMMON SWAG ITEMS
CLUB,RODS
STICK,RODS
CADDY,WORDS BEFORE “SHACK”
SHAKE,WORDS BEFORE “SHACK”
HAT,COMMON SWAG ITEMS
TEE,COMMON SWAG ITEMS
STAFF,RODS
TOILET PAPER,THEY'RE ON A ROLL!
BAT,RODS
RIBBON,THEY'RE ON A ROLL!
TOTE,COMMON SWAG ITEMS
LOVE,WORDS BEFORE “SHACK”
FOIL,THEY'RE ON A ROLL!
RASPBERRY,THINGS YOU CAN BLOW
CAVITY,ALCOVE
PROOF,VERBS IN BREADMAKING
FERMENT,VERBS IN BREADMAKING
PLAQUE,WAYS TO RECOGNIZE ACHIEVEMENT
BUBBLE,THINGS YOU CAN BLOW
CERTIFICATE,WAYS TO RECOGNIZE ACHIEVEMENT
REST,VERBS IN BREADMAKING
RECESS,ALCOVE
KISS,THINGS YOU CAN BLOW
HOLLOW,ALCOVE
MEDAL,WAYS TO RECOGNIZE ACHIEVEMENT
FUSE,THINGS YOU CAN BLOW
RISE,VERBS IN BREADMAKING
TROPHY,WAYS TO RECOGNIZE ACHIEVEMENT
NOOK,ALCOVE
DIVE,LOCAL WATERING HOLE
SLUSH,___ FUND
FENCE,COMPETE IN A MODERN PENTATHLON
LOCK,"ENSURE, AS A VICTORY"
SWIM,COMPETE IN A MODERN PENTATHLON
HEDGE,___ FUND
ICE,"ENSURE, AS A VICTORY"
HAUNT,LOCAL WATERING HOLE
MUTUAL,___ FUND
GUARANTEE,"ENSURE, AS A VICTORY"
JOINT,LOCAL WATERING HOLE
RIDE,COMPETE IN A MODERN PENTATHLON
CINCH,"ENSURE, AS A VICTORY"
SHOOT,COMPETE IN A MODERN PENTATHLON
TRUST,___ FUND
ESTABLISHMENT,LOCAL WATERING HOLE
SPHYNX,WORDS WHOSE ONLY VOWEL IS “Y”
TREASURE,HOLD DEAR
MARKDOWN,NAMES ENDING IN “K” PLUS WORD
ODYSSEY,EXPEDITION
JACKPOT,NAMES ENDING IN “K” PLUS WORD
FRANKINCENSE,NAMES ENDING IN “K” PLUS WORD
MYRRH,WORDS WHOSE ONLY VOWEL IS “Y”
VALUE,HOLD DEAR
NYMPH,WORDS WHOSE ONLY VOWEL IS “Y”
JOURNEY,EXPEDITION
ESTEEM,HOLD DEAR
NICKNAME,NAMES ENDING IN “K” PLUS WORD
VOYAGE,EXPEDITION
PRIZE,HOLD DEAR
RHYTHM,WORDS WHOSE ONLY VOWEL IS “Y”
QUEST,EXPEDITION
SHOWBOAT,BE OSTENTATIOUS
TENNIS,KINDS OF BRACELETS
ID,KINDS OF BRACELETS
WITCHCRAFT,THINGS YOU CAN PRACTICE
FRIENDSHIP,KINDS OF BRACELETS
SELF-CARE,THINGS YOU CAN PRACTICE
HUNKY-DORY,COPACETIC
POSTURE,BE OSTENTATIOUS
OK,COPACETIC
LAW,THINGS YOU CAN PRACTICE
FINE,COPACETIC
CHARM,KINDS OF BRACELETS
GRANDSTAND,BE OSTENTATIOUS
SWELL,COPACETIC
MEDICINE,THINGS YOU CAN PRACTICE
SWAGGER,BE OSTENTATIOUS
PIPE,IMAGERY IN MAGRITTE PAINTINGS
HOOK,PARTS OF A SONG
ROOT,SUPPORT AUDIBLY
APPLE,IMAGERY IN MAGRITTE PAINTINGS
CHEER,SUPPORT AUDIBLY
CONSOLE,THINGS IN AN ENTRYWAY
CLOUD,IMAGERY IN MAGRITTE PAINTINGS
BRIDGE,PARTS OF A SONG
RUNNER,THINGS IN AN ENTRYWAY
BOWLER,IMAGERY IN MAGRITTE PAINTINGS
REFRAIN,PARTS OF A SONG
WHISTLE,SUPPORT AUDIBLY
BENCH,THINGS IN AN ENTRYWAY
CHORUS,PARTS OF A SONG
CLAP,SUPPORT AUDIBLY
COAT RACK,THINGS IN AN ENTRYWAY
PIPE,PLUMBING EQUIPMENT
EVE,PRECIPICE
SUMMER,BEST FEMALE ROCK PERFORMANCE GRAMMY WINNERS
APPLE,BEST FEMALE ROCK PERFORMANCE GRAMMY WINNERS
SNAKE,PLUMBING EQUIPMENT
RIM,WAYS TO MODIFY A CAR'S EXTERIOR
CROW,BEST FEMALE ROCK PERFORMANCE GRAMMY WINNERS
VERGE,PRECIPICE
BUMPER,WAYS TO MODIFY A CAR'S EXTERIOR
TURNER,BEST FEMALE ROCK PERFORMANCE GRAMMY WINNERS
PLUNGER,PLUMBING EQUIPMENT
SPOILER,WAYS TO MODIFY A CAR'S EXTERIOR
BRINK,PRECIPICE
WRENCH,PLUMBING EQUIPMENT
GRILLE,WAYS TO MODIFY A CAR'S EXTERIOR
CUSP,PRECIPICE
CONVENTION,WHAT “CON” MIGHT MEAN
REPORTER,NEWSPAPER JOBS
SHADOWBOXER,ENDING WITH KINDS OF DOGS
CRIMINAL,WHAT “CON” MIGHT MEAN
STANDARD,EVERYDAY
NEWSHOUND,ENDING WITH KINDS OF DOGS
PHOTOGRAPHER,NEWSPAPER JOBS
ROUTINE,EVERYDAY
EDITOR,NEWSPAPER JOBS
REGULAR,EVERYDAY
TRENDSETTER,ENDING WITH KINDS OF DOGS
DRAWBACK,WHAT “CON” MIGHT MEAN
SWINDLE,WHAT “CON” MIGHT MEAN
SNICKERDOODLE,ENDING WITH KINDS OF DOGS
COLUMNIST,NEWSPAPER JOBS
COMMON,EVERYDAY
FOUND,ESTABLISH
NUMBER,DITTY
STRAIN,DITTY
ONION,SPRING ___
STRETCH,TIPS FOR WORKING OUT SAFELY
AIR,DITTY
FLING,SPRING ___
LAUNCH,ESTABLISH
START,ESTABLISH
REST,TIPS FOR WORKING OUT SAFELY
CHICKEN,SPRING ___
INSTITUTE,ESTABLISH
BREATHE,TIPS FOR WORKING OUT SAFELY
EQUINOX,SPRING ___
HYDRATE,TIPS FOR WORKING OUT SAFELY
SONG,DITTY
LAST,PERSIST
BULL,ANIMAL METAPHORS IN ECONOMICS
BORN,SIDEBAR INFO ON A PERSON’S WIKIPEDIA PAGE
BRED,HOMOPHONES OF SLANG FOR MONEY
DOE,HOMOPHONES OF SLANG FOR MONEY
STAND,PERSIST
SPOUSE,SIDEBAR INFO ON A PERSON’S WIKIPEDIA PAGE
BEAR,ANIMAL METAPHORS IN ECONOMICS
EDUCATION,SIDEBAR INFO ON A PERSON’S WIKIPEDIA PAGE
CACHE,HOMOPHONES OF SLANG FOR MONEY
DOVE,ANIMAL METAPHORS IN ECONOMICS
HOLD,PERSIST
LUTE,HOMOPHONES OF SLANG FOR MONEY
STAY,PERSIST
OCCUPATION,SIDEBAR INFO ON A PERSON’S WIKIPEDIA PAGE
HAWK,ANIMAL METAPHORS IN ECONOMICS
PRINT,KEYBOARD SHORTCUT COMMANDS
GENUS,SPELLING BEE RANKS MINUS A LETTER
RING,CRIME ORGANIZATION
BOOK,SECURE IN ADVANCE
FAMILY,CRIME ORGANIZATION
SLID,SPELLING BEE RANKS MINUS A LETTER
ORDER,SECURE IN ADVANCE
SAVE,KEYBOARD SHORTCUT COMMANDS
RESERVE,SECURE IN ADVANCE
PASTE,KEYBOARD SHORTCUT COMMANDS
GOO,SPELLING BEE RANKS MINUS A LETTER
CREW,CRIME ORGANIZATION
MAZING,SPELLING BEE RANKS MINUS A LETTER
REQUEST,SECURE IN ADVANCE
SYNDICATE,CRIME ORGANIZATION
QUIT,KEYBOARD SHORTCUT COMMANDS
CHILL,'80S SLANG
IMAGE,THINGS YOU CAN INSERT IN A DOCUMENT
MODERATE,ARBITRATE
RADICAL,'80S SLANG
TABLE,THINGS YOU CAN INSERT IN A DOCUMENT
JUDGE,ARBITRATE
CIVIC,___ DUTY
CHAIR,ARBITRATE
JURY,___ DUTY
WORD,'80S SLANG
TEXT BOX,THINGS YOU CAN INSERT IN A DOCUMENT
CUSTOMS,___ DUTY
PSYCH,'80S SLANG
CHART,THINGS YOU CAN INSERT IN A DOCUMENT
HEAVY,___ DUTY
MEDIATE,ARBITRATE
EYEBROW,ARC-SHAPED THINGS
NUMBER,WAYS TO DENOTE A CITATION
RAINBOW,ARC-SHAPED THINGS
ROOSTER,CEREAL MASCOTS
LEPRECHAUN,CEREAL MASCOTS
DAGGER,WAYS TO DENOTE A CITATION
COUNT,CEREAL MASCOTS
CROW,BOAST
ASTERISK,WAYS TO DENOTE A CITATION
FLIGHT PATH,ARC-SHAPED THINGS
STRUT,BOAST
BANANA,ARC-SHAPED THINGS
SHOW OFF,BOAST
PARENS,WAYS TO DENOTE A CITATION
ELVES,CEREAL MASCOTS
BLUSTER,BOAST
BOWLING,ENGAGING IN AN ACTIVITY WITH PINS OR NEEDLES
WRESTLING,ENGAGING IN AN ACTIVITY WITH PINS OR NEEDLES
MISSING,STARTING WITH TITLES
DISHING,GOSSIPING
SPOONING,GETTING COZY
SIRING,STARTING WITH TITLES
BUZZING,GOSSIPING
SEWING,ENGAGING IN AN ACTIVITY WITH PINS OR NEEDLES
LORDING,STARTING WITH TITLES
SPILLING,GOSSIPING
HUGGING,GETTING COZY
DOCTORING,STARTING WITH TITLES
SNUGGLING,GETTING COZY
ACUPUNCTURING,ENGAGING IN AN ACTIVITY WITH PINS OR NEEDLES
WHISPERING,GOSSIPING
CUDDLING,GETTING COZY
DOG,HOT ___
LITTLE SPOON,SEEN AT AN ICE CREAM SHOP
IRIS,HIT SONGS OF 1998
WATER BOTTLE,HOT ___
TOO CLOSE,HIT SONGS OF 1998
LENS,PERSPECTIVE
BENT,PERSPECTIVE
ROD,HOT ___
CONE,SEEN AT AN ICE CREAM SHOP
ONE WEEK,HIT SONGS OF 1998
POTATO,HOT ___
POINT OF VIEW,PERSPECTIVE
ANGLE,PERSPECTIVE
CUP,SEEN AT AN ICE CREAM SHOP
CLOSING TIME,HIT SONGS OF 1998
SCOOP,SEEN AT AN ICE CREAM SHOP
MOM,ELEMENTS OF A CLASSIC “MOM” TATTOO
QUEEN,GODDESS
RIBBON,ELEMENTS OF A CLASSIC “MOM” TATTOO
BORDER,___ TERRIER
BLUE,DOGS OF THE SCREEN
BOSTON,___ TERRIER
HEART,ELEMENTS OF A CLASSIC “MOM” TATTOO
LEGEND,GODDESS
TOTO,DOGS OF THE SCREEN
ARROW,ELEMENTS OF A CLASSIC “MOM” TATTOO
ICON,GODDESS
HOOCH,DOGS OF THE SCREEN
RAT,___ TERRIER
BULL,___ TERRIER
ASTRO,DOGS OF THE SCREEN
DIVA,GODDESS
FATHER,WHAT “POP” MIGHT MEAN
LANGUAGE,CONSIDERATIONS FOR MOVIE RATINGS
SODA,WHAT “POP” MIGHT MEAN
BLAST,"""AW, HECK!"""
SMOKING,CONSIDERATIONS FOR MOVIE RATINGS
MUD,SLANG FOR COFFEE
ACTION,CONSIDERATIONS FOR MOVIE RATINGS
BURST,WHAT “POP” MIGHT MEAN
CRUD,"""AW, HECK!"""
POPULAR,WHAT “POP” MIGHT MEAN
FUDGE,"""AW, HECK!"""
BREW,SLANG FOR COFFEE
ROCKET FUEL,SLANG FOR COFFEE
NUDITY,CONSIDERATIONS FOR MOVIE RATINGS
JAVA,SLANG FOR COFFEE
CURSES,"""AW, HECK!"""
SHIPSHAPE,STARTING WITH METHODS OF TRANSPORTATION
INANIMATE,EXPRESSIONLESS
CARBON,STARTING WITH METHODS OF TRANSPORTATION
ROD,DRAPERY HANGING ITEMS
GLASS,WHAT A DRINK IS SERVED WITH
WOODEN,EXPRESSIONLESS
BRACKET,DRAPERY HANGING ITEMS
GARNISH,WHAT A DRINK IS SERVED WITH
BUSBOY,STARTING WITH METHODS OF TRANSPORTATION
TRAINEE,STARTING WITH METHODS OF TRANSPORTATION
FLAT,EXPRESSIONLESS
STRAW,WHAT A DRINK IS SERVED WITH
BLANK,EXPRESSIONLESS
HOOK,DRAPERY HANGING ITEMS
COASTER,WHAT A DRINK IS SERVED WITH
CURTAIN,DRAPERY HANGING ITEMS
FIGHT,METTLE
QUIT,BAD THINGS FOR A WEBSITE TO DO
RESOLVE,METTLE
FLIGHT,THINGS TO BOOK FOR A VACATION
TOUR,THINGS TO BOOK FOR A VACATION
FREEZE,BAD THINGS FOR A WEBSITE TO DO
MARIONETTE,FIGURES IN CLASSIC DISNEY ANIMATED FILMS
SPIRIT,METTLE
FAWN,FIGURES IN CLASSIC DISNEY ANIMATED FILMS
HOTEL,THINGS TO BOOK FOR A VACATION
GRIT,METTLE
MOUSE,FIGURES IN CLASSIC DISNEY ANIMATED FILMS
TIMEOUT,BAD THINGS FOR A WEBSITE TO DO
ELEPHANT,FIGURES IN CLASSIC DISNEY ANIMATED FILMS
GLITCH,BAD THINGS FOR A WEBSITE TO DO
CAR,THINGS TO BOOK FOR A VACATION
SMACK,SQUARELY
BARM,BODY PART PLUS A STARTING LETTER
PEA,CONTENTS OF A POD
WET,QUALITIES OF A RAINY DAY
RANKLE,BODY PART PLUS A STARTING LETTER
ASTRONAUT,CONTENTS OF A POD
GRAY,QUALITIES OF A RAINY DAY
WHALE,CONTENTS OF A POD
COLD,QUALITIES OF A RAINY DAY
COFFEE,CONTENTS OF A POD
RIGHT,SQUARELY
SHIP,BODY PART PLUS A STARTING LETTER
EXACTLY,SQUARELY
WINDY,QUALITIES OF A RAINY DAY
LEAR,BODY PART PLUS A STARTING LETTER
DEAD,SQUARELY
FINAL,COMPONENTS OF ONE’S GRADE
DESTINATION,MAP APP OPTIONS
TRAIN,CLASSIC TOYS
STOPS,MAP APP OPTIONS
BLOCKS,CLASSIC TOYS
BALL,CLASSIC TOYS
MASKS,FENCING GEAR
PAPERS,COMPONENTS OF ONE’S GRADE
FOILS,FENCING GEAR
JACKS,CLASSIC TOYS
JACKETS,FENCING GEAR
ROUTE,MAP APP OPTIONS
ATTENDANCE,COMPONENTS OF ONE’S GRADE
GLOVES,FENCING GEAR
STARTING POINT,MAP APP OPTIONS
HOMEWORK,COMPONENTS OF ONE’S GRADE
ROCK,"PRO WRESTLING ICONS, WITH “THE”"
FILM,CAPTURE ON VIDEO
SEAL,WAX ___
SCISSORS,ITEMS IN A SEWING KIT
POETIC,WAX ___
PAPER,WAX ___
BUTTON,ITEMS IN A SEWING KIT
MUSEUM,WAX ___
SNAKE,"PRO WRESTLING ICONS, WITH “THE”"
SHOOT,CAPTURE ON VIDEO
THREAD,ITEMS IN A SEWING KIT
HITMAN,"PRO WRESTLING ICONS, WITH “THE”"
RECORD,CAPTURE ON VIDEO
NEEDLE,ITEMS IN A SEWING KIT
UNDERTAKER,"PRO WRESTLING ICONS, WITH “THE”"
TAPE,CAPTURE ON VIDEO
BRANDY,APPLE PRODUCTS
MALT,STARTS OF EUROPEAN COUNTRIES
FIRM,COMPANY
BUTTER,APPLE PRODUCTS
STOUT,STOCKY
CIDER,APPLE PRODUCTS
PORT,STARTS OF EUROPEAN COUNTRIES
HOUSE,COMPANY
LUXE,STARTS OF EUROPEAN COUNTRIES
OUTFIT,COMPANY
THICK,STOCKY
SAUCE,APPLE PRODUCTS
SQUAT,STOCKY
GERM,STARTS OF EUROPEAN COUNTRIES
CONCERN,COMPANY
SOLID,STOCKY
PORT,WHAT “LEFT” MIGHT MEAN
PURSUIT,NOUNS FROM A FAMOUS LINE IN THE DECLARATION OF INDEPENDENCE
PROGRESSIVE,WHAT “LEFT” MIGHT MEAN
SUCCESSION,HBO SHOWS
HAPPINESS,NOUNS FROM A FAMOUS LINE IN THE DECLARATION OF INDEPENDENCE
DEPARTED,WHAT “LEFT” MIGHT MEAN
FLASH,NEWS ANNOUNCEMENT
LIBERTY,NOUNS FROM A FAMOUS LINE IN THE DECLARATION OF INDEPENDENCE
WIRE,NEWS ANNOUNCEMENT
EUPHORIA,HBO SHOWS
REMAINING,WHAT “LEFT” MIGHT MEAN
ENTOURAGE,HBO SHOWS
INSECURE,HBO SHOWS
BULLETIN,NEWS ANNOUNCEMENT
LIFE,NOUNS FROM A FAMOUS LINE IN THE DECLARATION OF INDEPENDENCE
REPORT,NEWS ANNOUNCEMENT
HISTORICAL,FICTION CATEGORIES
OLD FASHIONED,___ GLASS GLASSWARE
SKINNY,KINDS OF JEANS
BELL,WORDS IN HEMINGWAY TITLES
SUN,WORDS IN HEMINGWAY TITLES
FLARE,KINDS OF JEANS
LITERARY,FICTION CATEGORIES
MOM,KINDS OF JEANS
OLD MAN,WORDS IN HEMINGWAY TITLES
COCKTAIL,___ GLASS GLASSWARE
FAREWELL,WORDS IN HEMINGWAY TITLES
YOUNG ADULT,FICTION CATEGORIES
COLLINS,___ GLASS GLASSWARE
BOYFRIEND,KINDS OF JEANS
SPECULATIVE,FICTION CATEGORIES
SHOT,___ GLASS GLASSWARE
SOLID,"OBJECTS IN 0-, 1-, 2- AND 3-DIMENSIONAL SPACE"
POD,BOTANICAL COVERINGS
CAST,SEEN IN OPENING CREDITS
STUDIO,SEEN IN OPENING CREDITS
PLANE,"OBJECTS IN 0-, 1-, 2- AND 3-DIMENSIONAL SPACE"
STERN,STRICT
HULL,BOTANICAL COVERINGS
FIRM,STRICT
TITLE,SEEN IN OPENING CREDITS
LINE,"OBJECTS IN 0-, 1-, 2- AND 3-DIMENSIONAL SPACE"
TOUGH,STRICT
SHELL,BOTANICAL COVERINGS
HUSK,BOTANICAL COVERINGS
DIRECTOR,SEEN IN OPENING CREDITS
POINT,"OBJECTS IN 0-, 1-, 2- AND 3-DIMENSIONAL SPACE"
RIGID,STRICT
CRAN,BIRDS MINUS LAST LETTER
CUP,BEVERAGE SELF-SERVICE ITEMS
RASP,WOODWORKING HAND TOOLS
RAVE,BIRDS MINUS LAST LETTER
STRAW,BEVERAGE SELF-SERVICE ITEMS
GOAT,KINDS OF CHEESES
HERO,BIRDS MINUS LAST LETTER
BLUE,KINDS OF CHEESES
PLANE,WOODWORKING HAND TOOLS
LID,BEVERAGE SELF-SERVICE ITEMS
JACK,KINDS OF CHEESES
SAW,WOODWORKING HAND TOOLS
FLAMING,BIRDS MINUS LAST LETTER
NAPKIN,BEVERAGE SELF-SERVICE ITEMS
CHISEL,WOODWORKING HAND TOOLS
SWISS,KINDS OF CHEESES
LOVELACE,ENDING WITH PLAYING CARDS
ENIGMA,KINDS OF MACHINES
SEWING,KINDS OF MACHINES
SUITS,LEGAL DRAMAS
VENDING,KINDS OF MACHINES
HAWKING,ENDING WITH PLAYING CARDS
DRESSING,COMPONENTS OF A SALAD
MCQUEEN,ENDING WITH PLAYING CARDS
GOLIATH,LEGAL DRAMAS
PROTEIN,COMPONENTS OF A SALAD
PINBALL,KINDS OF MACHINES
DAMAGES,LEGAL DRAMAS
CHEESE,COMPONENTS OF A SALAD
BOJACK,ENDING WITH PLAYING CARDS
MATLOCK,LEGAL DRAMAS
LETTUCE,COMPONENTS OF A SALAD
COUNT,“SESAME STREET” FIGURES
HARP,PARTS OF AN ANGEL COSTUME
BIRD,“SESAME STREET” FIGURES
WINGS,PARTS OF AN ANGEL COSTUME
CHIC,IN FASHION
GROUCH,“SESAME STREET” FIGURES
BLUES,___ BROTHERS
MARX,___ BROTHERS
MONSTER,“SESAME STREET” FIGURES
ROBE,PARTS OF AN ANGEL COSTUME
CHEMICAL,___ BROTHERS
CURRENT,IN FASHION
BLOOD,___ BROTHERS
FRESH,IN FASHION
HALO,PARTS OF AN ANGEL COSTUME
HAPPENING,IN FASHION
BOOT,POSSIBLE RESULTS OF A TRAFFIC VIOLATION
BALL,THINGS A DOG CAN FETCH
SCORE,GREAT MANY
POINTS,POSSIBLE RESULTS OF A TRAFFIC VIOLATION
SINGER,INDUSTRIAL REVOLUTION INVENTORS
HOST,GREAT MANY
DROVE,GREAT MANY
STICK,THINGS A DOG CAN FETCH
TOW,POSSIBLE RESULTS OF A TRAFFIC VIOLATION
DIESEL,INDUSTRIAL REVOLUTION INVENTORS
LOAD,GREAT MANY
BELL,INDUSTRIAL REVOLUTION INVENTORS
BONE,THINGS A DOG CAN FETCH
TICKET,POSSIBLE RESULTS OF A TRAFFIC VIOLATION
WATT,INDUSTRIAL REVOLUTION INVENTORS
FRISBEE,THINGS A DOG CAN FETCH
EARTHWORM,SEEN IN THE AFTERMATH OF A RAINSTORM
FLOAT,ICE CREAM TREATS
MUSHROOM,SEEN IN THE AFTERMATH OF A RAINSTORM
MOONWALK,DANCE MOVES
STARTLE,FLINCH
PUDDLE,SEEN IN THE AFTERMATH OF A RAINSTORM
SUNDAE,ICE CREAM TREATS
JUMP,FLINCH
SHAKE,ICE CREAM TREATS
ROBOT,DANCE MOVES
MUD,SEEN IN THE AFTERMATH OF A RAINSTORM
FLOSS,DANCE MOVES
BOLT,FLINCH
SPLIT,ICE CREAM TREATS
CABBAGE PATCH,DANCE MOVES
JERK,FLINCH
AIRPLANE,WHAT “JET” MIGHT REFER TO
HIGHWAY,SECOND WORDS IN DAVID LYNCH TITLES
ROLLER COASTER,METAPHORS FOR A DRAMATIC AND CHAOTIC EVENT
BRIDGE,DENTAL ADDITIONS
VELVET,SECOND WORDS IN DAVID LYNCH TITLES
CROWN,DENTAL ADDITIONS
NFL PLAYER,WHAT “JET” MIGHT REFER TO
CIRCUS,METAPHORS FOR A DRAMATIC AND CHAOTIC EVENT
WHIRLWIND,METAPHORS FOR A DRAMATIC AND CHAOTIC EVENT
DRIVE,SECOND WORDS IN DAVID LYNCH TITLES
HOT TUB NOZZLE,WHAT “JET” MIGHT REFER TO
FILLING,DENTAL ADDITIONS
BLACK,WHAT “JET” MIGHT REFER TO
VENEER,DENTAL ADDITIONS
SOAP OPERA,METAPHORS FOR A DRAMATIC AND CHAOTIC EVENT
PEAKS,SECOND WORDS IN DAVID LYNCH TITLES
NICK,STEAL
SHAVE,DO SOME GROOMING
DRESS,DO SOME GROOMING
POCKET,STEAL
TIDY,DAPPER
BRUSH,DO SOME GROOMING
SMART,DAPPER
KEY,___STONE
TOUCH,___STONE
SHOWER,DO SOME GROOMING
PALM,STEAL
SHARP,DAPPER
PINCH,STEAL
MILE,___STONE
NEAT,DAPPER
BIRTH,___STONE
OEDIPUS,ASSOCIATED WITH FREUD
REX,WORDS AFTER “T-”
FAKE,KNOCKOFF
ID,ASSOCIATED WITH FREUD
FRESHWATER,STARTING WITH HIGH SCHOOL/COLLEGE ABBREVIATIONS
SOPHOCLES,STARTING WITH HIGH SCHOOL/COLLEGE ABBREVIATIONS
JUNIPER,STARTING WITH HIGH SCHOOL/COLLEGE ABBREVIATIONS
SENECA,STARTING WITH HIGH SCHOOL/COLLEGE ABBREVIATIONS
COPY,KNOCKOFF
SLIP,ASSOCIATED WITH FREUD
BOOTLEG,KNOCKOFF
MOBILE,WORDS AFTER “T-”
SHIRT,WORDS AFTER “T-”
PAIN,WORDS AFTER “T-”
DREAMS,ASSOCIATED WITH FREUD
REPLICA,KNOCKOFF
CONTACT,CORRESPONDENCE
NUMBER,PRO ATHLETE DATA
EXCHANGE,CORRESPONDENCE
INSURANCE,FARMERS’ THINGS
ARRIVAL,AIRPORT BOARD INFO
COLLEGE,PRO ATHLETE DATA
MARKET,FARMERS’ THINGS
POSITION,PRO ATHLETE DATA
ALMANAC,FARMERS’ THINGS
FLIGHT,AIRPORT BOARD INFO
DEALINGS,CORRESPONDENCE
TEAM,PRO ATHLETE DATA
GATE,AIRPORT BOARD INFO
TAN,FARMERS’ THINGS
DESTINATION,AIRPORT BOARD INFO
INTERACTION,CORRESPONDENCE
DRIVER LICENSE,WHAT “ID” MIGHT REFER TO
LOUISIANA,WHAT “LA” MIGHT REFER TO
TRENDY,WHAT “IN” MIGHT REFER TO
GREENLIGHT,WHAT “OK” MIGHT REFER TO
INDIANA,WHAT “IN” MIGHT REFER TO
BRITISH MAGAZINE,WHAT “OK” MIGHT REFER TO
IDAHO,WHAT “ID” MIGHT REFER TO
INCH,WHAT “IN” MIGHT REFER TO
MUSICAL NOTE,WHAT “LA” MIGHT REFER TO
OKLAHOMA,WHAT “OK” MIGHT REFER TO
LOS ANGELES,WHAT “LA” MIGHT REFER TO
FREUDIAN CONCEPT,WHAT “ID” MIGHT REFER TO
RECOGNIZE,WHAT “ID” MIGHT REFER TO
INSIDE,WHAT “IN” MIGHT REFER TO
MEDIOCRE,WHAT “OK” MIGHT REFER TO
LANTHANUM,WHAT “LA” MIGHT REFER TO
SHORT,KINDS OF LISTS
PINE,YEARN
FOLD,"COMBINE, AS BAKING INGREDIENTS"
LAUNDRY,KINDS OF LISTS
LONG,YEARN
BUCKET,KINDS OF LISTS
BURN,YEARN
STING,CON GAME
TO-DO,KINDS OF LISTS
SCHEME,CON GAME
STIR,"COMBINE, AS BAKING INGREDIENTS"
RACKET,CON GAME
BEAT,"COMBINE, AS BAKING INGREDIENTS"
ITCH,YEARN
HUSTLE,CON GAME
BLEND,"COMBINE, AS BAKING INGREDIENTS"
SEUSS,DRS
CHINA,FIRED OBJECTS
DISNEY,ENDING WITH HOMOPHONES OF PARTS OF THE LEG
DECAF,ENDING WITH HOMOPHONES OF PARTS OF THE LEG
CRUMB,PARTICLE
PRUSSIAN,ENDING WITH HOMOPHONES OF PARTS OF THE LEG
PEPPER,DRS
WARE,FIRED OBJECTS
EVIL,DRS
CRYPTO,ENDING WITH HOMOPHONES OF PARTS OF THE LEG
POTTERY,FIRED OBJECTS
GRAIN,PARTICLE
MORSEL,PARTICLE
DRE,DRS
SHRED,PARTICLE
CERAMICS,FIRED OBJECTS
DOG,TOP ___
DRIBBLE,BASKETBALL MOVES
SECRET,TOP ___
FOOTPRINT,BIG IMPRESSION
RAT,INFORMANT
SHOOT,BASKETBALL MOVES
LEAK,INFORMANT
SPLASH,BIG IMPRESSION
BANANA,TOP ___
SOURCE,INFORMANT
CANARY,INFORMANT
BLOCK,BASKETBALL MOVES
MARK,BIG IMPRESSION
PASS,BASKETBALL MOVES
HAT,TOP ___
IMPACT,BIG IMPRESSION
FLING,LIAISON
KEY,SOMETHING ENTERED FOR ACCESS
CARPENTER,JOHNS
BENCH,SEEN IN A LOCKER ROOM
PIN,SOMETHING ENTERED FOR ACCESS
CANDY,JOHNS
MAJOR,JOHNS
THING,LIAISON
MIRROR,SEEN IN A LOCKER ROOM
LEGEND,JOHNS
AFFAIR,LIAISON
CODE,SOMETHING ENTERED FOR ACCESS
SCALE,SEEN IN A LOCKER ROOM
PASSWORD,SOMETHING ENTERED FOR ACCESS
LOCKER,SEEN IN A LOCKER ROOM
RELATIONS,LIAISON
RING,THINGS YOU DO AT SOMEONE'S FRONT DOOR
CREW,KINDS OF SOCKS
COMPARE,"ENDING IN SYNONYMS FOR ""CLIP"""
SHOUT,THINGS YOU DO AT SOMEONE'S FRONT DOOR
ANKLE,KINDS OF SOCKS
PARSNIP,"ENDING IN SYNONYMS FOR ""CLIP"""
FOUNDATION,LOWEST PART
DRESS,KINDS OF SOCKS
FOOT,LOWEST PART
BUZZ,THINGS YOU DO AT SOMEONE'S FRONT DOOR
BASE,LOWEST PART
KNOCK,THINGS YOU DO AT SOMEONE'S FRONT DOOR
CONNECTICUT,"ENDING IN SYNONYMS FOR ""CLIP"""
BOTTOM,LOWEST PART
COMPRESSION,KINDS OF SOCKS
WALLOP,"ENDING IN SYNONYMS FOR ""CLIP"""
DRAB,MILITARY CLOTHING DESCRIPTORS
BLOW,"FAIL TO TAKE ADVANTAGE OF, AS AN OPPORTUNITY"
MISS,"FAIL TO TAKE ADVANTAGE OF, AS AN OPPORTUNITY"
SPOKE,PARTS OF A WHEEL
TIRE,PARTS OF A WHEEL
DUCT,USED IN VENTILATION
WASTE,"FAIL TO TAKE ADVANTAGE OF, AS AN OPPORTUNITY"
FATIGUE,MILITARY CLOTHING DESCRIPTORS
EXHAUST,USED IN VENTILATION
RIM,PARTS OF A WHEEL
KHAKI,MILITARY CLOTHING DESCRIPTORS
HOSE,USED IN VENTILATION
LOSE,"FAIL TO TAKE ADVANTAGE OF, AS AN OPPORTUNITY"
PIPE,USED IN VENTILATION
HUB,PARTS OF A WHEEL
CAMO,MILITARY CLOTHING DESCRIPTORS
UBER,TRADEMARKS THAT HAVE BECOME VERBS
SWAN,KINDS OF SONGS
LOVE,KINDS OF SONGS
VIAL,HOMOPHONES OF SYNONYMS FOR “DESPICABLE”
GOOSE,SILLY PERSON
GOOGLE,TRADEMARKS THAT HAVE BECOME VERBS
FOWL,HOMOPHONES OF SYNONYMS FOR “DESPICABLE”
ZOOM,TRADEMARKS THAT HAVE BECOME VERBS
YAHOO,SILLY PERSON
SIREN,KINDS OF SONGS
MIEN,HOMOPHONES OF SYNONYMS FOR “DESPICABLE”
DODO,SILLY PERSON
PHOTOSHOP,TRADEMARKS THAT HAVE BECOME VERBS
FOLK,KINDS OF SONGS
GOOF,SILLY PERSON
OFFAL,HOMOPHONES OF SYNONYMS FOR “DESPICABLE”
PERIOD,ERA
UNIFORM,IN THE NATO ALPHABET
CHAMPION,ENDORSE
MINUTE,DETAILED
VICTOR,IN THE NATO ALPHABET
SECOND,ENDORSE
ECHO,IN THE NATO ALPHABET
DAY,ERA
ELABORATE,DETAILED
AGE,ERA
BACK,ENDORSE
SUPPORT,ENDORSE
PARTICULAR,DETAILED
KILO,IN THE NATO ALPHABET
TIME,ERA
THOROUGH,DETAILED
ZIP,CREDIT CARD INFO
CAB,WINE NICKNAMES
RAG,SLANG FOR PRINTED MATTER
ZING,INSULT
BUBBLY,WINE NICKNAMES
GLOSSY,SLANG FOR PRINTED MATTER
NUMBER,CREDIT CARD INFO
ZINE,SLANG FOR PRINTED MATTER
EXPIRATION,CREDIT CARD INFO
SLIGHT,INSULT
NAME,CREDIT CARD INFO
ZIN,WINE NICKNAMES
KNOCK,INSULT
MAG,SLANG FOR PRINTED MATTER
CHARD,WINE NICKNAMES
BURN,INSULT
SPORTY,ADJECTIVES FOR A SPORTS CAR
JOLLY,WORDS BEFORE “ROGER/S”
ICE,SHADES OF BLUE
GINGER,WORDS BEFORE “ROGER/S”
BABY,SHADES OF BLUE
POWDER,SHADES OF BLUE
COMPACT,ADJECTIVES FOR A SPORTS CAR
SCARY,DISNEY ANIMATED CHARACTERS PLUS A LETTER
FAST,ADJECTIVES FOR A SPORTS CAR
FLOUNDERS,DISNEY ANIMATED CHARACTERS PLUS A LETTER
MISTER,WORDS BEFORE “ROGER/S”
SKY,SHADES OF BLUE
BELLED,DISNEY ANIMATED CHARACTERS PLUS A LETTER
SLEEK,ADJECTIVES FOR A SPORTS CAR
ABUT,DISNEY ANIMATED CHARACTERS PLUS A LETTER
ROY,WORDS BEFORE “ROGER/S”
PEARL,HORROR MOVIES FROM 2022
POWER,HORSE___
BOOT,FORCE TO LEAVE
PLAY,HORSE___
VAULT,GYMNASTICS APPARATUS
BOUNCE,FORCE TO LEAVE
SHOE,HORSE___
BARS,GYMNASTICS APPARATUS
SMILE,HORROR MOVIES FROM 2022
BEAM,GYMNASTICS APPARATUS
EJECT,FORCE TO LEAVE
SCREAM,HORROR MOVIES FROM 2022
RINGS,GYMNASTICS APPARATUS
FEATHERS,HORSE___
NOPE,HORROR MOVIES FROM 2022
REMOVE,FORCE TO LEAVE
QUAD,PARTS OF A COLLEGE CAMPUS
CORNER,CLOSE IN ON
TREE,CLOSE IN ON
HAMMY,"EXAGGERATED, AS A PERFORMANCE"
LAMB,STARTS OF GREEK LETTERS
LIBRARY,PARTS OF A COLLEGE CAMPUS
DELT,STARTS OF GREEK LETTERS
SURROUND,CLOSE IN ON
OVERDONE,"EXAGGERATED, AS A PERFORMANCE"
TRAP,CLOSE IN ON
THE,STARTS OF GREEK LETTERS
BET,STARTS OF GREEK LETTERS
CAMP,"EXAGGERATED, AS A PERFORMANCE"
DORM,PARTS OF A COLLEGE CAMPUS
DRAMATIC,"EXAGGERATED, AS A PERFORMANCE"
CAFETERIA,PARTS OF A COLLEGE CAMPUS
HARD FEELINGS,WORDS AFTER “NO” TO MEAN “IT’S ALL GOOD”
MARIO WORLD,SUPER ___
DRUM AND BASS,ENDING WITH FISH
WU-TANG,ENDING WITH FISH
POKE,MEDDLE
SWEAT,WORDS AFTER “NO” TO MEAN “IT’S ALL GOOD”
CAPE COD,ENDING WITH FISH
BIGGIE,WORDS AFTER “NO” TO MEAN “IT’S ALL GOOD”
PAC,SUPER ___
POWER,SUPER ___
PRY,MEDDLE
CAMISOLE,ENDING WITH FISH
SNOOP,MEDDLE
GLUE,SUPER ___
WORRIES,WORDS AFTER “NO” TO MEAN “IT’S ALL GOOD”
NOSE AROUND,MEDDLE
SEE,PICK UP ON
SPOT,PICK UP ON
RUN,SEQUENCE
CATCH,PICK UP ON
COBRA,YOGA BACKBENDS
SLIDE,ELECTRIC ___
GUITAR,ELECTRIC ___
STRING,SEQUENCE
BLANKET,ELECTRIC ___
BRIDGE,YOGA BACKBENDS
EEL,ELECTRIC ___
COW,YOGA BACKBENDS
STREAK,SEQUENCE
NOTE,PICK UP ON
WHEEL,YOGA BACKBENDS
SERIES,SEQUENCE
TACK,SHARP FASTENERS
TAP,SOURCES OF DRINKING WATER
RAP,STARTS OF TEENAGE MUTANT NINJA TURTLES
SNAP,THINGS YOU CAN DO WITH A FOOTBALL
LEO,STARTS OF TEENAGE MUTANT NINJA TURTLES
BRAD,SHARP FASTENERS
SPIKE,THINGS YOU CAN DO WITH A FOOTBALL
DON,STARTS OF TEENAGE MUTANT NINJA TURTLES
NAIL,SHARP FASTENERS
WELL,SOURCES OF DRINKING WATER
MIC,STARTS OF TEENAGE MUTANT NINJA TURTLES
PASS,THINGS YOU CAN DO WITH A FOOTBALL
SPRING,SOURCES OF DRINKING WATER
RAIN,SOURCES OF DRINKING WATER
PUNT,THINGS YOU CAN DO WITH A FOOTBALL
PIN,SHARP FASTENERS
BOP,MOVE TO THE MUSIC
DRAW,INHALATION
CROSS,___WORD
BUZZ,___WORD
DRY,MARTINI SPECIFICATIONS
LOAN,___WORD
PULL,INHALATION
SWAY,MOVE TO THE MUSIC
BOUNCE,MOVE TO THE MUSIC
TWIST,MARTINI SPECIFICATIONS
DRAG,INHALATION
SHAKEN,MARTINI SPECIFICATIONS
PASS,___WORD
GROOVE,MOVE TO THE MUSIC
GIN,MARTINI SPECIFICATIONS
PUFF,INHALATION
FREEZING,PHASE TRANSITIONS FOR LIQUIDS
FOOT,WHAT ' CAN INDICATE
EXTRA,ADDITIONAL PERK
CONTRACTION,WHAT ' CAN INDICATE
ICING,ADDITIONAL PERK
SHRINKAGE,CONCEPTS FROM “SEINFELD”
CONDENSATION,PHASE TRANSITIONS FOR LIQUIDS
MELTING,PHASE TRANSITIONS FOR LIQUIDS
POSSESSIVE,WHAT ' CAN INDICATE
YADA YADA,CONCEPTS FROM “SEINFELD”
BONUS,ADDITIONAL PERK
REGIFTING,CONCEPTS FROM “SEINFELD”
FESTIVUS,CONCEPTS FROM “SEINFELD”
QUOTE,WHAT ' CAN INDICATE
GRAVY,ADDITIONAL PERK
VAPORIZATION,PHASE TRANSITIONS FOR LIQUIDS
CHESS,___ PIE
CHEEK,SASSINESS
WHOOPIE,___ PIE
CUSHION,MITIGATE
TEMPER,MITIGATE
CHECKERS,PATTERNS
HUMBLE,___ PIE
ATTITUDE,SASSINESS
LIP,SASSINESS
SOFTEN,MITIGATE
HONEYCOMB,PATTERNS
CUTIE,___ PIE
DAMPEN,MITIGATE
CAMO,PATTERNS
MOUTH,SASSINESS
STRIPES,PATTERNS
TOMAHAWK,KINDS OF STEAKS
PHANTOM,DREAD-INDUCING FIGURES
GEODUCK,ANIMALS ENDING WITH ANIMALS
BUGBEAR,DREAD-INDUCING FIGURES
ESCROW,RELATED TO BUYING A HOME
SEAHORSE,ANIMALS ENDING WITH ANIMALS
FLATIRON,KINDS OF STEAKS
MORTGAGE,RELATED TO BUYING A HOME
PORTERHOUSE,KINDS OF STEAKS
BOGEYMAN,DREAD-INDUCING FIGURES
APPRAISAL,RELATED TO BUYING A HOME
WOMBAT,ANIMALS ENDING WITH ANIMALS
HOBGOBLIN,DREAD-INDUCING FIGURES
TITMOUSE,ANIMALS ENDING WITH ANIMALS
CHATEAUBRIAND,KINDS OF STEAKS
INSURANCE,RELATED TO BUYING A HOME
STEEL,HOMOPHONES OF SYNONYMS FOR “NAB”
POLE,PARTS OF A BASKETBALL HOOP
GIANT,COLOSSAL
SPLIT,LEAVE QUICKLY
JET,LEAVE QUICKLY
LUTE,HOMOPHONES OF SYNONYMS FOR “NAB”
RIM,PARTS OF A BASKETBALL HOOP
KNICK,HOMOPHONES OF SYNONYMS FOR “NAB”
NET,PARTS OF A BASKETBALL HOOP
TITANIC,COLOSSAL
GREAT,COLOSSAL
BOUNCE,LEAVE QUICKLY
DIP,LEAVE QUICKLY
BACKBOARD,PARTS OF A BASKETBALL HOOP
RABE,HOMOPHONES OF SYNONYMS FOR “NAB”
MAMMOTH,COLOSSAL
OH,STATE ABBREVIATIONS
MARY,QUEEN ___
FAIR,BASEBALL CALLS
MOTHER,QUEEN ___
MUM,HUSH-HUSH
BEE,QUEEN ___
IN,STATE ABBREVIATIONS
OUT,BASEBALL CALLS
MA,STATE ABBREVIATIONS
BALL,BASEBALL CALLS
BED,QUEEN ___
SECRET,HUSH-HUSH
FOUL,BASEBALL CALLS
QUIET,HUSH-HUSH
OK,STATE ABBREVIATIONS
PRIVATE,HUSH-HUSH
LUXE,STARTS OF EUROPEAN CAPITALS
TREK,TRAVEL ON FOOT
BOTTLE,SHADES OF GREEN
WARS,STARTS OF EUROPEAN CAPITALS
COPE,STARTS OF EUROPEAN CAPITALS
ANISE,HERBS AND SPICES
SARA,STARTS OF EUROPEAN CAPITALS
KELLY,SHADES OF GREEN
SAGE,HERBS AND SPICES
MARCH,TRAVEL ON FOOT
HUNTER,SHADES OF GREEN
MACE,HERBS AND SPICES
HIKE,TRAVEL ON FOOT
PEA,SHADES OF GREEN
DILL,HERBS AND SPICES
TRAMP,TRAVEL ON FOOT
HALLOWEEN,ASSOCIATED WITH TRICKS
PICNIC,OUTDOOR EVENTS
EASY,"""NOTHING TO IT!"""
GRADE,"WORDS BEFORE ""SCHOOL"""
CHILD’S PLAY,"""NOTHING TO IT!"""
ELEMENTARY,"WORDS BEFORE ""SCHOOL"""
CON GAME,ASSOCIATED WITH TRICKS
TAILGATE,OUTDOOR EVENTS
GRAMMAR,"WORDS BEFORE ""SCHOOL"""
MAGIC SHOW,ASSOCIATED WITH TRICKS
BLOCK PARTY,OUTDOOR EVENTS
PIECE OF CAKE,"""NOTHING TO IT!"""
FESTIVAL,OUTDOOR EVENTS
NO SWEAT,"""NOTHING TO IT!"""
PRIMARY,"WORDS BEFORE ""SCHOOL"""
HEARTS,ASSOCIATED WITH TRICKS
TRACE,INDICATION
INITIAL,FOREMOST
SIGN,INDICATION
ORIGINAL,FOREMOST
STAMP,ITEM IN A COLLECTION
BUDDY,___ MOVIE
SILENT,___ MOVIE
DATE,___ MOVIE
RECORD,ITEM IN A COLLECTION
EVIDENCE,INDICATION
PRIMARY,FOREMOST
COIN,ITEM IN A COLLECTION
FIRST,FOREMOST
COMIC,ITEM IN A COLLECTION
CULT,___ MOVIE
HINT,INDICATION
SPECIAL,DISCOUNT
BUG,IRRITATE
RAISE,POKER ACTIONS
FIST,THINGS YOU CAN PUMP
STEAM,IRRITATE
PROMOTION,DISCOUNT
IRON,THINGS YOU CAN PUMP
FOLD,POKER ACTIONS
DEAL,DISCOUNT
CHECK,POKER ACTIONS
GAS,THINGS YOU CAN PUMP
RUFFLE,IRRITATE
CALL,POKER ACTIONS
BRAKES,THINGS YOU CAN PUMP
NETTLE,IRRITATE
SALE,DISCOUNT
MONORAIL,STARTING WITH GREEK NUMERICAL PREFIXES
VOILA,ANAGRAMS OF MUSICAL INSTRUMENTS
ORGAN,MEANS
TRIANGLE,STARTING WITH GREEK NUMERICAL PREFIXES
GROAN,ANAGRAMS OF MUSICAL INSTRUMENTS
TRAIN,INSTRUCT
ABUT,ANAGRAMS OF MUSICAL INSTRUMENTS
VEHICLE,MEANS
MEDIUM,MEANS
BULGE,ANAGRAMS OF MUSICAL INSTRUMENTS
COACH,INSTRUCT
TETRACYCLINE,STARTING WITH GREEK NUMERICAL PREFIXES
DIRECT,INSTRUCT
DIOXIDE,STARTING WITH GREEK NUMERICAL PREFIXES
INSTRUMENT,MEANS
GUIDE,INSTRUCT
ROCK,THIRD ___
STRAW,LAST ___
EYE,THIRD ___
NATURE,SECOND ___
NATIONS,FIRST ___
FIDDLE,SECOND ___
GUESS,SECOND ___
LAUGH,LAST ___
COMING,SECOND ___
PARTY,THIRD ___
RESORT,LAST ___
RESPONDER,FIRST ___
LADY,FIRST ___
SUPPER,LAST ___
RAIL,THIRD ___
AID,FIRST ___
PLAYWRIGHT,SILENT “W”
DEAN,LEGENDS OF CLASSIC HOLLYWOOD
ROOF,HIT THE ___
TEMPLE,LEGENDS OF CLASSIC HOLLYWOOD
FACULTY,APTITUDE
WREATH,SILENT “W”
BENT,APTITUDE
SWORD,SILENT “W”
GARLAND,LEGENDS OF CLASSIC HOLLYWOOD
HAY,HIT THE ___
GIFT,APTITUDE
WRAP,SILENT “W”
JACKPOT,HIT THE ___
FLAIR,APTITUDE
GABLE,LEGENDS OF CLASSIC HOLLYWOOD
ROAD,HIT THE ___
COMMERCE,POLITE TERMS FOR SEX
STRIKE,BOWLING RESULTS
CLEAVE,CONTRONYMS (WORDS THAT CAN MEAN OPPOSITE THINGS)
FOUL,BOWLING RESULTS
ADHERE,ATTACH WITH ADHESIVE
CONGRESS,POLITE TERMS FOR SEX
SPLIT,BOWLING RESULTS
STICK,ATTACH WITH ADHESIVE
OVERSIGHT,CONTRONYMS (WORDS THAT CAN MEAN OPPOSITE THINGS)
GLUE,ATTACH WITH ADHESIVE
GARNISH,CONTRONYMS (WORDS THAT CAN MEAN OPPOSITE THINGS)
RELATIONS,POLITE TERMS FOR SEX
SANCTION,CONTRONYMS (WORDS THAT CAN MEAN OPPOSITE THINGS)
INTIMACY,POLITE TERMS FOR SEX
AFFIX,ATTACH WITH ADHESIVE
SPARE,BOWLING RESULTS
MIRROR,EMULATE
BEETLE,SINGLE ANIMAL IN A CREATIVELY SPELLED BAND NAME
POLO,SPORTS
BIRD,SINGLE ANIMAL IN A CREATIVELY SPELLED BAND NAME
GOLF,SPORTS
GORILLA,SINGLE ANIMAL IN A CREATIVELY SPELLED BAND NAME
PARROT,EMULATE
CRICKET,SPORTS
FEVER,MANIA
ECHO,EMULATE
SQUASH,SPORTS
BUG,MANIA
MONKEY,SINGLE ANIMAL IN A CREATIVELY SPELLED BAND NAME
FAD,MANIA
COPY,EMULATE
CRAZE,MANIA
APHID,ARTHROPODS
BEETLE,ARTHROPODS
CEDAR,TREES
DECAY,WORDS THAT SOUNDS LIKE TWO LETTERS
EASY,WORDS THAT SOUNDS LIKE TWO LETTERS
EFFORT,[LETTER] (IS) FOR ___
GEO,WORDS THAT SOUNDS LIKE TWO LETTERS
TICK,ARTHROPODS
BEECH,TREES
VENDETTA,[LETTER] (IS) FOR ___
APPLE,[LETTER] (IS) FOR ___
PINE,TREES
MITE,ARTHROPODS
COOKIE,[LETTER] (IS) FOR ___
YEW,TREES
ZITI,WORDS THAT SOUNDS LIKE TWO LETTERS
DRESS,___ CODE
SCARF,USED TO DECORATE A SNOWMAN
SUBWAY,SUBTERRANEAN TRANSIT
GRATE,MAKE INTO SMALLER PIECES WHILE COOKING
PIPE,USED TO DECORATE A SNOWMAN
TUBE,SUBTERRANEAN TRANSIT
CUBE,MAKE INTO SMALLER PIECES WHILE COOKING
ZIP,___ CODE
HEALTH,___ CODE
CARROT,USED TO DECORATE A SNOWMAN
UNDERGROUND,SUBTERRANEAN TRANSIT
SECRET,___ CODE
METRO,SUBTERRANEAN TRANSIT
MINCE,MAKE INTO SMALLER PIECES WHILE COOKING
COAL,USED TO DECORATE A SNOWMAN
SLICE,MAKE INTO SMALLER PIECES WHILE COOKING
BAIT,TEASE
PIN,ACCESSORY WITH A POINTY FASTENER
CROSS,BOXING PUNCHES
SQUAD,MUSCLE NICKNAMES PLUS “S”
HOOK,BOXING PUNCHES
SPEC,MUSCLE NICKNAMES PLUS “S”
NEEDLE,TEASE
BADGE,ACCESSORY WITH A POINTY FASTENER
STRAP,MUSCLE NICKNAMES PLUS “S”
BUTTON,ACCESSORY WITH A POINTY FASTENER
RAG,TEASE
SHAMMY,MUSCLE NICKNAMES PLUS “S”
RIB,TEASE
UPPERCUT,BOXING PUNCHES
BROOCH,ACCESSORY WITH A POINTY FASTENER
JAB,BOXING PUNCHES
BORE,PERFORATE
BORG,WIMBLEDON WINNERS
POKE,PERFORATE
DEVIL,ONES WITH POINTY EARS
SCROLL,MOUSE ACTIONS
VULCAN,ONES WITH POINTY EARS
DRAG,MOUSE ACTIONS
KING,WIMBLEDON WINNERS
ELF,ONES WITH POINTY EARS
PUNCH,PERFORATE
BATMAN,ONES WITH POINTY EARS
SINNER,WIMBLEDON WINNERS
GRAF,WIMBLEDON WINNERS
CLICK,MOUSE ACTIONS
PIERCE,PERFORATE
HOVER,MOUSE ACTIONS
DEGREE,WORDS AFTER THE LETTERS “MS”
DRAW,"MAKE EQUAL, AS A SCORE"
PAC-MAN,WORDS AFTER THE LETTERS “MS”
VEST,BESTOW
PAINT,WORDS AFTER THE LETTERS “MS”
PRESENT,BESTOW
TIE,"MAKE EQUAL, AS A SCORE"
DOODLE,THINGS YOU MIGHT DO DURING A BORING CLASS/MEETING
MARVEL,WORDS AFTER THE LETTERS “MS”
SQUARE,"MAKE EQUAL, AS A SCORE"
SPACE,THINGS YOU MIGHT DO DURING A BORING CLASS/MEETING
EVEN,"MAKE EQUAL, AS A SCORE"
DOZE,THINGS YOU MIGHT DO DURING A BORING CLASS/MEETING
GRANT,BESTOW
CONFER,BESTOW
PASS NOTES,THINGS YOU MIGHT DO DURING A BORING CLASS/MEETING
INSIDE,KINDS OF JOKES
PRODUCT,RESULT
MAZE,CORN-Y THINGS
SYRUP,CORN-Y THINGS
FRUIT,RESULT
KNOCK-KNOCK,KINDS OF JOKES
LET ME IN,MOVIES FEATURING SUPERNATURAL ROMANCE
MUFFIN,CORN-Y THINGS
PRACTICAL,KINDS OF JOKES
GHOST,MOVIES FEATURING SUPERNATURAL ROMANCE
RETURN,RESULT
SILK,CORN-Y THINGS
YIELD,RESULT
TWILIGHT,MOVIES FEATURING SUPERNATURAL ROMANCE
DAD,KINDS OF JOKES
CASPER,MOVIES FEATURING SUPERNATURAL ROMANCE
PULP,KINDS OF FICTION
BIOPIC,"STARTING WITH MATH AND SCIENCE CLASSES, FOR SHORT"
FAN,KINDS OF FICTION
CALCIUM,"STARTING WITH MATH AND SCIENCE CLASSES, FOR SHORT"
PULL,INFLUENCE
CONCENTRATE,AMASS
SCIENCE,KINDS OF FICTION
GROUP,AMASS
HISTORICAL,KINDS OF FICTION
JUICE,INFLUENCE
COLLECT,AMASS
CHEMISE,"STARTING WITH MATH AND SCIENCE CLASSES, FOR SHORT"
SWAY,INFLUENCE
TRIGLYCERIDE,"STARTING WITH MATH AND SCIENCE CLASSES, FOR SHORT"
WEIGHT,INFLUENCE
CLUSTER,AMASS
MATTER,DARK ___
VANILLA,ORDINARY
DESERT,ABANDON
PLAIN,ORDINARY
COUNT,SPECS ON CONSUMER PACKAGING
HORSE,DARK ___
CHOCOLATE,DARK ___
VOLUME,SPECS ON CONSUMER PACKAGING
STRAND,ABANDON
AGES,DARK ___
WEIGHT,SPECS ON CONSUMER PACKAGING
DUMP,ABANDON
MEASURE,SPECS ON CONSUMER PACKAGING
STANDARD,ORDINARY
MAROON,ABANDON
NORMAL,ORDINARY
BOWLING BALL,THINGS WITH HOLES
CITY HALL,LANDMARKS IN DOWNTOWN NYC
SUPERMARKET,PLACES WITH LANES
BOWLING PINS,GROUPS OF TEN
GOLF COURSE,THINGS WITH HOLES
BOWLING ALLEY,PLACES WITH LANES
SPONGE,THINGS WITH HOLES
BOWLING GREEN,LANDMARKS IN DOWNTOWN NYC
DECADE,GROUPS OF TEN
HIGHWAY,PLACES WITH LANES
WALL STREET,LANDMARKS IN DOWNTOWN NYC
FINGERS,GROUPS OF TEN
BROOKLYN BRIDGE,LANDMARKS IN DOWNTOWN NYC
COLANDER,THINGS WITH HOLES
SWIMMING POOL,PLACES WITH LANES
COMMANDMENTS,GROUPS OF TEN
FISH,STAR___
CHICK,MEMBER OF A GIRL GROUP
CLIP,EXCERPT
ENTRANCE,CAPTIVATE
BANGLE,MEMBER OF A GIRL GROUP
GATE,STAR___
CHARM,CAPTIVATE
PASSAGE,EXCERPT
EXTRACT,EXCERPT
RIVET,CAPTIVATE
SUPREME,MEMBER OF A GIRL GROUP
BOARD,STAR___
GO-GO,MEMBER OF A GIRL GROUP
QUOTE,EXCERPT
THRILL,CAPTIVATE
STRUCK,STAR___
TRAIN,COMPONENTS OF A BRIDE’S ENSEMBLE
BACKPACK,RHYMING COMPOUND WORDS
RACKET,USED TO HIT A BALL IN SPORTS
CABOOSE,DERRIERE
HUBBUB,RHYMING COMPOUND WORDS
SEAT,DERRIERE
BUSTLE,COMPONENTS OF A BRIDE’S ENSEMBLE
STICK,USED TO HIT A BALL IN SPORTS
BOUQUET,COMPONENTS OF A BRIDE’S ENSEMBLE
BAT,USED TO HIT A BALL IN SPORTS
TAIL,DERRIERE
COOKBOOK,RHYMING COMPOUND WORDS
MALLET,USED TO HIT A BALL IN SPORTS
VEIL,COMPONENTS OF A BRIDE’S ENSEMBLE
NITWIT,RHYMING COMPOUND WORDS
BACKSIDE,DERRIERE
TAKE CARE OF,"HANDLE, AS A BILL"
HAZE,STARTS OF CULINARY NUTS
PAY,"HANDLE, AS A BILL"
PEC,STARTS OF CULINARY NUTS
FOOT,"HANDLE, AS A BILL"
FINE,SPLENDID
CASH,STARTS OF CULINARY NUTS
THIGH,POULTRY CUTS
BREAST,POULTRY CUTS
MAC,STARTS OF CULINARY NUTS
CAPITAL,SPLENDID
TENDER,POULTRY CUTS
GRAND,SPLENDID
WING,POULTRY CUTS
SETTLE,"HANDLE, AS A BILL"
BRILLIANT,SPLENDID
TISSUE,KINDS OF SOFT/LIGHTWEIGHT PAPER
WORK,RENOVATIONS
PLUCK,INTREPIDITY
CONSTRUCTION,RENOVATIONS
CRUSH,TROUNCE
CREPE,KINDS OF SOFT/LIGHTWEIGHT PAPER
CREAM,TROUNCE
RESOLVE,INTREPIDITY
ROLLING,KINDS OF SOFT/LIGHTWEIGHT PAPER
REPAIRS,RENOVATIONS
SHELLAC,TROUNCE
TOILET,KINDS OF SOFT/LIGHTWEIGHT PAPER
GRIT,INTREPIDITY
ROUT,TROUNCE
UPGRADES,RENOVATIONS
FORTITUDE,INTREPIDITY
PRESS,FIRST AMENDMENT FREEDOMS
CLOSE,CONVENIENTLY LOCATED
WELCOME,WORDS ON A DOOR
STAMP,NEEDS FOR SENDING A LETTER
OPEN,WORDS ON A DOOR
SPEECH,FIRST AMENDMENT FREEDOMS
HANDY,CONVENIENTLY LOCATED
ADDRESS,NEEDS FOR SENDING A LETTER
PETITION,FIRST AMENDMENT FREEDOMS
ENVELOPE,NEEDS FOR SENDING A LETTER
PUSH,WORDS ON A DOOR
ACCESSIBLE,CONVENIENTLY LOCATED
NAME,NEEDS FOR SENDING A LETTER
NEARBY,CONVENIENTLY LOCATED
ASSEMBLY,FIRST AMENDMENT FREEDOMS
EXIT,WORDS ON A DOOR
CUE,INDICATION
STOP,"WORDS BEFORE ""WATCH"""
BREAKFAST,HOTEL AMENITIES
SHOT,OPPORTUNITY
POOL,HOTEL AMENITIES
POCKET,"WORDS BEFORE ""WATCH"""
PROMPT,INDICATION
PARKING,HOTEL AMENITIES
CHANCE,OPPORTUNITY
WI-FI,HOTEL AMENITIES
DIGITAL,"WORDS BEFORE ""WATCH"""
OPENING,OPPORTUNITY
WRIST,"WORDS BEFORE ""WATCH"""
NOD,INDICATION
BREAK,OPPORTUNITY
SIGNAL,INDICATION
VERMOUTH,FORTIFIED WINES
PLYMOUTH,___ ROCK
CLASSIC,___ ROCK
DASHBOARD,STARTING WITH WAYS TO MOVE QUICKLY
BLABBERMOUTH,QUITE THE TALKER
DARTMOUTH,STARTING WITH WAYS TO MOVE QUICKLY
LITTLE,___ ROCK
PORT,FORTIFIED WINES
FLYWHEEL,STARTING WITH WAYS TO MOVE QUICKLY
CHATTERBOX,QUITE THE TALKER
RUSHMORE,STARTING WITH WAYS TO MOVE QUICKLY
MARSALA,FORTIFIED WINES
WINDBAG,QUITE THE TALKER
THE,___ ROCK
SHERRY,FORTIFIED WINES
PRATTLER,QUITE THE TALKER
CANDY CANE,RODS THAT CURVE AT ONE END
CAROUSEL,THINGS THAT ROTATE ABOUT A VERTICAL AXIS
CEILING FAN,THINGS THAT ROTATE ABOUT A VERTICAL AXIS
CROOK,RODS THAT CURVE AT ONE END
ZEBRA,BLACK-AND-WHITE THINGS
KNITTING NEEDLES,PAIRS OF RODS
CROCHET HOOK,RODS THAT CURVE AT ONE END
BARBER POLE,THINGS THAT ROTATE ABOUT A VERTICAL AXIS
YIN-YANG SYMBOL,BLACK-AND-WHITE THINGS
CROWBAR,RODS THAT CURVE AT ONE END
PIANO KEYS,BLACK-AND-WHITE THINGS
CHOPSTICKS,PAIRS OF RODS
CLAVES,PAIRS OF RODS
DOMINO,BLACK-AND-WHITE THINGS
SKI POLES,PAIRS OF RODS
LAZY SUSAN,THINGS THAT ROTATE ABOUT A VERTICAL AXIS
DIPSY,___ DOODLE
DREAM,LANDS OF THE IMAGINATION
CHEESE,___ DOODLE
SATELLITE DISH,THINGS WITH ANTENNA/E
LA-LA,LANDS OF THE IMAGINATION
GOOGLE,___ DOODLE
TELETUBBY,THINGS WITH ANTENNA/E
NO-NO,BLUNDER
YANKEE,___ DOODLE
BOO-BOO,BLUNDER
RADIO TOWER,THINGS WITH ANTENNA/E
NEVER NEVER,LANDS OF THE IMAGINATION
FLUB,BLUNDER
INSECT,THINGS WITH ANTENNA/E
FANTASY,LANDS OF THE IMAGINATION
GAFFE,BLUNDER
LAS VEGAS,PROPER NOUNS AFTER GERUNDS IN '90S MOVIE TITLES
STRIP,KINDS OF POKER
AMY,PROPER NOUNS AFTER GERUNDS IN '90S MOVIE TITLES
ADAMS,U.S. PRESIDENTS
TOM CRUISE,ACTORS WHOSE LAST NAMES ARE ALSO VERBS
WASHINGTON,U.S. PRESIDENTS
PRIVATE RYAN,PROPER NOUNS AFTER GERUNDS IN '90S MOVIE TITLES
CHRISTOPH WALTZ,ACTORS WHOSE LAST NAMES ARE ALSO VERBS
JOHN MALKOVICH,PROPER NOUNS AFTER GERUNDS IN '90S MOVIE TITLES
STUD,KINDS OF POKER
GEOFFREY RUSH,ACTORS WHOSE LAST NAMES ARE ALSO VERBS
FORD,U.S. PRESIDENTS
OMAHA,KINDS OF POKER
GRANT,U.S. PRESIDENTS
DRAW,KINDS OF POKER
CHEVY CHASE,ACTORS WHOSE LAST NAMES ARE ALSO VERBS
SMARTWATCH,MODERN INVENTIONS
BOWL,ARENA
OIL,LIQUIDS YOU PUT INTO CARS
CHICANERY,SKULDUGGERY
COOLANT,LIQUIDS YOU PUT INTO CARS
PODCAST,MODERN INVENTIONS
HIPPODROME,ARENA
VAPE,MODERN INVENTIONS
LEGERDEMAIN,SKULDUGGERY
CRYPTO,MODERN INVENTIONS
DECEIT,SKULDUGGERY
FUEL,LIQUIDS YOU PUT INTO CARS
COLISEUM,ARENA
SUBTERFUGE,SKULDUGGERY
BRAKE FLUID,LIQUIDS YOU PUT INTO CARS
STADIUM,ARENA
GLASS,WINE VESSELS
CORAL,KINDS OF SNAKES
TORN,RIPPED
CURTAIN,___ CALL
RENT,RIPPED
RATTLE,KINDS OF SNAKES
COLD,___ CALL
BOTTLE,WINE VESSELS
KING,KINDS OF SNAKES
BOOTY,___ CALL
CARAFE,WINE VESSELS
SPLIT,RIPPED
CLOSE,___ CALL
GARTER,KINDS OF SNAKES
CLEFT,RIPPED
DECANTER,WINE VESSELS
PEARL,SMALL SPHERICAL THINGS
JAM,PREDICAMENT
POM-POM,SMALL SPHERICAL THINGS
FILTER,PIPE-SMOKING ACCESSORIES
PIPE CLEANER,PIPE-SMOKING ACCESSORIES
FEATHERS,"WHAT ""DOWN"" MIGHT MEAN"
FIX,PREDICAMENT
TAMPER,PIPE-SMOKING ACCESSORIES
PEA,SMALL SPHERICAL THINGS
WILLING,"WHAT ""DOWN"" MIGHT MEAN"
GUZZLE,"WHAT ""DOWN"" MIGHT MEAN"
MESS,PREDICAMENT
LIGHTER,PIPE-SMOKING ACCESSORIES
PICKLE,PREDICAMENT
SAD,"WHAT ""DOWN"" MIGHT MEAN"
MOTHBALL,SMALL SPHERICAL THINGS
TOAD,"WORDS BEFORE ""STOOL"""
RIDE,PESTER
TATTOO,DISTINGUISHING CHARACTERISTICS
BAR,"WORDS BEFORE ""STOOL"""
MOLE,DISTINGUISHING CHARACTERISTICS
FOOT,"WORDS BEFORE ""STOOL"""
HEEL,A REAL JERK
BADGER,PESTER
RAT,A REAL JERK
HARRY,PESTER
STEP,"WORDS BEFORE ""STOOL"""
SCAR,DISTINGUISHING CHARACTERISTICS
CREEP,A REAL JERK
PIERCING,DISTINGUISHING CHARACTERISTICS
BUG,PESTER
SKUNK,A REAL JERK
TAP,RESTAURANT WATER OPTIONS
ODD,ROULETTE OPTIONS
FALSE,BINARY QUESTION OPTIONS
RED,ROULETTE OPTIONS
CHECKING,ATM OPTIONS
SPARKLING,RESTAURANT WATER OPTIONS
EVEN,ROULETTE OPTIONS
DEPOSIT,ATM OPTIONS
YES,BINARY QUESTION OPTIONS
STILL,RESTAURANT WATER OPTIONS
TRUE,BINARY QUESTION OPTIONS
BLACK,ROULETTE OPTIONS
BOTTLED,RESTAURANT WATER OPTIONS
SAVINGS,ATM OPTIONS
NO,BINARY QUESTION OPTIONS
WITHDRAWAL,ATM OPTIONS
CYBERSPACE,ENDING WITH KEYBOARD KEYS
KETTLE,USED FOR TEA
ROCK,ASSOCIATED WITH HARDNESS
SNARE,PLACES TO GET TRAPPED
STEEL,ASSOCIATED WITH HARDNESS
MAKESHIFT,ENDING WITH KEYBOARD KEYS
WEB,PLACES TO GET TRAPPED
WATER,USED FOR TEA
ICECAPS,ENDING WITH KEYBOARD KEYS
NET,PLACES TO GET TRAPPED
CUP,USED FOR TEA
DIAMOND,ASSOCIATED WITH HARDNESS
TANGLE,PLACES TO GET TRAPPED
TEABAG,USED FOR TEA
CANTAB,ENDING WITH KEYBOARD KEYS
NAILS,ASSOCIATED WITH HARDNESS
SHELL,PLACES THAT SELL GAS
MUSHROOM,INCREASE
WAX,INCREASE
BANANA,___ SPLIT
STAR,FAMOUS PERSON
STOCK,___ SPLIT
FIGURE,FAMOUS PERSON
BALLOON,INCREASE
GULF,PLACES THAT SELL GAS
MOUNT,INCREASE
7-10,___ SPLIT
7-ELEVEN,PLACES THAT SELL GAS
PERSONALITY,FAMOUS PERSON
CHEVRON,PLACES THAT SELL GAS
LICKETY,___ SPLIT
NAME,FAMOUS PERSON
BLOW,NOT BE GOOD
GLASS,CONTEMPORARY COMPOSERS
FUNK,MUSIC GENRES
STINK,NOT BE GOOD
METAL,MUSIC GENRES
ROCK,DO EXCEPTIONALLY WELL
BITE,NOT BE GOOD
EAT,DO EXCEPTIONALLY WELL
CAGE,CONTEMPORARY COMPOSERS
EMO,MUSIC GENRES
ENO,CONTEMPORARY COMPOSERS
RULE,DO EXCEPTIONALLY WELL
SLAY,DO EXCEPTIONALLY WELL
SUCK,NOT BE GOOD
POP,MUSIC GENRES
REICH,CONTEMPORARY COMPOSERS
DRUM,___STICKS
BASS,HETERONYMS
FISH,___STICKS
CARDS,COMMON COMPONENTS OF BOARD GAMES
FIDDLE,___STICKS
ROAST,CRITICIZE HARSHLY
DOES,HETERONYMS
FLAME,CRITICIZE HARSHLY
CHOP,___STICKS
AXES,HETERONYMS
BLAST,CRITICIZE HARSHLY
DICE,COMMON COMPONENTS OF BOARD GAMES
COORDINATE,HETERONYMS
PIECES,COMMON COMPONENTS OF BOARD GAMES
BOARD,COMMON COMPONENTS OF BOARD GAMES
BASH,CRITICIZE HARSHLY
PRESIDENT,ONES CELEBRATED WITH HOLIDAYS
MOTHER,ONES CELEBRATED WITH HOLIDAYS
BISHOP,FAMOUS POETS
BIRD,"WHAT ""CARDINAL"" MIGHT REFER TO"
CLERGY MEMBER,"WHAT ""CARDINAL"" MIGHT REFER TO"
PREMIERE,FIRST APPEARANCE
M.L.B. PLAYER,"WHAT ""CARDINAL"" MIGHT REFER TO"
POPE,FAMOUS POETS
SAINT VALENTINE,ONES CELEBRATED WITH HOLIDAYS
INTRODUCTION,FIRST APPEARANCE
N.F.L. PLAYER,"WHAT ""CARDINAL"" MIGHT REFER TO"
LORDE,FAMOUS POETS
LAUNCH,FIRST APPEARANCE
BURNS,FAMOUS POETS
SAINT PATRICK,ONES CELEBRATED WITH HOLIDAYS
DEBUT,FIRST APPEARANCE
STIRRING,"IN ""A VISIT FROM ST. NICHOLAS"""
MYSTERY,STARTING WITH POSSESSIVE DETERMINERS
CHRISTMAS,"IN ""A VISIT FROM ST. NICHOLAS"""
SWEARING,CURSES
HOUSE,"IN ""A VISIT FROM ST. NICHOLAS"""
MOUSE,"IN ""A VISIT FROM ST. NICHOLAS"""
HERRING,STARTING WITH POSSESSIVE DETERMINERS
EARRING,WORN BY EARRING MAGIC KEN
EXPLETIVES,CURSES
PLEATHER VEST,WORN BY EARRING MAGIC KEN
OUROBOROS,STARTING WITH POSSESSIVE DETERMINERS
NECKLACE,WORN BY EARRING MAGIC KEN
MESH SHIRT,WORN BY EARRING MAGIC KEN
FOUR-LETTER WORDS,CURSES
HISTAMINE,STARTING WITH POSSESSIVE DETERMINERS
PROFANITY,CURSES
WED,JOIN
NES,TV-RELATED ABBREVIATIONS IN THE '80S
DAY,MAY___
DAWN,BEGINNING
FLOWER,MAY___
BOND,JOIN
GENESIS,BEGINNING
ALF,TV-RELATED ABBREVIATIONS IN THE '80S
MTV,TV-RELATED ABBREVIATIONS IN THE '80S
FLY,MAY___
FUSE,JOIN
START,BEGINNING
COMBINE,JOIN
POLE,MAY___
BIRTH,BEGINNING
VHS,TV-RELATED ABBREVIATIONS IN THE '80S
HONEYCOMB,THINGS WITH CELLS
PAIN,FRENCH FOOD WORDS
CANDY CANE,WHAT YOU MIGHT SEE ON A CHRISTMAS TREE
AIRBRUSH,"CLEAN UP, AS A PHOTOGRAPH"
ORGANISM,THINGS WITH CELLS
PAMPLEMOUSSE,FRENCH FOOD WORDS
SOLAR PANEL,THINGS WITH CELLS
ANGEL,WHAT YOU MIGHT SEE ON A CHRISTMAS TREE
FIX,"CLEAN UP, AS A PHOTOGRAPH"
SPREADSHEET,THINGS WITH CELLS
TINSEL,WHAT YOU MIGHT SEE ON A CHRISTMAS TREE
VINAIGRETTE,FRENCH FOOD WORDS
STRING LIGHTS,WHAT YOU MIGHT SEE ON A CHRISTMAS TREE
TOUCH UP,"CLEAN UP, AS A PHOTOGRAPH"
CORNICHON,FRENCH FOOD WORDS
PHOTOSHOP,"CLEAN UP, AS A PHOTOGRAPH"
HAN,CHINESE DYNASTIES
SOLO,AVAILABLE
FREE,AVAILABLE
ZING,PIQUANCY
RAM,MALE ANIMALS
KICK,PIQUANCY
STAG,AVAILABLE
BUCK,MALE ANIMALS
SINGLE,AVAILABLE
SONG,CHINESE DYNASTIES
JACK,MALE ANIMALS
TANG,CHINESE DYNASTIES
MING,CHINESE DYNASTIES
PUNCH,PIQUANCY
BILLY,MALE ANIMALS
ZEST,PIQUANCY
DIVINE,PREDICT
RAP,"""BEST ___ PERFORMANCE"" GRAMMY AWARD"
BLEW,RUPTURED
WIGHT,APPARITION
SPLIT,RUPTURED
CALL,PREDICT
READ,PREDICT
CHORAL,"""BEST ___ PERFORMANCE"" GRAMMY AWARD"
FORECAST,PREDICT
SHADE,APPARITION
JAZZ,"""BEST ___ PERFORMANCE"" GRAMMY AWARD"
SPIRIT,APPARITION
BURST,RUPTURED
AMERICANA,"""BEST ___ PERFORMANCE"" GRAMMY AWARD"
SPECTER,APPARITION
BROKE,RUPTURED
ANGULAR,GEOMETRY ADJECTIVES
AERIAL,GYMNASTICS MOVES
GEORGIA,FONTS
AURORA,DISNEY PRINCESSES
ARIAL,FONTS
LINEAR,GEOMETRY ADJECTIVES
MERIDA,DISNEY PRINCESSES
AREAL,GEOMETRY ADJECTIVES
ARABESQUE,GYMNASTICS MOVES
ARIEL,DISNEY PRINCESSES
SPLIT,GYMNASTICS MOVES
IMPACT,FONTS
TIANA,DISNEY PRINCESSES
VERDANA,FONTS
VOLUMETRIC,GEOMETRY ADJECTIVES
ROUNDOFF,GYMNASTICS MOVES
FISH,CAT___
HIKE,"INCREASE, WITH ""UP"""
HUNT,FICTIONAL SPIES
JACK,"INCREASE, WITH ""UP"""
BULL,NONSENSE
PEEL,FICTIONAL SPIES
ARCHER,FICTIONAL SPIES
TAIL,CAT___
CRANK,"INCREASE, WITH ""UP"""
WALK,CAT___
NAP,CAT___
BUNK,NONSENSE
BALONEY,NONSENSE
RAISE,"INCREASE, WITH ""UP"""
RUBBISH,NONSENSE
POWERS,FICTIONAL SPIES
SLUG,SWIG
EGG,THINGS WITH SHELLS
COMPLETE,FINISHED
BULL,___DOG
LAP,___DOG
SNAIL,THINGS WITH SHELLS
WATCH,___DOG
BELT,SWIG
OVER,FINISHED
UNDER,___DOG
THROUGH,FINISHED
HARD TACO,THINGS WITH SHELLS
DONE,FINISHED
GULP,SWIG
M&M,THINGS WITH SHELLS
SHOT,SWIG
DONKEY,EDDIE MURPHY ROLES
KONG,KING ___
BAD,"""YOU SHOULD KNOW BETTER!"""
COBRA,KING ___
BARREL,MOVE QUICKLY
RACE,MOVE QUICKLY
TUT,KING ___
TSK,"""YOU SHOULD KNOW BETTER!"""
FLY,MOVE QUICKLY
FOLEY,EDDIE MURPHY ROLES
TUT TUT,"""YOU SHOULD KNOW BETTER!"""
CAKE,KING ___
DOLITTLE,EDDIE MURPHY ROLES
SHAME,"""YOU SHOULD KNOW BETTER!"""
ZIP,MOVE QUICKLY
AKEEM,EDDIE MURPHY ROLES
BOX,ON A BASEBALL FIELD
POINT,RUDE THINGS TO DO
WHOPPER,BEHEMOTH
SCRATCH,BLEMISH
SNICKER,RUDE THINGS TO DO
PLATE,ON A BASEBALL FIELD
MOUND,ON A BASEBALL FIELD
WHALE,BEHEMOTH
MAR,BLEMISH
STARE,RUDE THINGS TO DO
MAMMOTH,BEHEMOTH
DING,BLEMISH
BASE,ON A BASEBALL FIELD
COLOSSUS,BEHEMOTH
DENT,BLEMISH
WHISPER,RUDE THINGS TO DO
ZOOM,KINDS OF CAMERA LENSES
CALL,ENTREATY
TELEPHOTO,KINDS OF CAMERA LENSES
NUMBER,CONTACT INFO
EBAY,BODIES OF WATER PLUS STARTING LETTER
BID,ENTREATY
EMAIL,CONTACT INFO
DRIVER,BODIES OF WATER PLUS STARTING LETTER
ADDRESS,CONTACT INFO
APPEAL,ENTREATY
MACRO,KINDS OF CAMERA LENSES
NAME,CONTACT INFO
PETITION,ENTREATY
FLAKE,BODIES OF WATER PLUS STARTING LETTER
FINLET,BODIES OF WATER PLUS STARTING LETTER
FISHEYE,KINDS OF CAMERA LENSES
NICKEL,BUFFALO ___
KEY,IMPORTANT
WON,GLOBAL CURRENCIES
MAJOR,IMPORTANT
PRINCIPAL,IMPORTANT
DOLLAR,GLOBAL CURRENCIES
PRIVATE,INTIMATE AND UNDISCLOSED
BILL,BUFFALO ___
SOLDIER,BUFFALO ___
PERSONAL,INTIMATE AND UNDISCLOSED
CRITICAL,IMPORTANT
POUND,GLOBAL CURRENCIES
INNER,INTIMATE AND UNDISCLOSED
WING,BUFFALO ___
STERLING,GLOBAL CURRENCIES
SECRET,INTIMATE AND UNDISCLOSED
MAIN,STREETS WITH SYMBOLIC IMPORTANCE
SCALE,MAP FEATURES
DOOR,ENTRYWAY
KEY,MAP FEATURES
TOP,SURPASS
COMPASS,MAP FEATURES
WALL,STREETS WITH SYMBOLIC IMPORTANCE
GATE,ENTRYWAY
BEST,SURPASS
FLEET,STREETS WITH SYMBOLIC IMPORTANCE
BEAT,SURPASS
INSET,MAP FEATURES
PORTAL,ENTRYWAY
BETTER,SURPASS
DOWNING,STREETS WITH SYMBOLIC IMPORTANCE
HATCH,ENTRYWAY
CONNECTION,ROMANTIC VIBE
BANSHEE,MEMBER OF A CLASSIC BACKING BAND
CARPET,FLOORING OPTIONS
STRAND,BEACHY AREA
PIP,MEMBER OF A CLASSIC BACKING BAND
CHEMISTRY,ROMANTIC VIBE
BANK,BEACHY AREA
TILE,FLOORING OPTIONS
HEARTBREAKER,MEMBER OF A CLASSIC BACKING BAND
WOOD,FLOORING OPTIONS
SPARK,ROMANTIC VIBE
COAST,BEACHY AREA
LAMINATE,FLOORING OPTIONS
SHORE,BEACHY AREA
WAILER,MEMBER OF A CLASSIC BACKING BAND
FIREWORKS,ROMANTIC VIBE
ROGER,___ RABBIT
PEN,THINGS WITH INK
ROSE,ONE IN A DOZEN
MONTH,ONE IN A DOZEN
SQUID,THINGS WITH INK
PRINTER,THINGS WITH INK
DONUT,ONE IN A DOZEN
MONITOR,KEEP TABS ON
JUROR,ONE IN A DOZEN
WATCH,KEEP TABS ON
TATTOO MACHINE,THINGS WITH INK
TRIX,___ RABBIT
FOLLOW,KEEP TABS ON
WHITE,___ RABBIT
VELVETEEN,___ RABBIT
TRACK,KEEP TABS ON
PINWHEEL,THEY'RE BLOWIN' IN THE WIND
RAINBOW,LAST WORDS IN LONG-RUNNING CHILDREN’S SHOW TITLES
STUFF,CRAM
BACKPEDAL,CHANGE ONE’S TUNE
SHOEHORN,CRAM
FLAG,THEY'RE BLOWIN' IN THE WIND
NEIGHBORHOOD,LAST WORDS IN LONG-RUNNING CHILDREN’S SHOW TITLES
STREET,LAST WORDS IN LONG-RUNNING CHILDREN’S SHOW TITLES
WEDGE,CRAM
FLIP-FLOP,CHANGE ONE’S TUNE
VANE,THEY'RE BLOWIN' IN THE WIND
JAM,CRAM
ABOUT-FACE,CHANGE ONE’S TUNE
WIND CHIME,THEY'RE BLOWIN' IN THE WIND
KANGAROO,LAST WORDS IN LONG-RUNNING CHILDREN’S SHOW TITLES
RENEGE,CHANGE ONE’S TUNE
NASA,ORGS WITH STARS IN THEIR LOGOS
READY,FURNISH
WILLING,INTO IT
ABLE,HOMOPHONES OF GENESIS FIGURES
NOAA,HOMOPHONES OF GENESIS FIGURES
OUTFIT,FURNISH
N.F.L.,ORGS WITH STARS IN THEIR LOGOS
GAME,INTO IT
DOWN,INTO IT
CANE,HOMOPHONES OF GENESIS FIGURES
PREPARE,FURNISH
PARAMOUNT,ORGS WITH STARS IN THEIR LOGOS
EAVE,HOMOPHONES OF GENESIS FIGURES
SUBARU,ORGS WITH STARS IN THEIR LOGOS
EAGER,INTO IT
EQUIP,FURNISH
TIGER,PAPER ___
NOSE,"THINGS THAT CAN RUN, ANNOYINGLY"
MASCARA,"THINGS THAT CAN RUN, ANNOYINGLY"
PACE,EXHIBIT NERVOUSNESS
RATE,EVALUATE
BLUSH,EXHIBIT NERVOUSNESS
DYE,"THINGS THAT CAN RUN, ANNOYINGLY"
CLIP,PAPER ___
SWEAT,EXHIBIT NERVOUSNESS
TOWEL,PAPER ___
SCORE,EVALUATE
TRAIL,PAPER ___
RANK,EVALUATE
FIDGET,EXHIBIT NERVOUSNESS
STOCKINGS,"THINGS THAT CAN RUN, ANNOYINGLY"
GRADE,EVALUATE
DUCK,N.H.L. TEAM MEMBER
WING,BIT OF SPORTS BAR FARE
ROCKET,SKY___
STAR,N.H.L. TEAM MEMBER
LARK,SKY___
DIP,BIT OF SPORTS BAR FARE
DODGE,CAR BRANDS
SENATOR,N.H.L. TEAM MEMBER
RAM,CAR BRANDS
DIVE,SKY___
FRY,BIT OF SPORTS BAR FARE
FORD,CAR BRANDS
CHIP,BIT OF SPORTS BAR FARE
SCRAPER,SKY___
LINCOLN,CAR BRANDS
FLYER,N.H.L. TEAM MEMBER
ALE,VEGETABLES WITH FIRST LETTER REMOVED
TAP,TOUCHSCREEN GESTURES
VEG,RELAX
TABLE,RESTAURANT SEATING OPTIONS
BAR,RESTAURANT SEATING OPTIONS
LOUNGE,RELAX
QUASH,VEGETABLES WITH FIRST LETTER REMOVED
PINCH,TOUCHSCREEN GESTURES
HIVE,VEGETABLES WITH FIRST LETTER REMOVED
COUNTER,RESTAURANT SEATING OPTIONS
SCROLL,TOUCHSCREEN GESTURES
EEK,VEGETABLES WITH FIRST LETTER REMOVED
SWIPE,TOUCHSCREEN GESTURES
LOAF,RELAX
BOOTH,RESTAURANT SEATING OPTIONS
CHILL,RELAX
CROSSWORD,BLACK-AND-WHITE THINGS
AREA,BASIC GEOMETRIC CALCULATIONS
AYES,WORDS THAT SOUND LIKE PLURAL LETTERS
ORCA,BLACK-AND-WHITE THINGS
ARIA,LAS VEGAS CASINO HOTELS
ARS,WORDS THAT SOUND LIKE PLURAL LETTERS
OREO,BLACK-AND-WHITE THINGS
EASE,WORDS THAT SOUND LIKE PLURAL LETTERS
VOLUME,BASIC GEOMETRIC CALCULATIONS
DOMINO,BLACK-AND-WHITE THINGS
ENCORE,LAS VEGAS CASINO HOTELS
LENGTH,BASIC GEOMETRIC CALCULATIONS
EXCALIBUR,LAS VEGAS CASINO HOTELS
PERIMETER,BASIC GEOMETRIC CALCULATIONS
OWES,WORDS THAT SOUND LIKE PLURAL LETTERS
LUXOR,LAS VEGAS CASINO HOTELS
FERRIS,TITLE CHARACTERS IN '80S MOVIES
BUMPER,"""RUBBER BABY BUGGY BUMPER"""
ROLLER,KINDS OF LUGGAGE
BRIGHT,CHEERFUL
HARD-SHELL,KINDS OF LUGGAGE
BOUNCY,CHEERFUL
RUBBER,"""RUBBER BABY BUGGY BUMPER"""
DUFFEL,KINDS OF LUGGAGE
MERRY,CHEERFUL
PEE-WEE,TITLE CHARACTERS IN '80S MOVIES
BUGGY,"""RUBBER BABY BUGGY BUMPER"""
CARRY-ON,KINDS OF LUGGAGE
HEATHER,TITLE CHARACTERS IN '80S MOVIES
BABY,"""RUBBER BABY BUGGY BUMPER"""
SUNNY,CHEERFUL
INDIANA,TITLE CHARACTERS IN '80S MOVIES
PICTURE,MOVIE
PEPPER,STREW
POTATO,SWEET ___
BRAIN,WRINKLY THINGS
PRUNE,WRINKLY THINGS
TALK,SWEET ___
SHAR PEI,WRINKLY THINGS
LITTER,STREW
FLICK,MOVIE
SPRINKLE,STREW
FEATURE,MOVIE
TOOTH,SWEET ___
SIXTEEN,SWEET ___
CREPE PAPER,WRINKLY THINGS
SCATTER,STREW
FILM,MOVIE
GREEK/ROMAN GOD,"NAMED ""APOLLO"""
MARTIAN,"MATT DAMON MOVIES, WITH ""THE"""
LEFT,"LEFT-LEANING, POLITICALLY"
SPACECRAFT,"NAMED ""APOLLO"""
SPLIT,ICE CREAM PARLOR ORDERS
CUP,ICE CREAM PARLOR ORDERS
DEPARTED,"MATT DAMON MOVIES, WITH ""THE"""
THEATER,"NAMED ""APOLLO"""
PROGRESSIVE,"LEFT-LEANING, POLITICALLY"
SHAKE,ICE CREAM PARLOR ORDERS
FICTIONAL BOXER,"NAMED ""APOLLO"""
RAINMAKER,"MATT DAMON MOVIES, WITH ""THE"""
CONE,ICE CREAM PARLOR ORDERS
BLUE,"LEFT-LEANING, POLITICALLY"
GOOD SHEPHERD,"MATT DAMON MOVIES, WITH ""THE"""
LIBERAL,"LEFT-LEANING, POLITICALLY"
BLONDE,DIRTY ___
SUN,KINDS OF BEARS
WORD,DIRTY ___
PALE,HARD TO MAKE OUT
DIM,HARD TO MAKE OUT
CREAM,STIR VIGOROUSLY
BROWN,KINDS OF BEARS
RICE,DIRTY ___
BLACK,KINDS OF BEARS
LIGHT,HARD TO MAKE OUT
FAINT,HARD TO MAKE OUT
BEAT,STIR VIGOROUSLY
WHISK,STIR VIGOROUSLY
POLAR,KINDS OF BEARS
POOL,DIRTY ___
WHIP,STIR VIGOROUSLY
FLIPPER,APPENDAGES
FRITTER,"SQUANDER, WITH “AWAY”"
THROW,"SQUANDER, WITH “AWAY”"
KETTLE,POPCORN-MAKING METHODS
TENDER,LOVING
WING,APPENDAGES
TRIFLE,"SQUANDER, WITH “AWAY”"
POPPER,POPCORN-MAKING METHODS
ARM,APPENDAGES
WARM,LOVING
MICROWAVE,POPCORN-MAKING METHODS
FIDDLE,"SQUANDER, WITH “AWAY”"
STOVETOP,POPCORN-MAKING METHODS
KIND,LOVING
FIN,APPENDAGES
SWEET,LOVING
TRIDENT,GUM BRANDS
BUFFALO,N.F.L. TEAM LOGOS
WORM,MALICIOUS SOFTWARE
LIGHTNING BOLT,N.F.L. TEAM LOGOS
TROJAN HORSE,MALICIOUS SOFTWARE
EXTRA,GUM BRANDS
HORSESHOE,N.F.L. TEAM LOGOS
AEGIS,BACKING
FLEUR-DE-LIS,N.F.L. TEAM LOGOS
BACKDOOR,MALICIOUS SOFTWARE
SHIELD,BACKING
ORBIT,GUM BRANDS
GUARD,BACKING
ICE BREAKERS,GUM BRANDS
VIRUS,MALICIOUS SOFTWARE
PROTECTION,BACKING
FLAPPER,PARTS OF A TOILET TANK
PUNK,PLAY A JOKE ON
HOTEL,FIRST WORDS IN '70S ROCK SONG TITLES
STAIRWAY,FIRST WORDS IN '70S ROCK SONG TITLES
BOHEMIAN,FIRST WORDS IN '70S ROCK SONG TITLES
FLOAT,PARTS OF A TOILET TANK
HANDLE,PARTS OF A TOILET TANK
HIPSTER,KINDS OF UNDERWEAR
BOXER,KINDS OF UNDERWEAR
FOOL,PLAY A JOKE ON
CHAIN,PARTS OF A TOILET TANK
TRICK,PLAY A JOKE ON
BABA,FIRST WORDS IN '70S ROCK SONG TITLES
BRIEF,KINDS OF UNDERWEAR
PRANK,PLAY A JOKE ON
THONG,KINDS OF UNDERWEAR
WOOD,WORDS IN A FAMOUS TONGUE TWISTER
THEREFORE,ENDING WITH NUMBER HOMOPHONES
WOODY,CARTOON BIRDS
GUTHRIE,ENDING WITH NUMBER HOMOPHONES
WOODSTOCK,CARTOON BIRDS
CLASSICS,ENDING WITH NUMBER HOMOPHONES
CHUCK,WORDS IN A FAMOUS TONGUE TWISTER
STIFF,"UNNATURAL, AS MANNERISMS"
COULD,WORDS IN A FAMOUS TONGUE TWISTER
WOODEN,"UNNATURAL, AS MANNERISMS"
CREATE,ENDING WITH NUMBER HOMOPHONES
FOGHORN,CARTOON BIRDS
AWKWARD,"UNNATURAL, AS MANNERISMS"
WOODCHUCK,WORDS IN A FAMOUS TONGUE TWISTER
SCROOGE,CARTOON BIRDS
STILTED,"UNNATURAL, AS MANNERISMS"
CANYON,ECHOEY PLACES
HALLWAY,ECHOEY PLACES
RAPIDS,FAST-MOVING WATER
FLAME,CRITICIZE
CURRENT,FAST-MOVING WATER
JURY,___ PRIZE
SLAM,CRITICIZE
DOOR,___ PRIZE
TUNNEL,ECHOEY PLACES
CATARACT,FAST-MOVING WATER
BOOBY,___ PRIZE
SKEWER,CRITICIZE
KNOCK,CRITICIZE
FIRST,___ PRIZE
ZOOM CALL,ECHOEY PLACES
WHIRLPOOL,FAST-MOVING WATER
STAY,DOG COMMANDS
UP,BEST ANIMATED FEATURE OSCAR WINNERS
SET,SITUATED
FLOW,BEST ANIMATED FEATURE OSCAR WINNERS
DOWN,DOG COMMANDS
PUT,SITUATED
JUST,DESERVED
RIGHT,DESERVED
DUE,DESERVED
LEFT,SITUATED
COME,DOG COMMANDS
BRAVE,BEST ANIMATED FEATURE OSCAR WINNERS
PLACED,SITUATED
HEEL,DOG COMMANDS
FROZEN,BEST ANIMATED FEATURE OSCAR WINNERS
FAIR,DESERVED
EDGE,BOUNDARY
FOOTBALL,THEY MOVE IN A SPIRAL
EDITOR,"WHAT ""ED"" MIGHT INDICATE"
MEMORY,SONGS FROM MUSICALS
TORNADO,THEY MOVE IN A SPIRAL
EDWARD,"WHAT ""ED"" MIGHT INDICATE"
LIMIT,BOUNDARY
EDDY,THEY MOVE IN A SPIRAL
EDELWEISS,SONGS FROM MUSICALS
TASMANIAN DEVIL,THEY MOVE IN A SPIRAL
EDUCATION,"WHAT ""ED"" MIGHT INDICATE"
CABARET,SONGS FROM MUSICALS
BORDER,BOUNDARY
PAST TENSE,"WHAT ""ED"" MIGHT INDICATE"
MAMMA MIA,SONGS FROM MUSICALS
EXTREMITY,BOUNDARY
FORTUNE,KINDS OF COOKIES
STAR,ANAGRAMS
DARN,FIX A HOLE IN CLOTHING
RAINBOW,KINDS OF COOKIES
RATS,ANAGRAMS
BLOW,RUSH OF WIND
SUGAR,KINDS OF COOKIES
PATCH,FIX A HOLE IN CLOTHING
BLAST,RUSH OF WIND
STITCH,FIX A HOLE IN CLOTHING
ARTS,ANAGRAMS
GALE,RUSH OF WIND
MEND,FIX A HOLE IN CLOTHING
OATMEAL,KINDS OF COOKIES
GUST,RUSH OF WIND
TSAR,ANAGRAMS
BUMPER,___ CAR
POT,USED TO GROW A HOUSEPLANT
FROZEN,MADONNA SONGS
WATER,USED TO GROW A HOUSEPLANT
SHOCK,FLABBERGAST
HOLIDAY,MADONNA SONGS
SPORTS,___ CAR
FLOOR,FLABBERGAST
GETAWAY,___ CAR
SOIL,USED TO GROW A HOUSEPLANT
ROCK,FLABBERGAST
MUSIC,MADONNA SONGS
CHERISH,MADONNA SONGS
CLOWN,___ CAR
SEED,USED TO GROW A HOUSEPLANT
SHAKE,FLABBERGAST
FILM,THINGS THAT COME ON SPOOLS
HAYSTACK,STARTING WITH HOMOPHONES OF GREETINGS
THREAD,THINGS THAT COME ON SPOOLS
PEA,KINDS OF COATS
TURNTABLE,PARTS OF A RECORD PLAYER SETUP
TRENCH,KINDS OF COATS
CAMEL,KINDS OF COATS
HAIKU,STARTING WITH HOMOPHONES OF GREETINGS
YEOMAN,STARTING WITH HOMOPHONES OF GREETINGS
PREAMP,PARTS OF A RECORD PLAYER SETUP
TAPE,THINGS THAT COME ON SPOOLS
DUFFLE,KINDS OF COATS
SPEAKER,PARTS OF A RECORD PLAYER SETUP
WIRE,THINGS THAT COME ON SPOOLS
HELONIUM,STARTING WITH HOMOPHONES OF GREETINGS
AMP,PARTS OF A RECORD PLAYER SETUP
BUZZ,GOSSIP
CREW,TEAM
FANNIE,MUSICALS PLUS STARTING LETTER
PACK,TEAM
RING,SEEN AT A WEDDING
TALK,GOSSIP
CHAIR,MUSICALS PLUS STARTING LETTER
CAKE,SEEN AT A WEDDING
DIRT,GOSSIP
GROUP,TEAM
BRENT,MUSICALS PLUS STARTING LETTER
SCATS,MUSICALS PLUS STARTING LETTER
BOUQUET,SEEN AT A WEDDING
BUNCH,TEAM
DISH,GOSSIP
ALTAR,SEEN AT A WEDDING
CREAM,FINEST
ALTERNATIVE,ROCK MUSIC SUBGENRES
PEARL,PAINT FINISHES
RIVER,KINDS OF BEDS
BEST,FINEST
EGGSHELL,PAINT FINISHES
OYSTER,KINDS OF BEDS
GARAGE,ROCK MUSIC SUBGENRES
NAIL,KINDS OF BEDS
GLOSS,PAINT FINISHES
SELECT,FINEST
ARENA,ROCK MUSIC SUBGENRES
CLASSIC,ROCK MUSIC SUBGENRES
ELITE,FINEST
FLOWER,KINDS OF BEDS
MATTE,PAINT FINISHES
LIMESTONE,KINDS OF ROCKS
GORILLA,TITLE FIGURES IN CLASSIC VIDEO GAMES
PHOTO,NEWS ARTICLE FEATURES
FIGMENT,FANTASY
FANCY,FANTASY
DATELINE,NEWS ARTICLE FEATURES
PLUMBER,TITLE FIGURES IN CLASSIC VIDEO GAMES
SLATE,KINDS OF ROCKS
FICTION,FANTASY
PRINCESS,TITLE FIGURES IN CLASSIC VIDEO GAMES
FLINT,KINDS OF ROCKS
CAPTION,NEWS ARTICLE FEATURES
MARBLE,KINDS OF ROCKS
LEDE,NEWS ARTICLE FEATURES
HEDGEHOG,TITLE FIGURES IN CLASSIC VIDEO GAMES
INVENTION,FANTASY
THIRD,___ EYE
SISTER,ONE IN A SEPTET
LOVERS,"TAROT CARDS, WITH ""THE"""
MAGIC,___ EYE
BIG,SIGNIFICANT
STAR,"TAROT CARDS, WITH ""THE"""
SERIOUS,SIGNIFICANT
WONDER,ONE IN A SEPTET
NAKED,___ EYE
DEVIL,"TAROT CARDS, WITH ""THE"""
EVIL,___ EYE
MAJOR,SIGNIFICANT
MAGICIAN,"TAROT CARDS, WITH ""THE"""
CONTINENT,ONE IN A SEPTET
IMPORTANT,SIGNIFICANT
DEADLY SIN,ONE IN A SEPTET
ALLEY,STREET SUFFIXES
SPORT,DRESS IN
TACKLE,EQUIPMENT
LANE,STREET SUFFIXES
TOM,NICKNAMES THAT HAVE OTHER MEANINGS
COURT,STREET SUFFIXES
KIT,EQUIPMENT
BOB,NICKNAMES THAT HAVE OTHER MEANINGS
DON,DRESS IN
BILL,NICKNAMES THAT HAVE OTHER MEANINGS
WEAR,DRESS IN
GEAR,EQUIPMENT
PAT,NICKNAMES THAT HAVE OTHER MEANINGS
WAY,STREET SUFFIXES
PUT ON,DRESS IN
STUFF,EQUIPMENT
BEGINS,ESTABLISHES
SWIFT,BIRDS
DAYS,HAPPY ___
RETURNS,HAPPY ___
FOREVER,FOR ALL TIME
ENDING,HAPPY ___
ROBIN,BIRDS
TRAILS,HAPPY ___
SWALLOW,BIRDS
PIONEERS,ESTABLISHES
PERMANENT,FOR ALL TIME
INSTITUTES,ESTABLISHES
EVERLASTING,FOR ALL TIME
KITE,BIRDS
LAUNCHES,ESTABLISHES
ETERNAL,FOR ALL TIME
PANDORA’S BOX,METAPHORS FOR POTENTIALLY VOLATILE SITUATIONS
LUCKY STIFF,"ENDING WITH SYNONYMS FOR ""SWINDLE"""
LIVE MUSIC,BAR EVENTS
GOLDEN FLEECE,"ENDING WITH SYNONYMS FOR ""SWINDLE"""
GOOD RIDDANCE,WORDS AFTER A WELCOME DEPARTURE
HAPPY HOUR,BAR EVENTS
HORNET’S NEST,METAPHORS FOR POTENTIALLY VOLATILE SITUATIONS
COMIC CON,"ENDING WITH SYNONYMS FOR ""SWINDLE"""
KARAOKE,BAR EVENTS
AMERICAN HUSTLE,"ENDING WITH SYNONYMS FOR ""SWINDLE"""
SAYONARA,WORDS AFTER A WELCOME DEPARTURE
MINEFIELD,METAPHORS FOR POTENTIALLY VOLATILE SITUATIONS
FINALLY,WORDS AFTER A WELCOME DEPARTURE
CAN OF WORMS,METAPHORS FOR POTENTIALLY VOLATILE SITUATIONS
TRIVIA NIGHT,BAR EVENTS
ABOUT TIME,WORDS AFTER A WELCOME DEPARTURE
STEM,HALT
EASEL,ANIMALS MINUS STARTING LETTER
ABSORB,CAPTIVATE
DIGEST,SUMMARY
ANTHER,ANIMALS MINUS STARTING LETTER
REVIEW,SUMMARY
CHECK,HALT
HARK,ANIMALS MINUS STARTING LETTER
BRIEF,SUMMARY
HOLD,CAPTIVATE
STAUNCH,HALT
LAMA,ANIMALS MINUS STARTING LETTER
ENGAGE,CAPTIVATE
CURB,HALT
OUTLINE,SUMMARY
OCCUPY,CAPTIVATE
KIDNEY,TYPES OF POOLS
GOLF,IN THE NATO PHONETIC ALPHABET
GREAT,___ SEAL
BRONCO,FORD MODELS
PINTO,FORD MODELS
VACUUM,___ SEAL
KIDDIE,TYPES OF POOLS
LIMA,IN THE NATO PHONETIC ALPHABET
NAVY,___ SEAL
OLYMPIC,TYPES OF POOLS
ELEPHANT,___ SEAL
FIESTA,FORD MODELS
INFINITY,TYPES OF POOLS
BRAVO,IN THE NATO PHONETIC ALPHABET
MUSTANG,FORD MODELS
DELTA,IN THE NATO PHONETIC ALPHABET
TART,FRUIT DESSERTS
PIKE,FISH
SOUR,CRABBY
BREAD,BANANA ___
SPLIT,BANANA ___
CRUMBLE,FRUIT DESSERTS
BOAT,BANANA ___
SKATE,FISH
SLUG,BANANA ___
CROSS,CRABBY
CRISP,FRUIT DESSERTS
CHAR,FISH
SORE,CRABBY
FLUKE,FISH
PRICKLY,CRABBY
COBBLER,FRUIT DESSERTS
TOM THUMB,FOLKTALE CHARACTERS
MAGNET,ITEMS IN A SOUVENIR SHOP
CLICKER,USED DURING A PRESENTATION
JACK,FOLKTALE CHARACTERS
POSTCARD,ITEMS IN A SOUVENIR SHOP
HEAT INDEX,WEATHER TERMS
WIND CHILL,WEATHER TERMS
LASER POINTER,USED DURING A PRESENTATION
KEY RING,ITEMS IN A SOUVENIR SHOP
CHICKEN LITTLE,FOLKTALE CHARACTERS
THUMBELINA,FOLKTALE CHARACTERS
FIGURINE,ITEMS IN A SOUVENIR SHOP
SLIDES,USED DURING A PRESENTATION
BEAUFORT SCALE,WEATHER TERMS
PROJECTOR,USED DURING A PRESENTATION
DEWPOINT,WEATHER TERMS
HAND,"WORDS BEFORE ""BALL"" IN SPORTS"
HOCK,"HOMOPHONES OF SYNONYMS FOR ""VEND"""
PEDAL,"HOMOPHONES OF SYNONYMS FOR ""VEND"""
SKATE,GLIDE
BACON,PROLIFIC ACTORS
CELL,"HOMOPHONES OF SYNONYMS FOR ""VEND"""
PICKLE,"WORDS BEFORE ""BALL"" IN SPORTS"
CAGE,PROLIFIC ACTORS
DODGE,"WORDS BEFORE ""BALL"" IN SPORTS"
COAST,GLIDE
FORD,PROLIFIC ACTORS
BREEZE,GLIDE
CRUISE,PROLIFIC ACTORS
RACQUET,"WORDS BEFORE ""BALL"" IN SPORTS"
FLOAT,GLIDE
TRAYED,"HOMOPHONES OF SYNONYMS FOR ""VEND"""
CRUNCHY,CHOCOLATE BARS PLUS A LETTER
FALL,TOPPLE
LEAVES,PARTS OF A BOOK
COVER,PARTS OF A BOOK
BUG,"LOSE IT, WITH ""OUT"""
MARSH,CHOCOLATE BARS PLUS A LETTER
WIG,"LOSE IT, WITH ""OUT"""
SPILL,TOPPLE
SKORT,CHOCOLATE BARS PLUS A LETTER
JACKET,PARTS OF A BOOK
TUMBLE,TOPPLE
FLIP,"LOSE IT, WITH ""OUT"""
SPINE,PARTS OF A BOOK
DOVER,CHOCOLATE BARS PLUS A LETTER
FREAK,"LOSE IT, WITH ""OUT"""
WIPEOUT,TOPPLE
K,PERIODIC TABLE SYMBOLS
POP,___CORN
DEMON,AFFLICTION
HUNTER,REPRESENTED BY CONSTELLATIONS
COMPLEX,AFFLICTION
AS,PERIODIC TABLE SYMBOLS
A,___CORN
CENTAUR,REPRESENTED BY CONSTELLATIONS
BE,PERIODIC TABLE SYMBOLS
BIG BEAR,REPRESENTED BY CONSTELLATIONS
BUGBEAR,AFFLICTION
UNI,___CORN
I,PERIODIC TABLE SYMBOLS
HANG-UP,AFFLICTION
LYRE,REPRESENTED BY CONSTELLATIONS
CAPRI,___CORN
BUCKS,N.B.A. TEAMS
DOES,TAKES ON
BULLS,N.B.A. TEAMS
DRONES,THINGS YOU CAN CONTROL WITH REMOTES
QUEENS,PLAYING CARDS
HORNETS,N.B.A. TEAMS
ADDRESSES,TAKES ON
TELEVISIONS,THINGS YOU CAN CONTROL WITH REMOTES
GARAGE DOORS,THINGS YOU CAN CONTROL WITH REMOTES
HANDLES,TAKES ON
KINGS,PLAYING CARDS
JACKS,PLAYING CARDS
SPURS,N.B.A. TEAMS
ACES,PLAYING CARDS
TACKLES,TAKES ON
WIIS,THINGS YOU CAN CONTROL WITH REMOTES
FASHION,ADAPT TO FIT ONE'S NEEDS
WRITER,COPY___
PASTA,COPY___
SHAPE,ADAPT TO FIT ONE'S NEEDS
PHARAOH,KINDS OF ANTS
TAILOR,ADAPT TO FIT ONE'S NEEDS
FIRE,KINDS OF ANTS
WATER,UTILITIES
GAS,UTILITIES
CARPENTER,KINDS OF ANTS
ELECTRIC,UTILITIES
MOLD,ADAPT TO FIT ONE'S NEEDS
TELEPHONE,UTILITIES
CAT,COPY___
RIGHT,COPY___
ARMY,KINDS OF ANTS
DOGGY,___ BAG
FINE,PEACHY
PRIZE,WINNINGS
SWAG,___ BAG
STONE,PIECES OF OLYMPIC SPORTS EQUIPMENT
KITTY,WINNINGS
BALL,PIECES OF OLYMPIC SPORTS EQUIPMENT
DUCKY,PEACHY
BIRDIE,PIECES OF OLYMPIC SPORTS EQUIPMENT
GO,___ BAG
SWELL,PEACHY
PURSE,WINNINGS
MIXED,___ BAG
POT,WINNINGS
PUCK,PIECES OF OLYMPIC SPORTS EQUIPMENT
DANDY,PEACHY
BAYWATCH,ENDING IN ACCESSORIES
HIGHLIGHT,THINGS YOU CAN DO TO TEXT
RAINBOW,THINGS KNOWN FOR BEING COLORFUL THINGS
HERRING,ENDING IN ACCESSORIES
PRIME,BEST YEARS
SUNSET,THINGS KNOWN FOR BEING COLORFUL THINGS
BOLD,THINGS YOU CAN DO TO TEXT
PEACOCK,THINGS KNOWN FOR BEING COLORFUL THINGS
COOTIE,ENDING IN ACCESSORIES
HEYDAY,BEST YEARS
KALEIDOSCOPE,THINGS KNOWN FOR BEING COLORFUL THINGS
UNDERLINE,THINGS YOU CAN DO TO TEXT
ZENITH,BEST YEARS
KINGPIN,ENDING IN ACCESSORIES
STRIKETHROUGH,THINGS YOU CAN DO TO TEXT
PINNACLE,BEST YEARS
DATE,DIGITAL WATCH FEATURES
VEST,CONFER
LIGHT,DIGITAL WATCH FEATURES
SHAFT,SWINDLE
RAY,BEST ACTOR-WINNING BIOPICS
FLEECE,SWINDLE
ALARM,DIGITAL WATCH FEATURES
LINCOLN,BEST ACTOR-WINNING BIOPICS
GRANT,CONFER
MILK,BEST ACTOR-WINNING BIOPICS
HOSE,SWINDLE
AWARD,CONFER
HUSTLE,SWINDLE
STOPWATCH,DIGITAL WATCH FEATURES
ACCORD,CONFER
CAPOTE,BEST ACTOR-WINNING BIOPICS
STARLING,WORDS WITH DIMINUTIVE SUFFIXES
BRASS,KINDS OF INSTRUMENTS
BEAUTY,KINDS OF CONTESTS
BEE,WORDS IN A FAMOUS MUHAMMAD ALI QUOTE
STARING,KINDS OF CONTESTS
FLOAT,WORDS IN A FAMOUS MUHAMMAD ALI QUOTE
DROPLET,WORDS WITH DIMINUTIVE SUFFIXES
WIND,KINDS OF INSTRUMENTS
STRING,KINDS OF INSTRUMENTS
TALENT,KINDS OF CONTESTS
BUTTERFLY,WORDS IN A FAMOUS MUHAMMAD ALI QUOTE
KITCHENETTE,WORDS WITH DIMINUTIVE SUFFIXES
STING,WORDS IN A FAMOUS MUHAMMAD ALI QUOTE
DOGGY,WORDS WITH DIMINUTIVE SUFFIXES
PERCUSSION,KINDS OF INSTRUMENTS
POPULARITY,KINDS OF CONTESTS
ONLY,IN THE SLIGHTEST
CONNECT,___ FOUR
OLIVE,COCKTAIL GARNISHES
BRANCH,EMANATE
FAB,___ FOUR
FAN,EMANATE
JUST,IN THE SLIGHTEST
TWIST,COCKTAIL GARNISHES
FANTASTIC,___ FOUR
SIMPLY,IN THE SLIGHTEST
CHERRY,COCKTAIL GARNISHES
SPREAD,EMANATE
RADIATE,EMANATE
MINT,COCKTAIL GARNISHES
PETIT,___ FOUR
MERELY,IN THE SLIGHTEST
PELVIS,ONE-NAMED SINGER PLUS STARTING LETTER
CHESTNUT,BANALITY
HOME,REMOTE CONTROL BUTTONS
HIP,IN THE KNOW
SELECT,REMOTE CONTROL BUTTONS
GUSHER,ONE-NAMED SINGER PLUS STARTING LETTER
TROPE,BANALITY
BACK,REMOTE CONTROL BUTTONS
KENYA,ONE-NAMED SINGER PLUS STARTING LETTER
WISE,IN THE KNOW
MENU,REMOTE CONTROL BUTTONS
CLICHÉ,BANALITY
AWARE,IN THE KNOW
OCHER,ONE-NAMED SINGER PLUS STARTING LETTER
PLATITUDE,BANALITY
SAVVY,IN THE KNOW
OUIJA BOARD,THINGS FEATURING LETTERS A THROUGH Z
BACKBONE,FORTITUDE
PLATFORM,CHANNEL
SÉANCE,WORDS STARTING WITH THE “SAY” SOUND
SCRABBLE,THINGS FEATURING LETTERS A THROUGH Z
MEDIUM,CHANNEL
SACRUM,WORDS STARTING WITH THE “SAY” SOUND
SPIRIT,FORTITUDE
OUTLET,CHANNEL
SEITAN,WORDS STARTING WITH THE “SAY” SOUND
ABECEDARIUM,THINGS FEATURING LETTERS A THROUGH Z
HEART,FORTITUDE
COMPUTER KEYBOARD,THINGS FEATURING LETTERS A THROUGH Z
COURAGE,FORTITUDE
VENUE,CHANNEL
SEYCHELLES,WORDS STARTING WITH THE “SAY” SOUND
PUMPKIN,TERMS OF ENDEARMENT
HORROR,FICTION GENRES
MURDER,COLLECTIVE NOUNS FOR BIRDS
MYSTERY,FICTION GENRES
BUTLER,PEOPLE WHOSE FIRST NAMES ARE U.S. CITIES
ANGEL,TERMS OF ENDEARMENT
ROMANCE,FICTION GENRES
CHARM,COLLECTIVE NOUNS FOR BIRDS
FANTASY,FICTION GENRES
BLOOM,PEOPLE WHOSE FIRST NAMES ARE U.S. CITIES
SUGAR,TERMS OF ENDEARMENT
PARLIAMENT,COLLECTIVE NOUNS FOR BIRDS
LEVY,PEOPLE WHOSE FIRST NAMES ARE U.S. CITIES
LOVE,TERMS OF ENDEARMENT
GAGGLE,COLLECTIVE NOUNS FOR BIRDS
GUTHRIE,PEOPLE WHOSE FIRST NAMES ARE U.S. CITIES
RAVEN,BLACK
PINKY,RODENTS WHO ARE FIRST IN A CARTOON DUO
CHIP,RODENTS WHO ARE FIRST IN A CARTOON DUO
JET,BLACK
INKY,BLACK
ROCKY,RODENTS WHO ARE FIRST IN A CARTOON DUO
FILE,TAKE TO COURT
CLYDE,SECOND IN A FAMOUS REAL-LIFE DUO
HARDY,SECOND IN A FAMOUS REAL-LIFE DUO
SUE,TAKE TO COURT
TELLER,SECOND IN A FAMOUS REAL-LIFE DUO
CHARGE,TAKE TO COURT
INDICT,TAKE TO COURT
ITCHY,RODENTS WHO ARE FIRST IN A CARTOON DUO
PITCH,BLACK
CHER,SECOND IN A FAMOUS REAL-LIFE DUO
CAPRI,STARTS OF ZODIAC SIGNS
AQUA,STARTS OF ZODIAC SIGNS
CRAMP,SHOW SIGNS OF PHYSICAL EXERTION
CARGO,GOODS TO BE TRANSPORTED
KHAKI,LIGHT BROWN SHADES
LOAD,GOODS TO BE TRANSPORTED
SWEAT,SHOW SIGNS OF PHYSICAL EXERTION
PANT,SHOW SIGNS OF PHYSICAL EXERTION
GEM,STARTS OF ZODIAC SIGNS
TAN,LIGHT BROWN SHADES
REDDEN,SHOW SIGNS OF PHYSICAL EXERTION
CAMEL,LIGHT BROWN SHADES
HAUL,GOODS TO BE TRANSPORTED
SAG,STARTS OF ZODIAC SIGNS
FAWN,LIGHT BROWN SHADES
FREIGHT,GOODS TO BE TRANSPORTED
SEA MONKEY,ENDING WITH ANIMALS
JIGSAW PUZZLE,THINGS WITH A LOT OF PIECES
BALLOON ANIMAL,THINGS FILLED WITH AIR
CLOWN NOSE,THINGS THAT ARE RED
WHOOPEE CUSHION,THINGS FILLED WITH AIR
MARASCHINO CHERRY,THINGS THAT ARE RED
FUNKY CHICKEN,ENDING WITH ANIMALS
LEGO SET,THINGS WITH A LOT OF PIECES
FIRE ENGINE,THINGS THAT ARE RED
JUMBO SHRIMP,ENDING WITH ANIMALS
PICK-UP STICKS,THINGS WITH A LOT OF PIECES
BOUNCY CASTLE,THINGS FILLED WITH AIR
WATER WINGS,THINGS FILLED WITH AIR
LITE-BRITE,THINGS WITH A LOT OF PIECES
STOP SIGN,THINGS THAT ARE RED
DARK HORSE,ENDING WITH ANIMALS
DOC,FILE EXTENSIONS
AIR,___ GUITAR
PILOT,STEER
LEAF,THIN LAYER
SHEET,THIN LAYER
MID,FILE EXTENSIONS
ELECTRIC,___ GUITAR
SLIDE,___ GUITAR
ZIP,FILE EXTENSIONS
DRIVE,STEER
DIRECT,STEER
FILM,THIN LAYER
TIFF,FILE EXTENSIONS
COAT,THIN LAYER
RHYTHM,___ GUITAR
GUIDE,STEER
KNIGHT,ICONIC SOUL SINGERS
COAT,RAIN___
BUTCHER,MAKE A HASH OF
BAKER,ICONIC SOUL SINGERS
FLACK,ICONIC SOUL SINGERS
KNIFE,WEAPONS IN THE GAME CLUE
CANDLESTICK,WEAPONS IN THE GAME CLUE
MAKER,RAIN___
FRANKLIN,ICONIC SOUL SINGERS
FOREST,RAIN___
BOW,RAIN___
BLOW,MAKE A HASH OF
SPOIL,MAKE A HASH OF
WRENCH,WEAPONS IN THE GAME CLUE
BOTCH,MAKE A HASH OF
ROPE,WEAPONS IN THE GAME CLUE
FORE,PARTS OF A SHIP
FACE,WAYS TO UNLOCK A DEVICE
FIGURE,COST
ARROW,FEATURES OF A CARTOON CUPID
PIN,WAYS TO UNLOCK A DEVICE
PRICE,COST
MAST,PARTS OF A SHIP
DIAPER,FEATURES OF A CARTOON CUPID
VALUE,COST
BOW,FEATURES OF A CARTOON CUPID
FINGERPRINT,WAYS TO UNLOCK A DEVICE
DECK,PARTS OF A SHIP
AFT,PARTS OF A SHIP
PASSWORD,WAYS TO UNLOCK A DEVICE
WINGS,FEATURES OF A CARTOON CUPID
AMOUNT,COST
HULA HOOP,THINGS WITH HOLES IN THE MIDDLE
EGGPLANT,THINGS THAT ARE PURPLE
SALSA VERDE,GREEN CONDIMENTS
BAGEL,THINGS WITH HOLES IN THE MIDDLE
SWING STATE,THINGS THAT ARE PURPLE
RELISH,GREEN CONDIMENTS
ANIMAL PRINT,TEXTILE PATTERNS
POLKA DOT,TEXTILE PATTERNS
WASHER,THINGS WITH HOLES IN THE MIDDLE
BARNEY THE DINOSAUR,THINGS THAT ARE PURPLE
PESTO,GREEN CONDIMENTS
HOUNDSTOOTH,TEXTILE PATTERNS
INNER TUBE,THINGS WITH HOLES IN THE MIDDLE
CHIMICHURRI,GREEN CONDIMENTS
HERRINGBONE,TEXTILE PATTERNS
PEOPLE EATER,THINGS THAT ARE PURPLE
SIGN,KINDS OF LANGUAGE
SPY,"WORDS AFTER ""I"""
STOP,"BLOCK, AS AN OPENING"
ROBOT,"WORDS AFTER ""I"""
SEAL,"BLOCK, AS AN OPENING"
BODY,KINDS OF LANGUAGE
DELIVER,"PUT FORWARD, AS AN ANNOUNCEMENT"
PRESENT,"PUT FORWARD, AS AN ANNOUNCEMENT"
BEAM,"WORDS AFTER ""I"""
PLUG,"BLOCK, AS AN OPENING"
PROGRAMMING,KINDS OF LANGUAGE
CHING,"WORDS AFTER ""I"""
GIVE,"PUT FORWARD, AS AN ANNOUNCEMENT"
SPOKEN,KINDS OF LANGUAGE
CLOSE,"BLOCK, AS AN OPENING"
PRONOUNCE,"PUT FORWARD, AS AN ANNOUNCEMENT"
NOODLE,PONDER
MIRROR,PERSONAL GROOMING ITEMS
CRONUT,STARTING WITH BIRD HOMOPHONES
MUSE,PONDER
COMPACT,PACKED
CRANIUM,STARTING WITH BIRD HOMOPHONES
REFLECT,PONDER
TWEEZERS,PERSONAL GROOMING ITEMS
PUFNSTUF,STARTING WITH BIRD HOMOPHONES
DENSE,PACKED
BRUSH,PERSONAL GROOMING ITEMS
TIGHT,PACKED
DELIBERATE,PONDER
LUNAR,STARTING WITH BIRD HOMOPHONES
THICK,PACKED
NAIL FILE,PERSONAL GROOMING ITEMS
SINE,LATIN PREPOSITIONS
CLEAR,"SATISFY, AS DEBTS"
PRO,LATIN PREPOSITIONS
SQUARE,"SATISFY, AS DEBTS"
SAW,WORDS IN A FAMOUS QUOTE BY CAESAR
AB,LATIN PREPOSITIONS
I,WORDS IN A FAMOUS QUOTE BY CAESAR
TRIANGLE,PERCUSSION INSTRUMENTS
BELL,PERCUSSION INSTRUMENTS
CAME,WORDS IN A FAMOUS QUOTE BY CAESAR
DRUM,PERCUSSION INSTRUMENTS
PAY,"SATISFY, AS DEBTS"
SUB,LATIN PREPOSITIONS
SETTLE,"SATISFY, AS DEBTS"
RATTLE,PERCUSSION INSTRUMENTS
CONQUERED,WORDS IN A FAMOUS QUOTE BY CAESAR
MUSIC NOTES,ICONS ON AN IPHONE
FOUNDATION,MAKEUP
STAND,OBJECT USED FOR SUPPORT
SCALE,BREADTH
BASE,OBJECT USED FOR SUPPORT
REST,OBJECT USED FOR SUPPORT
RANGE,BREADTH
COMPASS,ICONS ON AN IPHONE
HIGHLIGHTER,MAKEUP
ENVELOPE,ICONS ON AN IPHONE
POWDER,MAKEUP
SCOPE,BREADTH
SPEECH BUBBLE,ICONS ON AN IPHONE
BLUSH,MAKEUP
EXTENT,BREADTH
HOLDER,OBJECT USED FOR SUPPORT
YOLO,ACRONYMS
POLO,SPORTS
LOCO,SPANISH WORDS
DODO,DOOFUS
COMO,SPANISH WORDS
FOMO,ACRONYMS
JUDO,SPORTS
BOGO,ACRONYMS
BOZO,DOOFUS
ROJO,SPANISH WORDS
YO-YO,DOOFUS
SUMO,SPORTS
POCO,SPANISH WORDS
DOPE,DOOFUS
GOLF,SPORTS
GOAT,ACRONYMS
FIRE EXTINGUISHER,FOAMY THINGS
AIR PURIFIER,THINGS THAT USE FILTERS
MICROSOFT,___ OFFICE
INSTAGRAM,THINGS THAT USE FILTERS
CIGARETTE,THINGS THAT USE FILTERS
BOX,___ OFFICE
OVAL,___ OFFICE
THREADS,ATTIRE
FIT,ATTIRE
POST,___ OFFICE
COFFEE MAKER,THINGS THAT USE FILTERS
BEER,FOAMY THINGS
SHAVING CREAM,FOAMY THINGS
GETUP,ATTIRE
SEA,FOAMY THINGS
DUDS,ATTIRE
BUDDY,ACTION FILM SUBGENRES
FREQUENCY,RADIO TUNING OPTIONS
HEAT,CLASSIC '90S ACTION FILMS
RATE,EVALUATE
SPEED,CLASSIC '90S ACTION FILMS
JUDGE,EVALUATE
DISASTER,ACTION FILM SUBGENRES
BAND,RADIO TUNING OPTIONS
ARMAGEDDON,CLASSIC '90S ACTION FILMS
GRADE,EVALUATE
SUPERHERO,ACTION FILM SUBGENRES
STATION,RADIO TUNING OPTIONS
MARTIAL ARTS,ACTION FILM SUBGENRES
CHANNEL,RADIO TUNING OPTIONS
HARD BOILED,CLASSIC '90S ACTION FILMS
REVIEW,EVALUATE
TWILIGHT,___ ZONE
SEASON,ENHANCE THE TASTE OF
FILM,KINDS OF ACTORS
PERIOD,PUNCTUATION MARKS
STAGE,KINDS OF ACTORS
SLASH,PUNCTUATION MARKS
TIME,___ ZONE
METHOD,KINDS OF ACTORS
SALT,ENHANCE THE TASTE OF
COMFORT,___ ZONE
DASH,PUNCTUATION MARKS
FLAVOR,ENHANCE THE TASTE OF
CHARACTER,KINDS OF ACTORS
COLON,PUNCTUATION MARKS
BUFFER,___ ZONE
SPICE,ENHANCE THE TASTE OF
PEDESTRIAN,RUN-OF-THE-MILL
BARCODE,STRIPY THINGS
TAX,WORDS ON MONOPOLY SQUARES
RAILROAD,WORDS ON MONOPOLY SQUARES
ZEBRA,STRIPY THINGS
EVERYDAY,RUN-OF-THE-MILL
SCHOOL,TECHNIQUE
AVENUE,WORDS ON MONOPOLY SQUARES
RUGBY SHIRT,STRIPY THINGS
APPROACH,TECHNIQUE
BANAL,RUN-OF-THE-MILL
PARKING,WORDS ON MONOPOLY SQUARES
PHILOSOPHY,TECHNIQUE
HUMDRUM,RUN-OF-THE-MILL
IBM LOGO,STRIPY THINGS
METHOD,TECHNIQUE
TABOO,FORBIDDEN
SLAM DUNK,BASKETBALL SHOTS
GO-GETTER,"STARTING WITH SYNONYMS FOR ""SCRAM!"""
SURE THING,"""YOU BET"""
SHOO-IN,"STARTING WITH SYNONYMS FOR ""SCRAM!"""
SCATTERGORIES,"STARTING WITH SYNONYMS FOR ""SCRAM!"""
OKEY-DOKE,"""YOU BET"""
PROSCRIBED,FORBIDDEN
ALLEY-OOP,BASKETBALL SHOTS
ABSOLUTELY,"""YOU BET"""
VERBOTEN,FORBIDDEN
FADEAWAY,BASKETBALL SHOTS
OFF-LIMITS,FORBIDDEN
LEAVENING,"STARTING WITH SYNONYMS FOR ""SCRAM!"""
FINGER ROLL,BASKETBALL SHOTS
OF COURSE,"""YOU BET"""
STONE,BEST ACTRESS OSCAR WINNERS
PARASITE,"ENDING IN SYNONYMS FOR ""LOCATION"""
GRAPE,KINDS OF TOMATOES
JOKER,FUNNY PERSON
ROMA,KINDS OF TOMATOES
BERRY,BEST ACTRESS OSCAR WINNERS
RIOT,FUNNY PERSON
NEEDLEPOINT,"ENDING IN SYNONYMS FOR ""LOCATION"""
COMMONPLACE,"ENDING IN SYNONYMS FOR ""LOCATION"""
CLOWN,FUNNY PERSON
SWANK,BEST ACTRESS OSCAR WINNERS
PLUM,KINDS OF TOMATOES
MADISON,BEST ACTRESS OSCAR WINNERS
SUNSPOT,"ENDING IN SYNONYMS FOR ""LOCATION"""
CHERRY,KINDS OF TOMATOES
LAUGH,FUNNY PERSON
SQUAT,STOCKY
SHEPHERD,STEER
PIT,"SECOND WORDS IN POE STORIES, AFTER ""THE"""
FALL,"SECOND WORDS IN POE STORIES, AFTER ""THE"""
LUNGE,ORGAN PLUS A LETTER
LEAD,STEER
SKINK,ORGAN PLUS A LETTER
SOLID,STOCKY
HUSKY,STOCKY
CASK,"SECOND WORDS IN POE STORIES, AFTER ""THE"""
DIRECT,STEER
COLONY,ORGAN PLUS A LETTER
GUIDE,STEER
THICK,STOCKY
MASQUE,"SECOND WORDS IN POE STORIES, AFTER ""THE"""
HEARTH,ORGAN PLUS A LETTER
ARTY,WORDS THAT SOUND LIKE TWO LETTERS
KISS,GRAZE
ENAMEL,PARTS OF A TOOTH
ESSAY,WORDS THAT SOUND LIKE TWO LETTERS
CROWN,PARTS OF A TOOTH
DECAY,WORDS THAT SOUND LIKE TWO LETTERS
BRUSH,GRAZE
PASTE,ADHERE
ANY,WORDS THAT SOUND LIKE TWO LETTERS
SKIM,GRAZE
PLASTER,ADHERE
PULP,PARTS OF A TOOTH
STICK,ADHERE
STROKE,GRAZE
ROOT,PARTS OF A TOOTH
FIX,ADHERE
RACECAR,PIXAR PROTAGONISTS
LAPEL PIN,THINGS WORN ON LAPELS
SCREWDRIVER,COCKTAILS
WOLF EEL,"STARTING WITH SYNONYMS FOR ""EAT"""
BOLT CUTTER,"STARTING WITH SYNONYMS FOR ""EAT"""
GREYHOUND,COCKTAILS
SCARF RING,"STARTING WITH SYNONYMS FOR ""EAT"""
GRUMPY OLD MAN,PIXAR PROTAGONISTS
COSMOPOLITAN,COCKTAILS
LAVALIER,THINGS WORN ON LAPELS
CLOWNFISH,PIXAR PROTAGONISTS
AWARENESS RIBBON,THINGS WORN ON LAPELS
TALKING DOLL,PIXAR PROTAGONISTS
CHOW MEIN,"STARTING WITH SYNONYMS FOR ""EAT"""
BOUTONNIÈRE,THINGS WORN ON LAPELS
SEA BREEZE,COCKTAILS
SPLASH,LITTLE BIT
SALTY DOG,SAILOR
RAW,___ DEAL
BITTER MELON,TROPICAL FRUITS/VEGETABLES
SOURSOP,TROPICAL FRUITS/VEGETABLES
DROP,LITTLE BIT
SKIPPER,SAILOR
SWEETHEART,___ DEAL
SWAB,SAILOR
CHAYOTE,TROPICAL FRUITS/VEGETABLES
PLEA,___ DEAL
DAB,LITTLE BIT
DURIAN,TROPICAL FRUITS/VEGETABLES
BIG,___ DEAL
TAR,SAILOR
TOUCH,LITTLE BIT
JFK,OLIVER STONE MOVIES
QUEEN,SECOND WORDS IN TITLES OF ABBA HITS
WARREN,ANIMAL HOMES
WALL STREET,OLIVER STONE MOVIES
LAX,LENIENT
LODGE,ANIMAL HOMES
EASY,LENIENT
MIA,SECOND WORDS IN TITLES OF ABBA HITS
DEN,ANIMAL HOMES
TROUPER,SECOND WORDS IN TITLES OF ABBA HITS
NIXON,OLIVER STONE MOVIES
LOOSE,LENIENT
GIMME,SECOND WORDS IN TITLES OF ABBA HITS
SLACK,LENIENT
PLATOON,OLIVER STONE MOVIES
BURROW,ANIMAL HOMES
INFRARED,ENDING IN COLORS
AIR CONDITIONER,FEATURES OF A CAR'S CENTER CONSOLE
BIN,SEEN WHILE GOING THROUGH AIRPORT SECURITY
MICROWAVE,SMALL KITCHEN APPLIANCES
STINGRAY,ENDING IN COLORS
X-RAY,SEEN WHILE GOING THROUGH AIRPORT SECURITY
RADIO,FEATURES OF A CAR'S CENTER CONSOLE
ULTRAVIOLET,ENDING IN COLORS
TOASTER,SMALL KITCHEN APPLIANCES
CUP HOLDER,FEATURES OF A CAR'S CENTER CONSOLE
MARIGOLD,ENDING IN COLORS
CARRY-ON,SEEN WHILE GOING THROUGH AIRPORT SECURITY
METAL DETECTOR,SEEN WHILE GOING THROUGH AIRPORT SECURITY
RICE COOKER,SMALL KITCHEN APPLIANCES
SHIFTER,FEATURES OF A CAR'S CENTER CONSOLE
BLENDER,SMALL KITCHEN APPLIANCES
MICKEY MOUSE,SMALL-TIME
BUG BITE,THINGS YOU CAN SCRATCH
HAPPY MEAL,STARTING WITH OPTIMISTIC WORDS
BARBIE DREAMHOUSE,THINGS THAT ARE PINK
LOTTERY TICKET,THINGS YOU CAN SCRATCH
GLAD-HAND,STARTING WITH OPTIMISTIC WORDS
RINKY-DINK,SMALL-TIME
MERRY-GO-ROUND,STARTING WITH OPTIMISTIC WORDS
CHERRY BLOSSOM,THINGS THAT ARE PINK
TRIVIAL,SMALL-TIME
SUNNY-SIDE UP,STARTING WITH OPTIMISTIC WORDS
CALAMINE LOTION,THINGS THAT ARE PINK
VINYL RECORD,THINGS YOU CAN SCRATCH
FLAMINGO,THINGS THAT ARE PINK
TWO-BIT,SMALL-TIME
YOUR HEAD,THINGS YOU CAN SCRATCH
JAN,WOMEN’S NICKNAMES
SEC,FINANCIAL ABBREVIATIONS
IRA,FINANCIAL ABBREVIATIONS
MAR,BACKWARDS ANIMALS
APR,FINANCIAL ABBREVIATIONS
KAT,WOMEN’S NICKNAMES
GOD,BACKWARDS ANIMALS
MAY,VERBS EXPRESSING POSSIBILITY
FLOW,BACKWARDS ANIMALS
DEB,WOMEN’S NICKNAMES
CAN,VERBS EXPRESSING POSSIBILITY
TAB,BACKWARDS ANIMALS
COULD,VERBS EXPRESSING POSSIBILITY
CFO,FINANCIAL ABBREVIATIONS
SUE,WOMEN’S NICKNAMES
MIGHT,VERBS EXPRESSING POSSIBILITY
MUSIC,MAIN FOLDERS IN A COMPUTER
FILES,WOODWORKING TOOLS
GRANDS,RHYMES FOR NEW YORK TIMES GAMES
TIDAL WAVE,INUNDATION
ROUTERS,WOODWORKING TOOLS
HURDLE,RHYMES FOR NEW YORK TIMES GAMES
AVALANCHE,INUNDATION
DOWNLOADS,MAIN FOLDERS IN A COMPUTER
TORRENT,INUNDATION
DESKTOP,MAIN FOLDERS IN A COMPUTER
DRILLS,WOODWORKING TOOLS
CONFECTIONS,RHYMES FOR NEW YORK TIMES GAMES
SWELLING SEA,RHYMES FOR NEW YORK TIMES GAMES
OUTPOURING,INUNDATION
SAWS,WOODWORKING TOOLS
DOCUMENTS,MAIN FOLDERS IN A COMPUTER
BEST,ACHIEVE VICTORY OVER
STRING,PARTS OF AN ELECTRIC GUITAR
JUST,FITTING
INTONATION,PHONETIC ELEMENTS OF SPEECH
STRESS,PHONETIC ELEMENTS OF SPEECH
FAIR,FITTING
FRET,PARTS OF AN ELECTRIC GUITAR
BEAT,ACHIEVE VICTORY OVER
RHYTHM,PHONETIC ELEMENTS OF SPEECH
TAKE,ACHIEVE VICTORY OVER
RIGHT,FITTING
PEG,PARTS OF AN ELECTRIC GUITAR
PROPER,FITTING
PICKUP,PARTS OF AN ELECTRIC GUITAR
LOUDNESS,PHONETIC ELEMENTS OF SPEECH
WORST,ACHIEVE VICTORY OVER
BUST,BLACKJACK TERMS
SPLIT,BLACKJACK TERMS
TREE,PARK STAPLES
TRUNK,ABDOMINAL AREA
RELIEF,REPLACEMENT
PIGEON,PARK STAPLES
STAND,BLACKJACK TERMS
STATUE,PARK STAPLES
COVER,REPLACEMENT
TORSO,ABDOMINAL AREA
SUBSTITUTE,REPLACEMENT
CORE,ABDOMINAL AREA
MIDSECTION,ABDOMINAL AREA
BACKUP,REPLACEMENT
BENCH,PARK STAPLES
HIT,BLACKJACK TERMS
COCKATIEL,ENDING IN COLOR HOMOPHONES
LEMON,FLOP
HOOK,FICTIONAL PIRATES
SWALLOW,TOLERATE
SPARROW,FICTIONAL PIRATES
UNREAD,ENDING IN COLOR HOMOPHONES
TURKEY,FLOP
STAND,TOLERATE
MISS,FLOP
BEAR,TOLERATE
CAMEROON,ENDING IN COLOR HOMOPHONES
SILVER,FICTIONAL PIRATES
WHISTLEBLEW,ENDING IN COLOR HOMOPHONES
STOMACH,TOLERATE
BUST,FLOP
LUFFY,FICTIONAL PIRATES
FULL MOON,CIRCULAR THINGS
EYE CONTACT,STARTING WITH LETTER HOMOPHONES
ORBIT,COMPLETE TURN
PIZZA PIE,CIRCULAR THINGS
REVOLUTION,COMPLETE TURN
METAMORPHOSIS,"KAFKA WORKS, WITH ""THE"""
PUPIL,CIRCULAR THINGS
SEA CHANGE,STARTING WITH LETTER HOMOPHONES
PEA SOUP,STARTING WITH LETTER HOMOPHONES
LAP,COMPLETE TURN
LP,CIRCULAR THINGS
CASTLE,"KAFKA WORKS, WITH ""THE"""
TRIAL,"KAFKA WORKS, WITH ""THE"""
TEA LEAVES,STARTING WITH LETTER HOMOPHONES
JUDGMENT,"KAFKA WORKS, WITH ""THE"""
CIRCUIT,COMPLETE TURN
ANGEL,MLB PLAYER
BROAD,APPROXIMATE
BROW,FAMILY MEMBER NICKNAME PLUS A LETTER
MOMA,FAMILY MEMBER NICKNAME PLUS A LETTER
FRICK,MILD OATHS
SUGAR,MILD OATHS
GENERAL,APPROXIMATE
MET,MLB PLAYER
DADA,FAMILY MEMBER NICKNAME PLUS A LETTER
ROYAL,MLB PLAYER
BALLPARK,APPROXIMATE
SHOOT,MILD OATHS
ROUGH,APPROXIMATE
FUDGE,MILD OATHS
RAY,MLB PLAYER
SISI,FAMILY MEMBER NICKNAME PLUS A LETTER
LOBBY,PETITION (FOR)
PRESS,PETITION (FOR)
ROCKET,"""___ MAN"" SONGS FROM THE '70S"
RECEPTION,SOCIAL GATHERING
CHARM,KINDS OF JEWELRY
PIANO,"""___ MAN"" SONGS FROM THE '70S"
APPEAL,PETITION (FOR)
RING,KINDS OF JEWELRY
IRON,"""___ MAN"" SONGS FROM THE '70S"
CHAIN,KINDS OF JEWELRY
FUNCTION,SOCIAL GATHERING
CAMPAIGN,PETITION (FOR)
PARTY,SOCIAL GATHERING
MACHO,"""___ MAN"" SONGS FROM THE '70S"
BANGLE,KINDS OF JEWELRY
EVENT,SOCIAL GATHERING
DRAW CLOSE,CUDDLE
PUZZLE,THINGS YOU ASSEMBLE
ROSTRUM,SNOUTS
NUZZLE,CUDDLE
GUZZLE,IMBIBE
IKEA FURNITURE,THINGS YOU ASSEMBLE
MUZZLE,SNOUTS
LEGO SET,THINGS YOU ASSEMBLE
HOLD TIGHT,CUDDLE
KNOCK BACK,IMBIBE
MODEL,THINGS YOU ASSEMBLE
SPOON,CUDDLE
SWILL,IMBIBE
BEAK,SNOUTS
POUND DOWN,IMBIBE
PROBOSCIS,SNOUTS
SORRY,CLASSIC BOARD GAMES
TOUGH,TRICKY
DEAL,STATE OF AFFAIRS
BABY,___ TALK
SWEET,___ TALK
STICKY,TRICKY
PILLOW,___ TALK
STORY,STATE OF AFFAIRS
MASTERMIND,CLASSIC BOARD GAMES
SMALL,___ TALK
DELICATE,TRICKY
OPERATION,CLASSIC BOARD GAMES
COMPLEX,TRICKY
STATUS,STATE OF AFFAIRS
MOUSE TRAP,CLASSIC BOARD GAMES
SITUATION,STATE OF AFFAIRS
MODERATE,MOLLIFY
MONITORSHIP,STARTING WITH HERPETOFAUNA
AVERAGE,NORM
CAR,MEMBER OF A TITULAR GROUP IN AN ANIMATION FRANCHISE
NEWTON,STARTING WITH HERPETOFAUNA
INCREDIBLE,MEMBER OF A TITULAR GROUP IN AN ANIMATION FRANCHISE
MEAN,NORM
TEMPER,MOLLIFY
STANDARD,NORM
TOADY,STARTING WITH HERPETOFAUNA
COOL,MOLLIFY
MINION,MEMBER OF A TITULAR GROUP IN AN ANIMATION FRANCHISE
SETTLE,MOLLIFY
ADDERALL,STARTING WITH HERPETOFAUNA
MONSTER,MEMBER OF A TITULAR GROUP IN AN ANIMATION FRANCHISE
PAR,NORM
GIZZARD,ORGAN MEATS
GRECO,EL ___
MORTISE,WOODWORKING JOINT TERMS
HURTLE,MOVE AT BREAKNECK SPEED
DADO,WOODWORKING JOINT TERMS
BARREL,MOVE AT BREAKNECK SPEED
HEART,ORGAN MEATS
TEAR,MOVE AT BREAKNECK SPEED
TONGUE,ORGAN MEATS
BOLT,MOVE AT BREAKNECK SPEED
DORADO,EL ___
DOVETAIL,WOODWORKING JOINT TERMS
PASO,EL ___
MITRE,WOODWORKING JOINT TERMS
TRIPE,ORGAN MEATS
CAPITAN,EL ___
VINE,FAMOUS STREETS IN LOS ANGELES
WING,MEMBER OF A DALLAS PRO SPORTS TEAM
RODEO,FAMOUS STREETS IN LOS ANGELES
EGG,"GOAD, WITH ""ON"""
COWBOY,MEMBER OF A DALLAS PRO SPORTS TEAM
SOFA,EUROPEAN CAPITALS MINUS SECOND-TO-LAST LETTER
STAR,MEMBER OF A DALLAS PRO SPORTS TEAM
ROE,EUROPEAN CAPITALS MINUS SECOND-TO-LAST LETTER
MINK,EUROPEAN CAPITALS MINUS SECOND-TO-LAST LETTER
SPUR,"GOAD, WITH ""ON"""
SUNSET,FAMOUS STREETS IN LOS ANGELES
URGE,"GOAD, WITH ""ON"""
MAVERICK,MEMBER OF A DALLAS PRO SPORTS TEAM
MULHOLLAND,FAMOUS STREETS IN LOS ANGELES
PUSH,"GOAD, WITH ""ON"""
PARS,EUROPEAN CAPITALS MINUS SECOND-TO-LAST LETTER
DOROTHY GALE,ASSOCIATED WITH RAINBOWS
CLOWNFISH,STRIPED ANIMALS
TOUCAN,BEGINNING WITH NUMBER HOMOPHONES
PRIDE,ASSOCIATED WITH RAINBOWS
LEPRECHAUN,ASSOCIATED WITH RAINBOWS
HONEYBEE,STRIPED ANIMALS
WONDER,BEGINNING WITH NUMBER HOMOPHONES
TIGER,STRIPED ANIMALS
COUNT,BEAR IN MIND
ZEBRA,STRIPED ANIMALS
FOREHEAD,BEGINNING WITH NUMBER HOMOPHONES
FACTOR,BEAR IN MIND
FIEVEL,BEGINNING WITH NUMBER HOMOPHONES
CONSIDER,BEAR IN MIND
UNICORN,ASSOCIATED WITH RAINBOWS
INCLUDE,BEAR IN MIND
WHY,"WHAT ""Y"" MIGHT MEAN"
YES,"WHAT ""Y"" MIGHT MEAN"
DEAR,"""MY GOODNESS!"""
SWEET,CONFECTION
YEAR,"WHAT ""Y"" MIGHT MEAN"
COPY,IMITATION
SUCKER,CONFECTION
DUMMY,IMITATION
FAKE,IMITATION
GRACIOUS,"""MY GOODNESS!"""
YELLOW,"WHAT ""Y"" MIGHT MEAN"
CANDY,CONFECTION
MERCY,"""MY GOODNESS!"""
LOLLY,CONFECTION
DUPE,IMITATION
HEAVENS,"""MY GOODNESS!"""
QUE,LETTER HOMOPHONES
SERA,ANAGRAMS
BUNNY,DUST ___
EARS,ANAGRAMS
QUEUE,LETTER HOMOPHONES
DEVIL,DUST ___
GNOME,THINGS SEEN IN A YARD
GRILL,THINGS SEEN IN A YARD
SEAR,ANAGRAMS
BOWL,DUST ___
ELLE,LETTER HOMOPHONES
JACKET,DUST ___
SHED,THINGS SEEN IN A YARD
ARE,LETTER HOMOPHONES
ARES,ANAGRAMS
SPRINKLER,THINGS SEEN IN A YARD
HOUSE,CONTAIN
CLOCK,THINGS THAT ARE DIVIDED INTO TWELVE SEGMENTS
EAR,VEGETABLE UNITS
FLAP,MOVE IN THE WIND
BULB,VEGETABLE UNITS
WAVE,MOVE IN THE WIND
HEAD,VEGETABLE UNITS
YEAR,THINGS THAT ARE DIVIDED INTO TWELVE SEGMENTS
FOOT,THINGS THAT ARE DIVIDED INTO TWELVE SEGMENTS
STORE,CONTAIN
BLOW,MOVE IN THE WIND
SPEAR,VEGETABLE UNITS
HOLD,CONTAIN
SWAY,MOVE IN THE WIND
ZODIAC,THINGS THAT ARE DIVIDED INTO TWELVE SEGMENTS
KEEP,CONTAIN
HERCULE,GREEK MYTHOLOGICAL FIGURES MINUS A LETTER
POIROT,"SILENT ""T"""
AJA,GREEK MYTHOLOGICAL FIGURES MINUS A LETTER
GAUCHO,WIDE-LEGGED PANT STYLES
PALAZZO,WIDE-LEGGED PANT STYLES
PIAZZA,NEW YORK METS LEGENDS
ARE,GREEK MYTHOLOGICAL FIGURES MINUS A LETTER
APOSTLE,"SILENT ""T"""
STRAWBERRY,NEW YORK METS LEGENDS
DEPOT,"SILENT ""T"""
CULOTTE,WIDE-LEGGED PANT STYLES
GOODEN,NEW YORK METS LEGENDS
HER,GREEK MYTHOLOGICAL FIGURES MINUS A LETTER
SEAVER,NEW YORK METS LEGENDS
MORTGAGE,"SILENT ""T"""
HAREM,WIDE-LEGGED PANT STYLES
DUCKLING,HANS CHRISTIAN ANDERSON FIGURES
COLONEL,"SILENT ""L"""
NAPOLEON,FICTIONAL PIGS
PRINCESS,HANS CHRISTIAN ANDERSON FIGURES
CALF,"SILENT ""L"""
PIGLET,FICTIONAL PIGS
EMPEROR,HANS CHRISTIAN ANDERSON FIGURES
FAWN,LAY IT ON THICK
GUSH,LAY IT ON THICK
MERMAID,HANS CHRISTIAN ANDERSON FIGURES
CHALK,"SILENT ""L"""
PORKY,FICTIONAL PIGS
PRAISE,LAY IT ON THICK
WOULD,"SILENT ""L"""
BABE,FICTIONAL PIGS
FLATTER,LAY IT ON THICK
SEE,"WHAT ""C"" MIGHT MEAN"
MONSTER,ENORMOUS
QUARTER,TOURNAMENT ROUNDS
ONE HUNDRED,"WHAT ""C"" MIGHT MEAN"
SEMI,TOURNAMENT ROUNDS
CELSIUS,"WHAT ""C"" MIGHT MEAN"
BUMPER,ENORMOUS
DUMP,DISREPUTABLE ESTABLISHMENT
JOINT,DISREPUTABLE ESTABLISHMENT
GIANT,ENORMOUS
FINAL,TOURNAMENT ROUNDS
HOLE,DISREPUTABLE ESTABLISHMENT
TITANIC,ENORMOUS
QUALIFIER,TOURNAMENT ROUNDS
DIVE,DISREPUTABLE ESTABLISHMENT
COLD,"WHAT ""C"" MIGHT MEAN"
