word1,word2,word3,word4,category,difficulty,General Category,game_id
curses,fudge,blast,crud,"""aw, heck!"" ",medium,Idioms & Slang,1
choral,jazz,rap,americana,"""best ___ performance"" grammy award ",very_hard,Fill-in-the-Blank,1
lord,please,sheesh,brother,"""give me a break!""",easy,Idioms & Slang,1
psych,chill,radical,word,'80s slang,hard,Trivia/Pop Culture,1
bumper,rubber,baby,buggy,"""rubber baby buggy bumper""",medium,Idioms & Slang,2
heavens,gracious,mercy,dear,"""my goodness!""",easy,Idioms & Slang,2
drummer,lady,ring,swan,12 days of christmas,hard,Trivia/Pop Culture,2
macho,iron,piano,rocket,"""___ man"" songs from the '70s",very_hard,Fill-in-the-Blank,2
piece of cake,no sweat,easy,child’s play,"""nothing to it!""",easy,Idioms & Slang,3
facility,gift,knack,flair,ability to do something well,hard,Idioms & Slang,3
abracadabra,centerfold,mickey,physical,#1 songs from 1982,very_hard,Trivia/Pop Culture,3
faster,go,move,hurry,"""step on it!""",medium,Idioms & Slang,3
sphere,cone,pyramid,cube,3-d shapes,medium,Noun/Concept Synonyms,4
of course,absolutely,okey-doke,sure thing,"""you bet""",easy,Idioms & Slang,4
ok,list,rod,plus,a-___,very_hard,Fill-in-the-Blank,4
goat,bogo,fomo,yolo,acronyms,hard,Noun/Concept Synonyms,4
top hat,cane,spat,monocle,accessories for mr. peanut,very_hard,Noun/Concept Synonyms,5
certain,various,a few,some,a handful of,medium,Descriptor/Adjective Synonyms,5
shame,tut tut,tsk,bad,"""you should know better!""",easy,Idioms & Slang,5
ram,pin,mia,omg,acronyms/initialisms,hard,Noun/Concept Synonyms,5
rat,creep,skunk,heel,a real jerk,medium,Noun/Concept Synonyms,6
laser,scuba,radar,spam,acronyms,very_hard,Noun/Concept Synonyms,6
martial arts,buddy,disaster,superhero,action film subgenres,hard,Members of a Set/Entities,6
byrd,beatle,monkee,beach boy,'60s band members,easy,Trivia/Pop Culture,6
maroon,strand,dump,desert,abandon,medium,Noun/Concept Synonyms,7
play,discard,draw,pass,actions in card games,hard,Noun/Concept Synonyms,7
bay,scott,carpenter,woo,action movie directors,very_hard,Trivia/Pop Culture,7
headband,mullet,spandex,neon,'80s fashion trends,easy,Trivia/Pop Culture,7
poker,origami,laundry,baking,activities that involve folding,very_hard,Noun/Concept Synonyms,8
utter,pure,sheer,total,absolute,medium,Noun/Concept Synonyms,8
midsection,trunk,torso,core,abdominal area,easy,Noun/Concept Synonyms,8
draft,trade,bench,start,actions in fantasy sports,hard,Members of a Set/Entities,8
extra,bonus,frosting,gravy,additional benefit,hard,Noun/Concept Synonyms,9
spare,excuse,save,pardon,absolve,easy,Noun/Concept Synonyms,9
handy,ready,nearby,available,accessible,medium,Descriptor/Adjective Synonyms,9
west,ant,scott,driver,adams,very_hard,Noun/Concept Synonyms,9
pull,wick,suck,draw,absorb using capillary action,easy,Noun/Concept Synonyms,10
lit,scented,wicked,waxy,adjectives for a candle,very_hard,Noun/Concept Synonyms,10
pretty,rather,real,awful,adjective intensifiers,hard,Descriptor/Adjective Synonyms,10
lead,halter,collar,harness,accessories for dog walking,medium,Noun/Concept Synonyms,10
direct,possessive,present,irregular,adjectives used in grammar,hard,Noun/Concept Synonyms,11
pick,drumstick,bow,mallet,accessories for playing an instrument,medium,Idioms & Slang,11
tie,bracelet,belt,watch,accessories,easy,Noun/Concept Synonyms,11
prime,kindle,rainforest,river,amazon ___,very_hard,Fill-in-the-Blank,11
tesla,stale,least,slate,anagrams,very_hard,Word Structure/Play,12
champion,support,back,endorse,advocate for,hard,Noun/Concept Synonyms,12
pin,button,badge,brooch,accessory with a pointy fastener,easy,Idioms & Slang,12
room,chairs,capacity,seating,accommodation,medium,Noun/Concept Synonyms,12
monte,dial,yoga,egads,anagrams of famous painters,very_hard,Word Structure/Play,13
best,worst,beat,take,achieve victory over,medium,Noun/Concept Synonyms,13
amber,porter,sour,stout,ale styles,hard,Noun/Concept Synonyms,13
log,ledger,register,record,account book,easy,Noun/Concept Synonyms,13
icing,extra,gravy,bonus,additional perk,easy,Noun/Concept Synonyms,14
groan,bulge,abut,voila,anagrams of musical instruments,very_hard,Word Structure/Play,14
chevy chase,geoffrey rush,christoph waltz,tom cruise,actors whose last names are also verbs,medium,Trivia/Pop Culture,14
power,root,exponent,radical,algebra terms,hard,Noun/Concept Synonyms,14
plaster,stick,fix,paste,adhere,easy,Noun/Concept Synonyms,15
bore,towed,hoarse,links,animal homophones,very_hard,Word Structure/Play,15
fashion,tailor,shape,mold,adapt to fit one's needs,medium,Idioms & Slang,15
reason,out,defense,excuse,alibi,hard,Noun/Concept Synonyms,15
stake,interest,share,percentage,allotment,hard,Noun/Concept Synonyms,16
extra,bonus,perk,icing,additional benefit,medium,Noun/Concept Synonyms,16
dear,phish,wail,hair,animal homophones,very_hard,Word Structure/Play,16
fresh,dewy,glowing,smooth,adjectives for nice skin,easy,Noun/Concept Synonyms,16
tang,reed,drib,flow,animals backward,very_hard,Members of a Set/Entities,17
doctor,fudge,distort,twist,alter deceptively,hard,Descriptor/Adjective Synonyms,17
cold,dark,musty,dank,adjectives for a basement,medium,Noun/Concept Synonyms,17
billboard,sign,poster,banner,advertising format,easy,Action/Verb Synonyms,17
touch,move,sway,reach,affect,easy,Noun/Concept Synonyms,18
dry,vast,sandy,hot,adjectives for a desert,medium,Noun/Concept Synonyms,18
punt,snap,sack,fumble,american football actions,hard,Noun/Concept Synonyms,18
wombat,geoduck,seahorse,titmouse,animals ending with animals,very_hard,Members of a Set/Entities,18
end,center,safety,tackle,american football positions,hard,Noun/Concept Synonyms,19
sporty,compact,sleek,fast,adjectives for a sports car,medium,Members of a Set/Entities,19
anther,hark,easel,lama,animals minus starting letter,very_hard,Word Structure/Play,19
complex,hang-up,bugbear,demon,affliction,easy,Noun/Concept Synonyms,19
manner,surreal,romantic,expression,"art movements, with -ism",very_hard,Noun/Concept Synonyms,20
pound,olds,frost,bishop,american poets,hard,Noun/Concept Synonyms,20
toxic,frozen,fixed,liquid,adjectives for assets,medium,Noun/Concept Synonyms,20
rich,flush,loaded,wealthy,affluent,easy,Noun/Concept Synonyms,20
endorse,champion,support,back,advocate for,medium,Noun/Concept Synonyms,21
voice,choice,say,vote,agency in decisionmaking,easy,Noun/Concept Synonyms,21
arts,nope,pone,rats,anagrams,hard,Word Structure/Play,21
light,yang,masculine,expansive,associated principles in chinese philosophy,very_hard,Idioms & Slang,21
pencil,derek jeter,silver medal,deputy,associated with #2,very_hard,Noun/Concept Synonyms,22
staple,pleats,tsar,pastel,anagrams,hard,Word Structure/Play,22
spirit,united,virgin,frontier,airlines,easy,Noun/Concept Synonyms,22
amount,number,quantity,volume,aggregate size,medium,Noun/Concept Synonyms,22
snooze,time set,alarm,hour,alarm clock buttons,easy,Noun/Concept Synonyms,23
con game,hearts,halloween,magic show,associated with tricks,very_hard,Noun/Concept Synonyms,23
first,coach,premium,business,airline classes,medium,Noun/Concept Synonyms,23
peon,petals,star,open,anagrams,hard,Word Structure/Play,23
infant,swimming,ticker,pub,associated with “crawl”,very_hard,Noun/Concept Synonyms,24
frontier,spirit,southwest,alaska,airlines,medium,Noun/Concept Synonyms,24
noise,static,snow,fuzz,analog tv interference,hard,Trivia/Pop Culture,24
recess,hollow,nook,cavity,alcove,easy,Noun/Concept Synonyms,24
arrival,destination,gate,flight,airport board info,medium,Noun/Concept Synonyms,25
scales,down,shell,fur,animal coverings,hard,Noun/Concept Synonyms,25
flare,sos,alarm,signal,alert,easy,Noun/Concept Synonyms,25
cyclops,solitaire,unicycle,monologue,associated with “one”,very_hard,Noun/Concept Synonyms,25
pride,pack,swarm,school,animal group names,hard,Members of a Set/Entities,26
bathrobe,bowling,rug,white russian,associated with “the dude” lebowski,very_hard,Idioms & Slang,26
carousel,food court,gate,lounge,airport features,medium,Noun/Concept Synonyms,26
association,guild,league,union,alliance,easy,Noun/Concept Synonyms,26
movie,ball,school,vitamin,b-___,very_hard,Fill-in-the-Blank,27
dear,mousse,new,bare,animal homophones,hard,Word Structure/Play,27
reserved,cool,distant,remote,aloof,easy,Noun/Concept Synonyms,27
champ,goat,best,legend,all-time great,medium,Noun/Concept Synonyms,27
newt,frog,bat,dog,animals in the witches' brew in “macbeth”,hard,Members of a Set/Entities,28
toucan,capybara,anaconda,jaguar,amazon animals,easy,Members of a Set/Entities,28
icon,great,hero,legend,all-timer,medium,Noun/Concept Synonyms,28
carrot,shower,boom,talk,baby ___,very_hard,Fill-in-the-Blank,28
besides,to boot,as well,too,also,medium,Noun/Concept Synonyms,29
steps,blues,boomer,teeth,baby ___,very_hard,Fill-in-the-Blank,29
easy,open,flexible,receptive,amenable,easy,Descriptor/Adjective Synonyms,29
elephant,hippo,warthog,narwhal,animals with tusks,hard,Members of a Set/Entities,29
mar,god,tab,flow,backwards animals,very_hard,Members of a Set/Entities,30
bah,grinch,coal,naughty,anti-spirit of christmas,hard,Trivia/Pop Culture,30
tilt-a-whirl,merry-go-round,roller coaster,ferris wheel,amusement park rides,easy,Noun/Concept Synonyms,30
cluster,concentrate,group,collect,amass,medium,Noun/Concept Synonyms,30
gov,chem,bio,stats,ap classes,hard,Noun/Concept Synonyms,31
clay,papyrus,wax,parchment,ancient writing surfaces,easy,Noun/Concept Synonyms,31
mood,quality,air,feeling,ambience,medium,Noun/Concept Synonyms,31
heel,dog,jerk,snake,baddie,very_hard,Noun/Concept Synonyms,31
pride,herd,flock,pod,animal group names,easy,Members of a Set/Entities,32
split,boat,bread,slug,banana ___,very_hard,Fill-in-the-Blank,32
thatch,lock,tuft,shock,amounts of hair,medium,Noun/Concept Synonyms,32
brandy,sauce,cider,butter,apple products,hard,Noun/Concept Synonyms,32
pump,rocks,tank,filter,aquarium purchases,hard,Noun/Concept Synonyms,33
abel,sera,ares,ears,anagrams,medium,Word Structure/Play,33
swarm,pack,colony,school,animal group names,easy,Members of a Set/Entities,33
floyd,day,stripes,sabbath,band names minus colors,very_hard,Members of a Set/Entities,33
ruler,stencil,t-square,compass,architectural drawing tools,hard,Members of a Set/Entities,34
pride,school,herd,colony,animal groups,easy,Noun/Concept Synonyms,34
maroon,sum,u,blink,band names minus numbers,very_hard,Members of a Set/Entities,34
bela,bale,live,veil,anagrams,medium,Word Structure/Play,34
den,hive,lair,nest,animal homes,easy,Noun/Concept Synonyms,35
evil,able,sear,vile,anagrams,medium,Word Structure/Play,35
get it,capisce,understand,see,are we clear?,hard,Idioms & Slang,35
maroon,jackson,ben folds,mc,bands minus the number five,very_hard,Trivia/Pop Culture,35
horsefly,bulldog,turtledove,catfish,animals whose names are two animals,easy,Members of a Set/Entities,36
warren,lodge,den,burrow,animal homes,medium,Noun/Concept Synonyms,36
exam,mitzvah,soap,chart,bar ___,very_hard,Fill-in-the-Blank,36
paint,charcoal,pastel,ink,art mediums,hard,Noun/Concept Synonyms,36
mantle,bonds,trout,young,baseball greats,very_hard,Noun/Concept Synonyms,37
taurus,rodeo,wall street,michael jordan,associated with bulls,hard,Noun/Concept Synonyms,37
bear,hawk,bull,dove,animal metaphors in economics,medium,Noun/Concept Synonyms,37
trumpet,herald,broadcast,declare,announce,easy,Noun/Concept Synonyms,37
rooster,sunrise,dew,worm,associated with early morning,hard,Noun/Concept Synonyms,38
popper,nacho,wing,fry,appetizer unit,easy,Noun/Concept Synonyms,38
dip,sprout,counter,bag,bean ___,very_hard,Fill-in-the-Blank,38
beak,muzzle,trunk,snout,animal noses,medium,Noun/Concept Synonyms,38
hug,witness,claw,fruit,bear ___,very_hard,Fill-in-the-Blank,39
steel,diamond,rock,nails,associated with hardness,hard,Noun/Concept Synonyms,39
meow,oink,buzz,cluck,animal sounds,medium,Noun/Concept Synonyms,39
thanks,credit,praise,recognition,appreciation,easy,Noun/Concept Synonyms,39
lynx,ibex,oryx,fox,animals that end with “x”,medium,Members of a Set/Entities,40
batter,garden,pong,can,beer ___,very_hard,Fill-in-the-Blank,40
rough,broad,ballpark,general,approximate,easy,Noun/Concept Synonyms,40
pipe,forearm,spinach,anchor,associated with popeye,hard,Noun/Concept Synonyms,40
garlic,mirror,crucifix,stake,anti-vampire,medium,Noun/Concept Synonyms,41
like,roughly,about,around,approximately,easy,Descriptor/Adjective Synonyms,41
leprechaun,unicorn,pride,dorothy gale,associated with rainbows,hard,Noun/Concept Synonyms,41
sundry,friar,monkey,wedding,beginning with day abbreviations,very_hard,Action/Verb Synonyms,41
fish,libra,solfege,justice,associated with scales,hard,Noun/Concept Synonyms,42
height,top,peak,max,apex,medium,Noun/Concept Synonyms,42
bent,gift,flair,flair,aptitude,easy,Noun/Concept Synonyms,42
forehead,fievel,toucan,wonder,beginning with number homophones,very_hard,Word Structure/Play,42
dysentery,ford,hunt,oxen,associated with the game the oregon trail,hard,Idioms & Slang,43
buttermilk,bumper-to-bumper,rumpelstiltskin,tailgate,beginning with synonyms for rear end,very_hard,Idioms & Slang,43
shade,spirit,specter,wight,apparition,medium,Noun/Concept Synonyms,43
nose,faculty,instinct,gift,aptitude,easy,Noun/Concept Synonyms,43
mite,scorpion,spider,tick,arachnids,easy,Noun/Concept Synonyms,44
button,flop,dance,laugh,belly ___,very_hard,Fill-in-the-Blank,44
phantom,ghost,spirit,specter,apparitions,medium,Noun/Concept Synonyms,44
lamp,blue,wishes,earring,associated with the genie in “aladdin”,hard,Idioms & Slang,44
chocolate,pigeon,peace,soap,associated with “dove”,hard,Noun/Concept Synonyms,45
chair,judge,mediate,moderate,arbitrate,easy,Noun/Concept Synonyms,45
dress,manner,style,look,appearance,medium,Noun/Concept Synonyms,45
ray,milk,capote,lincoln,best actor-winning biopics,very_hard,Trivia/Pop Culture,45
frozen,up,flow,brave,best animated feature oscar winners,very_hard,Trivia/Pop Culture,46
arm,wing,fin,flipper,appendages,medium,Noun/Concept Synonyms,46
bow,target,arrow,quiver,archery equipment,easy,Members of a Set/Entities,46
cigarette,ticket,toe,pencil,associated with “stub”,hard,Noun/Concept Synonyms,46
crush,squash,press,mash,apply pressure to,medium,Noun/Concept Synonyms,47
bong,lee,stone,ford,best director oscar winners,very_hard,Trivia/Pop Culture,47
deposit,balance,transfer,withdrawal,atm options,hard,Noun/Concept Synonyms,47
specialty,field,concentration,focus,area of expertise,easy,Noun/Concept Synonyms,47
bank,mound,hill,dune,area of high ground,easy,Noun/Concept Synonyms,48
apple,crow,turner,summer,best female rock performance grammy winners,very_hard,Trivia/Pop Culture,48
duration,location,time,date,appointment specifications,medium,Noun/Concept Synonyms,48
draw,charm,pull,appeal,attraction,hard,Noun/Concept Synonyms,48
liberty bell,tower of pisa,venus de milo,statue of liberty,attractions iconically different from their original forms,hard,Idioms & Slang,49
jobs,vice,milk,blonde,biopics,very_hard,Noun/Concept Synonyms,49
pass,ravine,gulch,canyon,areas between mountains and hills,easy,Idioms & Slang,49
thumbs-up,clearance,green light,go-ahead,approval,medium,Noun/Concept Synonyms,49
rainbow,flight path,eyebrow,banana,arc-shaped things,medium,Members of a Set/Entities,50
major,private,general,captain,army ranks,easy,Noun/Concept Synonyms,50
crikey,bush,barbie,mate,australian terms,hard,Noun/Concept Synonyms,50
swank,crowd,gully,puffing,bird plus letter,very_hard,Word Structure/Play,50
mite,aphid,beetle,tick,arthropods,easy,Noun/Concept Synonyms,51
reverse,drive,neutral,low,automatic gear shifter positions,hard,Descriptor/Adjective Synonyms,51
condo,loo,hero,rave,birds minus last letter,very_hard,Word Structure/Play,51
hawkeye,cupid,robin hood,sagittarius,archers,medium,Noun/Concept Synonyms,51
fifth,broadway,park,madison,avenues in n.y.c.,hard,Noun/Concept Synonyms,52
concentration,major,degree,minor,areas of academic focus,medium,Descriptor/Adjective Synonyms,52
ladybug,shamrock,horseshoe,penny,associated with good luck,easy,Noun/Concept Synonyms,52
cran,flaming,haw,hero,birds minus last letter,very_hard,Word Structure/Play,52
balance sheet,roulette,checkers,licorice,black or red,very_hard,Noun/Concept Synonyms,53
hippodrome,coliseum,bowl,stadium,arena,medium,Noun/Concept Synonyms,53
later,next,soon,eventually,at some future point,easy,Noun/Concept Synonyms,53
kit,calf,cub,fawn,baby animals,hard,Members of a Set/Entities,53
whiff,slice,shank,hook,bad golf shots,hard,Descriptor/Adjective Synonyms,54
stick,paste,stick,affix,attach with adhesive,easy,Descriptor/Adjective Synonyms,54
subtract,add,multiply,divide,arithmetic operations,medium,Descriptor/Adjective Synonyms,54
gay,butler,hooks,walker,black women authors,very_hard,Trivia/Pop Culture,54
split,hit,bust,stand,blackjack terms,very_hard,Noun/Concept Synonyms,55
gothic,deco,dada,pop,art movements,medium,Noun/Concept Synonyms,55
adhere,glue,glue,adhere,attach with adhesive,easy,Descriptor/Adjective Synonyms,55
quit,freeze,timeout,glitch,bad things for a website to do,hard,Members of a Set/Entities,55
onion,poppy,everything,plain,bagel flavors,hard,Noun/Concept Synonyms,56
earn,land,win,score,attain,easy,Noun/Concept Synonyms,56
station,job,position,post,assignment,medium,Noun/Concept Synonyms,56
driver,finlet,flake,ebay,bodies of water plus starting letter,very_hard,Word Structure/Play,56
bat,castle,cape,fang,associated with count dracula,medium,Noun/Concept Synonyms,57
rankle,lear,ship,barm,body part plus a starting letter,very_hard,Word Structure/Play,57
foul,out,ball,fair,baseball calls,hard,Noun/Concept Synonyms,57
duds,getup,threads,fit,attire,easy,Noun/Concept Synonyms,57
bare,unclad,nude,naked,au naturel,easy,Noun/Concept Synonyms,58
run,walk,double,hit,baseball stats,hard,Noun/Concept Synonyms,58
slip,oedipus,dreams,id,associated with freud,medium,Noun/Concept Synonyms,58
shiny,livery,army,colony,"body parts plus ""y""",very_hard,Idioms & Slang,58
hearth,shine,china,butte,body parts plus letter,very_hard,Word Structure/Play,59
cinch,lock,secure,ice,"assure, as a victory",medium,Descriptor/Adjective Synonyms,59
shazam,tidal,audible,pandora,audio apps,easy,Noun/Concept Synonyms,59
diamond,stadium,park,field,baseball venues,hard,Noun/Concept Synonyms,59
dribble,block,pass,shoot,basketball moves,hard,Noun/Concept Synonyms,60
q-tip,chapstick,xerox,jacuzzi,brands that have become generic terms,very_hard,Members of a Set/Entities,60
standard,mean,norm,par,average,easy,Noun/Concept Synonyms,60
lock,secure,clinch,guarantee,"assure, as a win",medium,Noun/Concept Synonyms,60
deposit,withdrawal,checking,savings,atm options,medium,Noun/Concept Synonyms,61
finger roll,alley-oop,fadeaway,slam dunk,basketball shots,hard,Noun/Concept Synonyms,61
cheek,nerve,brass,sauce,brashness,very_hard,Noun/Concept Synonyms,61
skirt,duck,escape,dodge,avoid,easy,Noun/Concept Synonyms,61
rib,wing,dog,link,bbq offering,hard,Noun/Concept Synonyms,62
absent,present,late,excused,attendance status,medium,Noun/Concept Synonyms,62
fire,lit,sick,dope,awesome,easy,Noun/Concept Synonyms,62
telly,footy,chippy,butty,britishisms,very_hard,Noun/Concept Synonyms,62
blur,suede,oasis,pulp,britpop bands,very_hard,Trivia/Pop Culture,63
mushroom,snowball,swell,balloon,become larger,hard,Action/Verb Synonyms,63
hook,pull,grab,draw,attract,medium,Noun/Concept Synonyms,63
bacon,bread,lettuce,tomato,b.l.t. ingredients,easy,Noun/Concept Synonyms,63
stroller,bib,bottle,monitor,baby gear,easy,Noun/Concept Synonyms,64
super,ultra,hyper,uber,augmentative prefixes,medium,Word Structure/Play,64
wing,bill,nickel,soldier,buffalo ___,very_hard,Fill-in-the-Blank,64
stella,natty,bud,sierra,"beers, familiarly",hard,Descriptor/Adjective Synonyms,64
eerie,llama,aardvark,ooze,beginning with double letters,hard,Word Structure/Play,65
stick,pant,smite,blouse,bugs plus starting letter,very_hard,Word Structure/Play,65
bare,spare,plain,simple,austere,medium,Noun/Concept Synonyms,65
aegis,protection,guard,shield,backing,easy,Action/Verb Synonyms,65
freeze,lag,drop,echo,bad things for a video call to do,easy,Members of a Set/Entities,66
reverse,drive,neutral,park,automatic transmission settings,medium,Descriptor/Adjective Synonyms,66
foul,screw,muck,louse,"bungle, with “up”",very_hard,Noun/Concept Synonyms,66
buff,tan,fawn,cream,beige shades,hard,Noun/Concept Synonyms,66
span,section,suite,clef,c-___,very_hard,Fill-in-the-Blank,67
stone,madison,swank,foster,best actress oscar winners,hard,Trivia/Pop Culture,67
solo,free,stag,single,available,medium,Descriptor/Adjective Synonyms,67
sour,rank,foul,ripe,bad-smelling,easy,Action/Verb Synonyms,67
medal,cup,trophy,ribbon,awards,medium,Trivia/Pop Culture,68
vex,stump,puzzle,perplex,baffle,easy,Noun/Concept Synonyms,68
energy,state,justice,labor,cabinet departments,very_hard,Noun/Concept Synonyms,68
berry,berry,stone,swank,best actress oscar winners,hard,Trivia/Pop Culture,68
goober,kiss,dot,whopper,candy pieces,very_hard,Members of a Set/Entities,69
gladiator,crash,moonlight,chicago,best picture winners since 2000,hard,Trivia/Pop Culture,69
horsefeathers,hogwash,nonsense,crock,balderdash,easy,Noun/Concept Synonyms,69
kid,cub,calf,joey,baby animals,medium,Members of a Set/Entities,69
bunk,bull,hogwash,rot,balderdash,easy,Noun/Concept Synonyms,70
lip,sass,attitude,cheek,back talk,medium,Noun/Concept Synonyms,70
apple,bar,corn,cane,candy ___,very_hard,Fill-in-the-Blank,70
chalk,cue,rack,ball,billiards equipment,hard,Members of a Set/Entities,70
false,no,yes,true,binary question options,hard,Noun/Concept Synonyms,71
soul,roam,sophia,keto,capital city homophones,very_hard,Word Structure/Play,71
trope,platitude,chestnut,cliché,banality,easy,Descriptor/Adjective Synonyms,71
booty,bum,rear,can,backside,medium,Noun/Concept Synonyms,71
danish,muffin,turnover,bun,baked goods,medium,Noun/Concept Synonyms,72
tank,cylinder,cask,drum,barrel-shaped container,easy,Noun/Concept Synonyms,72
doge,aura,hoda,buck,car companies minus letter,very_hard,Word Structure/Play,72
gobble,coo,hoot,honk,bird onomatopoeia,hard,Noun/Concept Synonyms,72
kite,swallow,jay,turkey,birds,hard,Noun/Concept Synonyms,73
volt,focus,beetle,civic,car models,very_hard,Noun/Concept Synonyms,73
safe,ball,strike,out,baseball calls,easy,Noun/Concept Synonyms,73
knock,butt,ram,bump,bang into,medium,Noun/Concept Synonyms,73
happy hour,trivia night,karaoke,live music,bar events,medium,Noun/Concept Synonyms,74
joker,gummy,fridge,din,card games with first letter changed,very_hard,Word Structure/Play,74
crane,lark,swallow,jay,birds,hard,Noun/Concept Synonyms,74
ball,bat,glove,base,baseball equipment,easy,Members of a Set/Entities,74
up,left,right,down,basic directions,easy,Descriptor/Adjective Synonyms,75
stool,keg,counter,tap,bar fixtures,medium,Noun/Concept Synonyms,75
goof,lad,snoop,droop,cartoon dogs minus “y”,very_hard,Noun/Concept Synonyms,75
swift,robin,swift,cardinal,birds,hard,Noun/Concept Synonyms,75
puff,pebble,cheerio,flake,bit of breakfast cereal,hard,Noun/Concept Synonyms,76
jerry,speedy,pinky,itchy,cartoon mice,very_hard,Noun/Concept Synonyms,76
anger,surprise,fear,happiness,basic emotions,easy,Descriptor/Adjective Synonyms,76
spine,spur,thorn,sticker,barb,medium,Noun/Concept Synonyms,76
nap,walk,tail,fish,cat___,very_hard,Fill-in-the-Blank,77
wedge,zest,slice,twist,bit of citrus garnish,hard,Descriptor/Adjective Synonyms,77
length,area,volume,perimeter,basic geometric calculations,easy,Descriptor/Adjective Synonyms,77
buy,value,deal,steal,bargain,medium,Noun/Concept Synonyms,77
line,point,ray,segment,basic geometric objects,medium,Descriptor/Adjective Synonyms,78
cradle,pajamas,eye,meow,cat’s ___,very_hard,Fill-in-the-Blank,78
glob,tear,bead,drop,bit of liquid,hard,Noun/Concept Synonyms,78
sour,salty,bitter,sweet,basic tastes,easy,Descriptor/Adjective Synonyms,78
layup,floater,three,dunk,basketball shots,easy,Noun/Concept Synonyms,79
triangle,square,circle,diamond,basic two-dimensional shapes,medium,Descriptor/Adjective Synonyms,79
lucky,tony,pop,sam,cereal mascots,very_hard,Noun/Concept Synonyms,79
garland,confetti,balloon,banner,bit of party decoration,hard,Noun/Concept Synonyms,79
whale,moon,jay,jeans,blue ___,hard,Fill-in-the-Blank,80
work,function,operate,run,be in commission,medium,Noun/Concept Synonyms,80
store,letter,reaction,mail,chain ___,very_hard,Fill-in-the-Blank,80
chill,lounge,rest,loaf,be at leisure,easy,Noun/Concept Synonyms,80
han,song,tang,ming,chinese dynasties,very_hard,Noun/Concept Synonyms,81
hope,dole,ross,marley,bobs,hard,Noun/Concept Synonyms,81
surround,flank,bookend,bracket,be on both sides of,medium,Idioms & Slang,81
rest,rely,depend,hinge,be contingent (on),easy,Noun/Concept Synonyms,81
lead,run,direct,head,be in charge of,easy,Noun/Concept Synonyms,82
shore,coast,strand,bank,beachy area,medium,Noun/Concept Synonyms,82
sound,strait,canal,channel,bodies of water,hard,Noun/Concept Synonyms,82
horse,tiger,dragon,rabbit,chinese zodiac animals,very_hard,Members of a Set/Entities,82
part one,essays,a life,a novel,book subtitles,hard,Noun/Concept Synonyms,83
waver,waffle,hesitate,yo-yo,be indecisive,easy,Descriptor/Adjective Synonyms,83
skort,dover,marsh,crunchy,chocolate bars plus a letter,very_hard,Word Structure/Play,83
learn,realize,discover,find,become aware of,medium,Action/Verb Synonyms,83
roam,soul,niece,deli,city homophones,very_hard,Word Structure/Play,84
humor,romance,travel,fiction,bookstore sections,hard,Noun/Concept Synonyms,84
throw,sheet,sham,blanket,bedding,medium,Action/Verb Synonyms,84
showboat,swagger,grandstand,posture,be ostentatious,easy,Descriptor/Adjective Synonyms,84
hive,wax,honey,comb,bee creations,medium,Noun/Concept Synonyms,85
heat,armageddon,speed,hard boiled,classic '90s action films,very_hard,Trivia/Pop Culture,85
fava,lima,pinto,kidney,beans,easy,Noun/Concept Synonyms,85
strike,foul,spare,strike,bowling results,hard,Action/Verb Synonyms,85
sour,punch,sling,fizz,classic cocktail types,very_hard,Descriptor/Adjective Synonyms,86
sake,interest,advantage,benefit,behalf,medium,Noun/Concept Synonyms,86
turkey,double,spare,split,bowling results,hard,Action/Verb Synonyms,86
include,consider,factor,count,bear in mind,easy,Noun/Concept Synonyms,86
murphy,canopy,bunk,trundle,beds,easy,Noun/Concept Synonyms,87
cross,hook,bob,weave,boxing maneuvers,hard,Action/Verb Synonyms,87
bar,chicken,light bulb,knock-knock,classic joke staples,very_hard,Descriptor/Adjective Synonyms,87
whale,whopper,colossus,mammoth,behemoth,medium,Noun/Concept Synonyms,87
jab,cross,hook,uppercut,boxing punches,hard,Action/Verb Synonyms,88
dragon,heart,rose,anchor,classic tattoos,very_hard,Descriptor/Adjective Synonyms,88
genesis,birth,start,dawn,beginning,easy,Action/Verb Synonyms,88
close,tight,intimate,dear,"beloved, as a friend",medium,Noun/Concept Synonyms,88
hook,wire,strap,cup,bra parts,hard,Noun/Concept Synonyms,89
pinnacle,heyday,zenith,prime,best years,easy,Noun/Concept Synonyms,89
give,bow,cave,buckle,bend under pressure,medium,Noun/Concept Synonyms,89
mud,a bell,crystal,day,clear as ___,very_hard,Fill-in-the-Blank,89
sandwich,soda,med,music,club ___,very_hard,Fill-in-the-Blank,90
juice,punch,soda,milk,beverages,easy,Noun/Concept Synonyms,90
butter,jam,hot sauce,syrup,breakfast condiments,hard,Noun/Concept Synonyms,90
grant,vest,present,confer,bestow,medium,Noun/Concept Synonyms,90
nurse,rear,raise,foster,bring up,hard,Action/Verb Synonyms,91
mustard,scarlet,plum,green,clue characters,very_hard,Trivia/Pop Culture,91
napkin,cup,straw,lid,beverage self-service items,medium,Members of a Set/Entities,91
atom,molecule,protein,cell,biological building blocks,easy,Noun/Concept Synonyms,91
tundra,forest,desert,grassland,biomes,easy,Noun/Concept Synonyms,92
roast,scone,mash,trifle,british cuisine,hard,Descriptor/Adjective Synonyms,92
screwdriver,cosmopolitan,manhattan,hurricane,cocktails,very_hard,Noun/Concept Synonyms,92
job,acts,mark,kings,bible books,medium,Descriptor/Adjective Synonyms,92
wing,feather,beak,talon,bird features,easy,Noun/Concept Synonyms,93
splash,impact,footprint,mark,big impression,medium,Descriptor/Adjective Synonyms,93
pound,dram,stone,ounce,british imperial units of weight,hard,Idioms & Slang,93
libre,sling,mule,mama,cocktails minus place names,very_hard,Members of a Set/Entities,93
fund,pot,pool,kitty,collection of money,very_hard,Descriptor/Adjective Synonyms,94
phantom,fiddler,sunset,merrily,"broadway musicals, familiarly",hard,Descriptor/Adjective Synonyms,94
tweet,chirp,caw,cluck,bird sounds,easy,Noun/Concept Synonyms,94
brake,chain,spoke,pedal,bike parts,medium,Noun/Concept Synonyms,94
suggestion,tip,trick,pointer,bit of advice,easy,Noun/Concept Synonyms,95
gate,core,pilled,mania,colloquial suffixes,very_hard,Word Structure/Play,95
gear,saddle,handlebar,wheel,bike parts,medium,Noun/Concept Synonyms,95
shirt,sticker,button,hat,campaign swag,hard,Noun/Concept Synonyms,95
duck,grouse,swallow,hawk,birds that are verbs,medium,Noun/Concept Synonyms,96
high,kick,rush,thrill,bit of excitement,easy,Noun/Concept Synonyms,96
lube,genre,dre,gary,color anagrams,very_hard,Word Structure/Play,96
snicker,airhead,mar,mound,candy bars minus “s”,hard,Noun/Concept Synonyms,96
report,article,story,feature,bit of journalism,medium,Noun/Concept Synonyms,97
york,kinder,wonka,charms,candy names,hard,Members of a Set/Entities,97
tress,ringlet,curl,lock,bit of hair,easy,Noun/Concept Synonyms,97
blew,rows,choral,read,color homophones,very_hard,Word Structure/Play,97
lack,ink,old,range,colors minus their first letters,very_hard,Word Structure/Play,98
whopper,kiss,runt,nerd,candy pieces,hard,Members of a Set/Entities,98
parcel,patch,plot,bed,bit of land for growing,medium,Idioms & Slang,98
act,bill,resolution,measure,bit of legislation,easy,Noun/Concept Synonyms,98
hook,america,nemo,morgan,captains,hard,Noun/Concept Synonyms,99
frown,mellow,preen,clue,colors with their first letters changed,very_hard,Word Structure/Play,99
drill,exercise,practice,routine,bit of repetitive training,medium,Descriptor/Adjective Synonyms,99
hex,charm,spell,curse,bit of magic,easy,Descriptor/Adjective Synonyms,99
mini,fiat,jaguar,ram,car brands,hard,Members of a Set/Entities,100
article,story,column,feature,bit of newspaper writing,easy,Noun/Concept Synonyms,100
sub,auto,semi,post,common prefixes,very_hard,Word Structure/Play,100
dip,wing,chip,fry,bit of sports bar fare,medium,Members of a Set/Entities,100
presto,voila,behold,tada,bit of vocal fanfare,medium,Noun/Concept Synonyms,101
subaru,honda,jaguar,bmw,car companies,hard,Noun/Concept Synonyms,101
screw,nut,washer,nail,bits of hardware,easy,Noun/Concept Synonyms,101
ink,harmony,trade,bay,companies with “e” removed,very_hard,Noun/Concept Synonyms,101
enterprise,thrifty,national,budget,car rental companies,hard,Noun/Concept Synonyms,102
mown,wine,whale,grown,complaint homophones,very_hard,Word Structure/Play,102
panda,skunk,zebra,orca,black-and-white animals,easy,Members of a Set/Entities,102
draft,breeze,puff,gust,bit of wind,medium,Noun/Concept Synonyms,102
dance,monologue,song,sketch,bits in a variety show,medium,Trivia/Pop Culture,103
oreo,zebra,tuxedo,yin-yang symbol,black-and-white things,easy,Members of a Set/Entities,103
rim,temple,bridge,lens,components of eyeglasses,very_hard,Noun/Concept Synonyms,103
turn,hole,river,flop,cards in texas hold ’em,hard,Idioms & Slang,103
saw,clamp,level,file,carpentry tools,hard,Members of a Set/Entities,104
genie,egg,toothpaste,bell,components of metaphors for things that can’t be undone,very_hard,Members of a Set/Entities,104
kernel,tidbit,pearl,nugget,bits of wisdom,medium,Noun/Concept Synonyms,104
domino,piano keys,crossword,panda,black-and-white things,easy,Members of a Set/Entities,104
coffee,fricassee,bassoon,balloon,consecutive double letters,very_hard,Word Structure/Play,105
mar,ding,scratch,dent,blemish,easy,Descriptor/Adjective Synonyms,105
foghorn,woody,woodstock,scrooge,cartoon birds,hard,Noun/Concept Synonyms,105
raven,inky,jet,pitch,black,medium,Noun/Concept Synonyms,105
seal,plug,stop,close,"block, as an opening",easy,Noun/Concept Synonyms,106
orca,oreo,domino,crossword,black-and-white things,medium,Members of a Set/Entities,106
cage,eno,reich,glass,contemporary composers,very_hard,Noun/Concept Synonyms,106
rooster,leprechaun,elves,count,cereal mascots,hard,Noun/Concept Synonyms,106
pool,drawing,lottery,raffle,chance to win a prize,hard,Idioms & Slang,107
puree,grind,pulse,chop,blender buttons,medium,Noun/Concept Synonyms,107
garnish,oversight,sanction,cleave,contronyms (words that can mean opposite things),very_hard,Word Structure/Play,107
boo-boo,no-no,flub,gaffe,blunder,easy,Noun/Concept Synonyms,107
boo-boo,goof,gaffe,flub,blunder,easy,Noun/Concept Synonyms,108
q,m,moneypenny,bond,characters in bond movies,hard,Trivia/Pop Culture,108
triangle,star,circle,umbrella,cookie cutter shapes in “squid game”,very_hard,Idioms & Slang,108
wink,heartbeat,second,flash,blink of an eye,medium,Noun/Concept Synonyms,108
solo,emperor,chewie,boba,"characters in “the empire strikes back,"" familiarly",hard,Trivia/Pop Culture,109
sensation,hit,success,smash,blockbuster,medium,Noun/Concept Synonyms,109
sorry,chess,backgammon,go,board games,easy,Noun/Concept Synonyms,109
writer,cat,pasta,right,copy___,very_hard,Fill-in-the-Blank,109
sorry,trouble,clue,risk,board games,medium,Noun/Concept Synonyms,110
syrup,maze,muffin,silk,corn-y things,very_hard,Members of a Set/Entities,110
charlie,wallace,dorothy,shaggy,characters with pet dogs,hard,Trivia/Pop Culture,110
checkers,trouble,taboo,risk,board games,easy,Noun/Concept Synonyms,110
bluster,show off,strut,crow,boast,easy,Noun/Concept Synonyms,111
wanda,inland,olivia,ran,countries minus first letter,very_hard,Word Structure/Play,111
barge,scow,dory,sloop,boats,medium,Noun/Concept Synonyms,111
ball,puff,curl,doodle,cheesy corn snack unit,hard,Noun/Concept Synonyms,111
pick,cream,top,best,choicest,hard,Noun/Concept Synonyms,112
tong,chin,malt,cub,countries when “a” is added,very_hard,Members of a Set/Entities,112
sound,bay,channel,strait,bodies of water,medium,Noun/Concept Synonyms,112
ferry,junk,tug,yacht,boats,easy,Noun/Concept Synonyms,112
arm,hip,eye,leg,body parts,easy,Noun/Concept Synonyms,113
cherish,have,love,hold,church of england wedding vow verbs,hard,Idioms & Slang,113
deck,cord,cheese,mustard,cut the ___,very_hard,Fill-in-the-Blank,113
nerve,gall,guts,stones,"boldness, figuratively",medium,Descriptor/Adjective Synonyms,113
toes,knees,shoulders,head,"body parts in “head, shoulders, knees and toes”",easy,Idioms & Slang,114
index,chapter,appendix,preface,book sections,medium,Noun/Concept Synonyms,114
mint,mango,tamarind,tomato,chutney varieties,hard,Noun/Concept Synonyms,114
roller,silo,spool,can,cylinder-shaped things,very_hard,Members of a Set/Entities,114
band,florist,officiant,caterer,booked for a wedding,medium,Noun/Concept Synonyms,115
squats,lunges,dips,planks,bodyweight exercises,easy,Noun/Concept Synonyms,115
discog,promo,bally,raven,dance events plus a letter,very_hard,Word Structure/Play,115
bath,reading,derby,sandwich,cities and towns in england,hard,Members of a Set/Entities,115
evian,dasani,fiji,voss,bottled water brands,easy,Members of a Set/Entities,116
travel,humor,poetry,fiction,bookstore sections,medium,Noun/Concept Synonyms,116
sprite,starry,squirt,crush,citrus sodas,hard,Noun/Concept Synonyms,116
cha,can,go,nae,dances when doubled,very_hard,Noun/Concept Synonyms,116
matter,ages,chocolate,horse,dark ___,very_hard,Fill-in-the-Blank,117
centipede,asteroids,breakout,defender,classic atari games,hard,Descriptor/Adjective Synonyms,117
pod,shell,husk,hull,botanical coverings,medium,Noun/Concept Synonyms,117
edge,border,extremity,limit,boundary,easy,Descriptor/Adjective Synonyms,117
clippers,cape,gel,brush,classic barbershop supplies,hard,Descriptor/Adjective Synonyms,118
clock,branch,ant,melting,depicted in dalí’s “the persistence of memory”,very_hard,Idioms & Slang,118
pin,alley,ball,lane,bowling,medium,Action/Verb Synonyms,118
buffalo,goat,cow,sheep,bovids,easy,Noun/Concept Synonyms,118
winner,smash,hit,success,box office victory,easy,Descriptor/Adjective Synonyms,119
round,bout,match,contest,boxing unit,medium,Action/Verb Synonyms,119
dozen,pool,martini,word,dirty ___,very_hard,Fill-in-the-Blank,119
operation,mastermind,sorry,mouse trap,classic board games,hard,Descriptor/Adjective Synonyms,119
luxury,high-end,designer,haute,brand-name,easy,Noun/Concept Synonyms,120
mustard,brat,bun,sauerkraut,bratwurst go-withs,medium,Noun/Concept Synonyms,120
comic,record,stamp,coin,classic collection items,hard,Members of a Set/Entities,120
rice,laundry,joke,blonde,dirty ___,very_hard,Fill-in-the-Blank,120
normal,rinse,sanitize,quick,dishwasher cycles,very_hard,Noun/Concept Synonyms,121
fluffy,rover,rex,spot,classic dog names,hard,Members of a Set/Entities,121
scope,extent,extent,range,breadth,easy,Noun/Concept Synonyms,121
scale,extent,scope,range,breadth,medium,Noun/Concept Synonyms,121
range,reach,reach,scope,breadth,easy,Noun/Concept Synonyms,122
scary,flounders,belled,abut,disney animated characters plus a letter,very_hard,Word Structure/Play,122
feud,wheel,pyramid,millionaire,"classic game shows, familiarly",hard,Trivia/Pop Culture,122
waffle,pancake,cereal,omelet,breakfast foods,medium,Noun/Concept Synonyms,122
bacon,toast,grits,hash,breakfast sides,easy,Noun/Concept Synonyms,123
flamingo,pinwheel,gnome,fountain,classic lawn ornaments,hard,Descriptor/Adjective Synonyms,123
scar,genie,stitch,beast,disney characters,very_hard,Trivia/Pop Culture,123
air,show,screen,run,broadcast,medium,Noun/Concept Synonyms,123
puff,heave,gasp,pant,breathe hard,easy,Noun/Concept Synonyms,124
compass,mermaid,swallow,anchor,classic nautical tattoos,hard,Descriptor/Adjective Synonyms,124
run,stream,air,play,"broadcast, as online media",medium,Noun/Concept Synonyms,124
shiva,venus de milo,octopus,slot machine,distinctive number of arms (or lack thereof),very_hard,Idioms & Slang,124
no,who,octopus,pepper,doctors in pop culture,very_hard,Noun/Concept Synonyms,125
huffs,gasps,puffs,pants,breathes heavily,easy,Descriptor/Adjective Synonyms,125
wing,addition,extension,annex,building add-ons,medium,Action/Verb Synonyms,125
fishbowl,charades,werewolf,categories,classic party games,hard,Descriptor/Adjective Synonyms,125
rush,genesis,kansas,yes,classic rock bands,hard,Trivia/Pop Culture,126
retrieve,point,box,set,dog breeds minus “er” sound,very_hard,Idioms & Slang,126
ring,veil,bouquet,train,bridal accessories,easy,Noun/Concept Synonyms,126
brick,concrete,metal,stone,building materials,medium,Action/Verb Synonyms,126
mature,blossom,develop,progress,burgeon,medium,Noun/Concept Synonyms,127
fruit,skull,pitcher,tablecloth,classic still life components,hard,Descriptor/Adjective Synonyms,127
days,paddle,tired,tag,dog ___,very_hard,Fill-in-the-Blank,127
wink,flash,second,jiffy,brief moment,easy,Noun/Concept Synonyms,127
fan,corset,gloves,boa,burlesque wear,medium,Noun/Concept Synonyms,128
jiff,wink,flash,heartbeat,brief moment,easy,Noun/Concept Synonyms,128
tights,mask,underwear,cape,classic superhero wear,hard,Descriptor/Adjective Synonyms,128
dribble,agent,jeopardy,jeopardy,double ___,very_hard,Fill-in-the-Blank,128
blocks,ball,jacks,train,classic toys,hard,Descriptor/Adjective Synonyms,129
jack,bub,bud,man,buster,medium,Noun/Concept Synonyms,129
standard,dutch,space,date,double ___,very_hard,Fill-in-the-Blank,129
provoke,inspire,generate,prompt,bring about,easy,Action/Verb Synonyms,129
water,fire,air,earth,classical elements,hard,Noun/Concept Synonyms,130
bet,discovery,nickelodeon,e,cable channels,medium,Descriptor/Adjective Synonyms,130
devise,create,invent,coin,bring into being,easy,Action/Verb Synonyms,130
grinch,turtle,pop,cat,dr. seuss title figures,very_hard,Trivia/Pop Culture,130
pepper,j,no,evil,dr. ___,very_hard,Fill-in-the-Blank,131
usa,oxygen,hallmark,history,cable channels,medium,Descriptor/Adjective Synonyms,131
vacuum,sweep,mop,dust,cleaning verbs,hard,Action/Verb Synonyms,131
umbrella,sunscreen,towel,flip-flop,brought to the beach,easy,Noun/Concept Synonyms,131
pool,store,reserve,bank,cache,medium,Noun/Concept Synonyms,132
bank,supermarket,laundromat,post office,buildings around town,easy,Noun/Concept Synonyms,132
bowl,bunny,devil,jacket,dust ___,very_hard,Fill-in-the-Blank,132
trap,corner,surround,tree,close in on,hard,Noun/Concept Synonyms,132
fingerprint,tire mark,hair,fiber,clues at a crime scene,hard,Idioms & Slang,133
cluster,collection,group,constellation,bunch,easy,Noun/Concept Synonyms,133
time,meter,rhythm,beat,cadence,medium,Noun/Concept Synonyms,133
wig,drum,mark,wax,ear___,very_hard,Fill-in-the-Blank,133
fujifilm,polaroid,hasselblad,olympus,camera brands,medium,Members of a Set/Entities,134
cherry,olive,mint,twist,cocktail garnishes,hard,Noun/Concept Synonyms,134
boa,corset,garter,stockings,burlesque wear,easy,Noun/Concept Synonyms,134
bunny,sunday,island,egg,easter ___,very_hard,Fill-in-the-Blank,134
licorice,gum,lollipop,chocolate,candy store treats,medium,Noun/Concept Synonyms,135
street,chair,money,listening,easy ___,very_hard,Fill-in-the-Blank,135
buns,tail,bottom,seat,butt,easy,Noun/Concept Synonyms,135
muddle,garnish,stir,strain,cocktail-making verbs,hard,Action/Verb Synonyms,135
set,array,battery,series,collection,hard,Noun/Concept Synonyms,136
greco,capitan,dorado,paso,el ___,very_hard,Fill-in-the-Blank,136
fur,tail,muzzle,paw,canine/feline features,medium,Noun/Concept Synonyms,136
business,trade,market,commerce,buying and selling,easy,Action/Verb Synonyms,136
neck,make out,french,kiss,canoodle,medium,Noun/Concept Synonyms,137
gaggle,parliament,murder,charm,collective nouns for birds,hard,Descriptor/Adjective Synonyms,137
equals,percent,times,minus,calculator buttons,easy,Noun/Concept Synonyms,137
blanket,guitar,slide,eel,electric ___,very_hard,Fill-in-the-Blank,137
banks,moss,taylor,warren,elizabeths (and one elisabeth),very_hard,Noun/Concept Synonyms,138
lantern,sleeping bag,tent,cooler,camping supplies,easy,Action/Verb Synonyms,138
wolverine,sooner,volunteer,gator,college football team members,hard,Members of a Set/Entities,138
tape,record,film,shoot,capture on video,medium,Noun/Concept Synonyms,138
cut,axe,scrap,drop,"cancel, as a project",easy,Noun/Concept Synonyms,139
skull,heart,sparkles,fire,emoji,very_hard,Noun/Concept Synonyms,139
yellow,green,blue,white,colors in brazil’s flag,hard,Noun/Concept Synonyms,139
beep beep,vroom,skrrt,purr,car onomatopoeia,medium,Noun/Concept Synonyms,139
crunch,milky way,bounty,dove,candy bars,easy,Noun/Concept Synonyms,140
rim,grille,mirror,bumper,car parts,medium,Noun/Concept Synonyms,140
herring,kingpin,cootie,baywatch,ending in accessories,very_hard,Action/Verb Synonyms,140
sound,look,appear,seem,come across as,hard,Noun/Concept Synonyms,140
cameroon,unread,cockatiel,whistleblew,ending in color homophones,very_hard,Word Structure/Play,141
drive,cruise,spin,ride,car trip,medium,Noun/Concept Synonyms,141
routine,bit,act,set,comedian’s performance,hard,Noun/Concept Synonyms,141
mars,heath,crunch,payday,candy bars,easy,Noun/Concept Synonyms,141
impulse,fancy,lark,whim,caprice,easy,Noun/Concept Synonyms,142
gag,bit,sketch,act,comedic routine,hard,Descriptor/Adjective Synonyms,142
whip,auto,ride,wheels,"car, informally",medium,Idioms & Slang,142
ultraviolet,marigold,stingray,infrared,ending in colors,very_hard,Action/Verb Synonyms,142
compare,connecticut,parsnip,wallop,"ending in synonyms for ""clip""",very_hard,Idioms & Slang,143
war,bridge,spoons,speed,card games,medium,Noun/Concept Synonyms,143
tote,tote,tee,mug,common swag items,hard,Members of a Set/Entities,143
grab,occupy,rivet,entrance,captivate,easy,Noun/Concept Synonyms,143
commonplace,sunspot,parasite,needlepoint,"ending in synonyms for ""location""",very_hard,Idioms & Slang,144
hold,charm,rivet,engage,captivate,easy,Noun/Concept Synonyms,144
bridge,hearts,spit,gin,card games,medium,Noun/Concept Synonyms,144
pen,hat,tee,water bottle,common swag items,hard,Members of a Set/Entities,144
thrill,entrance,absorb,absorb,captivate,easy,Noun/Concept Synonyms,145
pot,fertilize,water,prune,care for a plant,medium,Noun/Concept Synonyms,145
power-up,boss,health,level,common video game features,hard,Noun/Concept Synonyms,145
rosebud,ketchum,primate,paypal,ending in synonyms for “friend”,very_hard,Idioms & Slang,145
ford,ram,dodge,lincoln,car brands,easy,Members of a Set/Entities,146
funky chicken,jumbo shrimp,dark horse,sea monkey,ending with animals,very_hard,Members of a Set/Entities,146
harbor,hold,maintain,bear,"carry, as a feeling",medium,Noun/Concept Synonyms,146
text,correspond,write,message,communicate through writing,hard,Noun/Concept Synonyms,146
contrabass,autoharp,rosebud,pepperoni,ending with beer brands,very_hard,Members of a Set/Entities,147
heave,reel,pitch,lurch,careen,easy,Noun/Concept Synonyms,147
garfield,sylvester,tom,felix,cartoon cats,medium,Noun/Concept Synonyms,147
greyhound,caterpillar,dove,puma,companies named after animals,hard,Members of a Set/Entities,147
scat,whistle,hum,sing,carry a tune,easy,Noun/Concept Synonyms,148
lose,shed,ditch,drop,cast off,medium,Noun/Concept Synonyms,148
neuroplastic,kubrick,hourglass,hollywood,ending with building materials,very_hard,Action/Verb Synonyms,148
minute,baby,compact,toy,comparatively small,hard,Noun/Concept Synonyms,148
bouquet,veil,train,bustle,components of a bride’s ensemble,hard,Idioms & Slang,149
tortoiseshell,tuxedo,calico,tabby,cat coat patterns,medium,Noun/Concept Synonyms,149
latin,plead,jargon,environ,ending with chemical elements,very_hard,Action/Verb Synonyms,149
russian blue,turkish angora,ragamuffin,sphynx,cat breeds,easy,Noun/Concept Synonyms,149
drum and bass,wu-tang,cape cod,camisole,ending with fish,very_hard,Action/Verb Synonyms,150
bask,sun,tan,bake,catch some rays,medium,Noun/Concept Synonyms,150
shower,birthday,anniversary,wedding,celebratory occasions,easy,Noun/Concept Synonyms,150
cylinder,spring,tumbler,pin,components of a lock,hard,Noun/Concept Synonyms,150
feta,pepsi,biota,mochi,ending with greek letters,very_hard,Word Structure/Play,151
comet,planet,star,moon,celestial objects,easy,Noun/Concept Synonyms,151
blanket,general,umbrella,broad,catchall,medium,Noun/Concept Synonyms,151
insert,jacket,sleeve,record,components of an lp,hard,Noun/Concept Synonyms,151
prussian,disney,decaf,crypto,ending with homophones of parts of the leg,very_hard,Word Structure/Play,152
silent,focus,vibrate,ring,cell phone modes,easy,Noun/Concept Synonyms,152
shrinkage,regifting,yada yada,festivus,concepts from “seinfeld”,hard,Noun/Concept Synonyms,152
bop,banger,jam,groove,catchy song,medium,Noun/Concept Synonyms,152
asteroid,moon,planet,comet,celestial objects,medium,Noun/Concept Synonyms,153
airplane,ring,do not disturb,vibrate,cellphone modes,easy,Noun/Concept Synonyms,153
plaque,tartar,cavity,calculus,concerns for a dentist,hard,Noun/Concept Synonyms,153
icecaps,makeshift,cantab,cyberspace,ending with keyboard keys,very_hard,Action/Verb Synonyms,153
renege,flip-flop,backpedal,about-face,change one’s tune,medium,Noun/Concept Synonyms,154
midriff,torso,core,trunk,central section of the body,easy,Idioms & Slang,154
snickerdoodle,shadowboxer,newshound,trendsetter,ending with kinds of dogs,very_hard,Members of a Set/Entities,154
lolly,sucker,sweet,candy,confection,hard,Noun/Concept Synonyms,154
medium,platform,venue,outlet,channel,medium,Noun/Concept Synonyms,155
accord,vest,award,grant,confer,hard,Noun/Concept Synonyms,155
condense,freeze,melt,vaporize,change states of matter,easy,Members of a Set/Entities,155
rainbow,semblance,crossword,grimace,ending with medieval weapons,very_hard,Action/Verb Synonyms,155
classics,create,guthrie,therefore,ending with number homophones,very_hard,Word Structure/Play,156
hitch,link,tie,couple,connect,hard,Noun/Concept Synonyms,156
hulk,grinch,elphaba,shrek,characters with green skin,medium,Trivia/Pop Culture,156
jaw,yak,yap,gab,"chat, informally",easy,Idioms & Slang,156
bright,bouncy,sunny,merry,cheerful,easy,Descriptor/Adjective Synonyms,157
magazine,charging cable,chapstick,candy,checkout line impulse buys,medium,Noun/Concept Synonyms,157
hawking,bojack,lovelace,mcqueen,ending with playing cards,very_hard,Action/Verb Synonyms,157
bond,link,relation,tie,connection,hard,Noun/Concept Synonyms,157
smoking,language,action,nudity,considerations for movie ratings,hard,Noun/Concept Synonyms,158
golden fleece,comic con,american hustle,lucky stiff,"ending with synonyms for ""swindle""",very_hard,Idioms & Slang,158
solution,bond,element,base,chemistry terms,medium,Noun/Concept Synonyms,158
american,blue,swiss,jack,"cheeses, familiarly",easy,Descriptor/Adjective Synonyms,158
skydive,waterfall,gatecrash,raindrop,ending with synonyms for “plunge”,very_hard,Idioms & Slang,159
demand,market,audience,appetite,"consumer desire, collectively",hard,Descriptor/Adjective Synonyms,159
relish,savor,value,treasure,cherish,easy,Descriptor/Adjective Synonyms,159
gambit,mate,bishop,queen,chess terms,medium,Noun/Concept Synonyms,159
stocking,snowman,reindeer,mistletoe,christmas-related,easy,Trivia/Pop Culture,160
fire,spice,kick,heat,chili pepper quality,medium,Descriptor/Adjective Synonyms,160
whale,astronaut,pea,coffee,contents of a pod,hard,Noun/Concept Synonyms,160
dynasty,gimmick,engross,mildew,ending with synonyms for “yuck”,very_hard,Idioms & Slang,160
mounds,mars,crunch,chunky,chocolate bars,medium,Noun/Concept Synonyms,161
witherspoon,boilerplate,jackknife,buttercup,ending with tableware,very_hard,Action/Verb Synonyms,161
record,register,log,journal,chronicle,easy,Noun/Concept Synonyms,161
direct,write,act,produce,contribute to a movie,hard,Noun/Concept Synonyms,161
lit,tight,sick,fire,"cool, in slang",hard,Noun/Concept Synonyms,162
bigfoot,compound,thermometer,instagram,ending with units of measure,very_hard,Idioms & Slang,162
hoop,circle,band,ring,circular shapes,medium,Noun/Concept Synonyms,162
gall,cheek,nerve,brass,chutzpah,easy,Noun/Concept Synonyms,162
lp,pupil,full moon,pizza pie,circular things,medium,Members of a Set/Entities,163
medium,psychic,mystic,oracle,clairvoyant,easy,Noun/Concept Synonyms,163
crunch,plank,boat,mountain climber,core exercises,hard,Noun/Concept Synonyms,163
sofa,roe,pars,mink,european capitals minus second-to-last letter,very_hard,Word Structure/Play,163
sales,legal,it,finance,corporate departments,hard,Noun/Concept Synonyms,164
asteroids,pong,frogger,breakout,classic arcade games,easy,Descriptor/Adjective Synonyms,164
lincoln,lagos,luxor,limerick,cities beginning with “l”,medium,Members of a Set/Entities,164
pump,hype,fire,amp,"excite, with “up”",very_hard,Noun/Concept Synonyms,164
photoshop,fix,airbrush,touch up,"clean up, as a photograph",medium,Idioms & Slang,165
blank,forget,flake,space,experience a memory lapse,very_hard,Noun/Concept Synonyms,165
fido,rover,lucky,spot,classic dog names,easy,Members of a Set/Entities,165
poland,japan,turkey,tunisia,countries with red and white flags,hard,Members of a Set/Entities,165
erm,um,uh,well,expressions of hesitation,very_hard,Idioms & Slang,166
witch,clown,pirate,angel,classic halloween costumes,easy,Descriptor/Adjective Synonyms,166
snug,sleek,clingy,slinky,close-fitting,medium,Action/Verb Synonyms,166
wedge,jam,stuff,shoehorn,cram,hard,Noun/Concept Synonyms,166
moon,croissant,banana,sickle,crescent-shaped things,hard,Members of a Set/Entities,167
speaker,screen,projector,reel,classic movie theater equipment,easy,Members of a Set/Entities,167
real,bloody,way,awful,extremely,very_hard,Descriptor/Adjective Synonyms,167
sea breeze,greyhound,cosmopolitan,screwdriver,cocktails,medium,Noun/Concept Synonyms,167
yo-yo,doll,top,blocks,classic toys,easy,Descriptor/Adjective Synonyms,168
associate,fellow,peer,partner,colleague,medium,Noun/Concept Synonyms,168
lose,blow,miss,waste,"fail to take advantage of, as an opportunity",very_hard,Idioms & Slang,168
ring,syndicate,crew,family,crime organization,hard,Noun/Concept Synonyms,168
gather,reap,harvest,pick,"collect, as from an orchard",medium,Idioms & Slang,169
dada,sisi,brow,moma,family member nickname plus a letter,very_hard,Word Structure/Play,169
mop,broom,rag,sponge,cleaning supplies,easy,Action/Verb Synonyms,169
ice,sugar,die,bouillon,cube-shaped,hard,Noun/Concept Synonyms,169
if,harlem,daddy,howl,famous poems,very_hard,Trivia/Pop Culture,170
round,flank,shank,loin,cuts of beef,hard,Noun/Concept Synonyms,170
pink,violet,brown,turquoise,colors,medium,Noun/Concept Synonyms,170
flop,bust,dud,miss,clunker,easy,Noun/Concept Synonyms,170
bubbles,king kong,george,koko,famous primates,very_hard,Trivia/Pop Culture,171
lid,stirrer,straw,cup,coffee counter items,easy,Members of a Set/Entities,171
roll,scroll,bolt,reel,cylinder of material,hard,Noun/Concept Synonyms,171
blend,stir,fold,beat,"combine, as baking ingredients",medium,Noun/Concept Synonyms,171
cappuccino,latte,americano,espresso,coffee drinks,easy,Noun/Concept Synonyms,172
cabbage patch,floss,moonwalk,robot,dance moves,hard,Noun/Concept Synonyms,172
land,perch,settle,roost,come down to rest,medium,Noun/Concept Synonyms,172
bridge troll,riddler,mad hatter,sphinx,famous riddle-givers,very_hard,Trivia/Pop Culture,172
floss,vogue,worm,robot,dance moves,hard,Noun/Concept Synonyms,173
free,that,pants,feast,fancy ___,very_hard,Fill-in-the-Blank,173
routine,joke,bit,sketch,comedian’s output,medium,Noun/Concept Synonyms,173
pastel,grayscale,neutral,neon,color types,easy,Noun/Concept Synonyms,173
market,almanac,insurance,tan,farmers’ things,very_hard,Members of a Set/Entities,174
titanic,great,giant,mammoth,colossal,easy,Noun/Concept Synonyms,174
dice,cards,board,pieces,common components of board games,medium,Idioms & Slang,174
smart,sharp,tidy,neat,dapper,hard,Noun/Concept Synonyms,174
loafer,croc,slipper,moccasin,comfy shoes,easy,Noun/Concept Synonyms,175
ambergris,musk,vanilla,rose,common perfume ingredients,medium,Noun/Concept Synonyms,175
rout,romp,blowout,sweep,decisive victory,hard,Descriptor/Adjective Synonyms,175
mermaid,king,colonel,clown,fast food mascots,very_hard,Descriptor/Adjective Synonyms,175
snap,ouch,burn,zing,comment after an insult,easy,Noun/Concept Synonyms,176
samosa,katsu,falafel,schnitzel,deep-fried food,hard,Noun/Concept Synonyms,176
food,forward,fashion,friends,fast ___,very_hard,Fill-in-the-Blank,176
house,concern,outfit,firm,company,medium,Descriptor/Adjective Synonyms,176
equity,shares,stocks,options,company ownership offers,medium,Noun/Concept Synonyms,177
trash,rout,shellac,crush,defeat badly,hard,Descriptor/Adjective Synonyms,177
company,firm,enterprise,agency,commercial organization,easy,Noun/Concept Synonyms,177
cat,tuesday,chance,lip,fat ___,very_hard,Fill-in-the-Blank,177
degree,axe,old spice,secret,deodorants,hard,Noun/Concept Synonyms,178
write,author,compose,pen,commit to paper,easy,Noun/Concept Synonyms,178
shoot,ride,fence,swim,compete in a modern pentathlon,medium,Idioms & Slang,178
door,car,goat,host,featured in the monty hall problem,very_hard,Idioms & Slang,178
lay,place,put,set,"deposit, with “down”",hard,Noun/Concept Synonyms,179
elaborate,complex,involved,baroque,complicated,medium,Noun/Concept Synonyms,179
bellyache,crab,carp,grumble,complain,easy,Noun/Concept Synonyms,179
eloise,plaza,pug,turtle,featured in “eloise”,very_hard,Noun/Concept Synonyms,179
bow,wings,diaper,arrow,features of a cartoon cupid,very_hard,Idioms & Slang,180
martini,desert,humor,teetotaler,described as dry,hard,Noun/Concept Synonyms,180
clue,detective,alibi,suspect,components of a mystery,medium,Descriptor/Adjective Synonyms,180
lap,revolution,orbit,circuit,complete turn,easy,Noun/Concept Synonyms,180
cheese,sauce,crust,toppings,components of a pizza,medium,Noun/Concept Synonyms,181
robe,blindfold,scales,sword,features of justice personified,very_hard,Noun/Concept Synonyms,181
drew,holmes,hardy,brown,detectives of kid-lit,hard,Noun/Concept Synonyms,181
protein,dressing,cheese,lettuce,components of a salad,easy,Noun/Concept Synonyms,181
block,cover,hide,obscure,conceal,medium,Noun/Concept Synonyms,182
all,era,tide,gain,detergents,hard,Noun/Concept Synonyms,182
masks,foils,jackets,gloves,fencing gear,very_hard,Action/Verb Synonyms,182
attendance,papers,final,homework,components of one’s grade,easy,Noun/Concept Synonyms,182
cross,hybrid,blend,compound,composite,easy,Noun/Concept Synonyms,183
robot,big,toad,peanut,fictional misters,very_hard,Noun/Concept Synonyms,183
carat,clarity,cut,color,diamond qualities,hard,Noun/Concept Synonyms,183
mayo,tartar,relish,ketchup,condiments,medium,Noun/Concept Synonyms,183
porky,napoleon,piglet,babe,fictional pigs,very_hard,Noun/Concept Synonyms,184
might,could,can,may,conditional words,medium,Noun/Concept Synonyms,184
speaker,monitor,mouse,keyboard,computer equipment,easy,Members of a Set/Entities,184
pip,bucket,scrooge,twist,dickens characters,hard,Trivia/Pop Culture,184
mouse,microphone,scanner,tablet,computer input devices,easy,Noun/Concept Synonyms,185
sparrow,jones,silver,hook,fictional pirates,very_hard,Noun/Concept Synonyms,185
lock,wisp,strand,head,different amounts of hair,hard,Noun/Concept Synonyms,185
good,fine,mint,fair,conditions for collectibles,medium,Noun/Concept Synonyms,185
couple,unite,wed,tie,connect,medium,Noun/Concept Synonyms,186
fawn,elephant,mouse,marionette,figures in classic disney animated films,very_hard,Trivia/Pop Culture,186
sting,racket,scheme,hustle,con game,easy,Noun/Concept Synonyms,186
dale,daisy,dory,doc,disney characters,hard,Trivia/Pop Culture,186
scrooge,daisy,dewey,donald,disney ducks,hard,Trivia/Pop Culture,187
ding,divot,dent,dimple,concavity,easy,Descriptor/Adjective Synonyms,187
speech,assembly,press,petition,first amendment freedoms,very_hard,Noun/Concept Synonyms,187
knob,button,slider,switch,console inputs,medium,Noun/Concept Synonyms,187
block,hide,mask,cover,conceal,easy,Noun/Concept Synonyms,188
laurel,fry,abbott,key,first in a comedy duo,very_hard,Idioms & Slang,188
gemini,orion,cygnus,pegasus,constellations,medium,Noun/Concept Synonyms,188
tomorrow,frontier,fantasy,adventure,disneyland lands,hard,Trivia/Pop Culture,188
cab,duke,count,dizzy,first names in jazz,very_hard,Members of a Set/Entities,189
makeup,structure,composition,fabric,constitution,medium,Noun/Concept Synonyms,189
dive,dump,hole,joint,disreputable establishment,hard,Descriptor/Adjective Synonyms,189
cocktail,mixture,compound,solution,concoction,easy,Noun/Concept Synonyms,189
number,address,email,name,contact info,medium,Noun/Concept Synonyms,190
yogi,lou,babe,mickey,first names of yankees legends,very_hard,Members of a Set/Entities,190
memory,trunk,ear,tusk,distinctive features of an elephant,hard,Idioms & Slang,190
drain,sewer,pipe,duct,conduits for water removal,easy,Noun/Concept Synonyms,190
casino,tomorrow,quantum,diamonds,first word in bond movie titles,very_hard,Idioms & Slang,191
song,number,air,strain,ditty,hard,Descriptor/Adjective Synonyms,191
followers,sheep,puppets,lemmings,conformists,easy,Noun/Concept Synonyms,191
consecutive,straight,nonstop,solid,continuous,medium,Descriptor/Adjective Synonyms,191
slay,rock,eat,rule,do exceptionally well,hard,Action/Verb Synonyms,192
join,link,join,couple,connect,easy,Noun/Concept Synonyms,192
crock,casserole,pan,pot,cooking vessels,medium,Action/Verb Synonyms,192
stairway,baba,hotel,bohemian,first words in '70s rock song titles,very_hard,Trivia/Pop Culture,192
notorious,foxy,gucci,killer,first words in rappers’ names,very_hard,Members of a Set/Entities,193
skillet,wok,pot,crock,cookwear,medium,Noun/Concept Synonyms,193
pit,golden,bully,lab,"dog breeds, informally",hard,Idioms & Slang,193
link,unite,tie,bridge,connect,easy,Noun/Concept Synonyms,193
fly,fresh,rad,ill,"cool, in ’80s slang",medium,Noun/Concept Synonyms,194
nova,northwest,british,prince,first words of canadian provinces/territories,very_hard,Idioms & Slang,194
keep,save,preserve,store,conserve,easy,Noun/Concept Synonyms,194
lab,pit,chow,golden,"dog breeds, informally",hard,Idioms & Slang,194
boardwalk,curb,silicon,game,first words of hbo shows,very_hard,Trivia/Pop Culture,195
pom,boston,lab,peke,"dog breeds, informally",hard,Idioms & Slang,195
took in,ate,put away,had,consumed,easy,Noun/Concept Synonyms,195
bad,fly,rad,bad,"cool, in ’80s slang",medium,Noun/Concept Synonyms,195
down,sit,stay,come,dog commands,hard,Noun/Concept Synonyms,196
buzz,dial,ring,call,contact via phone,easy,Noun/Concept Synonyms,196
papyrus,courier,impact,times,fonts,very_hard,Noun/Concept Synonyms,196
ok,hunky-dory,fine,swell,copacetic,medium,Descriptor/Adjective Synonyms,196
crook,angle,elbow,bend,corners,medium,Noun/Concept Synonyms,197
ring,dial,phone,call,contact via telephone,easy,Noun/Concept Synonyms,197
blue,toto,astro,hooch,dogs of the screen,hard,Noun/Concept Synonyms,197
processor,fight,chain,pyramid,food ___,very_hard,Fill-in-the-Blank,197
sneak,slip,wade,loaf,footwear minus “er” sound,very_hard,Noun/Concept Synonyms,198
sap,clown,dweeb,turkey,doofus,hard,Noun/Concept Synonyms,198
suit,complement,match,fit,correspond well with,medium,Noun/Concept Synonyms,198
house,store,keep,hold,contain,easy,Noun/Concept Synonyms,198
locker,ball,hills,print,foot___,very_hard,Fill-in-the-Blank,199
cork,cap,tab,lid,container closures,easy,Noun/Concept Synonyms,199
referee,prisoner,mime,sailor,costumes with striped shirts,medium,Noun/Concept Synonyms,199
minus,ding,strike,con,drawback,hard,Noun/Concept Synonyms,199
cube,powder,syrup,grain,forms of sugar,very_hard,Noun/Concept Synonyms,200
bogus,sham,fake,phony,counterfeit,medium,Noun/Concept Synonyms,200
sword,cherry,umbrella,olive,drink garnishes,hard,Noun/Concept Synonyms,200
chest,basket,hamper,bin,containers,easy,Noun/Concept Synonyms,200
muse,ponder,reflect,brood,contemplate,easy,Noun/Concept Synonyms,201
signal,turn,brake,park,driving instructor directives,hard,Action/Verb Synonyms,201
jordan,togo,georgia,chad,countries,medium,Members of a Set/Entities,201
hound,hole,trot,glove,fox___,very_hard,Fill-in-the-Blank,201
pain,adieu,temps,belle,french words,very_hard,Noun/Concept Synonyms,202
evil,pepper,dre,seuss,drs,hard,Noun/Concept Synonyms,202
warped,bent,twisted,gnarly,contorted,easy,Noun/Concept Synonyms,202
action,suit,claim,case,court filing,medium,Noun/Concept Synonyms,202
accessible,close,handy,nearby,conveniently located,easy,Noun/Concept Synonyms,203
cap,top,lid,cover,coverings,medium,Noun/Concept Synonyms,203
kiss,bulldog,fry,horn,french ___,very_hard,Fill-in-the-Blank,203
kick,snare,tom,cymbal,drum set components,hard,Noun/Concept Synonyms,203
sour,cross,sore,prickly,crabby,medium,Descriptor/Adjective Synonyms,204
curl,press,row,fly,dumbbell exercises,hard,Noun/Concept Synonyms,204
grill,char,brown,sear,cook in a pan,easy,Noun/Concept Synonyms,204
ring,stick,wing,tender,"fried appetizer, informally",very_hard,Idioms & Slang,204
tulip,clog,windmill,canal,dutch symbols,hard,Members of a Set/Entities,205
pair,lyme,bury,mellon,fruit homophones,very_hard,Word Structure/Play,205
shoehorn,sandwich,wedge,squeeze,cram,medium,Noun/Concept Synonyms,205
boil,blanch,steam,poach,cook with heat and water,easy,Idioms & Slang,205
squeeze,stuff,jam,pack,cram into a tight space,medium,Idioms & Slang,206
anvil,hammer,stirrup,cochlea,ear parts,hard,Noun/Concept Synonyms,206
batter,paste,dough,mixture,cooking concoctions,easy,Action/Verb Synonyms,206
plumb,pair,leachy,current,fruit homophones,very_hard,Word Structure/Play,206
rook,lobe,helix,conch,ear piercing sites,hard,Noun/Concept Synonyms,207
crimp,tease,feather,curl,create some volume/texture in hair,medium,Idioms & Slang,207
dote,lumon,poach,ample,fruits with their second letters changed,very_hard,Word Structure/Play,207
heart,substance,essence,crux,core,easy,Noun/Concept Synonyms,207
produce,bear,yield,generate,"create, as results",medium,Noun/Concept Synonyms,208
oeuvre,body,works,canon,corpus,easy,Noun/Concept Synonyms,208
house,circle,monty,moon,full ___,very_hard,Fill-in-the-Blank,208
bolt,gobble,scarf,down,eat voraciously,hard,Descriptor/Adjective Synonyms,208
pope,bishop,prior,pastor,ecclesiastical titles,hard,Noun/Concept Synonyms,209
interaction,exchange,contact,dealings,correspondence,easy,Noun/Concept Synonyms,209
number,expiration,name,zip,credit card info,medium,Noun/Concept Synonyms,209
business,girl,pages,bone,funny ___,very_hard,Fill-in-the-Blank,209
skewer,blast,flame,slam,criticize,medium,Noun/Concept Synonyms,210
low,dirty,vile,base,corrupt,easy,Noun/Concept Synonyms,210
tag,bingo,uno,marco polo,games where you say the game’s name,very_hard,Idioms & Slang,210
canyon,tunnel,zoom call,hallway,echoey places,hard,Noun/Concept Synonyms,210
akeem,foley,donkey,dolittle,eddie murphy roles,hard,Noun/Concept Synonyms,211
dirt,secrets,intelligence,information,gathered by spies,very_hard,Noun/Concept Synonyms,211
figure,amount,value,price,cost,easy,Noun/Concept Synonyms,211
bash,slam,knock,pan,criticize,medium,Noun/Concept Synonyms,211
radiant,baguette,princess,emerald,gemstone cuts,very_hard,Noun/Concept Synonyms,212
pox,jinx,hex,spell,curse,medium,Noun/Concept Synonyms,212
crook,scarab,eye,ankh,egyptian symbols,hard,Members of a Set/Entities,212
smear,plaster,cake,coat,cover with a thick layer,easy,Idioms & Slang,212
chop,dice,mince,cube,cut into pieces,medium,Members of a Set/Entities,213
volumetric,angular,areal,linear,geometry adjectives,very_hard,Noun/Concept Synonyms,213
pack,jam,stuff,ram,cram,easy,Noun/Concept Synonyms,213
microwave,radio,visible,x-ray,electromagnetic spectrum,hard,Descriptor/Adjective Synonyms,213
pit,cavity,hollow,hole,crater,easy,Noun/Concept Synonyms,214
trance,ambient,jungle,house,electronic dance music genres,hard,Members of a Set/Entities,214
figure,rogue,figure,commando,go ___,very_hard,Fill-in-the-Blank,214
loin,chuck,round,flank,cuts of beef,medium,Noun/Concept Synonyms,214
hubris,hero,chorus,tragedy,elements of greek drama,hard,Noun/Concept Synonyms,215
fish,steady,bananas,bananas,go ___,very_hard,Fill-in-the-Blank,215
gnome,troll,ogre,goblin,creatures in folklore,easy,Members of a Set/Entities,215
shoulder,belly,chop,hock,cuts of pork,medium,Noun/Concept Synonyms,215
macarena,mashed potato,dougie,twist,dance fads,medium,Noun/Concept Synonyms,216
badge,ticket,pass,invite,credentials for entry,easy,Descriptor/Adjective Synonyms,216
affect,move,touch,impact,emotionally sway,hard,Descriptor/Adjective Synonyms,216
mine,rush,bond,leaf,gold ___,very_hard,Fill-in-the-Blank,216
trash,knock,slam,blast,criticize,easy,Noun/Concept Synonyms,217
hustle,swing,tango,salsa,dances,medium,Noun/Concept Synonyms,217
parachute,girls,fleece,rule,golden ___,very_hard,Fill-in-the-Blank,217
hedwig and the angry inch,my left foot,the longest yard,the green mile,ending in units of measurement,hard,Idioms & Slang,217
block,match,message,swipe,dating app actions,medium,Action/Verb Synonyms,218
marigold,evergreen,infrared,quicksilver,ending with colors,hard,Action/Verb Synonyms,218
white,dane,lake,seal,great ___,very_hard,Fill-in-the-Blank,218
roast,knock,pan,slam,criticize,easy,Noun/Concept Synonyms,218
flame,blast,roast,bash,criticize harshly,easy,Descriptor/Adjective Synonyms,219
hercule,aja,her,are,greek mythological figures minus a letter,very_hard,Word Structure/Play,219
battery,charge,power,juice,energy for an electronic device,hard,Idioms & Slang,219
match,tinder,bumble,hinge,dating apps,medium,Action/Verb Synonyms,219
pepper,cucumber,corn,tomato,crops,easy,Noun/Concept Synonyms,220
compound,development,block,complex,group of buildings,very_hard,Noun/Concept Synonyms,220
wrestling,bowling,acupuncturing,sewing,engaging in an activity with pins or needles,hard,Idioms & Slang,220
lust,pride,envy,greed,deadly sins,medium,Noun/Concept Synonyms,220
lock,guarantee,cinch,ice,"ensure, as a victory",hard,Descriptor/Adjective Synonyms,221
bridge,neck,fret,body,guitar parts,very_hard,Noun/Concept Synonyms,221
crumple,ball,wad,scrunch,crush into a compact shape,easy,Idioms & Slang,221
address,field,answer,handle,deal with,medium,Noun/Concept Synonyms,221
bluff,front,act,charade,deceit,medium,Noun/Concept Synonyms,222
digit,piggy,mitt,dog,hand- and foot-related slang,very_hard,Noun/Concept Synonyms,222
buff,lover,fan,nut,enthusiast,hard,Noun/Concept Synonyms,222
draw close,nuzzle,spoon,hold tight,cuddle,easy,Noun/Concept Synonyms,222
crank,grump,crab,grouch,curmudgeon,easy,Noun/Concept Synonyms,223
drop,fall,sink,dip,decline,medium,Noun/Concept Synonyms,223
kiss,countdown,ball,fireworks,happy new year!,very_hard,Idioms & Slang,223
fair,even,just,equal,equitable,hard,Descriptor/Adjective Synonyms,223
waver,hedge,yo-yo,see-saw,equivocate,hard,Noun/Concept Synonyms,224
condition,state,form,shape,current situation,easy,Noun/Concept Synonyms,224
returns,days,medium,meal,happy ___,very_hard,Fill-in-the-Blank,224
ebb,drop,decline,dwindle,decrease,medium,Noun/Concept Synonyms,224
period,age,time,day,era,hard,Noun/Concept Synonyms,225
hour,camper,trails,ending,happy ___,very_hard,Fill-in-the-Blank,225
profanity,swearing,four-letter words,expletives,curses,easy,Noun/Concept Synonyms,225
judge,consider,regard,count,deem,medium,Noun/Concept Synonyms,225
check,vet,review,screen,"examine, as an applicant",hard,Noun/Concept Synonyms,226
candy,copy,knocks,seltzer,hard ___,very_hard,Fill-in-the-Blank,226
cream,lick,smoke,paste,defeat soundly,medium,Descriptor/Adjective Synonyms,226
modern,tap,jazz,swing,dance styles,easy,Noun/Concept Synonyms,226
symbol,expression,token,gesture,"demonstration, as of appreciation",medium,Noun/Concept Synonyms,227
dear,boo,love,baby,darling,easy,Action/Verb Synonyms,227
state,lettuce,steam,hair,head of ___,very_hard,Fill-in-the-Blank,227
air,state,voice,speak,express,hard,Noun/Concept Synonyms,227
crown,cavity,filling,plaque,dental terms,medium,Noun/Concept Synonyms,228
dna,spring,corkscrew,fusilli,helical things,very_hard,Members of a Set/Entities,228
range,mode,median,mean,data set data,easy,Noun/Concept Synonyms,228
imply,couch,suggest,intimate,express indirectly,hard,Descriptor/Adjective Synonyms,228
thursday,sunday,saturday,friday,days of the week,easy,Noun/Concept Synonyms,229
poppy,mum,grammy,dada,familial nicknames,hard,Members of a Set/Entities,229
arm,wing,branch,chapter,department,medium,Noun/Concept Synonyms,229
roof,jackpot,road,hay,hit the ___,very_hard,Fill-in-the-Blank,229
new,wee,nu,u,homophones,very_hard,Word Structure/Play,230
right,just,fair,due,deserved,medium,Noun/Concept Synonyms,230
field,handle,tackle,manage,deal with,easy,Noun/Concept Synonyms,230
page,king,berry,waters,famous guitarists,hard,Trivia/Pop Culture,230
lorde,bishop,pope,burns,famous poets,hard,Trivia/Pop Culture,231
particular,elaborate,thorough,minute,detailed,medium,Noun/Concept Synonyms,231
dupe,con,trick,fool,deceive,easy,Descriptor/Adjective Synonyms,231
yew,wii,knew,oui,homophones,very_hard,Word Structure/Play,231
peek,gnu,peak,ewe,homophones,very_hard,Word Structure/Play,232
punch,triumph,lamb chop,oscar,famous puppets,hard,Trivia/Pop Culture,232
concoct,engineer,hatch,mastermind,devise,medium,Noun/Concept Synonyms,232
dip,ebb,fade,sink,decline,easy,Noun/Concept Synonyms,232
opposite,counter,reverse,polar,diametric,medium,Descriptor/Adjective Synonyms,233
fall,drop,wane,flag,decline,easy,Noun/Concept Synonyms,233
outback,subway,checkers,sonic,fast food chains,hard,Descriptor/Adjective Synonyms,233
pique,we,you,peke,homophones,very_hard,Word Structure/Play,233
alarm,date,light,stopwatch,digital watch features,medium,Noun/Concept Synonyms,234
frill,fringe,trim,border,decorative edge,easy,Descriptor/Adjective Synonyms,234
cascade,wave,current,rapid,fast-moving water,hard,Action/Verb Synonyms,234
straight,see,creak,bae,homophones of bodies of water,very_hard,Word Structure/Play,234
giant,jack,cow,beans,featured in “jack and the beanstalk”,hard,Idioms & Slang,235
scrap,end,dissolve,sunset,discontinue,medium,Noun/Concept Synonyms,235
delay,shelve,table,postpone,defer,easy,Noun/Concept Synonyms,235
naval,i,hare,mussel,homophones of body features,very_hard,Word Structure/Play,235
sew,fore,butt,oar,homophones of coordinating conjunctions,very_hard,Word Structure/Play,236
goofy,daisy,lady,happy,disney characters,medium,Trivia/Pop Culture,236
amber,dinosaur,mosquito,paleontologist,featured in “jurassic park”,hard,Descriptor/Adjective Synonyms,236
sorry,blue,hangdog,down,dejected,easy,Noun/Concept Synonyms,236
roll,hero,wrap,bun,deli bread options,easy,Noun/Concept Synonyms,237
quarts,choral,opel,purl,homophones of gemstones,very_hard,Word Structure/Play,237
ariel,aurora,merida,tiana,disney princesses,medium,Trivia/Pop Culture,237
queen,bashful,mirror,apple,featured in “snow white”,hard,Noun/Concept Synonyms,237
blubber,fluke,melon,flipper,features of a toothed whale,hard,Idioms & Slang,238
reflection,thought,scrutiny,consideration,deliberation,easy,Noun/Concept Synonyms,238
eave,able,noaa,cane,homophones of genesis figures,very_hard,Word Structure/Play,238
tiff,clash,tangle,scrap,dispute,medium,Noun/Concept Synonyms,238
forget,discount,ignore,overlook,disregard,medium,Noun/Concept Synonyms,239
capitol,pool,obelisk,mall,features of the national mall in d.c.,hard,Idioms & Slang,239
wrap,indy,mettle,seoul,homophones of music genres,very_hard,Word Structure/Play,239
light,mild,faint,soft,delicate,easy,Noun/Concept Synonyms,239
fork,branch,part,split,divide,medium,Noun/Concept Synonyms,240
send,mail,post,ship,"deliver, as a package",easy,Noun/Concept Synonyms,240
rummage,fish,fumble,root,feel around (for),hard,Action/Verb Synonyms,240
greece,katz,hare,maim,homophones of musicals,very_hard,Word Structure/Play,240
filling,veneer,crown,bridge,dental additions,easy,Noun/Concept Synonyms,241
shave,shower,dress,brush,do some grooming,medium,Action/Verb Synonyms,241
bawl,soul,tow,heal,homophones of parts of the foot,very_hard,Word Structure/Play,241
jenny,queen,nanny,vixen,female animals,hard,Members of a Set/Entities,241
doe,lute,bred,cache,homophones of slang for money,very_hard,Word Structure/Play,242
glove,jacket,mask,foil,fencing equipment,hard,Members of a Set/Entities,242
book,split,run,bounce,depart quickly,easy,Descriptor/Adjective Synonyms,242
water,prune,plant,weed,do some tasks in the garden,medium,Idioms & Slang,242
stray,fall,sin,err,do wrong,medium,Action/Verb Synonyms,243
drain,sap,empty,exhaust,deplete,easy,Noun/Concept Synonyms,243
pedal,trayed,hock,cell,"homophones of synonyms for ""vend""",very_hard,Word Structure/Play,243
ronald,joker,homey,pennywise,fictional clowns,hard,Noun/Concept Synonyms,243
luffy,silver,sparrow,hook,fictional pirates,hard,Noun/Concept Synonyms,244
fowl,vial,offal,mien,homophones of synonyms for “despicable”,very_hard,Word Structure/Play,244
record,tape,film,shoot,document with video,medium,Noun/Concept Synonyms,244
tail,seat,backside,caboose,derriere,easy,Noun/Concept Synonyms,244
powers,hunt,archer,smart,fictional spies,hard,Noun/Concept Synonyms,245
drive,itch,impulse,urge,desire,easy,Noun/Concept Synonyms,245
steel,knick,rabe,lute,homophones of synonyms for “nab”,very_hard,Word Structure/Play,245
heel,down,shake,come,dog commands,medium,Noun/Concept Synonyms,245
abstain,cease,avoid,refrain,desist,easy,Noun/Concept Synonyms,246
sit,heel,speak,stay,dog commands,medium,Noun/Concept Synonyms,246
bond,ryan,peel,hunt,fictional spies,hard,Noun/Concept Synonyms,246
om,jewel,carrot,hurts,homophones of units of measure,very_hard,Word Structure/Play,246
atlas,echo,paris,nike,figures in greek myth,hard,Trivia/Pop Culture,247
radish,play,power,shoe,horse___,very_hard,Fill-in-the-Blank,247
yo-yo,dope,dodo,bozo,doofus,medium,Noun/Concept Synonyms,247
mousse,cobbler,tiramisu,pie,desserts,easy,Noun/Concept Synonyms,247
pan,helen,atlas,hermes,figures in greek myth,hard,Trivia/Pop Culture,248
ringer,twin,clone,double,doppelgänger,medium,Noun/Concept Synonyms,248
flan,cake,tart,cheesecake,desserts,easy,Noun/Concept Synonyms,248
fly,shoe,feathers,power,horse___,very_hard,Fill-in-the-Blank,248
donkey,dragon,ogre,princess,figures in “shrek”,hard,Trivia/Pop Culture,249
brainstorm,workshop,spitball,ideate,"develop, as ideas",easy,Noun/Concept Synonyms,249
jet,heater,pump,filter,hot tub components,very_hard,Descriptor/Adjective Synonyms,249
rod,bracket,curtain,hook,drapery hanging items,medium,Members of a Set/Entities,249
put on,wear,sport,don,dress in,medium,Noun/Concept Synonyms,250
potato,water bottle,rod,dog,hot ___,very_hard,Fill-in-the-Blank,250
ding,chime,ping,ring,digital notification sounds,easy,Noun/Concept Synonyms,250
mid,tiff,zip,doc,file extensions,hard,Noun/Concept Synonyms,250
stuff,jam,cram,pack,fill to excess,hard,Noun/Concept Synonyms,251
ranch,marinara,aioli,barbecue,dipping sauces,easy,Action/Verb Synonyms,251
cottage,ranch,prairie,craftsman,house styles,very_hard,Noun/Concept Synonyms,251
stretch,period,spell,time,duration,medium,Noun/Concept Synonyms,251
you,lucy,rock 'n roll,new york,i love ___,very_hard,Fill-in-the-Blank,252
makeup,props,wardrobe,hair,film departments,hard,Noun/Concept Synonyms,252
promotion,sale,deal,special,discount,easy,Noun/Concept Synonyms,252
make,net,yield,gross,earn,medium,Noun/Concept Synonyms,252
dolly,lens,tripod,boom,filmmaking equipment,hard,Members of a Set/Entities,253
gorge,scarf,gulp,wolf,eat voraciously,medium,Descriptor/Adjective Synonyms,253
mess,pigpen,dump,sty,disorderly place,easy,Noun/Concept Synonyms,253
cube,cream,machine,storm,ice ___,very_hard,Fill-in-the-Blank,253
prior,pastor,cardinal,bishop,ecclesiastical titles,medium,Noun/Concept Synonyms,254
speech bubble,music notes,envelope,compass,icons on an iphone,very_hard,Noun/Concept Synonyms,254
apr,ira,cfo,sec,financial abbreviations,hard,Noun/Concept Synonyms,254
array,matrix,grid,table,display of rows and columns,easy,Idioms & Slang,254
tattoo,scar,piercing,mole,distinguishing characteristics,easy,Action/Verb Synonyms,255
undo,copy,paste,cut,edit menu commands,medium,Noun/Concept Synonyms,255
capital,equity,interest,stock,financial terms,hard,Noun/Concept Synonyms,255
bowler,apple,cloud,pipe,imagery in magritte paintings,very_hard,Noun/Concept Synonyms,255
lather,froth,foam,head,fine bubbles,hard,Noun/Concept Synonyms,256
mime,mirror,ape,parrot,imitate,very_hard,Noun/Concept Synonyms,256
arm,chapter,branch,wing,division,easy,Noun/Concept Synonyms,256
ribbon,arrow,heart,mom,elements of a classic “mom” tattoo,medium,Idioms & Slang,256
salt,acid,fat,heat,"elements of cooking,  per samin nosrat",medium,Idioms & Slang,257
uniform,echo,kilo,victor,in the nato alphabet,very_hard,Noun/Concept Synonyms,257
dressing,tape,bandage,scissors,first aid kit items,hard,Members of a Set/Entities,257
blab,dish,tell,spill,divulge,easy,Noun/Concept Synonyms,257
might,wish,may,tonight,"in “star light, star bright”",very_hard,Idioms & Slang,258
dish,talk,spill,tell,"divulge, as private information",easy,Noun/Concept Synonyms,258
char,pike,sole,tetra,fish,hard,Descriptor/Adjective Synonyms,258
sentence,word,phrase,letter,elements of writing,medium,Noun/Concept Synonyms,258
forward,compose,send,reply all,email actions,medium,Noun/Concept Synonyms,259
bell,diesel,singer,watt,industrial revolution inventors,very_hard,Noun/Concept Synonyms,259
push,pitch,promote,plug,do some marketing for,easy,Action/Verb Synonyms,259
fluke,skate,bass,pike,fish,hard,Descriptor/Adjective Synonyms,259
beatle,flee,nat,aunt,insect homophones,very_hard,Word Structure/Play,260
tang,perch,fluke,skate,fish,hard,Descriptor/Adjective Synonyms,260
trash,sent,spam,drafts,email folders,medium,Noun/Concept Synonyms,260
sleep,fresh air,exercise,diet,doctors’ orders,easy,Noun/Concept Synonyms,260
deed,receipt,certificate,title,documents of ownership,easy,Noun/Concept Synonyms,261
regards,best,thanks,cheers,email sign-offs,medium,Noun/Concept Synonyms,261
smelt,carp,flounder,catfish,fish that are verbs,hard,Descriptor/Adjective Synonyms,261
ant,beetle,termite,mantis,insects,very_hard,Noun/Concept Synonyms,261
wedge,lodge,stick,plant,embed,medium,Noun/Concept Synonyms,262
poodle,dalmatian,boxer,husky,dog breeds,easy,Noun/Concept Synonyms,262
racks,bag,tiles,board,inside a scrabble box,very_hard,Noun/Concept Synonyms,262
tackle,lure,reel,rod,fishing gear,hard,Action/Verb Synonyms,262
fly,chum,sinker,bait,fishing terms,hard,Action/Verb Synonyms,263
skinny,dirt,scoop,dish,inside info,very_hard,Noun/Concept Synonyms,263
character,persona,figure,avatar,embodiment,medium,Noun/Concept Synonyms,263
come,heel,stay,down,dog commands,easy,Noun/Concept Synonyms,263
beam,radiate,glow,shine,emit light,medium,Noun/Concept Synonyms,264
tasting,platter,flight,sampler,flavor assortment,hard,Noun/Concept Synonyms,264
bark,whine,howl,growl,dog sounds,easy,Noun/Concept Synonyms,264
symbol,liar,loot,base,instrument homophones,very_hard,Word Structure/Play,264
low,short,wanting,shy,insufficient,very_hard,Noun/Concept Synonyms,265
wrap,shawl,scarf,stole,draped accessories,easy,Noun/Concept Synonyms,265
kiwi,ostrich,penguin,emu,flightless birds,hard,Descriptor/Adjective Synonyms,265
not quite,almost,close,warm,encouraging responses in a guessing game,medium,Idioms & Slang,265
domino,marble,jack,stick,items in classic kids’ games,very_hard,Members of a Set/Entities,266
hobgoblin,bogeyman,phantom,bugbear,dread-inducing figures,easy,Trivia/Pop Culture,266
chicken little,tom thumb,thumbelina,jack,folktale characters,hard,Trivia/Pop Culture,266
ragout,rapport,parfait,bouquet,ending in a silent “t”,medium,Idioms & Slang,266
typewriter,gothic,roman,sans,font-modifying words,hard,Action/Verb Synonyms,267
pot,rabbit,ass,knife,jack ___,very_hard,Fill-in-the-Blank,267
conceive,picture,imagine,envision,dream up,easy,Noun/Concept Synonyms,267
rapport,debut,tarot,ballet,ending with silent “t”,medium,Action/Verb Synonyms,267
verdana,impact,arial,georgia,fonts,hard,Noun/Concept Synonyms,268
stein,tumbler,snifter,goblet,drink vessels,easy,Noun/Concept Synonyms,268
monk,parker,holiday,hancock,jazz legends,very_hard,Noun/Concept Synonyms,268
spirit,vigor,juice,steam,energy,medium,Descriptor/Adjective Synonyms,268
pendant,brooch,bangle,anklet,jewelry,very_hard,Descriptor/Adjective Synonyms,269
coffee,mate,cocoa,tea,drinks with caffeine,easy,Noun/Concept Synonyms,269
cheesesteak,wings,broil,sprouts,food named after cities,hard,Members of a Set/Entities,269
feed,sup,feast,dine,enjoy a meal,medium,Noun/Concept Synonyms,269
pause,record,play,stop,dvr buttons,easy,Noun/Concept Synonyms,270
legend,candy,major,carpenter,johns,very_hard,Noun/Concept Synonyms,270
bumper,giant,titanic,monster,enormous,medium,Descriptor/Adjective Synonyms,270
melon,noodle,nut,bean,food slang for head,hard,Idioms & Slang,270
bronco,mustang,pinto,fiesta,ford models,hard,Noun/Concept Synonyms,271
launch,institute,found,start,establish,medium,Descriptor/Adjective Synonyms,271
leap,spring,bound,vault,jump into the air,very_hard,Noun/Concept Synonyms,271
sketch,outline,draft,plan,early iteration,easy,Noun/Concept Synonyms,271
top,prime,head,lead,foremost,hard,Noun/Concept Synonyms,272
graze,peck,nibble,snack,eat a little,easy,Noun/Concept Synonyms,272
pioneers,launches,institutes,begins,establishes,medium,Noun/Concept Synonyms,272
recipe,ticket,secret,formula,"key to success, so to speak",very_hard,Idioms & Slang,272
river,flower,nail,oyster,kinds of beds,very_hard,Members of a Set/Entities,273
wind,gas,stinker,toot,euphemisms for flatulence,medium,Noun/Concept Synonyms,273
scarf,scarf,gulp,inhale,eat voraciously,easy,Descriptor/Adjective Synonyms,273
open,direct,frank,straight,forthright,hard,Noun/Concept Synonyms,273
caramel,popcorn,prize,peanuts,found in cracker jacks,hard,Noun/Concept Synonyms,274
baseball,set,magic,tarot,kinds of cards,very_hard,Members of a Set/Entities,274
shake,dodge,shake,duck,evade,medium,Noun/Concept Synonyms,274
wolf,gobble,down,wolf,eat voraciously,easy,Descriptor/Adjective Synonyms,274
lose,skirt,dodge,escape,evade,medium,Noun/Concept Synonyms,275
keel,hatch,bridge,deck,found on a ship,hard,Noun/Concept Synonyms,275
froth,fizz,bubbles,foam,effervescence,easy,Noun/Concept Synonyms,275
sugar,fortune,oatmeal,rainbow,kinds of cookies,very_hard,Members of a Set/Entities,275
rest,staff,note,accidental,found on sheet music,hard,Descriptor/Adjective Synonyms,276
hop,rave,formal,ball,event with dancing,medium,Noun/Concept Synonyms,276
hoop,chandelier,stud,drop,kinds of earrings,very_hard,Members of a Set/Entities,276
smooth,graceful,fluid,natural,effortless,easy,Descriptor/Adjective Synonyms,276
common,routine,regular,standard,everyday,medium,Descriptor/Adjective Synonyms,277
spread,fan,branch,radiate,emanate,easy,Noun/Concept Synonyms,277
pain,pamplemousse,vinaigrette,cornichon,french food words,hard,Noun/Concept Synonyms,277
butter,butcher,butterfly,bowie,kinds of knives,very_hard,Members of a Set/Entities,277
card,clown,cutup,joker,funny person,hard,Noun/Concept Synonyms,278
laundry,short,to-do,bucket,kinds of lists,very_hard,Members of a Set/Entities,278
hammy,dramatic,camp,overdone,"exaggerated, as a performance",medium,Noun/Concept Synonyms,278
seal,stamp,mark,label,emblem,easy,Noun/Concept Synonyms,278
toilet,tissue,crepe,rolling,kinds of soft/lightweight paper,very_hard,Members of a Set/Entities,279
wardrobe,chest,console,vanity,furniture,hard,Noun/Concept Synonyms,279
example,model,symbol,ideal,embodiment,easy,Noun/Concept Synonyms,279
fine,quality,sterling,prime,excellent,medium,Noun/Concept Synonyms,279
bingo,roulette,lottery,war,games of chance,hard,Noun/Concept Synonyms,280
neato,nifty,aces,keen,"excellent, in old slang",medium,Noun/Concept Synonyms,280
clay,carpet,hard,grass,kinds of tennis courts,very_hard,Members of a Set/Entities,280
engage,contract,retain,sign,employ,easy,Descriptor/Adjective Synonyms,280
extract,quote,clip,passage,excerpt,medium,Noun/Concept Synonyms,281
copy,mirror,parrot,echo,emulate,easy,Noun/Concept Synonyms,281
diesel,regular,premium,plus,gas pump options,hard,Noun/Concept Synonyms,281
crescent,socket,monkey,allen,kinds of wrenches,very_hard,Members of a Set/Entities,281
idea,message,point,drift,gist,hard,Noun/Concept Synonyms,282
too,extra,over,beyond,excessively,medium,Descriptor/Adjective Synonyms,282
cake,kong,tut,cobra,king ___,very_hard,Fill-in-the-Blank,282
goad,spur,egg,urge,"encourage, with ""on""",easy,Idioms & Slang,282
dazzle,pomp,flash,ritz,glitziness,hard,Noun/Concept Synonyms,283
x,smooch,smack,peck,kiss,very_hard,Noun/Concept Synonyms,283
effort,work,labor,sweat,exertion,medium,Noun/Concept Synonyms,283
support,back,champion,second,endorse,easy,Noun/Concept Synonyms,283
salt,season,flavor,spice,enhance the taste of,easy,Noun/Concept Synonyms,284
sol,real,dollar,won,global currencies,hard,Noun/Concept Synonyms,284
pace,sweat,fidget,blush,exhibit nervousness,medium,Noun/Concept Synonyms,284
bird,gaga,macbeth,luck,lady ___,very_hard,Fill-in-the-Blank,284
check,tie,finish,bask,language homophones,very_hard,Word Structure/Play,285
kick,buzz,rush,thrill,exhilaration,medium,Noun/Concept Synonyms,285
pound,pound,real,yen,global currencies,hard,Noun/Concept Synonyms,285
appreciate,relish,love,savor,enjoy,easy,Descriptor/Adjective Synonyms,285
dig,fancy,like,fancy,enjoy,easy,Descriptor/Adjective Synonyms,286
yuan,won,pound,sterling,global currencies,hard,Noun/Concept Synonyms,286
street,rainbow,kangaroo,neighborhood,last words in long-running children’s show titles,very_hard,Trivia/Pop Culture,286
pilot,trial,exploratory,preliminary,experimental,medium,Noun/Concept Synonyms,286
outside,face,front,surface,exterior,medium,Noun/Concept Synonyms,287
witchcraft,summertime,autumn leaves,unforgettable,great american songbook songs,hard,Trivia/Pop Culture,287
from,sea,to,shining,last words in “america the beautiful”,very_hard,Idioms & Slang,287
big,giant,great,huge,enormous,easy,Descriptor/Adjective Synonyms,287
giant,mammoth,monster,titanic,enormous,easy,Descriptor/Adjective Synonyms,288
supper,laugh,resort,straw,last ___,very_hard,Fill-in-the-Blank,288
pi,mu,xi,nu,greek letters,hard,Word Structure/Play,288
awful,super,very,quite,extremely,medium,Descriptor/Adjective Synonyms,288
hug,high five,wave,shake,greeting gestures,hard,Action/Verb Synonyms,289
passion,relish,zest,gusto,enthusiasm,easy,Noun/Concept Synonyms,289
mamba,meringue,tangy,simba,latin dances with a vowel changed,very_hard,Word Structure/Play,289
sham,bluff,show,front,facade,medium,Noun/Concept Synonyms,289
pro,ab,sub,sine,latin prepositions,very_hard,Noun/Concept Synonyms,290
miss,skip,cut,ditch,fail to attend,medium,Noun/Concept Synonyms,290
call,appeal,bid,petition,entreaty,easy,Descriptor/Adjective Synonyms,290
produce,frozen,snack,dairy,grocery store aisles,hard,Noun/Concept Synonyms,290
brood,clutch,litter,hatch,group of offspring,hard,Noun/Concept Synonyms,291
bomb,dud,lemon,flop,failure,medium,Noun/Concept Synonyms,291
ferry,mercury,nicks,plant,lead singers of ’70s rock bands,very_hard,Trivia/Pop Culture,291
gate,door,hatch,portal,entryway,easy,Descriptor/Adjective Synonyms,291
outfit,furnish,provision,stock,equip,easy,Noun/Concept Synonyms,292
short,jean,tight,pant,"legwear, in the singular",very_hard,Noun/Concept Synonyms,292
turkeys,flops,busts,misses,failures,medium,Noun/Concept Synonyms,292
side,wing,division,faction,group within a group,hard,Noun/Concept Synonyms,292
queue,sea,why,🫖,letter homophones,very_hard,Word Structure/Play,293
stuff,gear,kit,tackle,equipment,easy,Members of a Set/Entities,293
camp,camp,wing,party,group within a group,hard,Noun/Concept Synonyms,293
buckle,give,collapse,cave,fall in under pressure,medium,Noun/Concept Synonyms,293
cuz,mummy,grammy,pop,familial nicknames,medium,Members of a Set/Entities,294
🐑,are,🐝,👁️,letter homophones,very_hard,Word Structure/Play,294
stunt,exploit,caper,antic,escapade,easy,Noun/Concept Synonyms,294
slide,strum,bend,pick,guitar playing techniques,hard,Noun/Concept Synonyms,294
trident,orbit,extra,ice breakers,gum brands,hard,Members of a Set/Entities,295
bulb,rail,year,beer,light ___,very_hard,Fill-in-the-Blank,295
marx,warner,wright,jonas,famous brothers,medium,Trivia/Pop Culture,295
really,pretty,mighty,very,especially,easy,Descriptor/Adjective Synonyms,295
curl,plank,press,lunge,gym exercises,hard,Noun/Concept Synonyms,296
poland,denmark,greece,portugal,european countries,easy,Members of a Set/Entities,296
exit,applause,walk,recording,light-up signs,very_hard,Members of a Set/Entities,296
mona lisa,joker,cheshire cat,comedy mask,famous smiles,medium,Trivia/Pop Culture,296
rod,strike,bug,bolt,lightning ___,very_hard,Fill-in-the-Blank,297
rings,floor,horse,vault,gymnastics apparatus,hard,Noun/Concept Synonyms,297
rodeo,vine,sunset,mulholland,famous streets in los angeles,medium,Trivia/Pop Culture,297
grade,grade,judge,rate,evaluate,easy,Noun/Concept Synonyms,297
sty,stable,pen,coop,farm fixtures,medium,Noun/Concept Synonyms,298
baby,wayne,jon,kim,lil ___ rappers,very_hard,Fill-in-the-Blank,298
score,rate,review,rank,evaluate,easy,Noun/Concept Synonyms,298
grapefruit,marble,pea,baseball,hail size comparisons,hard,Noun/Concept Synonyms,298
glamour,w,elle,allure,fashion magazines,medium,Noun/Concept Synonyms,299
singular,unique,special,remarkable,exceptional,easy,Noun/Concept Synonyms,299
liter,fifth,pint,handle,liquor bottle sizes,very_hard,Noun/Concept Synonyms,299
dryer,chair,mirror,sink,hair salon fixtures,hard,Noun/Concept Synonyms,299
bridge,crunch,dip,squat,exercises,easy,Noun/Concept Synonyms,300
legend,proof,large,room,living ___,very_hard,Fill-in-the-Blank,300
hip,in,hot,chic,fashionable,medium,Descriptor/Adjective Synonyms,300
shag,bob,crop,fade,hairstyles,hard,Noun/Concept Synonyms,300
staunch,stem,check,curb,halt,hard,Noun/Concept Synonyms,301
snap,clip,hook,buckle,fasteners,medium,Noun/Concept Synonyms,301
went,departed,left,split,exited,easy,Noun/Concept Synonyms,301
coach,mustang,godiva,polo,logos with horses,very_hard,Noun/Concept Synonyms,301
bow,legs,horn,fellow,long___,very_hard,Fill-in-the-Blank,302
succession,entourage,insecure,euphoria,hbo shows,hard,Trivia/Pop Culture,302
bounty,saloon,duel,cowboy,featured in westerns,medium,Noun/Concept Synonyms,302
journey,odyssey,quest,voyage,expedition,easy,Noun/Concept Synonyms,302
rate,price,cost,charge,expenditure,easy,Noun/Concept Synonyms,303
speed,tweet,bug,pork,looney tunes characters minus a letter,very_hard,Word Structure/Play,303
plan,host,throw,cater,help put on a party,hard,Idioms & Slang,303
strap,hole,loop,buckle,features of a belt,medium,Noun/Concept Synonyms,303
kindness,favor,solid,service,helpful deed,hard,Descriptor/Adjective Synonyms,304
thunder,roar,boom,crash,explosive sound,easy,Descriptor/Adjective Synonyms,304
radio,air conditioner,cup holder,shifter,features of a car's center console,medium,Idioms & Slang,304
duck,charm,strike,break,lucky ___,very_hard,Fill-in-the-Blank,304
inanimate,blank,wooden,flat,expressionless,easy,Idioms & Slang,305
coat,crest,shield,arms,heraldry terms,hard,Noun/Concept Synonyms,305
fury,mad,road,max,mad max fury road,very_hard,Noun/Concept Synonyms,305
mogul,lift,lodge,slope,features of a ski resort,medium,Idioms & Slang,305
abracadabra,please,thank you,presto,magic words,very_hard,Descriptor/Adjective Synonyms,306
mastodon,trilobite,dodo,mammoth,extinct animals,easy,Members of a Set/Entities,306
peg,neck,bridge,string,features of stringed instruments,medium,Members of a Set/Entities,306
bond,wick,ocean,jones,heroes of action movie franchises,hard,Idioms & Slang,306
pupil,iris,lens,retina,eye parts,easy,Noun/Concept Synonyms,307
hen,doe,cow,ewe,female animals,medium,Members of a Set/Entities,307
kingdom,marker,mushroom,carpet,magic ___,very_hard,Fill-in-the-Blank,307
bass,does,dove,bass,heteronyms,hard,Noun/Concept Synonyms,307
port,stout,cider,sake,fermented alcoholic beverages,medium,Descriptor/Adjective Synonyms,308
wind,coordinate,axes,desert,heteronyms,hard,Noun/Concept Synonyms,308
fairy tale,fantasy,invention,fiction,fabrication,easy,Noun/Concept Synonyms,308
bull,boar,jack,buck,male animals,very_hard,Members of a Set/Entities,308
speculative,literary,young adult,historical,fiction categories,medium,Noun/Concept Synonyms,309
clip,file,polish,buff,manicure steps,very_hard,Noun/Concept Synonyms,309
one week,too close,closing time,iris,hit songs of 1998,hard,Trivia/Pop Culture,309
corduroy,linen,tweed,denim,fabrics,easy,Noun/Concept Synonyms,309
honey,hero,someday,fantasy,mariah carey number one hits,very_hard,Idioms & Slang,310
romance,fantasy,mystery,horror,fiction genres,medium,Members of a Set/Entities,310
holi,wholly,holy,holey,homophones,hard,Word Structure/Play,310
nose,cheek,eye,mouth,facial features,easy,Noun/Concept Synonyms,310
gif,zip,tiff,pdf,file extensions,medium,Noun/Concept Synonyms,311
pie,row,moo,new,homophones of greek letters,hard,Word Structure/Play,311
mustache,beard,stubble,goatee,facial hair,easy,Noun/Concept Synonyms,311
dirty,dry,up,twist,martini specifications,very_hard,Noun/Concept Synonyms,311
save,print,new,open,file menu options,medium,Noun/Concept Synonyms,312
wolf,princess,witch,giant,fairy tale figures,easy,Trivia/Pop Culture,312
civic,passport,pilot,accord,hondas,hard,Noun/Concept Synonyms,312
max,log,tan,mod,math abbreviations,very_hard,Noun/Concept Synonyms,312
forge,fabricate,fake,fix,falsify,easy,Descriptor/Adjective Synonyms,313
carpenter,aster,craven,wan,horror directors,hard,Trivia/Pop Culture,313
pole,flower,day,fly,may___,very_hard,Fill-in-the-Blank,313
well,like,um,literally,filler words,medium,Noun/Concept Synonyms,313
little,ring,middle,pointer,fingers,medium,Noun/Concept Synonyms,314
🪚,😱,👽,🧛,horror movies,hard,Trivia/Pop Culture,314
crime,temperature,angle,education,measured in degrees,very_hard,Noun/Concept Synonyms,314
star,personality,figure,name,famous person,easy,Trivia/Pop Culture,314
pearl,nope,scream,smile,horror movies from 2022,hard,Trivia/Pop Culture,315
through,done,over,up,"finished, as time",medium,Noun/Concept Synonyms,315
fancy,invention,figment,fiction,fantasy,easy,Descriptor/Adjective Synonyms,315
yard,sack,reception,attempt,measured in football stats,very_hard,Noun/Concept Synonyms,315
birds,ring,fog,omen,"horror movies, with “the”",hard,Trivia/Pop Culture,316
troll,giant,pixie,dragon,fantasy creatures,easy,Members of a Set/Entities,316
char,perch,pike,skate,fish,medium,Descriptor/Adjective Synonyms,316
club,spear,sword,mace,medieval weapons,very_hard,Noun/Concept Synonyms,316
rake,plow,sickle,hoe,farm tools,easy,Members of a Set/Entities,317
parking,breakfast,wi-fi,pool,hotel amenities,hard,Noun/Concept Synonyms,317
banshee,heartbreaker,pip,wailer,member of a classic backing band,very_hard,Idioms & Slang,317
perch,eel,shark,sole,fish,medium,Descriptor/Adjective Synonyms,317
babe,fox,ten,snack,hottie,hard,Noun/Concept Synonyms,318
sinker,hook,fly,line,fishing gear,medium,Action/Verb Synonyms,318
sea,dwarf,wonder,sin,member of a septet,very_hard,Noun/Concept Synonyms,318
line,brand,label,collection,fashion designer's output,easy,Idioms & Slang,318
henry,jennifer,kate,rock,hudsons,hard,Noun/Concept Synonyms,319
kink,animal,supreme,door,member of a ’60s band,very_hard,Idioms & Slang,319
rapids,current,whirlpool,cataract,fast-moving water,easy,Action/Verb Synonyms,319
health,form,condition,shape,fitness,medium,Noun/Concept Synonyms,319
shake,rock,floor,shock,flabbergast,medium,Noun/Concept Synonyms,320
button,snap,buckle,zip,fastening verbs,easy,Action/Verb Synonyms,320
sin,wonder,sister,sea,members of a septet,very_hard,Members of a Set/Entities,320
polo player,laurel,crocodile,swoosh,icon embroidered on a polo shirt,hard,Idioms & Slang,320
artificial,imitation,fake,mock,faux,easy,Noun/Concept Synonyms,321
stooge,amigo,king,tenor,members of a trio,very_hard,Members of a Set/Entities,321
elastic,plastic,supple,limber,flexible,medium,Descriptor/Adjective Synonyms,321
flack,franklin,knight,baker,iconic soul singers,hard,Descriptor/Adjective Synonyms,321
word,edge,bing,surface,microsoft products,very_hard,Noun/Concept Synonyms,322
sort,variety,kind,type,ilk,hard,Noun/Concept Synonyms,322
jerk,startle,bolt,jump,flinch,medium,Noun/Concept Synonyms,322
button,fly,rivet,pocket,features on a pair of jeans,easy,Idioms & Slang,322
podcast,smartwatch,crypto,vape,modern inventions,very_hard,Noun/Concept Synonyms,323
bitter,salty,upset,sore,feeling some type of way,easy,Idioms & Slang,323
lemon,turkey,bust,miss,flop,medium,Noun/Concept Synonyms,323
levy,charge,assess,fine,"impose, as a penalty",hard,Descriptor/Adjective Synonyms,323
stalk,bud,petal,leaf,flower parts,medium,Noun/Concept Synonyms,324
goose,earth,may i,superior,mother ___,very_hard,Fill-in-the-Blank,324
romeo,tango,alfa,bravo,in the nato alphabet,hard,Noun/Concept Synonyms,324
cow,hen,doe,mare,female animals,easy,Members of a Set/Entities,324
coarse,blue,bawdy,risque,indecent,hard,Noun/Concept Synonyms,325
commando,brazil,clue,witness,movies from 1985,very_hard,Trivia/Pop Culture,325
jasmine,petunia,daisy,poppy,flowers,medium,Noun/Concept Synonyms,325
thread,strand,string,fiber,filament,easy,Noun/Concept Synonyms,325
word,cue,prompt,signal,indication to proceed,hard,Noun/Concept Synonyms,326
fire extinguisher,shaving cream,sea,beer,foamy things,medium,Members of a Set/Entities,326
apollo,samurai,fantastic,candles,movies minus numbers,very_hard,Trivia/Pop Culture,326
action,lights,camera,cut,film set directives,easy,Noun/Concept Synonyms,326
strings,condition,catch,asterisk,fine print,easy,Noun/Concept Synonyms,327
mother,them,airplane,oklahoma,movies with “!”,very_hard,Trivia/Pop Culture,327
medium,year,artist,title,info on a museum placard,hard,Idioms & Slang,327
trash,desktop,pictures,music,folders on a mac,medium,Noun/Concept Synonyms,327
peanut,bean,fox,clean,mr. ___,very_hard,Fill-in-the-Blank,328
tail,trail,track,shadow,follow,medium,Noun/Concept Synonyms,328
cream,best,select,elite,finest,easy,Noun/Concept Synonyms,328
label,artist,album,track,info on a record,hard,Noun/Concept Synonyms,328
jackass,cribs,state,catfish,mtv shows,very_hard,Trivia/Pop Culture,329
through,complete,done,over,finished,easy,Noun/Concept Synonyms,329
wind,snake,weave,curve,follow a meandering course,medium,Noun/Concept Synonyms,329
orange,bitters,sugar,rye,ingredients in an old fashioned,hard,Idioms & Slang,329
sugar,boba,tea,milk,ingredients in bubble tea,hard,Noun/Concept Synonyms,330
pottery,ceramics,ware,china,fired objects,easy,Noun/Concept Synonyms,330
cheese,corn,schmaltz,sap,food products associated with sentimentality,medium,Idioms & Slang,330
squad,shammy,spec,strap,muscle nicknames plus “s”,very_hard,Members of a Set/Entities,330
introduction,premiere,debut,launch,first appearance,easy,Noun/Concept Synonyms,331
stock,beans,vegetables,pasta,ingredients in minestrone,hard,Noun/Concept Synonyms,331
rocky,skat,bluest,pope,music genres plus a letter,very_hard,Word Structure/Play,331
cleats,pads,jersey,helmet,football gear,medium,Noun/Concept Synonyms,331
fannie,scats,chair,brent,musicals plus starting letter,very_hard,Word Structure/Play,332
proscribed,verboten,taboo,off-limits,forbidden,medium,Noun/Concept Synonyms,332
nations,lady,aid,responder,first ___,easy,Fill-in-the-Blank,332
recorder,jug,whistle,pipe,instruments you blow into,hard,Members of a Set/Entities,332
sole,mullet,tang,fluke,fish,easy,Descriptor/Adjective Synonyms,333
horseshoe,handlebar,pencil,walrus,mustaches,very_hard,Noun/Concept Synonyms,333
spell,stretch,while,period,interval of time,hard,Noun/Concept Synonyms,333
eject,boot,bounce,remove,force to leave,medium,Noun/Concept Synonyms,333
bird,jordan,james,curry,n.b.a. greats,very_hard,Noun/Concept Synonyms,334
puncture,crack,leak,hole,fissure,easy,Noun/Concept Synonyms,334
main,supreme,prime,paramount,foremost,medium,Noun/Concept Synonyms,334
rattle,daunt,bully,cow,intimidate,hard,Noun/Concept Synonyms,334
right,fair,proper,just,fitting,easy,Action/Verb Synonyms,335
horseshoe,lightning bolt,buffalo,fleur-de-lis,n.f.l. team logos,very_hard,Members of a Set/Entities,335
hold,trade,short,hedge,investment verbs,hard,Noun/Concept Synonyms,335
nugget,coin,bar,leaf,formats of gold,medium,Noun/Concept Synonyms,335
mole rat,gun,eye,truth,naked ___,very_hard,Fill-in-the-Blank,336
marsala,port,sherry,vermouth,fortified wines,medium,Noun/Concept Synonyms,336
stitch,patch,darn,mend,fix a hole in clothing,easy,Idioms & Slang,336
sink,toothbrush,drill,x-ray,involved in a dentist visit,hard,Idioms & Slang,336
spirit,will,resolve,grit,fortitude,medium,Noun/Concept Synonyms,337
exclamation points,thumbs up,heart,question mark,iphone message tapback responses,hard,Noun/Concept Synonyms,337
mic,curt,kneel,dug,name homophones,very_hard,Word Structure/Play,337
shock,rock,surprise,floor,flabbergast,easy,Noun/Concept Synonyms,337
laminate,tile,carpet,wood,flooring options,easy,Action/Verb Synonyms,338
poker,flue,log,grate,found around a fireplace,medium,Noun/Concept Synonyms,338
matte,hairy,wane,peat,name homophones,very_hard,Word Structure/Play,338
rose,will,may,drew,irregular verbs,hard,Noun/Concept Synonyms,338
daisy,tulip,rose,violet,flowers,easy,Noun/Concept Synonyms,339
japan,malta,cuba,palau,island countries,hard,Members of a Set/Entities,339
brand,game,drop,names,name ___,very_hard,Fill-in-the-Blank,339
tea bag,tetherball,yo-yo,pendulum,found at the end of a string/cord,medium,Idioms & Slang,339
theater,greek/roman god,spacecraft,fictional boxer,"named ""apollo""",very_hard,Idioms & Slang,340
counter,sink,mixer,range,found in a kitchen,medium,Noun/Concept Synonyms,340
parmesan,venetian,neapolitan,bolognese,italian demonyms,hard,Noun/Concept Synonyms,340
cloud,dandelion,sheep,cotton ball,fluffy white things,easy,Members of a Set/Entities,340
con,fake,quack,cheat,fraudster,medium,Noun/Concept Synonyms,341
faze,throw,rattle,ruffle,fluster,easy,Noun/Concept Synonyms,341
frankincense,jackpot,nickname,markdown,names ending in “k” plus word,very_hard,Members of a Set/Entities,341
record,coin,stamp,comic,item in a collection,hard,Noun/Concept Synonyms,341
sock,earbud,ski,bookend,item sold in pairs,hard,Noun/Concept Synonyms,342
jeopardy,pink,airplane,yahoo,"names featuring ""!""",very_hard,Members of a Set/Entities,342
stew,sweat,tizzy,lather,flustered state,easy,Noun/Concept Synonyms,342
blast,ball,kick,ball,fun time,medium,Noun/Concept Synonyms,342
hotel,token,house,deed,items in a monopoly box,hard,Members of a Set/Entities,343
emmy,edie,cece,katie,names that sound like two letters,very_hard,Word Structure/Play,343
blast,thrill,kick,riot,fun time,medium,Noun/Concept Synonyms,343
track,monitor,survey,watch,follow attentively,easy,Descriptor/Adjective Synonyms,343
staple,essential,principal,key,fundamental,medium,Noun/Concept Synonyms,344
lightning,fire,volcano,sun,natural producers of heat,very_hard,Noun/Concept Synonyms,344
frost,black,sparrow,ma,jacks,hard,Noun/Concept Synonyms,344
chow,grub,fare,eats,food,easy,Noun/Concept Synonyms,344
commander,bill,bear,brown,nfl players,very_hard,Members of a Set/Entities,345
equip,ready,outfit,prepare,furnish,medium,Descriptor/Adjective Synonyms,345
🧀,🥓,🍞,🥬,food slang for money,easy,Idioms & Slang,345
signs,her,gladiator,joker,joaquin phoenix movies,hard,Trivia/Pop Culture,345
remote,vague,faint,dim,"fuzzy, as a memory",medium,Descriptor/Adjective Synonyms,346
drink,deep,briny,blue,"nicknames for the sea, with “the”",very_hard,Members of a Set/Entities,346
salad,scramble,hash,stew,food-related jumbles,easy,Noun/Concept Synonyms,346
hip,wrist,shoulder,knee,joints,hard,Noun/Concept Synonyms,346
sue,josh,chuck,rob,nicknames that are verbs,very_hard,Members of a Set/Entities,347
metamorphosis,castle,judgment,trial,"kafka works, with ""the""",hard,Idioms & Slang,347
turnover,tart,pasty,pie,foods with crusts,easy,Noun/Concept Synonyms,347
beer,pizza,dip,wings,game day fare,medium,Noun/Concept Synonyms,347
insist,linger,harp,dwell,"keep going on about, with “on”",hard,Idioms & Slang,348
kinder,die,wurst,angst,german words,medium,Noun/Concept Synonyms,348
madness,nonsense,absurdity,folly,foolishness,easy,Noun/Concept Synonyms,348
bill,tom,pat,bob,nicknames that have other meanings,very_hard,Members of a Set/Entities,348
arch,sole,toe,ball,foot parts,easy,Noun/Concept Synonyms,349
clap,bob,snap,tap,keep rhythm with music,hard,Action/Verb Synonyms,349
special,pilot,finale,premiere,notable tv episodes,very_hard,Trivia/Pop Culture,349
squat,duck,stoop,crouch,get low,medium,Action/Verb Synonyms,349
tab,option,return,shift,keyboard keys,hard,Noun/Concept Synonyms,350
guard,quarterback,center,safety,football positions,easy,Noun/Concept Synonyms,350
substance,meat,thrust,core,gist,medium,Noun/Concept Synonyms,350
tow,eon,ether,net,number anagrams,very_hard,Word Structure/Play,350
sneaker,boot,pump,loafer,footwear,easy,Noun/Concept Synonyms,351
won,ate,too,for,number homophones,very_hard,Word Structure/Play,351
method,character,stage,film,kinds of actors,hard,Trivia/Pop Culture,351
sour,spoil,turn,rot,go bad,medium,Action/Verb Synonyms,351
pharaoh,fire,carpenter,army,kinds of ants,hard,Members of a Set/Entities,352
everlasting,eternal,forever,permanent,for all time,easy,Noun/Concept Synonyms,352
451,2001,"20,000",22,numbers in book titles,very_hard,Noun/Concept Synonyms,352
see,woo,date,court,go out with,medium,Action/Verb Synonyms,352
sour,sight,sen,sine,numbers with first letters replaced by “s”,very_hard,Word Structure/Play,353
challenge,confront,oppose,face,go up against,medium,Action/Verb Synonyms,353
initial,original,primary,first,foremost,easy,Noun/Concept Synonyms,353
sun,brown,polar,black,kinds of bears,hard,Members of a Set/Entities,353
wood,iron,wedge,putter,golf clubs,medium,Noun/Concept Synonyms,354
line,plane,point,solid,"objects in 0-, 1-, 2- and 3-dimensional space",very_hard,Idioms & Slang,354
sleigh,bunk,murphy,canopy,kinds of beds,hard,Members of a Set/Entities,354
principal,supreme,premier,chief,foremost,easy,Noun/Concept Synonyms,354
baseball glove,can opener,golf club,guitar,objects that may be right- or left-handed,very_hard,Idioms & Slang,355
driver,eagle,stroke,hole,golf terms,medium,Noun/Concept Synonyms,355
courage,spirit,heart,backbone,fortitude,easy,Noun/Concept Synonyms,355
platinum,strawberry,honey,dirty,kinds of blond,hard,Members of a Set/Entities,355
pot,pan,kettle,griddle,found on a stove top,easy,Idioms & Slang,356
navy,tiffany,baby,sky,kinds of blue,hard,Members of a Set/Entities,356
chip,phone,wave,scope,objects with the prefix “micro-”,very_hard,Word Structure/Play,356
dishing,whispering,buzzing,spilling,gossiping,medium,Action/Verb Synonyms,356
ankle,go-go,cowboy,thigh-high,kinds of boots,hard,Members of a Set/Entities,357
syringe,ruler,protractor,beaker,graduated instruments,medium,Members of a Set/Entities,357
box,plate,base,mound,on a baseball field,very_hard,Noun/Concept Synonyms,357
staff,clef,note,rest,found on sheet music,easy,Descriptor/Adjective Synonyms,357
plain,meadow,prairie,savanna,grassland,medium,Noun/Concept Synonyms,358
egg,month,juror,rose,one in a dozen,very_hard,Noun/Concept Synonyms,358
friendship,charm,id,tennis,kinds of bracelets,hard,Members of a Set/Entities,358
sausage,banger,link,brat,frankfurter,easy,Noun/Concept Synonyms,358
gusher,ocher,kenya,pelvis,one-named singer plus starting letter,very_hard,Word Structure/Play,359
field,green,lawn,grounds,grassy area,medium,Noun/Concept Synonyms,359
bud,pal,chum,mate,friend,easy,Noun/Concept Synonyms,359
demi,push-up,sports,wireless,kinds of bras,hard,Members of a Set/Entities,359
date,kiwi,orange,lemon,fruit,easy,Noun/Concept Synonyms,360
crypto,tech,pharma,finance,kinds of bros,hard,Members of a Set/Entities,360
influencer,ambassador,model,streamer,online personality,very_hard,Descriptor/Adjective Synonyms,360
skim,stroke,kiss,brush,graze,medium,Noun/Concept Synonyms,360
thud,plop,splash,bang,onomatopoeia,very_hard,Noun/Concept Synonyms,361
crisp,crumble,cobbler,tart,fruit desserts,easy,Noun/Concept Synonyms,361
load,drove,score,host,great many,medium,Descriptor/Adjective Synonyms,361
marble,crumb,pound,birthday,kinds of cake,hard,Members of a Set/Entities,361
telephoto,macro,zoom,fisheye,kinds of camera lenses,hard,Members of a Set/Entities,362
apricot,grape,lime,fig,fruits,easy,Noun/Concept Synonyms,362
beta,iota,delta,chi,greek letters,medium,Word Structure/Play,362
hearth,lunge,skink,colony,organ plus a letter,very_hard,Word Structure/Play,362
purse,pool,pot,kitty,fund,easy,Noun/Concept Synonyms,363
kilo,meta,hyper,neo,greek prefixes,medium,Word Structure/Play,363
bubble,pie,bar,line,kinds of charts,hard,Members of a Set/Entities,363
tree,chain,pyramid,ladder,"organizational structures, metaphorically",very_hard,Descriptor/Adjective Synonyms,363
chimichurri,relish,salsa verde,pesto,green condiments,medium,Noun/Concept Synonyms,364
beauty,staring,talent,popularity,kinds of contests,hard,Members of a Set/Entities,364
bridges,phoenix,washington,irons,oscar-winning actors,very_hard,Trivia/Pop Culture,364
function,ball,benefit,gala,fundraising event,easy,Action/Verb Synonyms,364
laugh,joker,card,clown,funny person,easy,Noun/Concept Synonyms,365
kayak,otto,hannah,level,palindromes,very_hard,Word Structure/Play,365
peanut,olive,corn,palm,kinds of cooking oil,hard,Members of a Set/Entities,365
beret,goblin,thumb,salad,green ___,medium,Fill-in-the-Blank,365
umbilical,spinal,bungee,extension,kinds of cords,hard,Members of a Set/Entities,366
gas,wood,electric,charcoal,grill fuel sources,medium,Noun/Concept Synonyms,366
natan,eve,racecar,mom,palindromes,very_hard,Word Structure/Play,366
riot,character,laugh,joker,funny person,easy,Noun/Concept Synonyms,366
forecast,outlook,prospect,chance,future likelihood,easy,Noun/Concept Synonyms,367
tree,sunday,reader,beach,palm ___,very_hard,Fill-in-the-Blank,367
ritz,goldfish,ritz,animal,kinds of crackers,hard,Members of a Set/Entities,367
original,different,new,novel,groundbreaking,medium,Action/Verb Synonyms,367
clip,tiger,trail,towel,paper ___,very_hard,Fill-in-the-Blank,368
animal,club,goldfish,oyster,kinds of crackers,hard,Members of a Set/Entities,368
board,panel,cabinet,council,group of advisors,medium,Noun/Concept Synonyms,368
seed,weed,water,plant,gardening nouns/verbs,easy,Action/Verb Synonyms,368
bread,garlic,butter,parsley,garlic bread ingredients,easy,Descriptor/Adjective Synonyms,369
usher,pilot,shepherd,steer,guide,medium,Noun/Concept Synonyms,369
modern,tap,swing,salsa,kinds of dance,hard,Members of a Set/Entities,369
hinge,frame,handle,lock,parts of a door,very_hard,Members of a Set/Entities,369
disk,card,drive,cloud,kinds of digital storage,hard,Members of a Set/Entities,370
bar,torch,time,buck,pass the ___,very_hard,Fill-in-the-Blank,370
tuck,split,straddle,pike,gymnastics positions,medium,Noun/Concept Synonyms,370
deck,porch,yard,stoop,gathering spot outside a residence,easy,Idioms & Slang,370
fan,historical,science,pulp,kinds of fiction,hard,Members of a Set/Entities,371
light,mellow,mild,soft,gentle,easy,Noun/Concept Synonyms,371
bowtie,wheel,elbow,tube,pasta shapes,very_hard,Noun/Concept Synonyms,371
dryer,iron,comb,brush,hair tools,medium,Members of a Set/Entities,371
bob,shag,pixie,crop,hairstyles,medium,Noun/Concept Synonyms,372
coat,pod,green,soup,pea ___,very_hard,Fill-in-the-Blank,372
mend,knit,recover,heal,"get better, as a broken bone",easy,Idioms & Slang,372
kitten,stiletto,cuban,wedge,kinds of heels,hard,Members of a Set/Entities,372
levy,butler,bloom,guthrie,people whose first names are u.s. cities,very_hard,Members of a Set/Entities,373
settle,pay,take care of,foot,"handle, as a bill",medium,Noun/Concept Synonyms,373
sign,programming,body,spoken,kinds of language,hard,Members of a Set/Entities,373
fire,psych,amp,hype,"get excited, with ""up""",easy,Idioms & Slang,373
carry-on,hard-shell,roller,duffel,kinds of luggage,hard,Members of a Set/Entities,374
fe,he,i,ni,periodic table symbols,very_hard,Members of a Set/Entities,374
emperor,duckling,princess,mermaid,hans christian anderson figures,medium,Trivia/Pop Culture,374
flush,glow,burn,blush,get red in the face,easy,Idioms & Slang,374
sock,lick,strike,blow,hard hit,medium,Noun/Concept Synonyms,375
effect,good,belonging,possession,personal property minus “s”,very_hard,Noun/Concept Synonyms,375
venison,beef,pork,poultry,kinds of meat,hard,Members of a Set/Entities,375
shrink,contract,reduce,lessen,get smaller,easy,Action/Verb Synonyms,375
light,faint,pale,dim,hard to make out,medium,Noun/Concept Synonyms,376
spooning,snuggling,cuddling,hugging,getting cozy,easy,Action/Verb Synonyms,376
pan,rabbit,piper,parker,peter ___,very_hard,Fill-in-the-Blank,376
oyster,trumpet,morel,button,kinds of mushrooms,hard,Members of a Set/Entities,376
nail,rivet,screw,bolt,hardware fasteners,medium,Noun/Concept Synonyms,377
card,wrapping,box,bow,gift-giving accessories,easy,Action/Verb Synonyms,377
flat,natural,whole,quarter,kinds of notes,hard,Members of a Set/Entities,377
rustle,marks,lock,pane,philosopher homophones,very_hard,Word Structure/Play,377
stress,rhythm,intonation,loudness,phonetic elements of speech,very_hard,Descriptor/Adjective Synonyms,378
intend,aim,plan,mean,have in mind,medium,Noun/Concept Synonyms,378
cargo,stirrup,hammer,capri,kinds of pants,hard,Members of a Set/Entities,378
dub,call,name,label,give a title to,easy,Action/Verb Synonyms,378
nice,angers,reunion,champagne,places in france,very_hard,Noun/Concept Synonyms,379
oven,forge,kiln,furnace,heat sources,medium,Noun/Concept Synonyms,379
coast,float,coast,breeze,glide,easy,Noun/Concept Synonyms,379
construction,tissue,graph,wax,kinds of paper,hard,Members of a Set/Entities,379
gym,courtroom,park,dugout,places with benches,very_hard,Noun/Concept Synonyms,380
drift,float,skate,cruise,glide,easy,Noun/Concept Synonyms,380
macaroni,emperor,king,chinstrap,kinds of penguins,hard,Members of a Set/Entities,380
regard,mind,follow,observe,"heed, as rules",medium,Noun/Concept Synonyms,380
touch,hint,trace,suggestion,glimmer,easy,Noun/Concept Synonyms,381
direct,guide,lead,steer,helm,medium,Noun/Concept Synonyms,381
genus,cars,darth,bluto,planets/dwarf planet with first letter changed,very_hard,Word Structure/Play,381
omaha,stud,strip,draw,kinds of poker,hard,Members of a Set/Entities,381
date,doh,dirty,dead,play ___,very_hard,Fill-in-the-Blank,382
blooper,demo,highlight,sizzle,kinds of reels,hard,Members of a Set/Entities,382
peep,glance,look,gander,glimpse,easy,Noun/Concept Synonyms,382
bug,tap,mike,wire,hidden listening devices,medium,Noun/Concept Synonyms,382
push,egg,urge,spur,"goad, with ""on""",easy,Idioms & Slang,383
block,shield,cover,screen,hide from view,medium,Noun/Concept Synonyms,383
booty,loot,swag,spoils,plunder,very_hard,Noun/Concept Synonyms,383
greek,chef,garden,wedge,kinds of salad,hard,Members of a Set/Entities,383
inhibit,curb,hamper,check,hinder,medium,Noun/Concept Synonyms,384
poodle,pencil,mini,wrap,kinds of skirts,hard,Members of a Set/Entities,384
legend,icon,diva,queen,goddess,easy,Noun/Concept Synonyms,384
dice,mice,lice,oxen,plural words that are very different from their singular forms,very_hard,Word Structure/Play,384
mar,key,style,spear,pop singers minus “s”,very_hard,Noun/Concept Synonyms,385
rebecca,rope,notorious,birds,hitchcock movies,medium,Trivia/Pop Culture,385
fairway,rough,green,bunker,golf course parts,easy,Noun/Concept Synonyms,385
rattle,coral,king,garter,kinds of snakes,hard,Members of a Set/Entities,385
raise,promotion,bonus,equity,good things to get at work,easy,Members of a Set/Entities,386
stall,punt,hold,table,postpone,very_hard,Noun/Concept Synonyms,386
treasure,value,esteem,prize,hold dear,medium,Noun/Concept Synonyms,386
folk,siren,love,swan,kinds of songs,hard,Trivia/Pop Culture,386
sticker,belly,hole,luck,pot___,very_hard,Fill-in-the-Blank,387
gaffer,electrical,duct,packing,kinds of tape,hard,Members of a Set/Entities,387
load,cargo,haul,freight,goods to be transported,easy,Noun/Concept Synonyms,387
pipe,hose,straw,tube,hollow cylinders,medium,Noun/Concept Synonyms,387
monster,garbage,dump,pickup,kinds of trucks,hard,Members of a Set/Entities,388
ranger,nap,plant,trip,power ___,very_hard,Fill-in-the-Blank,388
exorcist,shining,birds,haunting,"horror movies, with “the”",medium,Trivia/Pop Culture,388
dirt,talk,dish,buzz,gossip,easy,Noun/Concept Synonyms,388
right,blue,gray,fin,kinds of whales,hard,Members of a Set/Entities,389
hold,rivet,engross,absorb,grab one’s attention,easy,Noun/Concept Synonyms,389
cone,shake,cup,split,ice cream parlor orders,medium,Noun/Concept Synonyms,389
feather,mushroom,flower,star,power-ups in super mario world,very_hard,Idioms & Slang,389
bluff,basin,cape,plain,landforms,hard,Noun/Concept Synonyms,390
barley,spelt,oat,rye,grains,easy,Noun/Concept Synonyms,390
toilet paper,moon,egg,streak,prank verbs,very_hard,Noun/Concept Synonyms,390
type,kind,sort,like,ilk,medium,Noun/Concept Synonyms,390
guzzle,pound down,swill,knock back,imbibe,medium,Noun/Concept Synonyms,391
demo,auto,bureau,pluto,prefixes with -cracy,very_hard,Word Structure/Play,391
wall street,brooklyn bridge,city hall,bowling green,landmarks in downtown nyc,hard,Noun/Concept Synonyms,391
present,future,past,perfect,grammar tense terms,easy,Noun/Concept Synonyms,391
park,lawn,green,yard,grassy area,easy,Noun/Concept Synonyms,392
speed,resolution,storage,ram,laptop specs,hard,Noun/Concept Synonyms,392
fake,dupe,dummy,copy,imitation,medium,Noun/Concept Synonyms,392
good,penny,please,woman,pretty ___,very_hard,Fill-in-the-Blank,392
luxor,excalibur,encore,aria,las vegas casino hotels,hard,Noun/Concept Synonyms,393
inspire,spur,motivate,drive,impel,medium,Noun/Concept Synonyms,393
fingers,commandments,bowling pins,decade,groups of ten,easy,Noun/Concept Synonyms,393
here,wee,theme,use,pronoun plus “e”,very_hard,Noun/Concept Synonyms,393
bushel,peck,stone,ton,imperial units,medium,Noun/Concept Synonyms,394
john malkovich,las vegas,private ryan,amy,proper nouns after gerunds in '90s movie titles,very_hard,Trivia/Pop Culture,394
cinnamon,menthol,wintergreen,bubblegum,gum flavors,easy,Noun/Concept Synonyms,394
butterfly,seville,flute,bess,last words of famous opera titles,hard,Trivia/Pop Culture,394
stirring,christmas,mouse,house,"in ""a visit from st. nicholas""",medium,Idioms & Slang,395
bars,vault,beam,rings,gymnastics apparatus,easy,Noun/Concept Synonyms,395
vox,quid,ergo,caveat,latin words,hard,Noun/Concept Synonyms,395
milk,guts,beans,tea,proverbial things that are spilled,very_hard,Members of a Set/Entities,395
king,gore,carter,tutu,leaders who received the nobel peace prize,hard,Idioms & Slang,396
roundoff,aerial,arabesque,split,gymnastics moves,easy,Noun/Concept Synonyms,396
aware,savvy,wise,hip,in the know,medium,Noun/Concept Synonyms,396
rain,prose,haze,heart,purple ___,very_hard,Fill-in-the-Blank,396
gel,wax,spray,mousse,hair products,easy,Noun/Concept Synonyms,397
suits,goliath,damages,matlock,legal dramas,hard,Noun/Concept Synonyms,397
shoulder,barge,jostle,muscle,push through a crowd,very_hard,Noun/Concept Synonyms,397
golf,delta,bravo,lima,in the nato phonetic alphabet,medium,Idioms & Slang,397
only,simply,just,merely,in the slightest,medium,Noun/Concept Synonyms,398
bed,mary,bee,mother,queen ___,very_hard,Fill-in-the-Blank,398
trial,inquiry,hearing,proceeding,legal session,hard,Noun/Concept Synonyms,398
cut,trim,color,blowout,hair salon offerings,easy,Noun/Concept Synonyms,398
initial,first,premier,maiden,inaugural,medium,Noun/Concept Synonyms,399
gable,dean,garland,temple,legends of classic hollywood,hard,Descriptor/Adjective Synonyms,399
buzz,pixie,bowl,crew,"haircuts, with “cut”",easy,Noun/Concept Synonyms,399
gross,king,stern,glass,radio hall of fame members,very_hard,Members of a Set/Entities,399
leader,speaker,chair,whip,legislative roles,hard,Descriptor/Adjective Synonyms,400
forest,coat,maker,bow,rain___,very_hard,Fill-in-the-Blank,400
episode,affair,matter,event,incident,medium,Noun/Concept Synonyms,400
tombstone,pumpkin,bat,cobweb,halloween decorations,easy,Noun/Concept Synonyms,400
tip,pain,40,cole,rappers minus first letter,very_hard,Word Structure/Play,401
que,elle,are,queue,letter homophones,hard,Word Structure/Play,401
decorations,pumpkin,candy,costume,halloween purchases,easy,Noun/Concept Synonyms,401
and,plus,also,with,including,medium,Action/Verb Synonyms,401
spider,bat,pumpkin,witch,halloween symbols,easy,Members of a Set/Entities,402
pac,savage,chainz,cent,rappers minus numbers,very_hard,Noun/Concept Synonyms,402
balloon,mount,mushroom,wax,increase,medium,Noun/Concept Synonyms,402
gee,bee,jay,ex,letter spellings,hard,Word Structure/Play,402
wax,mount,swell,grow,"increase, in a way",medium,Noun/Concept Synonyms,403
tissue,atom,cell,organ,levels of biological organization,hard,Noun/Concept Synonyms,403
quiet,slow,sleepy,calm,hardly bustling,easy,Noun/Concept Synonyms,403
96,mow,noon,sis,reads the same rotated 180°,very_hard,Idioms & Slang,403
beret,fez,fedora,bowler,hats,easy,Noun/Concept Synonyms,404
estate,madrid,world,deal,real ___,very_hard,Fill-in-the-Blank,404
hike,crank,raise,jack,"increase, with ""up""",medium,Idioms & Slang,404
teddy,garter,slip,hose,lingerie,hard,Noun/Concept Synonyms,404
charge,sue,move,serve,litigation verbs,hard,Noun/Concept Synonyms,405
flew,rose,thrust,shot,"increased, with “up”",medium,Noun/Concept Synonyms,405
bull,carpet,meat,cross,red ___,very_hard,Fill-in-the-Blank,405
rumbling,speculation,whispers,talk,hearsay,easy,Descriptor/Adjective Synonyms,405
drop,pinch,dash,splash,"little bit, in a recipe",hard,Idioms & Slang,406
mean,spell,suggest,signify,indicate,medium,Noun/Concept Synonyms,406
velvet,herring,delicious,tape,red ___,very_hard,Fill-in-the-Blank,406
sweet,tender,moving,touching,heartwarming,easy,Action/Verb Synonyms,406
mace,sage,dill,anise,herbs and spices,easy,Noun/Concept Synonyms,407
duck,pig,martian,bunny,looney tunes figures,hard,Trivia/Pop Culture,407
intro class,devil,james bond,cannabis,represented by three-digit numbers,very_hard,Noun/Concept Synonyms,407
sign,hint,flag,sign,indication,medium,Noun/Concept Synonyms,407
peak,crest,summit,vertex,highest point,easy,Noun/Concept Synonyms,408
best boy,idea,stables,kroner,retail chains with a letter changed,very_hard,Word Structure/Play,408
trace,tell,evidence,giveaway,indication,medium,Noun/Concept Synonyms,408
bug,flip,wig,freak,"lose it, with ""out""",hard,Idioms & Slang,408
expert,hotshot,ace,crackerjack,highly skilled,easy,Noun/Concept Synonyms,409
lime,pickle,mortar,jenny,rhyme with u.s. coins,very_hard,Word Structure/Play,409
sense,mind,marbles,wits,lucidity,hard,Descriptor/Adjective Synonyms,409
being,ego,self,character,individuality,medium,Descriptor/Adjective Synonyms,409
slam,bang,pound,hammer,hit hard,easy,Noun/Concept Synonyms,410
sway,sway,weight,pull,influence,medium,Noun/Concept Synonyms,410
hurdle,confections,grands,swelling sea,rhymes for new york times games,very_hard,Word Structure/Play,410
moon,rainbow,clover,horseshoe,lucky charms marshmallows,hard,Noun/Concept Synonyms,410
clout,weight,clout,pull,influence,medium,Noun/Concept Synonyms,411
old,signs,split,glass,m. night shyamalan movies,hard,Trivia/Pop Culture,411
widen,vixen,pagan,smarter,rhymes of u.s. president names,very_hard,Word Structure/Play,411
buy,yew,bye,tue,homophones,easy,Word Structure/Play,411
hubbub,nitwit,backpack,ragtag,rhyming compound words,very_hard,Action/Verb Synonyms,412
ewe,you,bi,too,homophones,easy,Word Structure/Play,412
intel,data,news,info,information,medium,Noun/Concept Synonyms,412
met,tiger,twin,cub,m.l.b. team member,hard,Members of a Set/Entities,412
puff,pull,drag,draw,inhalation,medium,Noun/Concept Synonyms,413
ray,national,red,angel,m.l.b. team member,hard,Members of a Set/Entities,413
downtown,backpack,cookbook,bigwig,rhyming compound words,very_hard,Action/Verb Synonyms,413
two,to,u,by,homophones,easy,Word Structure/Play,413
star,candy,bottom,garden,rock ___,very_hard,Fill-in-the-Blank,414
steaming,livid,fuming,boiling,hopping mad,easy,Action/Verb Synonyms,414
scoop,word,skinny,dope,inside info,medium,Noun/Concept Synonyms,414
yanks,jays,nats,cards,"m.l.b. teams, for short",hard,Members of a Set/Entities,414
shift,control,command,option,mac keyboard keys,hard,Noun/Concept Synonyms,415
outlet,sconce,baseboard,switch,installed on a wall,medium,Noun/Concept Synonyms,415
rocky,itchy,pinky,chip,rodents who are first in a cartoon duo,very_hard,Idioms & Slang,415
purge,saw,ring,scream,horror franchises,easy,Noun/Concept Synonyms,415
crochet hook,crowbar,crook,candy cane,rods that curve at one end,very_hard,Idioms & Slang,416
tea,cocoa,coffee,chai,hot drinks,easy,Descriptor/Adjective Synonyms,416
barb,diss,dig,jab,insult,medium,Noun/Concept Synonyms,416
dash,hyphen,minus,underscore,made with horizontal lines,hard,Noun/Concept Synonyms,416
rate,speed,clip,pace,how fast something is going,easy,Idioms & Slang,417
red,even,odd,black,roulette options,very_hard,Noun/Concept Synonyms,417
cherish,holiday,music,frozen,madonna songs,hard,Trivia/Pop Culture,417
jab,slight,dig,burn,insult,medium,Noun/Concept Synonyms,417
funding,golf,applause,drinks,round of ___,very_hard,Fill-in-the-Blank,418
wired,people,us,fortune,magazines,hard,Noun/Concept Synonyms,418
quick,smart,sharp,bright,intelligent,medium,Noun/Concept Synonyms,418
sling,pitch,chuck,pelt,hurl,easy,Noun/Concept Synonyms,418
probe,examine,question,grill,interrogate,medium,Noun/Concept Synonyms,419
we,flush,family,jelly,royal ___,very_hard,Fill-in-the-Blank,419
sting,smart,ache,burn,hurt,easy,Noun/Concept Synonyms,419
rolling stone,time,star,billboard,magazines,hard,Noun/Concept Synonyms,419
essence,time,vogue,people,magazines,hard,Noun/Concept Synonyms,420
mum,private,secret,quiet,hush-hush,easy,Noun/Concept Synonyms,420
private,secret,personal,inner,intimate and undisclosed,medium,Noun/Concept Synonyms,420
soul,cement,band,duckie,rubber ___,very_hard,Fill-in-the-Blank,420
stone,paper,castle,piper,sand___,very_hard,Fill-in-the-Blank,421
bamboo,dragon,wind,season,mahjong tiles,hard,Noun/Concept Synonyms,421
clock,mail,maps,notes,iphone apps,medium,Noun/Concept Synonyms,421
float,split,sundae,sundae,ice cream treats,easy,Noun/Concept Synonyms,421
backbone,anchor,pillar,cornerstone,mainstay,hard,Descriptor/Adjective Synonyms,422
float,shake,split,shake,ice cream treats,easy,Noun/Concept Synonyms,422
bug,steam,nettle,ruffle,irritate,medium,Noun/Concept Synonyms,422
fish,hard knocks,thought,rock,school of ___,very_hard,Fill-in-the-Blank,422
key ring,figurine,postcard,magnet,items in a souvenir shop,medium,Members of a Set/Entities,423
dune,alien,avatar,tron,sci-fi franchises,very_hard,Noun/Concept Synonyms,423
light,burn,torch,kindle,ignite,easy,Noun/Concept Synonyms,423
tickle,tickle,charm,please,make happy,hard,Action/Verb Synonyms,423
major,key,principal,critical,important,easy,Noun/Concept Synonyms,424
bond,combine,wed,fuse,join,medium,Noun/Concept Synonyms,424
delight,please,amuse,delight,make happy,hard,Action/Verb Synonyms,424
abyss,fly,thing,matrix,"sci-fi movies, with “the”",very_hard,Trivia/Pop Culture,424
buck,billy,ram,buck,male animals,hard,Members of a Set/Entities,425
fine,assess,levy,charge,"impose, as a penalty",easy,Descriptor/Adjective Synonyms,425
change,cucumber,lion,legs,sea ___,very_hard,Fill-in-the-Blank,425
silo,cloister,separate,seclude,keep apart,medium,Action/Verb Synonyms,425
quack,charlatan,sham,fraud,impostor,easy,Noun/Concept Synonyms,426
jack,jack,bull,tom,male animals,hard,Members of a Set/Entities,426
egg,everything,poppy,plain,kinds of bagels,medium,Members of a Set/Entities,426
harp,monk,hooded,harbor,seals,very_hard,Noun/Concept Synonyms,426
fever,fad,bug,craze,mania,hard,Noun/Concept Synonyms,427
testy,surly,cross,short,in a bad mood,easy,Noun/Concept Synonyms,427
gamble,noble,young,johnson,second names in companies with ampersands,very_hard,Members of a Set/Entities,427
camel,duffle,trench,pea,kinds of coats,medium,Members of a Set/Entities,427
current,happening,fresh,chic,in fashion,easy,Noun/Concept Synonyms,428
bar,physical,final,oral,kinds of exams,medium,Members of a Set/Entities,428
ding,scratch,chip,nick,mar,hard,Noun/Concept Synonyms,428
dogs,fiction,unchained,brown,second words in tarantino movies,very_hard,Trivia/Pop Culture,428
original,unused,mint,new,in pristine condition,easy,Noun/Concept Synonyms,429
gull,puffin,pelican,booby,marine birds,hard,Noun/Concept Synonyms,429
iron,wood,driver,wedge,kinds of golf clubs,medium,Members of a Set/Entities,429
mia,gimme,queen,trouper,second words in titles of abba hits,very_hard,Idioms & Slang,429
russian,mule,mary,breeze,second words of vodka cocktails,very_hard,Idioms & Slang,430
thank you,congratulations,get well,birthday,kinds of greeting cards,medium,Members of a Set/Entities,430
star,coral,jelly,sponge,"marine invertebrates, familiarly",hard,Descriptor/Adjective Synonyms,430
mount,swell,grow,build,increase,easy,Noun/Concept Synonyms,430
cross,check,tick,strike,mark as completed,hard,Noun/Concept Synonyms,431
nod,prompt,signal,cue,indication,easy,Noun/Concept Synonyms,431
bell,darling,hook,pan,second words of “peter pan” characters,very_hard,Trivia/Pop Culture,431
snapback,pillbox,beret,derby,kinds of hats,medium,Members of a Set/Entities,431
twist,gin,dry,dry,martini specifications,hard,Noun/Concept Synonyms,432
practical,dad,inside,knock-knock,kinds of jokes,medium,Members of a Set/Entities,432
fiddle,guess,nature,wind,second ___,very_hard,Fill-in-the-Blank,432
warning,sign,message,omen,indication of things to come,easy,Members of a Set/Entities,432
juice,pull,sway,weight,influence,easy,Noun/Concept Synonyms,433
perfect,dirty,shaken,wet,martini specifications,hard,Noun/Concept Synonyms,433
leaf,butter,iceberg,romaine,kinds of lettuce,medium,Members of a Set/Entities,433
code,sauce,agent,santa,secret ___,very_hard,Fill-in-the-Blank,433
photo,visa,name,stamp,seen in a passport,very_hard,Noun/Concept Synonyms,434
player,bio,stat,team,info on a baseball card,easy,Idioms & Slang,434
good shepherd,rainmaker,martian,departed,"matt damon movies, with ""the""",hard,Trivia/Pop Culture,434
liner,balm,gloss,stain,kinds of lip makeup,medium,Members of a Set/Entities,434
spray,tablet,capsule,syrup,medicine formats,hard,Noun/Concept Synonyms,435
iron,protein,sodium,fat,info on a nutrition label,easy,Idioms & Slang,435
mushroom,puddle,earthworm,mud,seen in the aftermath of a rainstorm,very_hard,Idioms & Slang,435
sewing,enigma,vending,pinball,kinds of machines,medium,Members of a Set/Entities,435
whole,perfect,odd,prime,kinds of numbers,medium,Members of a Set/Entities,436
cream,patch,tablet,cream,medicine formats,hard,Noun/Concept Synonyms,436
leak,rat,canary,source,informant,easy,Noun/Concept Synonyms,436
ladder,barrel,hammer,gorilla,seen in “donkey kong”,very_hard,Noun/Concept Synonyms,436
rubble,bone,dinosaur,club,seen in “the flintstones”,very_hard,Noun/Concept Synonyms,437
capri,jogger,jean,slack,"kinds of pants minus ""s""",medium,Members of a Set/Entities,437
stitch,rocky,scratchy,chip,member of a cartoon duo,hard,Idioms & Slang,437
diagram,map,graph,chart,information displays,easy,Noun/Concept Synonyms,437
dinner,cocktail,surprise,birthday,kinds of parties,medium,Members of a Set/Entities,438
twins,hedge maze,typewriter,axe,seen in “the shining”,very_hard,Noun/Concept Synonyms,438
eggs,flour,butter,sugar,ingredients in classic pound cake,easy,Idioms & Slang,438
wing,maverick,cowboy,star,member of a dallas pro sports team,hard,Members of a Set/Entities,438
bangle,go-go,supreme,chick,member of a girl group,hard,Idioms & Slang,439
dill,kosher,sweet,sour,kinds of pickles,medium,Members of a Set/Entities,439
torch,shield,eagle,monticello,seen on backs of u.s. coins,very_hard,Idioms & Slang,439
soul,heart,essence,spirit,inherent nature,easy,Noun/Concept Synonyms,439
veggie,plain,hawaiian,supreme,kinds of pizza,medium,Members of a Set/Entities,440
monster,minion,car,incredible,member of a titular group in an animation franchise,hard,Idioms & Slang,440
original,fresh,novel,creative,inspired,easy,Noun/Concept Synonyms,440
med,off,lo,hi,settings on an appliance knob,very_hard,Idioms & Slang,440
snowball,water balloon,pillow,food,kinds of play fights,medium,Members of a Set/Entities,441
sleep,grump,dope,do,seven dwarfs minus last letter,very_hard,Word Structure/Play,441
picnic,breeze,pie,abc,metaphors for easy things,hard,Members of a Set/Entities,441
coach,guide,train,direct,instruct,easy,Noun/Concept Synonyms,441
slate,limestone,marble,flint,kinds of rocks,medium,Members of a Set/Entities,442
zing,knock,slight,burn,insult,easy,Noun/Concept Synonyms,442
wilt,art,anon,thou,shakespearean words,very_hard,Noun/Concept Synonyms,442
teams,edge,office,windows,microsoft products,hard,Noun/Concept Synonyms,442
air,vibe,halo,aura,intangible quality,easy,Descriptor/Adjective Synonyms,443
ray,royal,met,angel,mlb player,hard,Noun/Concept Synonyms,443
green,wedge,greek,caesar,kinds of salads,medium,Members of a Set/Entities,443
circle,horseshoe,triangle,pitchfork,shapes of capital greek letters,very_hard,Word Structure/Play,443
pump,slide,mule,flat,kinds of shoes,medium,Members of a Set/Entities,444
sleeper,asset,mole,agent,intelligence operative,easy,Descriptor/Adjective Synonyms,444
wave,value,jock,horror,shock ___,very_hard,Fill-in-the-Blank,444
can,will,must,might,modal verbs,hard,Noun/Concept Synonyms,444
bright,quick,sharp,clever,intelligent,easy,Noun/Concept Synonyms,445
boxer,bike,cargo,bermuda,kinds of shorts,medium,Members of a Set/Entities,445
baby,toy,mini,pocket,modifiers meaning “small”,hard,Noun/Concept Synonyms,445
salmon,colonel,walk,yolk,silent “l”,very_hard,Noun/Concept Synonyms,445
adder,moccasin,boa,mamba,kinds of snakes,medium,Members of a Set/Entities,446
witch,castle,listen,hustle,silent “t”,very_hard,Noun/Concept Synonyms,446
wow,man,boy,goodness,interjections,easy,Noun/Concept Synonyms,446
rum,lime,soda,mint,mojito ingredients,hard,Noun/Concept Synonyms,446
wrist,two,wrong,answer,silent “w”,very_hard,Noun/Concept Synonyms,447
glide,sail,coast,breeze,move in an effortless way,hard,Idioms & Slang,447
dress,crew,compression,ankle,kinds of socks,medium,Members of a Set/Entities,447
willing,game,eager,down,into it,easy,Noun/Concept Synonyms,447
tilt,zoom,pan,dolly,movie camera verbs,hard,Noun/Concept Synonyms,448
pluck,pluck,nerve,grit,intrepidity,easy,Descriptor/Adjective Synonyms,448
screen,fox,spoon,lining,silver ___,very_hard,Fill-in-the-Blank,448
chateaubriand,porterhouse,flatiron,tomahawk,kinds of steaks,medium,Members of a Set/Entities,448
baggie,barge,pisa,comer,simpson family members with first letter changed,very_hard,Word Structure/Play,449
alien,wicked,gladiator,venom,movie series with 2024 releases,hard,Trivia/Pop Culture,449
grit,resolve,heart,fortitude,intrepidity,easy,Descriptor/Adjective Synonyms,449
roma,cherry,grape,plum,kinds of tomatoes,medium,Members of a Set/Entities,449
wonder,king,keys,legend,singer-songwriter pianists,very_hard,Noun/Concept Synonyms,450
desire,drive,resolve,will,intrinsic motivators,easy,Descriptor/Adjective Synonyms,450
elf,saw,her,big,movies,hard,Trivia/Pop Culture,450
bikini,g-string,thong,hipster,kinds of underwear,medium,Members of a Set/Entities,450
still,spring,mineral,tap,kinds of water,medium,Members of a Set/Entities,451
ghost,casper,let me in,twilight,movies featuring supernatural romance,hard,Trivia/Pop Culture,451
outpouring,tidal wave,torrent,avalanche,inundation,easy,Noun/Concept Synonyms,451
gorilla,beetle,monkey,bird,single animal in a creatively spelled band name,very_hard,Word Structure/Play,451
pant,goggle,tong,boxer,singular of things seen in pairs,very_hard,Members of a Set/Entities,452
ad-lib,make up,improv,freestyle,invent as you go,easy,Noun/Concept Synonyms,452
epic,film series,feature,short,movies of various lengths,hard,Trivia/Pop Culture,452
trifle,trinket,thingamajig,tchotchke,knickknack,medium,Noun/Concept Synonyms,452
goodfella,jaw,car,swinger,movies with “s” removed,hard,Trivia/Pop Culture,453
partridge,cleaver,tanner,bunker,sitcom families,very_hard,Noun/Concept Synonyms,453
shy,low,short,light,lacking,medium,Action/Verb Synonyms,453
bond,stock,option,cd,investments,easy,Noun/Concept Synonyms,453
blossom,community,coach,full house,sitcoms,very_hard,Noun/Concept Synonyms,454
drove,pack,sea,host,multitude,hard,Noun/Concept Synonyms,454
canyon,mountain,valley,plateau,land formations,medium,Noun/Concept Synonyms,454
sheet,towel,pillowcase,washcloth,items in a linen closet,easy,Members of a Set/Entities,454
scooter,gonzo,beaker,animal,muppets,hard,Noun/Concept Synonyms,455
thread,button,scissors,needle,items in a sewing kit,easy,Members of a Set/Entities,455
dive,scraper,rocket,lark,sky___,very_hard,Fill-in-the-Blank,455
atoll,bar,island,key,land surrounded by water,medium,Noun/Concept Synonyms,455
weed,grass,herb,mary jane,slang for cannabis,very_hard,Idioms & Slang,456
cape,gorge,ridge,crater,landforms,medium,Noun/Concept Synonyms,456
dub,pop,emo,trap,music genres,hard,Members of a Set/Entities,456
razz,tease,rib,kid,joke around with,easy,Noun/Concept Synonyms,456
rolling stone,pitchfork,billboard,billboard,music publications,hard,Descriptor/Adjective Synonyms,457
jim,pickings,shady,fit,slim ___,very_hard,Fill-in-the-Blank,457
cricket,frog,hare,kangaroo,jumping animals,easy,Members of a Set/Entities,457
fantasy,dream,never never,la-la,lands of the imagination,medium,Noun/Concept Synonyms,457
follow,track,watch,monitor,keep tabs on,easy,Action/Verb Synonyms,458
fry,world,wonder,talk,small ___,very_hard,Fill-in-the-Blank,458
flock,crowd,host,sea,large group,medium,Descriptor/Adjective Synonyms,458
spin,pitchfork,spin,mojo,music publications,hard,Descriptor/Adjective Synonyms,458
organ,harp,horn,triangle,musical instruments,hard,Members of a Set/Entities,459
moderate,anchor,host,present,"lead, as a tv program",medium,Trivia/Pop Culture,459
rostrum,beak,proboscis,muzzle,snouts,very_hard,Noun/Concept Synonyms,459
paste,quit,print,save,keyboard shortcut commands,easy,Noun/Concept Synonyms,459
maroon,desert,strand,ditch,leave high and dry,medium,Action/Verb Synonyms,460
champ,tiger,sport,buddy,kiddo,easy,Noun/Concept Synonyms,460
hair,rent,grease,company,musicals,hard,Noun/Concept Synonyms,460
in,tube,gram,book,social media app endings,very_hard,Noun/Concept Synonyms,460
sun,net,spur,buck,n.b.a. player,hard,Noun/Concept Synonyms,461
dip,bounce,jet,split,leave quickly,medium,Action/Verb Synonyms,461
light,radiation,flare,corona,solar emanations,very_hard,Noun/Concept Synonyms,461
kidney,navy,mung,pinto,kinds of beans,easy,Members of a Set/Entities,461
lawsuit,action,claim,complaint,legal terms,medium,Noun/Concept Synonyms,462
bust,statue,relief,torso,kinds of carvings,easy,Members of a Set/Entities,462
clipper,rocket,pacer,spur,n.b.a. team player,hard,Members of a Set/Entities,462
satisfaction,i ran,montero,istanbul,song titles with parentheses,very_hard,Noun/Concept Synonyms,462
spurs,bucks,hornets,bulls,n.b.a. teams,hard,Members of a Set/Entities,463
alejandro,lola,stan,michelle,songs that are names,very_hard,Trivia/Pop Culture,463
tan,camel,fawn,khaki,light brown shades,medium,Noun/Concept Synonyms,463
jack,blue,swiss,goat,kinds of cheeses,easy,Members of a Set/Entities,463
wave,asleep,barrier,bite,sound ___,very_hard,Fill-in-the-Blank,464
cowboy,jet,raven,ram,n.f.l. team member,hard,Members of a Set/Entities,464
percussion,string,brass,wind,kinds of instruments,easy,Members of a Set/Entities,464
slip,garter,thong,teddy,lingerie,medium,Noun/Concept Synonyms,464
flyer,duck,senator,star,n.h.l. team member,hard,Members of a Set/Entities,465
splash,sprinkle,drop,spot,little bit of a beverage,medium,Idioms & Slang,465
bar,cadet,heater,station,space ___,very_hard,Fill-in-the-Blank,465
flare,mom,skinny,boyfriend,kinds of jeans,easy,Members of a Set/Entities,465
chameleon,monitor,gecko,iguana,lizards,medium,Noun/Concept Synonyms,466
charm,ring,chain,bangle,kinds of jewelry,easy,Members of a Set/Entities,466
stars,kraken,flames,wild,n.h.l. teams,hard,Members of a Set/Entities,466
como,rojo,soy,poco,spanish words,very_hard,Descriptor/Adjective Synonyms,466
pin,lance,spit,skewer,"long, sharp objects",medium,Noun/Concept Synonyms,467
viking,voyager,galileo,pioneer,nasa spacecraft,hard,Noun/Concept Synonyms,467
ella,loco,mayo,gusto,spanish words,very_hard,Descriptor/Adjective Synonyms,467
electronic,player,grand,upright,kinds of pianos,easy,Members of a Set/Entities,467
vine,shrub,herb,tree,kinds of plants,easy,Members of a Set/Entities,468
bump,chess,dial,demon,speed ___,very_hard,Fill-in-the-Blank,468
anthem,motto,seal,flag,national symbols,hard,Members of a Set/Entities,468
staff,rod,pole,stick,"long, skinny objects",medium,Noun/Concept Synonyms,468
mazing,goo,genus,slid,spelling bee ranks minus a letter,very_hard,Word Structure/Play,469
guard,watch,mind,tend,look after,medium,Noun/Concept Synonyms,469
foxtrot,victor,hotel,yankee,nato phonetic alphabet,hard,Descriptor/Adjective Synonyms,469
oxford,polo,flannel,tee,kinds of shirts,easy,Members of a Set/Entities,469
dear,peach,doll,angel,lovely person,medium,Noun/Concept Synonyms,470
faculty,flair,talent,instinct,natural ability,hard,Descriptor/Adjective Synonyms,470
hipster,brief,boxer,thong,kinds of underwear,easy,Members of a Set/Entities,470
marble,globe,bubble,pearl,spherical things,very_hard,Members of a Set/Entities,470
kobe,bird,curry,magic,"nba legends, familiarly",hard,Descriptor/Adjective Synonyms,471
ladle,grater,peeler,whisk,kitchen utensils,easy,Noun/Concept Synonyms,471
scoop,info,dish,dope,lowdown,medium,Noun/Concept Synonyms,471
scary,ginger,baby,posh,spice girls,very_hard,Noun/Concept Synonyms,471
onion,fling,chicken,equinox,spring ___,very_hard,Fill-in-the-Blank,472
foundation,foot,bottom,base,lowest point,medium,Noun/Concept Synonyms,472
copy,replica,bootleg,fake,knockoff,easy,Noun/Concept Synonyms,472
jitter,butterfly,willy,nerve,"nervousness, in the singular",hard,Noun/Concept Synonyms,472
gooden,strawberry,piazza,seaver,new york mets legends,hard,Noun/Concept Synonyms,473
ding-dong,yahoo,dodo,yo-yo,knucklehead,easy,Noun/Concept Synonyms,473
great,legend,icon,lion,luminary,medium,Descriptor/Adjective Synonyms,473
fritter,fiddle,throw,trifle,"squander, with “away”",very_hard,Noun/Concept Synonyms,473
one,dance,root,meal,square ___,very_hard,Fill-in-the-Blank,474
grand,lavish,opulent,deluxe,luxurious,medium,Descriptor/Adjective Synonyms,474
praise,glory,credit,props,kudos,easy,Noun/Concept Synonyms,474
net,met,ranger,jet,new york sports team members,hard,Members of a Set/Entities,474
lede,dateline,photo,caption,news article features,hard,Noun/Concept Synonyms,475
dropper,beaker,goggles,microscope,lab equipment,easy,Members of a Set/Entities,475
o,ok,o,us,magazines,medium,Noun/Concept Synonyms,475
octopussy,beetlejuice,foxy brown,dogma,starting with animals,very_hard,Members of a Set/Entities,475
lunar,pufnstuf,cranium,cronut,starting with bird homophones,very_hard,Word Structure/Play,476
ton,mass,slew,sea,large amount,easy,Descriptor/Adjective Synonyms,476
copy,sports,city,culture,newspaper desks,hard,Noun/Concept Synonyms,476
fortune,mad,nature,w,magazines,medium,Noun/Concept Synonyms,476
bundle,pile,fortune,mint,large amount of money,easy,Descriptor/Adjective Synonyms,477
noble,great,grand,lofty,magnanimous,medium,Descriptor/Adjective Synonyms,477
draconian,library,leonardo,hydrant,starting with constellations,very_hard,Action/Verb Synonyms,477
globe,mirror,post,sun,newspaper names,hard,Members of a Set/Entities,477
post,globe,sun,journal,newspapers,hard,Noun/Concept Synonyms,478
bernie,rigatoni,romeo,parish,starting with european capitals,very_hard,Members of a Set/Entities,478
music,downloads,documents,desktop,main folders in a computer,medium,Idioms & Slang,478
vessel,craft,ship,barge,large boat,easy,Descriptor/Adjective Synonyms,478
grate,mince,slice,cube,make into smaller pieces while cooking,medium,Members of a Set/Entities,479
plastic,credit,charge,card,non-cash way to pay,hard,Noun/Concept Synonyms,479
lol,rofl,haha,dead,"laughter, in a text",easy,Noun/Concept Synonyms,479
newton,adderall,monitorship,toady,starting with herpetofauna,very_hard,Action/Verb Synonyms,479
juniper,freshwater,sophocles,seneca,starting with high school/college abbreviations,very_hard,Idioms & Slang,480
present,exhibit,display,show,make public,medium,Action/Verb Synonyms,480
baloney,tripe,bull,bunk,nonsense,hard,Noun/Concept Synonyms,480
gush,flatter,praise,fawn,lay it on thick,easy,Noun/Concept Synonyms,480
trojan horse,virus,worm,backdoor,malicious software,medium,Descriptor/Adjective Synonyms,481
blue,liberal,progressive,left,"left-leaning, politically",easy,Descriptor/Adjective Synonyms,481
helonium,haiku,yeoman,haystack,starting with homophones of greetings,very_hard,Word Structure/Play,481
ion,ship,ness,dom,noun suffixes,hard,Word Structure/Play,481
plan,canal,panama,man,nouns in a famous palindrome,hard,Word Structure/Play,482
destination,starting point,route,stops,map app options,medium,Noun/Concept Synonyms,482
eye contact,pea soup,tea leaves,sea change,starting with letter homophones,very_hard,Word Structure/Play,482
ankle,knee,thigh,shin,leg parts,easy,Noun/Concept Synonyms,482
calcium,triglyceride,biopic,chemise,"starting with math and science classes, for short",very_hard,Idioms & Slang,483
holder,rest,base,stand,object used for support,hard,Noun/Concept Synonyms,483
compass,key,inset,scale,map features,medium,Noun/Concept Synonyms,483
loose,lax,slack,easy,lenient,easy,Noun/Concept Synonyms,483
sincerely,love,best,cheers,letter sign-offs,easy,Word Structure/Play,484
queen,full,king,king,mattress sizes,medium,Noun/Concept Synonyms,484
washboard,saw,spoons,jug,objects played as instruments,hard,Members of a Set/Entities,484
leadership,tinder,ironic,goldilocks,starting with metals,very_hard,Action/Verb Synonyms,484
carbon,shipshape,busboy,trainee,starting with methods of transportation,very_hard,Idioms & Slang,485
relations,fling,thing,affair,liaison,easy,Noun/Concept Synonyms,485
twin,full,twin,queen,mattress sizes,medium,Noun/Concept Synonyms,485
bag,snag,land,secure,obtain,hard,Noun/Concept Synonyms,485
organ,medium,instrument,vehicle,means,medium,Noun/Concept Synonyms,486
glad-hand,happy meal,sunny-side up,merry-go-round,starting with optimistic words,very_hard,Action/Verb Synonyms,486
win,get,score,land,obtain,hard,Noun/Concept Synonyms,486
program,bill,schedule,slate,lineup,easy,Noun/Concept Synonyms,486
oil,coolant,brake fluid,fuel,liquids you put into cars,easy,Idioms & Slang,487
scale,ruler,compass,watch,measuring instruments,medium,Members of a Set/Entities,487
wallet,soulmate,coconut,updo,starting with pixar movies,very_hard,Trivia/Pop Culture,487
clear,pronounced,marked,striking,obvious,hard,Descriptor/Adjective Synonyms,487
prayer,proposal,dubbing,apology,occasions when one might kneel,hard,Idioms & Slang,488
roster,slate,ticket,ballot,list of candidates,easy,Noun/Concept Synonyms,488
histamine,mystery,ouroboros,herring,starting with possessive determiners,very_hard,Action/Verb Synonyms,488
publicity,coverage,exposure,press,media attention,medium,Noun/Concept Synonyms,488
intern,attending,resident,fellow,medical roles,medium,Noun/Concept Synonyms,489
numbers,judges,job,daniel,old testament books,hard,Noun/Concept Synonyms,489
hershey,minefield,histamine,itsy,starting with possessive pronouns,very_hard,Action/Verb Synonyms,489
touch,drop,dab,splash,little bit,easy,Noun/Concept Synonyms,489
thatch,mop,shock,tangle,mess of hair,medium,Noun/Concept Synonyms,490
kisscam,creamsicle,journeyman,rushmore,starting with rock bands,very_hard,Trivia/Pop Culture,490
stuffy,traditional,straight,square,old-fashioned,hard,Noun/Concept Synonyms,490
dive,haunt,establishment,joint,local watering hole,easy,Noun/Concept Synonyms,490
mnemonic,knee,gnome,psyche,starting with silent letters,very_hard,Word Structure/Play,491
sub,grinder,hero,hoagie,long sandwiches,easy,Noun/Concept Synonyms,491
mane,tangle,mop,mat,mess of hair,medium,Noun/Concept Synonyms,491
wall street,nixon,platoon,jfk,oliver stone movies,hard,Trivia/Pop Culture,491
breaking,surfing,taekwondo,trampoline,olympic events since 2000,hard,Trivia/Pop Culture,492
wolf eel,scarf ring,bolt cutter,chow mein,"starting with synonyms for ""eat""",very_hard,Idioms & Slang,492
alpaca,afghan,yak,angora,long-haired animals,easy,Members of a Set/Entities,492
spoil,fluff,blow,bumble,mess up,medium,Noun/Concept Synonyms,492
scrape,scratch,score,scar,mess up the surface of,medium,Idioms & Slang,493
hoop,ring,circle,band,loop,easy,Noun/Concept Synonyms,493
trampoline,hockey,breaking,skeleton,olympic sports,hard,Members of a Set/Entities,493
shoo-in,scattergories,go-getter,leavening,"starting with synonyms for ""scram!""",very_hard,Idioms & Slang,493
level,flat,flush,even,on the same plane,hard,Noun/Concept Synonyms,494
loofah,johnson,candle,toiletries,starting with synonyms for lavatory,very_hard,Idioms & Slang,494
kind,sweet,warm,tender,loving,easy,Action/Verb Synonyms,494
iron,copper,gold,zinc,metal elements,medium,Noun/Concept Synonyms,494
silver,nickel,lead,tin,metal elements,medium,Noun/Concept Synonyms,495
foot,bottom,foundation,base,lowest part,easy,Noun/Concept Synonyms,495
mockingbird,kidney,ribbon,razzmatazz,starting with synonyms for “tease”,very_hard,Idioms & Slang,495
donut,month,juror,inch,one in a group of twelve,hard,Idioms & Slang,495
agent,plant,spy,mole,one involved in espionage,hard,Noun/Concept Synonyms,496
doctoring,missing,lording,siring,starting with titles,very_hard,Action/Verb Synonyms,496
melt,wrap,club,hero,lunch orders,easy,Noun/Concept Synonyms,496
bombshell,twist,wrench,curveball,metaphor for something unexpected,medium,Noun/Concept Synonyms,496
whirlwind,circus,roller coaster,soap opera,metaphors for a dramatic and chaotic event,medium,Idioms & Slang,497
satin,silk,chiffon,velvet,luxurious fabrics,easy,Descriptor/Adjective Synonyms,497
hot dog,peacock,ham,showboat,one who likes showing off,hard,Trivia/Pop Culture,497
kaleidoscope,peacock,beethoven,cornucopia,starting with vegetables,very_hard,Action/Verb Synonyms,497
flywheel,rushmore,dashboard,dartmouth,starting with ways to move quickly,very_hard,Idioms & Slang,498
boxer,monk,judge,wizard,ones wearing robes,hard,Noun/Concept Synonyms,498
hoof,claw,horn,nail,made of keratin,easy,Noun/Concept Synonyms,498
means,channel,vehicle,medium,method,medium,Noun/Concept Synonyms,498
micro,mega,kilo,pico,metric prefixes,medium,Word Structure/Play,499
botch,spoil,blow,butcher,make a hash of,easy,Action/Verb Synonyms,499
rollerblade,android,rattlesnake,shakespeare,"starting with “shake, rattle and roll”",very_hard,Idioms & Slang,499
connoisseur,critic,expert,snob,ones with discerning tastes,hard,Noun/Concept Synonyms,499
devil,elf,batman,vulcan,ones with pointy ears,hard,Noun/Concept Synonyms,500
ken,bots,came,tan,starts of african countries,very_hard,Members of a Set/Entities,500
tie,square,draw,even,"make equal, as a score",easy,Idioms & Slang,500
spirit,grit,resolve,fight,mettle,medium,Noun/Concept Synonyms,500
fudge,shoot,frick,shoot,mild oaths,medium,Noun/Concept Synonyms,501
fulfill,honor,keep,uphold,"make good on, as a promise",easy,Idioms & Slang,501
juice,fire,zip,energy,oomph,hard,Noun/Concept Synonyms,501
motor,app,sam,goo,starts of cell phone makers,very_hard,Idioms & Slang,501
n.f.l.,nasa,paramount,subaru,orgs with stars in their logos,hard,Idioms & Slang,502
haze,pec,mac,cash,starts of culinary nuts,very_hard,Noun/Concept Synonyms,502
suit,tickle,please,delight,make happy,easy,Action/Verb Synonyms,502
darn,heck,fie,frick,mild oaths,medium,Noun/Concept Synonyms,502
fiddlesticks,sugar,fudge,fudge,mild oaths,medium,Noun/Concept Synonyms,503
clip,trim,cut,pare,make shorter,easy,Action/Verb Synonyms,503
sara,luxe,wars,cope,starts of european capitals,very_hard,Members of a Set/Entities,503
root,cradle,font,source,origin,hard,Noun/Concept Synonyms,503
thimble,boot,iron,top hat,original monopoly tokens,hard,Noun/Concept Synonyms,504
germ,luxe,malt,port,starts of european countries,very_hard,Members of a Set/Entities,504
highlighter,blush,powder,foundation,makeup,easy,Noun/Concept Synonyms,504
fatigue,drab,camo,khaki,military clothing descriptors,medium,Noun/Concept Synonyms,504
bug,cold,cough,chill,minor ailments,medium,Noun/Concept Synonyms,505
shop,mill,plant,factory,manufacturing locations,easy,Action/Verb Synonyms,505
timer,broil,bake,light,oven buttons,hard,Noun/Concept Synonyms,505
bet,the,lamb,delt,starts of greek letters,very_hard,Word Structure/Play,505
were,vamp,mum,frank,starts of monsters,very_hard,Noun/Concept Synonyms,506
corn,cheese,pap,mush,overly sentimental work,hard,Noun/Concept Synonyms,506
seal,otter,manatee,dolphin,marine mammals,easy,Noun/Concept Synonyms,506
soften,dampen,temper,cushion,mitigate,medium,Noun/Concept Synonyms,506
cool,temper,moderate,settle,mollify,medium,Descriptor/Adjective Synonyms,507
like,favorite,bookmark,save,mark online for later,easy,Noun/Concept Synonyms,507
zit,penn,fett,torte,starts of pasta names,very_hard,Members of a Set/Entities,507
contact,login,about,home,pages on a website,hard,Noun/Concept Synonyms,507
koala,wombat,kangaroo,wallaby,marsupials,easy,Noun/Concept Synonyms,508
gas,internet,rent,phone,monthly expenses,medium,Noun/Concept Synonyms,508
pearl,matte,gloss,eggshell,paint finishes,hard,Noun/Concept Synonyms,508
ear,mar,sat,mer,starts of planet names,very_hard,Members of a Set/Entities,508
whistler,munch,bacon,close,painters,hard,Noun/Concept Synonyms,509
bus,car,motorcycle,truck,motor vehicles,medium,Noun/Concept Synonyms,509
butter,free,breast,back,starts of swimming strokes,very_hard,Noun/Concept Synonyms,509
giant,monster,super,jumbo,massive,easy,Descriptor/Adjective Synonyms,509
bib,eye,pop,gag,palindromes,hard,Word Structure/Play,510
fuji,hood,olympus,whitney,mount ___,medium,Fill-in-the-Blank,510
china,linen,crystal,silver,materials associated with fancy dining,easy,Idioms & Slang,510
rap,don,leo,mic,starts of teenage mutant ninja turtles,very_hard,Idioms & Slang,510
nick,quart,pen,dim,starts of u.s. coins,very_hard,Noun/Concept Synonyms,511
tool,medium,vehicle,mechanism,means,easy,Noun/Concept Synonyms,511
sway,swing,rock,wave,move back and forth,medium,Action/Verb Synonyms,511
classic,model,textbook,definitive,paradigmatic,hard,Descriptor/Adjective Synonyms,511
plane,train,car,boat,means of transportation,easy,Noun/Concept Synonyms,512
progress,advance,push,march,move forward,medium,Action/Verb Synonyms,512
bench,tree,statue,pigeon,park staples,hard,Noun/Concept Synonyms,512
cart,washing,bide,nix,starts of u.s. presidents,very_hard,Noun/Concept Synonyms,512
wash,kent,mass,mary,starts of u.s. states,very_hard,Members of a Set/Entities,513
flap,wave,sway,blow,move in the wind,medium,Action/Verb Synonyms,513
backboard,net,rim,pole,parts of a basketball hoop,hard,Members of a Set/Entities,513
poke,pry,nose around,snoop,meddle,easy,Noun/Concept Synonyms,513
barrel,bolt,zip,zip,move quickly,medium,Action/Verb Synonyms,514
trailer,axles,hitch,tractor,parts of a big rig,hard,Members of a Set/Entities,514
average,fair,so-so,ok,meh,easy,Noun/Concept Synonyms,514
aqua,capri,gem,sag,starts of zodiac signs,very_hard,Members of a Set/Entities,514
spine,jacket,page,cover,parts of a book,hard,Members of a Set/Entities,515
animal,bacteria,fungus,plant,member of a kingdom in taxonomy,easy,Idioms & Slang,515
race,fly,dart,dash,move quickly,medium,Action/Verb Synonyms,515
board,struck,gate,fish,star___,very_hard,Fill-in-the-Blank,515
celtic,packer,yankee,canadien,member of a team with the most championships in their respective sports,easy,Members of a Set/Entities,516
bind,spot,pickle,scrape,sticky situation,very_hard,Noun/Concept Synonyms,516
steal,slip,tiptoe,creep,move stealthily,medium,Action/Verb Synonyms,516
wheel,shock,tank,dash,"parts of a car, informally",hard,Members of a Set/Entities,516
beret,badge,sash,skirt,parts of a classic girl scout uniform,hard,Members of a Set/Entities,517
glee,mirth,festivity,cheer,merriment,easy,Noun/Concept Synonyms,517
fly,race,blaze,tear,move with speed,medium,Action/Verb Synonyms,517
note,rice,fingers,wicket,sticky ___,very_hard,Fill-in-the-Blank,517
tri,pec,quad,ab,"muscles, informally",medium,Idioms & Slang,518
goatee,pitchfork,tail,horns,parts of a devil costume,hard,Members of a Set/Entities,518
elm,sesame,fear,jump,streets on screen,very_hard,Noun/Concept Synonyms,518
tin,lead,mercury,gold,metal elements,easy,Noun/Concept Synonyms,518
crag,ledge,cliff,ridge,parts of a mountain,hard,Members of a Set/Entities,519
downing,main,wall,fleet,streets with symbolic importance,very_hard,Descriptor/Adjective Synonyms,519
hornet’s nest,can of worms,minefield,pandora’s box,metaphors for potentially volatile situations,easy,Idioms & Slang,519
jacked,built,ripped,swole,muscular,medium,Noun/Concept Synonyms,519
blues,soul,funk,country,music genres,medium,Members of a Set/Entities,520
sphere,circle,scene,world,milieu,easy,Noun/Concept Synonyms,520
pose,chord,deal,match,strike a ___,very_hard,Fill-in-the-Blank,520
shoulder,divider,lane,median,parts of a road,hard,Members of a Set/Entities,520
hash,medley,jumble,stew,mishmash,easy,Noun/Concept Synonyms,521
deck,anchor,bridge,aft,parts of a ship,hard,Members of a Set/Entities,521
cheese,theory,bikini,bean,string ___,very_hard,Fill-in-the-Blank,521
organ,bass,triangle,harp,musical instruments,medium,Members of a Set/Entities,521
yardstick,benchmark,gauge,standard,model for reference,easy,Noun/Concept Synonyms,522
horn,recorder,horn,fiddle,musical instruments,medium,Members of a Set/Entities,522
glue,tuesday,8,bowl,super ___,very_hard,Fill-in-the-Blank,522
bow,mast,deck,fore,parts of a ship,hard,Members of a Set/Entities,522
la,ti,fa,do,musical notes,medium,Noun/Concept Synonyms,523
train,car,boat,plane,modes of transportation,easy,Noun/Concept Synonyms,523
chain,flapper,float,handle,parts of a toilet tank,hard,Members of a Set/Entities,523
banner,stark,prince,wayne,superhero last names,very_hard,Members of a Set/Entities,523
pulp,root,enamel,crown,parts of a tooth,hard,Members of a Set/Entities,524
wind,rhythm,string,brass,musical sections,medium,Noun/Concept Synonyms,524
fish,massage,chef,meatball,swedish ___,very_hard,Fill-in-the-Blank,524
pamper,humor,indulge,baby,mollycoddle,easy,Noun/Concept Synonyms,524
sixteen,tooth,talk,potato,sweet ___,very_hard,Fill-in-the-Blank,525
nose,engine,wing,cabin,parts of an airplane,hard,Members of a Set/Entities,525
jail,boardwalk,chance,go,monopoly squares,easy,Noun/Concept Synonyms,525
carousel,chicago,cabaret,cats,musicals beginning with “c”,medium,Noun/Concept Synonyms,525
pickup,fret,peg,string,parts of an electric guitar,hard,Members of a Set/Entities,526
crook,quack,cheat,shark,swindler,very_hard,Noun/Concept Synonyms,526
rev,prof,ms,gen,name prefixes,medium,Word Structure/Play,526
purr,buzz,drone,hum,monotonous sounds,easy,Descriptor/Adjective Synonyms,526
gas,cable,electric,water,monthly bills,easy,Noun/Concept Synonyms,527
whip,fedora,satchel,bomber,parts of an indiana jones costume,hard,Members of a Set/Entities,527
savanna,cliff,brook,dale,natural features,medium,Noun/Concept Synonyms,527
caret,star,brace,hash,symbols on a keyboard,very_hard,Members of a Set/Entities,527
spat,row,tiff,quarrel,synonyms for argument,very_hard,Noun/Concept Synonyms,528
sun,thunder,king,magic,nba players,medium,Members of a Set/Entities,528
hover,scroll,click,drag,mouse actions,easy,Noun/Concept Synonyms,528
rind,stem,seed,core,parts of fruit you might not eat,hard,Members of a Set/Entities,528
bolt,barrel,hurtle,tear,move at breakneck speed,easy,Action/Verb Synonyms,529
ribbon,elbow,wheel,ear,pasta shapes,hard,Noun/Concept Synonyms,529
moan,grouse,carp,gripe,synonyms for complain,very_hard,Noun/Concept Synonyms,529
bucks,nets,jazz,heat,nba teams,medium,Members of a Set/Entities,529
honeycomb,checkers,stripes,camo,patterns,hard,Noun/Concept Synonyms,530
but,rum,ars,boot,synonyms for rear end minus last letter,very_hard,Word Structure/Play,530
scoop,boat,v,crew,necklines,medium,Noun/Concept Synonyms,530
dash,bolt,fly,dart,move quickly,easy,Action/Verb Synonyms,530
storm,bone,rex,shirt,t-___,very_hard,Fill-in-the-Blank,531
pony,ante,settle,cough,"pay, with “up”",hard,Noun/Concept Synonyms,531
fly,soar,glide,float,move through the air,easy,Action/Verb Synonyms,531
drop cloth,roller,paint,tape,needs for painting a room,medium,Idioms & Slang,531
dice,scorecard,pencil,cup,needs for playing yahtzee,medium,Noun/Concept Synonyms,532
push,drive,prompt,propel,move to action,easy,Action/Verb Synonyms,532
masterpiece,nova,nature,frontline,pbs shows,hard,Trivia/Pop Culture,532
lovers,tower,fool,magician,"tarot cards, with “the”",very_hard,Noun/Concept Synonyms,532
groove,bop,sway,bounce,move to the music,easy,Action/Verb Synonyms,533
family,order,domain,class,taxonomy ranks,very_hard,Noun/Concept Synonyms,533
envelope,name,stamp,address,needs for sending a letter,medium,Word Structure/Play,533
ace,nail,rock,crush,perform well on,hard,Action/Verb Synonyms,533
rubber bands,basin,dye,shirt,needs for tie-dyeing a shirt,medium,Idioms & Slang,534
medicine,commute,vision,prompter,tele___,very_hard,Fill-in-the-Blank,534
picture,flick,feature,film,movie,easy,Noun/Concept Synonyms,534
age,day,time,era,period,hard,Noun/Concept Synonyms,534
as,k,be,i,periodic table symbols,hard,Members of a Set/Entities,535
romance,musical,western,horror,movie genres,easy,Members of a Set/Entities,535
tramp,prince,rascals,mermaid,the little ___,very_hard,Fill-in-the-Blank,535
chronicle,register,herald,sun,newspaper names,medium,Members of a Set/Entities,535
balcony,stage,box,orchestra,theater sections,very_hard,Noun/Concept Synonyms,536
ride,badger,bug,harry,pester,hard,Noun/Concept Synonyms,536
business,national,opinion,style,newspaper sections,medium,Noun/Concept Synonyms,536
cast,plot,genre,title,movie summary info,easy,Noun/Concept Synonyms,536
munich,chicago,rio,philadelphia,movie title cities,easy,Members of a Set/Entities,537
heart,nucleus,hub,center,nexus,medium,Noun/Concept Synonyms,537
walls,musicians,pitchers,cornfield,they have literal/idiomatic ears,very_hard,Descriptor/Adjective Synonyms,537
campaign,press,appeal,lobby,petition (for),hard,Noun/Concept Synonyms,537
aquarium,geometry,tampa bay,sun,they have rays,very_hard,Noun/Concept Synonyms,538
eyedropper,eraser,magic wand,lasso,photoshop tools,hard,Members of a Set/Entities,538
town,city,county,village,municipalities,easy,Noun/Concept Synonyms,538
moniker,designation,handle,sobriquet,nickname,medium,Noun/Concept Synonyms,538
owl,moth,wolf,bat,nocturnal animals,medium,Members of a Set/Entities,539
hanger,hammer,level,nail,picture hanging needs,hard,Noun/Concept Synonyms,539
grouch,o,statuette,baloney,things called “oscar”,very_hard,Trivia/Pop Culture,539
mist,fog,haze,cloud,murky condition,easy,Noun/Concept Synonyms,539
tri,quad,pec,lat,"muscles, informally",easy,Idioms & Slang,540
row,racket,clatter,ruckus,noisy disturbance,medium,Noun/Concept Synonyms,540
puck,ball,stone,birdie,pieces of olympic sports equipment,hard,Members of a Set/Entities,540
abecedarium,computer keyboard,scrabble,ouija board,things featuring letters a through z,very_hard,Word Structure/Play,540
flipper,plunger,ball,bumper,pinball machine components,hard,Noun/Concept Synonyms,541
bunk,crock,baloney,tripe,nonsense,medium,Noun/Concept Synonyms,541
comets,dress coat,coin toss,sonic the hedgehog,things featuring tails,very_hard,Members of a Set/Entities,541
pop,metal,emo,funk,music genres,easy,Members of a Set/Entities,541
suck,stink,bite,blow,not be good,medium,Noun/Concept Synonyms,542
filter,tamper,pipe cleaner,lighter,pipe-smoking accessories,hard,Action/Verb Synonyms,542
country,jazz,rock,blues,music genres,easy,Members of a Set/Entities,542
genie,message,ship,lightning,things in bottles,very_hard,Members of a Set/Entities,542
zip,bite,tang,kick,piquancy,hard,Descriptor/Adjective Synonyms,543
but,besides,save,except,not including,medium,Noun/Concept Synonyms,543
mittens,kettles,raindrops,whiskers,things in “my favorite things”,very_hard,Members of a Set/Entities,543
pop,folk,punk,rap,music genres,easy,Members of a Set/Entities,543
stop,rewind,shuffle,skip,music player buttons,easy,Descriptor/Adjective Synonyms,544
liberty,life,happiness,pursuit,nouns from a famous line in the declaration of independence,medium,Trivia/Pop Culture,544
brave,coco,up,cars,pixar movies,hard,Trivia/Pop Culture,544
maraca,hands,snowglobe,polaroid,things people shake,very_hard,Members of a Set/Entities,544
tea,aura,palm,tarot,things read in divination,very_hard,Members of a Set/Entities,545
theremin,harp,bass,timpani,musical instruments,easy,Members of a Set/Entities,545
handful,pest,pain,bother,nuisance,medium,Noun/Concept Synonyms,545
racecar,grumpy old man,talking doll,clownfish,pixar protagonists,hard,Noun/Concept Synonyms,545
bassoon,tambourine,trombone,recorder,musical instruments,easy,Members of a Set/Entities,546
bottle,graduate,mushroom,salary,things that are capped,very_hard,Members of a Set/Entities,546
audio,games,news,cooking,nyt offerings,medium,Noun/Concept Synonyms,546
put,laid,sat,placed,placed down,hard,Noun/Concept Synonyms,546
ascot,tie,scarf,bolo,neckwear,easy,Noun/Concept Synonyms,547
aegis,pandora’s box,apple of discord,golden fleece,objects from greek myth,medium,Noun/Concept Synonyms,547
shadow,doubt,movie,vote,things that are cast,very_hard,Members of a Set/Entities,547
champagne,nice,tours,dijon,places in france,hard,Noun/Concept Synonyms,547
baby,blow,package,speech,things that are delivered,very_hard,Members of a Set/Entities,548
gulf,chevron,shell,7-eleven,places that sell gas,hard,Noun/Concept Synonyms,548
point,line,solid,plane,"objects in 0-, 1-, 2- and 3-dimensional space",medium,Idioms & Slang,548
though,however,still,yet,nevertheless,easy,Descriptor/Adjective Synonyms,548
red carpet,american flag,uber rating,galaxy,places to find stars,hard,Noun/Concept Synonyms,549
zodiac,clock,year,foot,things that are divided into twelve segments,very_hard,Members of a Set/Entities,549
wire,flash,bulletin,report,news announcement,easy,Noun/Concept Synonyms,549
stop,block,clog,jam,obstruct,medium,Noun/Concept Synonyms,549
columnist,photographer,reporter,editor,newspaper jobs,easy,Noun/Concept Synonyms,550
rocker,swing,hammock,cradle,places to lie/sit that move,hard,Idioms & Slang,550
hoagie,baton,torpedo,cigar,things that are long and cylindrical,very_hard,Members of a Set/Entities,550
smith,miller,mason,fisher,occupational surnames,medium,Members of a Set/Entities,550
eggplant,eggplant,lavender,grimace,things that are purple,very_hard,Members of a Set/Entities,551
arts,business,comics,sports,newspaper sections,easy,Noun/Concept Synonyms,551
sheep,squid,deer,shrimp,plural animals identical to their singular forms,hard,Members of a Set/Entities,551
drift,current,wave,tide,ocean phenomena,medium,Members of a Set/Entities,551
packer,raven,cowboy,bronco,nfl players,easy,Members of a Set/Entities,552
barney the dinosaur,people eater,amethyst,swing state,things that are purple,very_hard,Members of a Set/Entities,552
up first,radiolab,wtf,serial,podcasts,hard,Noun/Concept Synonyms,552
pawn,puppet,instrument,tool,one being manipulated,medium,Noun/Concept Synonyms,552
gum,glue,tape,stick,things that are “sticky”,very_hard,Members of a Set/Entities,553
meter,verse,line,rhyme,poetry terms,hard,Noun/Concept Synonyms,553
buck,smacker,single,clam,one dollar,medium,Noun/Concept Synonyms,553
club,lounge,bar,disco,nightspots,easy,Noun/Concept Synonyms,553
call,check,raise,fold,poker actions,hard,Noun/Concept Synonyms,554
table,book,tree,salad,things that can have leaves,very_hard,Members of a Set/Entities,554
baloney,bull,rubbish,bunk,nonsense,easy,Noun/Concept Synonyms,554
aviator,flier,ace,pilot,one flying an airplane,medium,Noun/Concept Synonyms,554
faucet,nose,candidate,mascara,things that can run,very_hard,Members of a Set/Entities,555
bones,elementary,kojak,monk,police procedurals,hard,Noun/Concept Synonyms,555
month,juror,donut,rose,one in a dozen,medium,Noun/Concept Synonyms,555
mean,par,average,standard,norm,easy,Noun/Concept Synonyms,555
noodle,muse,reflect,deliberate,ponder,hard,Noun/Concept Synonyms,556
union,inspiration,cobra,lightning,things that can strike,very_hard,Members of a Set/Entities,556
gone,mia,elsewhere,absent,not present,easy,Noun/Concept Synonyms,556
volunteer,guinea pig,participant,subject,one in a research study,medium,Idioms & Slang,556
sister,deadly sin,continent,wonder,one in a septet,medium,Noun/Concept Synonyms,557
uneven,rugged,rough,bumpy,"not smooth, as terrain",easy,Noun/Concept Synonyms,557
tide,sun,elevator,yo-yo,things that go up and down,very_hard,Members of a Set/Entities,557
kettle,stovetop,microwave,popper,popcorn-making methods,hard,Action/Verb Synonyms,557
buggy,spotty,erratic,glitchy,not working reliably,easy,Descriptor/Adjective Synonyms,558
waffle iron,clam,laptop,compact,things that open like a clam,very_hard,Members of a Set/Entities,558
mother,president,saint patrick,saint valentine,ones celebrated with holidays,medium,Noun/Concept Synonyms,558
share,piece,take,cut,portion of profit,hard,Noun/Concept Synonyms,558
vacuum,vampire,straw,leech,things that suck,very_hard,Members of a Set/Entities,559
big,popular,hot,in,of-the-moment,easy,Noun/Concept Synonyms,559
former,prior,past,late,onetime,medium,Noun/Concept Synonyms,559
boot,tow,ticket,points,possible results of a traffic violation,hard,Idioms & Slang,559
digression,tangent,detour,aside,off-topic remarks,easy,Descriptor/Adjective Synonyms,560
fix,hole,spot,corner,predicament,hard,Noun/Concept Synonyms,560
character,makeup,nature,fiber,one’s constitution,medium,Noun/Concept Synonyms,560
pendulum,saloon doors,golfer,swing,things that swing,very_hard,Members of a Set/Entities,560
vanilla,ivory,eggshell,cream,off-white shades,easy,Noun/Concept Synonyms,561
break,time,shot,chance,opportunity,medium,Descriptor/Adjective Synonyms,561
bird,kettle,train,referee,things that whistle,very_hard,Members of a Set/Entities,561
binds,jams,spots,pickles,predicaments,hard,Noun/Concept Synonyms,561
shot,turn,chance,opening,opportunity,medium,Descriptor/Adjective Synonyms,562
forecast,divine,read,call,predict,hard,Noun/Concept Synonyms,562
approval,consent,support,blessing,official sanctioning,easy,Noun/Concept Synonyms,562
dandelion,eyelash,candle,dice,things to blow on for wishes/luck,very_hard,Members of a Set/Entities,562
pro,sub,super,retro,prefixes,hard,Word Structure/Play,563
tongue,tripe,heart,gizzard,organ meats,medium,Noun/Concept Synonyms,563
remote,tongue,heels,mouse,things to click,very_hard,Members of a Set/Entities,563
maxim,chestnut,saw,adage,old saying,easy,Noun/Concept Synonyms,563
drill,comedian,bridle,byte,things with bits,very_hard,Members of a Set/Entities,564
train,chain,string,series,one thing after another,easy,Noun/Concept Synonyms,564
chester,harry,calvin,grover,presidential first names,hard,Members of a Set/Entities,564
kidney,lung,heart,liver,organs,medium,Noun/Concept Synonyms,564
team,number,college,position,pro athlete data,hard,Noun/Concept Synonyms,565
solar panel,spreadsheet,organism,honeycomb,things with cells,very_hard,Members of a Set/Entities,565
ruffle,trim,frill,fringe,ornamental border,medium,Noun/Concept Synonyms,565
principal,headliner,star,lead,one with top billing,easy,Noun/Concept Synonyms,565
undertaker,hitman,rock,snake,"pro wrestling icons, with “the”",hard,Idioms & Slang,566
mate,complement,match,partner,other half,medium,Noun/Concept Synonyms,566
birth,start,dawn,creation,onset,easy,Noun/Concept Synonyms,566
reactor,apple,planet,computer,things with cores,very_hard,Members of a Set/Entities,566
line,trade,field,business,profession,hard,Noun/Concept Synonyms,567
court,yard,square,plaza,open space,easy,Noun/Concept Synonyms,567
potato,hurricane,face,needle,things with eye(s),very_hard,Members of a Set/Entities,567
festival,tailgate,picnic,block party,outdoor events,medium,Noun/Concept Synonyms,567
working,active,functional,running,operating,easy,Action/Verb Synonyms,568
dense,thick,tight,compact,packed,medium,Noun/Concept Synonyms,568
ruby,java,basic,python,programming languages,hard,Action/Verb Synonyms,568
biped,furniture,poem,yardstick,things with feet,very_hard,Members of a Set/Entities,568
trim,tidy,clean,neat,orderly,easy,Descriptor/Adjective Synonyms,569
ski poles,knitting needles,chopsticks,claves,pairs of rods,medium,Noun/Concept Synonyms,569
cage,bacon,ford,cruise,prolific actors,hard,Trivia/Pop Culture,569
sponge,bowling ball,golf course,colander,things with holes,very_hard,Members of a Set/Entities,569
vanilla,plain,standard,normal,ordinary,easy,Descriptor/Adjective Synonyms,570
jazzercise,paralympics,pokémon,wikipedia,proper noun portmanteaux,hard,Noun/Concept Synonyms,570
abba,kayak,nun,stats,palindromes,medium,Word Structure/Play,570
florida,locksmith,cryptography,piano,things with keys,very_hard,Members of a Set/Entities,570
yankees,kate,birdie,dolly,proper nouns in broadway musical titles that are spoken phrases,hard,Idioms & Slang,571
party,team,group,club,organization,easy,Noun/Concept Synonyms,571
checkers,nhl,deck of cards,monarchy,things with kings,very_hard,Members of a Set/Entities,571
refer,tenet,level,pep,palindromes featuring “e”,medium,Word Structure/Play,571
sheet,page,leaf,folio,paper in a book,medium,Noun/Concept Synonyms,572
genesis,seed,germ,source,origin,easy,Noun/Concept Synonyms,572
donut,pacifier,skateboard,saxophone,props for characters on “the simpsons”,hard,Trivia/Pop Culture,572
henhouse,earth,photoshop,onion,things with layers,very_hard,Members of a Set/Entities,572
hornets’ nest,can,tires,habit,proverbial things to kick,hard,Members of a Set/Entities,573
box,fence,dive,row,participate in summer olympic events,medium,Members of a Set/Entities,573
garish,bright,flashy,loud,"ostentatious, as an outfit",easy,Noun/Concept Synonyms,573
tree,book,table,tea,things with leaves,very_hard,Members of a Set/Entities,573
chain,golf course,sausage,website,things with links,very_hard,Members of a Set/Entities,574
dog,tail,shadow,track,pursue,hard,Noun/Concept Synonyms,574
shred,crumb,morsel,grain,particle,medium,Noun/Concept Synonyms,574
better,top,eclipse,surpass,outdo,easy,Noun/Concept Synonyms,574
saddle,pedal,chain,wheel,parts of a bike,medium,Members of a Set/Entities,575
chase,tail,track,follow,pursue,hard,Noun/Concept Synonyms,575
frank,vocal,loud,direct,outspoken,easy,Noun/Concept Synonyms,575
tree,wedding,saturn,circus,things with rings,very_hard,Members of a Set/Entities,575
spine,leaves,cover,jacket,parts of a book,medium,Members of a Set/Entities,576
schedule,atm,spatula,casino,things with slots,very_hard,Members of a Set/Entities,576
lift,bounce,volume,body,qualities of thick hair,hard,Noun/Concept Synonyms,576
bore,held,possessed,had,owned,easy,Noun/Concept Synonyms,576
squirrel,store,stash,stow,pack (away) for future use,easy,Idioms & Slang,577
some,several,many,few,quantity words,hard,Noun/Concept Synonyms,577
book,skeleton,cactus,hedgehog,things with spines,very_hard,Members of a Set/Entities,577
belt,wheel,mirror,horn,parts of a car,medium,Members of a Set/Entities,577
touchdown,takeoff,taxi,cruise,parts of a flight,medium,Members of a Set/Entities,578
copy,out,roger,over,radio lingo,hard,Noun/Concept Synonyms,578
fountain,whale,teapot,gutter,things with spouts,very_hard,Members of a Set/Entities,578
palette,easel,canvas,brush,painting accessories,easy,Action/Verb Synonyms,578
grime,bounce,drill,crunk,rap subgenres,hard,Members of a Set/Entities,579
bracket,round,bye,seed,parts of a tournament setup,medium,Members of a Set/Entities,579
spin,angle,slant,bias,partiality,easy,Descriptor/Adjective Synonyms,579
mattress,mousetrap,trampoline,clock,things with spring/s,very_hard,Members of a Set/Entities,579
strap,hand,dial,crown,parts of a watch,medium,Members of a Set/Entities,580
candy cane,referee,tiger,crosswalk,things with stripes,very_hard,Members of a Set/Entities,580
q-tip,ice cube,common,future,rappers,hard,Noun/Concept Synonyms,580
spine,cover,page,jacket,parts of a book,easy,Members of a Set/Entities,580
percentage,thumbs,stars,a-f,ratings systems,hard,Noun/Concept Synonyms,581
tire,trunk,hood,bumper,parts of a car,easy,Members of a Set/Entities,581
trees,swimmers,elephants,cars,things with trunks,very_hard,Members of a Set/Entities,581
banner,menu,header,sidebar,parts of a website,medium,Members of a Set/Entities,581
columbia,virgin,capitol,island,record labels,hard,Noun/Concept Synonyms,582
library,cafeteria,dorm,quad,parts of a college campus,easy,Members of a Set/Entities,582
bubble,raspberry,fuse,kiss,things you can blow,very_hard,Members of a Set/Entities,582
robe,staff,hat,beard,parts of a wizard costume,medium,Members of a Set/Entities,582
halo,robe,wings,harp,parts of an angel costume,medium,Members of a Set/Entities,583
shoebox,brick,fish tank,microwave,rectangular prisms,hard,Noun/Concept Synonyms,583
insurance,vacation,salary,bonus,parts of a compensation package,easy,Members of a Set/Entities,583
wiis,televisions,drones,garage doors,things you can control with remotes,very_hard,Members of a Set/Entities,583
about,toward,on,concerning,regarding,hard,Action/Verb Synonyms,584
sole,arch,ball,heel,parts of a foot,easy,Members of a Set/Entities,584
pick,thumb,hold,blow,things you can do to your nose,very_hard,Members of a Set/Entities,584
drum,hammer,canal,anvil,parts of the ear,medium,Members of a Set/Entities,584
iris,cone,lens,pupil,parts of the eye,medium,Members of a Set/Entities,585
smack,curl,pucker,purse,things you can do with your lips,very_hard,Members of a Set/Entities,585
speaker,turntable,amp,preamp,parts of a record player setup,easy,Members of a Set/Entities,585
limit,check,curb,contain,regulate,hard,Noun/Concept Synonyms,585
medicine,law,self-care,witchcraft,things you can practice,very_hard,Members of a Set/Entities,586
bowtie,spiral,shell,elbow,pasta shapes,medium,Noun/Concept Synonyms,586
delta,bank,mouth,bed,parts of a river,easy,Members of a Set/Entities,586
insurance,escrow,appraisal,mortgage,related to buying a home,hard,Idioms & Slang,586
menu,back,select,home,remote control buttons,hard,Noun/Concept Synonyms,587
sole,heel,upper,tongue,parts of a shoe,easy,Members of a Set/Entities,587
iron,fist,brakes,gas,things you can pump,very_hard,Members of a Set/Entities,587
paisley,stripes,plaid,houndstooth,patterns,medium,Noun/Concept Synonyms,587
bridge,chorus,hook,refrain,parts of a song,easy,Members of a Set/Entities,588
observe,catch,notice,see,perceive,medium,Descriptor/Adjective Synonyms,588
stop,home,mute,volume,remote control functions,hard,Noun/Concept Synonyms,588
record,mood,volleyball,table,things you can set,very_hard,Members of a Set/Entities,588
punch,poke,pierce,bore,perforate,medium,Noun/Concept Synonyms,589
wipe,flick,sweep,brush,"remove, as crumbs",hard,Noun/Concept Synonyms,589
fork,plate,napkin,glass,parts of a table setting,easy,Members of a Set/Entities,589
party,tantrum,curveball,wrench,"things you can throw, in metaphors",very_hard,Members of a Set/Entities,589
pares,shells,shucks,peels,removes the covering of,hard,Noun/Concept Synonyms,590
tank,flail,flounder,flop,perform poorly,medium,Action/Verb Synonyms,590
root,trunk,leaf,branch,parts of a tree,easy,Members of a Set/Entities,590
pee-wee,indiana,ferris,heather,title characters in '80s movies,very_hard,Trivia/Pop Culture,590
melting,condensation,vaporization,freezing,phase transitions for liquids,medium,Noun/Concept Synonyms,591
hedgehog,plumber,princess,gorilla,title figures in classic video games,very_hard,Trivia/Pop Culture,591
standing,face,image,regard,reputation,hard,Noun/Concept Synonyms,591
hub,spoke,rim,tire,parts of a wheel,easy,Members of a Set/Entities,591
booth,counter,table,bar,restaurant seating options,hard,Noun/Concept Synonyms,592
hangar,runway,terminal,tarmac,parts of an airport,easy,Members of a Set/Entities,592
willy,babe,beethoven,charlotte,title movie animals,very_hard,Members of a Set/Entities,592
service,signal,reception,bars,phone connectivity,medium,Descriptor/Adjective Synonyms,592
monk,tracy,magnum,shaft,titular fictional detectives,very_hard,Noun/Concept Synonyms,593
check,curb,limit,stem,restrain,hard,Noun/Concept Synonyms,593
dud,drip,bore,drag,party pooper,easy,Noun/Concept Synonyms,593
catch,see,spot,note,pick up on,medium,Noun/Concept Synonyms,593
check,curb,limit,cap,restrict,hard,Noun/Concept Synonyms,594
cooler,utensils,basket,blanket,picnic accessories,medium,Descriptor/Adjective Synonyms,594
sully,big,splash,philadelphia,tom hanks movies,very_hard,Trivia/Pop Culture,594
extreme,intense,deep,fierce,"passionate, as a feeling",easy,Noun/Concept Synonyms,594
icon,symbol,character,glyph,pictograph,medium,Noun/Concept Synonyms,595
swell,dandy,fine,ducky,peachy,easy,Descriptor/Adjective Synonyms,595
product,sum,difference,quotient,results of some arithmetic,hard,Descriptor/Adjective Synonyms,595
hawk,stark,montana,soprano,tony ___,very_hard,Fill-in-the-Blank,595
fryer,fire,choir,liar,rhymes,hard,Word Structure/Play,596
olive branch,arrows,eagle,shield,pictured on the u.s. great seal,medium,Idioms & Slang,596
banana,dog,hat,secret,top ___,very_hard,Fill-in-the-Blank,596
nifty,super,neat,swell,peachy keen,easy,Noun/Concept Synonyms,596
egg,bill,venom,fur,trademarks of a platypus,very_hard,Noun/Concept Synonyms,597
brace,support,prop,post,pillar,medium,Noun/Concept Synonyms,597
off,weird,curious,funny,peculiar,easy,Noun/Concept Synonyms,597
spicy,blue,adult,suggestive,risqué,hard,Noun/Concept Synonyms,597
casino,heat,taxi driver,joker,robert de niro films,hard,Noun/Concept Synonyms,598
you,beach,pair,fur,tree homophones,very_hard,Word Structure/Play,598
steer,direct,guide,lead,pilot,medium,Noun/Concept Synonyms,598
catch,clock,register,notice,perceive,easy,Descriptor/Adjective Synonyms,598
heart,queen,madonna,prince,rock & roll hall of fame inductees,hard,Idioms & Slang,599
rattle,drum,triangle,bell,percussion instruments,easy,Members of a Set/Entities,599
port,jack,outlet,socket,place to plug something in,medium,Idioms & Slang,599
tan,cot,sin,sec,trig functions,very_hard,Noun/Concept Synonyms,599
stand-up,singer,dancer,actor,performing artists,easy,Action/Verb Synonyms,600
vault,chest,coffer,safe,place to store valuables,medium,Noun/Concept Synonyms,600
coconut,mango,pineapple,banana,tropical fruits,very_hard,Noun/Concept Synonyms,600
glam,metal,goth,punk,rock genres,hard,Members of a Set/Entities,600
paper,shoot,scissors,rock,rock paper scissors,hard,Noun/Concept Synonyms,601
land,world,city,town,places used in retail suffixes,medium,Word Structure/Play,601
tables,corner,page,tide,turn the ___,very_hard,Fill-in-the-Blank,601
edge,border,fringe,skirt,periphery,easy,Descriptor/Adjective Synonyms,601
lasso,smart,rogers,mars,tv show title surnames,very_hard,Trivia/Pop Culture,602
hold,stay,last,stand,persist,easy,Noun/Concept Synonyms,602
bowling alley,highway,supermarket,swimming pool,places with lanes,medium,Noun/Concept Synonyms,602
v,l,m,d,roman numerals,hard,Noun/Concept Synonyms,602
connection,spark,feelings,vibe,romantic beginnings,hard,Descriptor/Adjective Synonyms,603
sprout,bud,bloom,shoot,plant growths,medium,Noun/Concept Synonyms,603
chair,director,chief,head,person in charge,easy,Noun/Concept Synonyms,603
stone,often,freight,canine,two letters + number,very_hard,Word Structure/Play,603
sheepshank,bowline,bend,hitch,types of knots,very_hard,Members of a Set/Entities,604
nail file,brush,tweezers,mirror,personal grooming items,easy,Members of a Set/Entities,604
anise,fennel,licorice,tarragon,plants with similar flavors,medium,Noun/Concept Synonyms,604
spark,fireworks,connection,chemistry,romantic vibe,hard,Descriptor/Adjective Synonyms,604
ark,ala,miss,ore,"u.s. state abbreviations, per ap style guide",very_hard,Idioms & Slang,605
urgent,void,approved,paid,rubber stamp words,hard,Noun/Concept Synonyms,605
trick,fool,prank,punk,play a joke on,medium,Action/Verb Synonyms,605
angle,bent,lens,point of view,perspective,easy,Descriptor/Adjective Synonyms,605
boxer,drawer,short,brief,underwear in the singular,very_hard,Noun/Concept Synonyms,606
point,stare,whisper,snicker,rude things to do,hard,Members of a Set/Entities,606
nag,hound,bug,badger,pester,easy,Noun/Concept Synonyms,606
groove,rock,shred,jam,play music with passion,medium,Action/Verb Synonyms,606
solo,jam,shred,noodle,play some electric guitar,medium,Action/Verb Synonyms,607
nags,hounds,bugs,badgers,pesters,easy,Noun/Concept Synonyms,607
ear,head,bulb,stalk,units of vegetables,very_hard,Noun/Concept Synonyms,607
desert,jilt,ignore,ghost,rudely break off contact,hard,Noun/Concept Synonyms,607
race,dash,sprint,bolt,run quickly,hard,Action/Verb Synonyms,608
quartz,bounce,galleon,pinot,units of volume plus letter,very_hard,Word Structure/Play,608
snap,pic,shot,still,photo,easy,Noun/Concept Synonyms,608
tag,hide,dodge,hop,playground verbs,medium,Noun/Concept Synonyms,608
snake,pipe,wrench,plunger,plumbing equipment,medium,Members of a Set/Entities,609
breast,wing,tender,drumstick,pieces of chicken,easy,Members of a Set/Entities,609
ruffle,combo,goldfish,taki,salty snack unit,hard,Noun/Concept Synonyms,609
milk,comp,orgo,neti,url endings plus a letter,very_hard,Word Structure/Play,609
charred,beat,pee,leak,vegetable homophones,very_hard,Word Structure/Play,610
chair,table,bed,couch,pieces of furniture,easy,Members of a Set/Entities,610
position,perspective,lens,angle,point of view,medium,Noun/Concept Synonyms,610
lampoon,cracked,onion,mad,"satirical publications, familiarly",hard,Descriptor/Adjective Synonyms,610
plum,soy,xo,oyster,sauces in chinese cuisine,hard,Noun/Concept Synonyms,611
zest,kick,punch,zing,piquancy,easy,Descriptor/Adjective Synonyms,611
hive,eek,ale,quash,vegetables with first letter removed,very_hard,Word Structure/Play,611
fold,call,check,bet,poker actions,medium,Noun/Concept Synonyms,611
baltic,philippine,red,black,seas,hard,Noun/Concept Synonyms,612
code,hack,program,develop,verbs for a software engineer,very_hard,Idioms & Slang,612
temple,shrine,reliquary,altar,places for worship,easy,Noun/Concept Synonyms,612
relations,congress,commerce,intimacy,polite terms for sex,medium,Noun/Concept Synonyms,612
crash,sonic,mario,link,video game characters,very_hard,Trivia/Pop Culture,613
clyde,cher,teller,hardy,second in a famous real-life duo,hard,Trivia/Pop Culture,613
tender,wing,breast,thigh,poultry cuts,medium,Noun/Concept Synonyms,613
wall street,chinatown,dumbo,manhattan,places in new york city,easy,Members of a Set/Entities,613
wallet,atm,tip jar,cash register,places to find paper money,easy,Idioms & Slang,614
outage,short,surge,spike,power issues,medium,Noun/Concept Synonyms,614
halo,metroid,madden,civilization,video game franchises,very_hard,Noun/Concept Synonyms,614
peaks,velvet,highway,drive,second words in david lynch titles,hard,Idioms & Slang,614
masque,cask,fall,pit,"second words in poe stories, after ""the""",hard,Idioms & Slang,615
jabber,chat,gab,blather,prattle on,medium,Noun/Concept Synonyms,615
way,whoa,wee,why,w + vowel sound,very_hard,Word Structure/Play,615
web,net,snare,tangle,places to get trapped,easy,Noun/Concept Synonyms,615
paper,museum,seal,poetic,wax ___,very_hard,Fill-in-the-Blank,616
outlet,market,mall,outlet,places to shop,easy,Noun/Concept Synonyms,616
jelly bean,egg,bunny,peep,seen during easter,hard,Noun/Concept Synonyms,616
cures,smokes,salts,cans,"preserves, as meat",medium,Noun/Concept Synonyms,616
store,bazaar,market,fair,places to shop,easy,Noun/Concept Synonyms,617
cast,director,title,studio,seen in opening credits,hard,Noun/Concept Synonyms,617
run,direct,lead,chair,preside over,medium,Noun/Concept Synonyms,617
parens,asterisk,number,dagger,ways to denote a citation,very_hard,Idioms & Slang,617
slice,shred,melt,crumble,ways to prepare cheese,very_hard,Noun/Concept Synonyms,618
affect,charade,front,airs,pretense,medium,Noun/Concept Synonyms,618
princess,parrot,genie,monkey,seen in “aladdin”,hard,Noun/Concept Synonyms,618
kid,rib,tease,josh,playfully bother,easy,Noun/Concept Synonyms,618
kid,tease,rib,needle,playfully poke fun at,easy,Noun/Concept Synonyms,619
prince,slipper,ball,pumpkin,seen in “cinderella”,hard,Noun/Concept Synonyms,619
first,chief,principal,main,primary,medium,Descriptor/Adjective Synonyms,619
bore,tire,exhaust,drain,weary,very_hard,Descriptor/Adjective Synonyms,619
club,hole,cart,tee,seen on a golf course,hard,Idioms & Slang,620
gibbon,bonobo,gorilla,baboon,primates,medium,Noun/Concept Synonyms,620
dewpoint,beaufort scale,wind chill,heat index,weather terms,very_hard,Noun/Concept Synonyms,620
swings,slide,teeter-totter,monkey bars,playground equipment,easy,Members of a Set/Entities,620
reserve,secure,book,charter,procure in advance,medium,Noun/Concept Synonyms,621
heavy,middle,light,feather,weights in boxing,very_hard,Noun/Concept Synonyms,621
eagle,washington,seal,pyramid,seen on a u.s. dollar bill,hard,Idioms & Slang,621
swing,sandbox,slide,seesaw,playground fixtures,easy,Noun/Concept Synonyms,621
one hundred,see,cold,celsius,"what ""c"" might mean",very_hard,Idioms & Slang,622
spade,heart,diamond,club,playing card suits,easy,Action/Verb Synonyms,622
rose,card,heart,chocolate,seen on valentine’s day,hard,Noun/Concept Synonyms,622
deny,forbid,ban,block,prohibit,medium,Noun/Concept Synonyms,622
i,you,they,me,pronouns,medium,Noun/Concept Synonyms,623
bin,metal detector,carry-on,x-ray,seen while going through airport security,hard,Idioms & Slang,623
jack,kings,ace,queens,playing cards,easy,Action/Verb Synonyms,623
clergy member,n.f.l. player,bird,m.l.b. player,"what ""cardinal"" might refer to",very_hard,Idioms & Slang,623
mark,check,x,tick,"select, as a box on a form",hard,Idioms & Slang,624
suit,gemstone,infield,rhombus,"what ""diamond"" can refer to",very_hard,Idioms & Slang,624
king,jacks,aces,queen,playing cards,easy,Action/Verb Synonyms,624
us,we,it,them,pronouns,medium,Noun/Concept Synonyms,624
pad,buffer,shield,cushion,protective barrier,medium,Descriptor/Adjective Synonyms,625
guzzle,feathers,sad,willing,"what ""down"" might mean",very_hard,Idioms & Slang,625
part,fork,split,divide,separate,hard,Noun/Concept Synonyms,625
scent,fragrance,bouquet,aroma,pleasant smells,easy,Noun/Concept Synonyms,625
education,editor,edward,past tense,"what ""ed"" might indicate",very_hard,Idioms & Slang,626
skin,shell,scales,bark,protective coverings in nature,medium,Descriptor/Adjective Synonyms,626
sack,raid,rob,loot,plunder,easy,Noun/Concept Synonyms,626
zodiac,psycho,monster,seven,serial killer movies,hard,Trivia/Pop Culture,626
explain,expand,specify,elaborate,provide more details,medium,Noun/Concept Synonyms,627
grande,mars,styles,swift,pop megastars,easy,Noun/Concept Synonyms,627
jet,sable,raven,ebony,shades of black,hard,Noun/Concept Synonyms,627
yes,why,year,yellow,"what ""y"" might mean",very_hard,Idioms & Slang,627
character,image,reputation,name,public standing,medium,Descriptor/Adjective Synonyms,628
raven,charcoal,jet,onyx,shades of black,hard,Noun/Concept Synonyms,628
quote,possessive,foot,contraction,what ' can indicate,very_hard,Idioms & Slang,628
for,pro,aye,yea,positions in favor,easy,Noun/Concept Synonyms,628
wing,breast,tender,thigh,poultry cuts,easy,Noun/Concept Synonyms,629
spy,animal,birthmark,unit,what a mole can be,very_hard,Idioms & Slang,629
olive,forest,kelly,emerald,shades of green,hard,Noun/Concept Synonyms,629
copy,words,writing,text,published lines,medium,Noun/Concept Synonyms,629
yank,jerk,wrench,tug,pull,medium,Noun/Concept Synonyms,630
cusp,eve,brink,verge,precipice,easy,Noun/Concept Synonyms,630
contraction,possessive,foot,quotation,what an apostrophe might indicate,very_hard,Idioms & Slang,630
viola,juliet,duncan,puck,shakespeare characters,hard,Trivia/Pop Culture,630
mess,fix,pickle,jam,predicament,easy,Noun/Concept Synonyms,631
tack,pin,brad,nail,sharp fasteners,hard,Noun/Concept Synonyms,631
clock,beast,candelabra,teacup,what characters were transformed into in “beauty and the beast”,very_hard,Trivia/Pop Culture,631
pound,sock,pop,slug,punch,medium,Noun/Concept Synonyms,631
hyphen,period,dash,colon,punctuation marks,medium,Noun/Concept Synonyms,632
victory,peace,scissors,two,what the outstretched index and middle fingers can represent,very_hard,Idioms & Slang,632
bite,spice,edge,punch,sharp quality,hard,Descriptor/Adjective Synonyms,632
hyper,over,super,extra,prefix meaning “very”,easy,Word Structure/Play,632
slash,colon,comma,period,punctuation marks,medium,Noun/Concept Synonyms,633
sole,eyelet,lace,tongue,shoe parts,hard,Noun/Concept Synonyms,633
lincoln,ford,grant,wilson,presidents,easy,Noun/Concept Synonyms,633
area,one,excellent,athletic,what “a” might mean,very_hard,Noun/Concept Synonyms,633
defeat,assignment,tired,tempo,what “beat” may mean,very_hard,Noun/Concept Synonyms,634
imagine,think,figure,suspect,presume,easy,Noun/Concept Synonyms,634
crate,collar,bowl,bed,puppy purchases,medium,Noun/Concept Synonyms,634
wedge,slide,clog,slide,shoes,hard,Noun/Concept Synonyms,634
pump,mule,mary jane,flat,shoes,hard,Noun/Concept Synonyms,635
poke,stick,jab,pierce,prick,easy,Noun/Concept Synonyms,635
bottle,mobile,crib,rattle,purchases for a baby,medium,Descriptor/Adjective Synonyms,635
william,banknote,invoice,beak,what “bill” might refer to,very_hard,Idioms & Slang,635
alloy,suntan,third,sculpture,what “bronze” might mean,very_hard,Noun/Concept Synonyms,636
bulletin,announcement,notice,poster,printed notification,easy,Noun/Concept Synonyms,636
trail,stalk,hunt,track,pursue,medium,Noun/Concept Synonyms,636
print,find,copy,save,shortcut commands,hard,Noun/Concept Synonyms,636
caravan,parade,train,fleet,procession,easy,Noun/Concept Synonyms,637
hits,taps,clicks,presses,"pushes, as a button",medium,Noun/Concept Synonyms,637
redden,pant,cramp,sweat,show signs of physical exertion,hard,Trivia/Pop Culture,637
enthusiast,polish,muscular,nude,what “buff” might mean,very_hard,Noun/Concept Synonyms,637
er,scrubs,ratched,house,shows set in hospitals,hard,Trivia/Pop Culture,638
give,pronounce,present,deliver,"put forward, as an announcement",medium,Idioms & Slang,638
cone,pollen,acorn,sap,produced by trees,easy,Noun/Concept Synonyms,638
nebula,eyeliner,marble,glasses,what “cat’s eye” can be used to describe,very_hard,Idioms & Slang,638
hybrid,betray,angry,crucifix,what “cross” might mean,very_hard,Noun/Concept Synonyms,639
drag,inch,creep,crawl,progress slowly,easy,Descriptor/Adjective Synonyms,639
tiff,scrap,row,fight,quarrel,medium,Noun/Concept Synonyms,639
education,occupation,spouse,born,sidebar info on a person’s wikipedia page,hard,Idioms & Slang,639
swim,dip,splash,dive,quick jump in the pool,medium,Idioms & Slang,640
deny,bar,refuse,block,"prohibit, as entry",easy,Descriptor/Adjective Synonyms,640
goose,hobbes,watson,robin,sidekicks,hard,Noun/Concept Synonyms,640
insults,likes,shovels,apartment,what “digs” might mean,very_hard,Noun/Concept Synonyms,640
sell,market,pitch,hype,promote,easy,Noun/Concept Synonyms,641
would,calf,colonel,chalk,"silent ""l""",hard,Idioms & Slang,641
democrat,dimensional,defense,drive,what “d” might stand for,very_hard,Idioms & Slang,641
roger,negative,over,copy,radio lingo,medium,Noun/Concept Synonyms,641
gnaw,gnat,gnome,gnocchi,silent “g”,hard,Noun/Concept Synonyms,642
hop,leap,jump,spring,propel into the air,easy,Noun/Concept Synonyms,642
car,director,president,actor,what “ford” might refer to,very_hard,Idioms & Slang,642
channel,band,frequency,station,radio tuning options,medium,Noun/Concept Synonyms,642
lush,ecological,fresh,envious,what “green” might mean,very_hard,Noun/Concept Synonyms,643
message,ping,text,contact,reach out to,medium,Noun/Concept Synonyms,643
exposure,press,attention,coverage,publicity,easy,Members of a Set/Entities,643
doorknob,topknot,knife,unknown,silent “k”,hard,Noun/Concept Synonyms,643
yank,tear,wrench,rip,pull using force,easy,Noun/Concept Synonyms,644
catfish,chopped,survivor,alone,reality shows,medium,Trivia/Pop Culture,644
lap,cycle,turn,revolution,single rotation,hard,Noun/Concept Synonyms,644
naive,nauseous,unwell,jealous,what “green” might mean,very_hard,Noun/Concept Synonyms,644
sock,slug,blow,belt,punch,easy,Noun/Concept Synonyms,645
moose,buffalo,deer,fish,single/plural animals,hard,Members of a Set/Entities,645
bounce,ricochet,carom,bank,rebound,medium,Noun/Concept Synonyms,645
nfl player,black,airplane,hot tub nozzle,what “jet” might refer to,very_hard,Idioms & Slang,645
friend,countryman,roman,ear,singular noun in a famous “julius caesar” line,hard,Trivia/Pop Culture,646
glass,metal,plastic,paper,recycling categories,medium,Action/Verb Synonyms,646
thousand,okay,potassium,kelvin,what “k” might mean,very_hard,Noun/Concept Synonyms,646
hunt,chase,quest,search,pursuit,easy,Noun/Concept Synonyms,646
progressive,port,departed,remaining,what “left” might mean,very_hard,Noun/Concept Synonyms,647
bet,chance,gamble,risk,put on the line,easy,Action/Verb Synonyms,647
parrot,echo,repeat,quote,reiterate,medium,Noun/Concept Synonyms,647
placed,put,set,left,situated,hard,Noun/Concept Synonyms,647
acoustic,auditory,heard,sonic,related to sound/hearing,medium,Noun/Concept Synonyms,648
crack,slight,dig,barb,putdown,easy,Noun/Concept Synonyms,648
tidy,healthy,handsome,respectable,"sizable, as an amount",hard,Noun/Concept Synonyms,648
greenlight,oklahoma,british magazine,mediocre,what “ok” might refer to,very_hard,Idioms & Slang,648
thumb,leaf,flip,riffle,"skim through, as pages",hard,Noun/Concept Synonyms,649
conductor,car,track,station,related to trains,medium,Noun/Concept Synonyms,649
wet,cold,windy,gray,qualities of a rainy day,easy,Idioms & Slang,649
oxygen,hug,zero,of,what “o” might mean,very_hard,Noun/Concept Synonyms,649
lounge,loaf,chill,veg,relax,medium,Noun/Concept Synonyms,650
combination,dry,oily,normal,skin types,hard,Noun/Concept Synonyms,650
popular,burst,soda,mainstream,what “pop” might mean,very_hard,Noun/Concept Synonyms,650
stringy,dry,chewy,tough,qualities of overcooked meat,easy,Noun/Concept Synonyms,650
count,total,number,amount,quantity,easy,Descriptor/Adjective Synonyms,651
subterfuge,chicanery,legerdemain,deceit,skulduggery,hard,Descriptor/Adjective Synonyms,651
country,woods,bush,sticks,remote rural area,medium,Noun/Concept Synonyms,651
burst,soda,father,dad,what “pop” might mean,very_hard,Noun/Concept Synonyms,651
outfit,threads,getup,duds,slang for clothes,hard,Idioms & Slang,652
bounce,coil,geyser,season,what “spring” might refer to,very_hard,Idioms & Slang,652
work,upgrades,construction,repairs,renovations,medium,Noun/Concept Synonyms,652
look,gander,glance,glimpse,quick peek,easy,Noun/Concept Synonyms,652
blast,rave,bash,blowout,quite the party,easy,Descriptor/Adjective Synonyms,653
digs,crib,joint,pad,slang for home,hard,Idioms & Slang,653
there,hear,tut,knock,repeated words in expressions,medium,Idioms & Slang,653
cattle,broth,merchandise,ancestry,what “stock” might mean,very_hard,Noun/Concept Synonyms,653
chatterbox,blabbermouth,prattler,windbag,quite the talker,easy,Noun/Concept Synonyms,654
backup,substitute,cover,sub,replacement,medium,Noun/Concept Synonyms,654
paper,change,dough,green,slang for money,hard,Idioms & Slang,654
ten,kiss,times,adult,what “x” might mean,very_hard,Noun/Concept Synonyms,654
bye,please,bills,gimme,"when tripled, hit song titles",very_hard,Idioms & Slang,655
relief,alternate,cover,backup,replacement,medium,Noun/Concept Synonyms,655
cheddar,stacks,paper,scratch,slang for money,hard,Idioms & Slang,655
rough,gruff,husky,hoarse,raspy,easy,Descriptor/Adjective Synonyms,655
lyre,big bear,centaur,hunter,represented by constellations,medium,Noun/Concept Synonyms,656
limousine,movie set,toolbox,golf bag,where you might find “a driver”,very_hard,Idioms & Slang,656
basis,foundation,reason,grounds,rationale,easy,Noun/Concept Synonyms,656
glossy,zine,rag,mag,slang for printed matter,hard,Idioms & Slang,656
domain,field,sphere,area,realm of expertise,easy,Noun/Concept Synonyms,657
borg,graf,king,sinner,wimbledon winners,very_hard,Noun/Concept Synonyms,657
mat,band,dumbbell,bench,resistance training equipment,medium,Members of a Set/Entities,657
can,john,can,throne,slang for toilet,hard,Idioms & Slang,657
shutter,drape,shade,blind,window treatments in the singular,very_hard,Idioms & Slang,658
right,correct,bingo,yes,response to a correct answer,medium,Idioms & Slang,658
head,john,head,throne,slang for toilet,hard,Idioms & Slang,658
elegance,grace,style,taste,refined sensibility,easy,Descriptor/Adjective Synonyms,658
starter,dessert,side,main,restaurant courses,medium,Noun/Concept Synonyms,659
zip,jack,love,squat,slang for zero,hard,Idioms & Slang,659
gleam,glitter,sparkle,flash,reflect light,easy,Noun/Concept Synonyms,659
chard,cab,bubbly,zin,wine nicknames,very_hard,Members of a Set/Entities,659
suit,copper,hack,shrink,slangy names for professions,hard,Members of a Set/Entities,660
dishwasher,cook,host,server,restaurant jobs,medium,Noun/Concept Synonyms,660
summer,keys,swift,nicks,women singers,very_hard,Noun/Concept Synonyms,660
buy,trust,believe,accept,regard as true,easy,Noun/Concept Synonyms,660
ditch,pit,hole,trench,results of some digging,medium,Noun/Concept Synonyms,661
cherry,7,bar,bell,slot machine symbols,hard,Members of a Set/Entities,661
tuberculosis,touchdown,trademark,television,words abbreviated with “t” + letter,very_hard,Word Structure/Play,661
mother,cousin,nephew,aunt,relatives,easy,Noun/Concept Synonyms,661
spy,beam,robot,ching,"words after ""i""",very_hard,Idioms & Slang,662
be kind rewind,fright night,e.t.,kill bill,rhyming titles,medium,Action/Verb Synonyms,662
hang,loaf,chill,lounge,relax,easy,Noun/Concept Synonyms,662
loris,snail,tortoise,sloth,slow animals,hard,Members of a Set/Entities,662
pastor,lama,cardinal,monk,religious figures,easy,Trivia/Pop Culture,663
scratch,mark,nick,chip,small imperfection,hard,Descriptor/Adjective Synonyms,663
clear,drain,empty,flush,rid of contents,medium,Noun/Concept Synonyms,663
degree,marvel,pac-man,paint,words after the letters “ms”,very_hard,Word Structure/Play,663
cycle,pod,dent,angle,words after the prefix “tri-”,very_hard,Word Structure/Play,664
glen,dell,hollow,valley,small wooded area,hard,Descriptor/Adjective Synonyms,664
torn,cleft,split,rent,ripped,medium,Noun/Concept Synonyms,664
power,menu,volume,channel,remote control buttons,easy,Noun/Concept Synonyms,664
avenue,drag,drive,artery,road,medium,Noun/Concept Synonyms,665
thread,wax,pluck,laser,"remove, as body hair",easy,Noun/Concept Synonyms,665
hoho,yodel,devil dog,ding dong,snack cakes,hard,Noun/Concept Synonyms,665
tree,tray,wednesday,blond,words after “ash”,very_hard,Noun/Concept Synonyms,665
copy,extra,spare,backup,replacement,easy,Noun/Concept Synonyms,666
paste,that,cat,editor,words after “copy”,very_hard,Noun/Concept Synonyms,666
vans,jordan,converse,puma,sneaker brands,hard,Members of a Set/Entities,666
anvil,coyote,boulder,tnt,road runner cartoon staples,medium,Noun/Concept Synonyms,666
bank,save,stash,store,reserve for later,easy,Noun/Concept Synonyms,667
six,freeze,fake,cut,words after “deep”,very_hard,Noun/Concept Synonyms,667
individual,party,person,character,somebody,hard,Descriptor/Adjective Synonyms,667
arena,garage,alternative,classic,rock music subgenres,medium,Members of a Set/Entities,667
rat,hamster,vole,gerbil,rodents,medium,Noun/Concept Synonyms,668
candy,witness,contact,shadow,words after “eye”,very_hard,Noun/Concept Synonyms,668
pin,code,key,password,something entered for access,hard,Action/Verb Synonyms,668
stay,live,dwell,inhabit,reside,easy,Noun/Concept Synonyms,668
goose,doodle,parachute,rod,words after “golden”,very_hard,Noun/Concept Synonyms,669
tap,sparkling,bottled,still,restaurant water options,easy,Noun/Concept Synonyms,669
gem,beauty,marvel,peach,something exemplary,hard,Action/Verb Synonyms,669
yours,always,kisses,love,romantic letter sign-offs,medium,Word Structure/Play,669
all out,kart,steady,between,words after “go”,very_hard,Noun/Concept Synonyms,670
chef,server,host,bartender,restaurant workers,easy,Noun/Concept Synonyms,670
thing,pair,couple,item,romantic twosome,medium,Descriptor/Adjective Synonyms,670
track,cut,single,number,song,hard,Noun/Concept Synonyms,670
handset,cradle,dial,cord,rotary phone parts,medium,Noun/Concept Synonyms,671
hog,maze,trimmer,fund,words after “hedge”,very_hard,Noun/Concept Synonyms,671
check,block,stop,dam,restrict,easy,Noun/Concept Synonyms,671
edelweiss,cabaret,mamma mia,memory,songs from musicals,hard,Trivia/Pop Culture,671
hawk,litter,corner,cat,words after “kitty”,very_hard,Noun/Concept Synonyms,672
fruit,product,return,yield,result,easy,Noun/Concept Synonyms,672
home,brain,heart,courage,sought after in “the wizard of oz”,hard,Idioms & Slang,672
crank,turn,wind,reel,rotate,medium,Noun/Concept Synonyms,672
chime,tock,cuckoo,tick,sounds a cuckoo clock makes,hard,Idioms & Slang,673
even,odd,black,red,roulette bets,medium,Noun/Concept Synonyms,673
street,pop,mart,swiss,words after “k”,very_hard,Noun/Concept Synonyms,673
karen,aaron,darren,sharon,rhymes,easy,Word Structure/Play,673
prince,baron,king,earl,royal and noble titles,medium,Noun/Concept Synonyms,674
har-har,hoot,yuk,whoop,sounds of laughter,hard,Noun/Concept Synonyms,674
stiff,rob,hose,fleece,rip off,easy,Noun/Concept Synonyms,674
pal,phone,check,dirt,words after “pay”,very_hard,Noun/Concept Synonyms,674
alley,lane,drive,street,road names,easy,Members of a Set/Entities,675
sus,me,yo,ella,spanish pronouns/possessives,hard,Descriptor/Adjective Synonyms,675
files,ray,factor,games,words after “x”,very_hard,Noun/Concept Synonyms,675
interrupt,point,stare,litter,rude things to do,medium,Members of a Set/Entities,675
healthy,strong,fit,sound,robust,easy,Noun/Concept Synonyms,676
foot,step,toad,bar,"words before ""stool""",very_hard,Idioms & Slang,676
pedestrian,banal,everyday,humdrum,run-of-the-mill,medium,Noun/Concept Synonyms,676
dry,neat,virgin,straight,specifications for a bartender,hard,Noun/Concept Synonyms,676
picture,rocky,show,horror,rocky horror picture show,easy,Trivia/Pop Culture,677
gust,blow,blast,gale,rush of wind,medium,Noun/Concept Synonyms,677
measure,count,weight,volume,specs on consumer packaging,hard,Noun/Concept Synonyms,677
pocket,wrist,digital,stop,"words before ""watch""",very_hard,Idioms & Slang,677
tar,salty dog,swab,skipper,sailor,medium,Noun/Concept Synonyms,678
stick,bat,club,staff,rods,easy,Noun/Concept Synonyms,678
fat,cyber,ash,black,words before days of the week,very_hard,Idioms & Slang,678
beginner,genius,amazing,solid,spelling bee ranks,hard,Word Structure/Play,678
haunt,visit,frequent,patronize,spend time at,hard,Noun/Concept Synonyms,679
murphy,canopy,day,water,words before “bed”,very_hard,Noun/Concept Synonyms,679
lover,steady,sweetheart,flame,romantic partner,easy,Descriptor/Adjective Synonyms,679
melt,sub,club,cuban,sandwiches,medium,Noun/Concept Synonyms,679
dasher,comet,vixen,cupid,santa’s reindeer,medium,Noun/Concept Synonyms,680
attraction,sparks,chemistry,fireworks,romantic rapport,easy,Descriptor/Adjective Synonyms,680
tinker,liberty,bar,dinner,words before “bell”,very_hard,Noun/Concept Synonyms,680
snail,galaxy,sunflower,cyclone,spirals in nature,hard,Noun/Concept Synonyms,680
capital,brilliant,grand,fine,splendid,hard,Noun/Concept Synonyms,681
rhinestone,midnight,drugstore,space,words before “cowboy” in film and music,very_hard,Idioms & Slang,681
study,den,kitchen,bedroom,rooms in a house,easy,Noun/Concept Synonyms,681
pay,clear,square,settle,"satisfy, as debts",medium,Noun/Concept Synonyms,681
study,lounge,library,hall,rooms in the game clue,easy,Idioms & Slang,682
racket,fast one,hustle,con,scam,medium,Noun/Concept Synonyms,682
solo,diva,world,butter,words before “cup”,very_hard,Noun/Concept Synonyms,682
viper,mustang,diablo,spider,sports cars,hard,Members of a Set/Entities,682
spread,favorite,parlay,under,sports gambling terms,hard,Members of a Set/Entities,683
ear,kettle,steel,snare,words before “drum”,very_hard,Noun/Concept Synonyms,683
aroma,note,nose,bouquet,scents of wine,medium,Noun/Concept Synonyms,683
pancake,record,coaster,frisbee,round flat things,easy,Members of a Set/Entities,683
sheet,formula,cell,sort,spreadsheet terms,hard,Noun/Concept Synonyms,684
trick,ploy,con,sting,scheme,medium,Noun/Concept Synonyms,684
ear,oil,kettle,oil,words before “drum”,very_hard,Noun/Concept Synonyms,684
globe,ball,orb,sphere,round three-dimensional objects,easy,Noun/Concept Synonyms,684
chicken,lady,butter,sticky,words before “fingers”,very_hard,Noun/Concept Synonyms,685
plot,hustle,racket,ruse,scheme,medium,Noun/Concept Synonyms,685
grate,gnash,grind,scrape,rub together,easy,Noun/Concept Synonyms,685
plant,asset,agent,mole,spy,hard,Noun/Concept Synonyms,685
snoot,snout,beak,honker,schnozz,medium,Noun/Concept Synonyms,686
sock,bunny,bar,hip,words before “hop”,very_hard,Noun/Concept Synonyms,686
root,dig,sift,comb,rummage,easy,Noun/Concept Synonyms,686
triangle,tetracycline,monorail,dioxide,starting with greek numerical prefixes,hard,Word Structure/Play,686
blew,burst,split,broke,ruptured,easy,Noun/Concept Synonyms,687
bunch,ruffle,pucker,gather,"scrunch, as fabric",medium,Descriptor/Adjective Synonyms,687
brazil,butter,pine,dough,words before “nut”,very_hard,Noun/Concept Synonyms,687
scimitar,simmer,cymbal,symphony,starting with the same sound,hard,Idioms & Slang,687
rest,powder,bath,throne,words before “room” to mean lavatory,very_hard,Idioms & Slang,688
fiddler,merrily,jersey,kinky,starts of broadway musicals,hard,Noun/Concept Synonyms,688
coming,nature,fiddle,guess,second ___,medium,Fill-in-the-Blank,688
draft,puff,blow,gust,rush of wind,easy,Noun/Concept Synonyms,688
love,radio,shake,caddy,words before “shack”,very_hard,Noun/Concept Synonyms,689
tablet,crown,torch,robe,statue of liberty features,hard,Noun/Concept Synonyms,689
latex,gum,sap,resin,secreted by trees,medium,Noun/Concept Synonyms,689
praise,applaud,hail,honor,salute,easy,Noun/Concept Synonyms,689
stage,chapter,phase,period,section of one’s life,medium,Noun/Concept Synonyms,690
haven,retreat,port,shelter,sanctuary,easy,Descriptor/Adjective Synonyms,690
plateau,settle,level,flatten,stop changing,hard,Action/Verb Synonyms,690
legend,hippo,handsome,lipid,words beginning with body parts,very_hard,Idioms & Slang,690
heyday,hijinks,yogurt,supper,words beginning with greetings,very_hard,Noun/Concept Synonyms,691
cyclone,squall,tornado,blizzard,storms,hard,Noun/Concept Synonyms,691
cheek,mouth,attitude,lip,sassiness,easy,Noun/Concept Synonyms,691
request,book,reserve,order,secure in advance,medium,Noun/Concept Synonyms,691
register,scanner,conveyor belt,scale,seen at a grocery checkout counter,medium,Idioms & Slang,692
cute,smart,wise,fresh,sassy,easy,Descriptor/Adjective Synonyms,692
court,way,alley,lane,street suffixes,hard,Word Structure/Play,692
cellophane,harpoon,bassinet,organism,words beginning with instruments,very_hard,Members of a Set/Entities,692
foxglove,turncoat,windsock,gumshoe,words ending in clothing,very_hard,Noun/Concept Synonyms,693
rugby shirt,ibm logo,barcode,zebra,stripy things,hard,Members of a Set/Entities,693
lab,library,gym,auditorium,school facilities,easy,Noun/Concept Synonyms,693
cake,altar,bouquet,ring,seen at a wedding,medium,Noun/Concept Synonyms,693
cone,little spoon,cup,scoop,seen at an ice cream shop,medium,Idioms & Slang,694
lunch,recess,homeroom,class,school periods,easy,Noun/Concept Synonyms,694
scruff,whiskers,shadow,fuzz,stubble,hard,Noun/Concept Synonyms,694
freight,ozone,canine,often,words ending in numbers,very_hard,Noun/Concept Synonyms,694
tomato,vase,aunt,either,words famously pronounced different ways,very_hard,Word Structure/Play,695
solid,filling,square,hearty,"substantial, as a meal",hard,Noun/Concept Synonyms,695
pen,ruler,tape,scissors,school supplies,easy,Noun/Concept Synonyms,695
pitchfork,bale,horse,trough,seen in a barn,medium,Noun/Concept Synonyms,695
mirror,scale,locker,bench,seen in a locker room,medium,Idioms & Slang,696
tank,snorkel,fins,mask,scuba gear,easy,Noun/Concept Synonyms,696
digest,digest,outline,brief,summary,hard,Descriptor/Adjective Synonyms,696
dog,brat,frank,link,words for sausage,very_hard,Idioms & Slang,696
woodchuck,peppers,seashells,fuzzy,words in tongue twisters,very_hard,Noun/Concept Synonyms,697
brief,abstract,rundown,abstract,summary,hard,Descriptor/Adjective Synonyms,697
squid,ray,crab,sponge,sea creatures,easy,Members of a Set/Entities,697
clay,kiln,wheel,glaze,seen in a pottery studio,medium,Idioms & Slang,697
chicken,tractor,farmer,barn,seen on a farm,medium,Noun/Concept Synonyms,698
private,remote,hidden,secret,secluded,easy,Noun/Concept Synonyms,698
wayfarer,aviator,wraparound,cat eye,sunglasses,hard,Noun/Concept Synonyms,698
tea,doe,sew,far,words in “do-re-mi”,very_hard,Noun/Concept Synonyms,698
princess,mushroom,dinosaur,plumber,super mario-related,hard,Noun/Concept Synonyms,699
biscuit,lincoln,corn,stained,words misspelled in nu metal band names,very_hard,Word Structure/Play,699
division,wing,division,tier,section,easy,Noun/Concept Synonyms,699
candlestick,placemat,plate,pitcher,seen on a table at a dinner party,medium,Idioms & Slang,699
tax,parking,railroad,avenue,words on monopoly squares,very_hard,Noun/Concept Synonyms,700
chain,string,train,series,sequence,medium,Noun/Concept Synonyms,700
branch,rank,class,limb,section,easy,Noun/Concept Synonyms,700
pac,glue,mario world,power,super ___,hard,Fill-in-the-Blank,700
jumbotron,skybox,scoreboard,astroturf,seen at a sports stadium,easy,Members of a Set/Entities,701
thread,chain,conversation,chat,series of messages,medium,Noun/Concept Synonyms,701
shallow,external,surface,cosmetic,superficial,hard,Noun/Concept Synonyms,701
reading,job,herb,nice,words pronounced differently as proper nouns,very_hard,Word Structure/Play,701
storm,black widow,flash,blade,superheroes,hard,Noun/Concept Synonyms,702
solid,tangible,firm,concrete,"set, as plans",medium,Noun/Concept Synonyms,702
expose,pate,resume,rose,words pronounced differently with accent marks,very_hard,Word Structure/Play,702
trapeze,ring,clown,tent,seen at the circus,easy,Noun/Concept Synonyms,702
macaroni,glitter,glue,paper,supplies for macaroni art,hard,Noun/Concept Synonyms,703
sure,siobhan,sugar,sean,words pronounced “sh” without an “sh”,very_hard,Word Structure/Play,703
counter,range,sink,fridge,seen in a kitchen,easy,Noun/Concept Synonyms,703
royal,powder,baby,midnight,shades of blue,medium,Noun/Concept Synonyms,703
black,buttons,back,mack,words repeated in “miss mary mack”,very_hard,Idioms & Slang,704
best,top,beat,better,surpass,hard,Noun/Concept Synonyms,704
lime,pea,hunter,olive,shades of green,medium,Noun/Concept Synonyms,704
hamper,washer,iron,dryer,seen in a laundry room,easy,Idioms & Slang,704
cycle,phase,stage,round,segment of a process,easy,Noun/Concept Synonyms,705
bottle,forest,mint,kelly,shades of green,medium,Noun/Concept Synonyms,705
gulp,belt,shot,slug,swig,hard,Noun/Concept Synonyms,705
radius,are,reverse,right,"words represented by the letter ""r""",very_hard,Word Structure/Play,705
hairpin,dogleg,zag,switchback,sharp turns,medium,Noun/Concept Synonyms,706
touch,smell,taste,sight,senses,easy,Noun/Concept Synonyms,706
boob,eggshell,hello,giggle,words spelled with an upside-down calculator,very_hard,Word Structure/Play,706
percent,at,pound,dollar,symbols above numbers on a keyboard,hard,Members of a Set/Entities,706
resolution,detail,definition,clarity,"sharpness, as of an image",medium,Idioms & Slang,707
mix,livid,dill,mild,words spelled with roman numerals,very_hard,Word Structure/Play,707
series,streak,run,string,sequence,easy,Noun/Concept Synonyms,707
bullet,checkbox,hyphen,arrow,symbols used in making lists,hard,Members of a Set/Entities,707
rocketry,rapture,soulmate,popcorn,words starting with music genres,very_hard,Members of a Set/Entities,708
rib,needle,tease,poke,synonyms for bother,hard,Noun/Concept Synonyms,708
steer,direct,lead,guide,shepherd,medium,Noun/Concept Synonyms,708
happy,bashful,grumpy,doc,seven dwarfs,easy,Noun/Concept Synonyms,708
stern,port,starboard,bow,ship directions,medium,Noun/Concept Synonyms,709
powder,baby,ice,sky,shades of blue,easy,Noun/Concept Synonyms,709
fiction,tale,fib,lie,synonyms for falsehood,hard,Noun/Concept Synonyms,709
funny,wish,herring,soup,words that go with “bone”,very_hard,Word Structure/Play,709
low,blue,glum,down,synonyms for sad,hard,Noun/Concept Synonyms,710
button,pocket,cuff,collar,shirt features,medium,Noun/Concept Synonyms,710
bite,fun,pocket,travel,"words that precede ""-size"" to mean small",very_hard,Word Structure/Play,710
maroon,ruby,rose,brick,shades of red,easy,Noun/Concept Synonyms,710
ruby,brick,cherry,cherry,shades of red,easy,Noun/Concept Synonyms,711
bubblegum,k,euro,power,words that precede “pop” in music genres,very_hard,Word Structure/Play,711
whistle,hail,wave,flag,"signal down, as a taxi",medium,Idioms & Slang,711
peddle,move,hawk,vend,synonyms for sell,hard,Noun/Concept Synonyms,711
worcestershire,colonel,wednesday,pharaoh,words that seem longer written than spoken,very_hard,Word Structure/Play,712
table,ball,net,paddle,table tennis needs,hard,Descriptor/Adjective Synonyms,712
weight,gravity,import,substance,significance,medium,Noun/Concept Synonyms,712
gold,canary,mustard,lemon,shades of yellow,easy,Noun/Concept Synonyms,712
depot,poirot,apostle,mortgage,"silent ""t""",medium,Idioms & Slang,713
nerve,gall,cheek,brass,shameless boldness,easy,Descriptor/Adjective Synonyms,713
object,mind,protest,disapprove,take issue,hard,Action/Verb Synonyms,713
ars,seize,owes,ease,words that sound like plural letters,very_hard,Word Structure/Play,713
collective,mutual,joint,common,shared,easy,Noun/Concept Synonyms,714
wreath,sword,wrap,playwright,silent “w”,medium,Noun/Concept Synonyms,714
geez,ayes,wise,tease,words that sound like plural letters,very_hard,Word Structure/Play,714
question,dispute,challenge,contest,take issue with,hard,Action/Verb Synonyms,714
spine,barb,needle,bristle,sharp protrusion,easy,Noun/Concept Synonyms,715
essay,decay,cutie,any,words that sound like two letters,very_hard,Word Structure/Play,715
mark,chump,sucker,fool,target of a scheme,hard,Noun/Concept Synonyms,715
yahoo,goof,goose,dodo,silly person,medium,Noun/Concept Synonyms,715
seedy,arty,envy,excel,words that sound like two letters,very_hard,Word Structure/Play,716
mud,brew,joe,java,slang for coffee,medium,Idioms & Slang,716
devil,magician,star,lovers,"tarot cards, with ""the""",hard,Idioms & Slang,716
tee,crop,polo,tank,shirts,easy,Noun/Concept Synonyms,716
cups,pentacles,wands,swords,tarot minor arcana suits,hard,Noun/Concept Synonyms,717
geo,decay,easy,ziti,words that sounds like two letters,very_hard,Word Structure/Play,717
crown,noodle,dome,melon,slang for head,medium,Idioms & Slang,717
lace,heel,sole,tongue,shoe parts,easy,Noun/Concept Synonyms,717
jiff,flash,bit,sec,short period of time,easy,Noun/Concept Synonyms,718
kisser,trap,chops,yap,slang for mouth,medium,Idioms & Slang,718
id,were,shell,cant,words with apostrophes removed,very_hard,Noun/Concept Synonyms,718
bunch,crew,pack,group,team,hard,Members of a Set/Entities,718
intuit,amazon,apple,oracle,tech companies,hard,Noun/Concept Synonyms,719
droplet,starling,kitchenette,doggy,words with diminutive suffixes,very_hard,Word Structure/Play,719
strut,posture,peacock,grandstand,show off,easy,Trivia/Pop Culture,719
nothing,jack,nada,squat,slang for zero,medium,Idioms & Slang,719
trilogy,quadrant,uniform,bicycle,words with numerical prefixes,very_hard,Word Structure/Play,720
dab,dollop,drop,dash,small amount,medium,Descriptor/Adjective Synonyms,720
all,love,deuce,ad,tennis scoring terms,hard,Noun/Concept Synonyms,720
usher,guide,lead,direct,show the way,easy,Trivia/Pop Culture,720
grate,gutter,manhole,curb,sidewalk sights,easy,Noun/Concept Synonyms,721
gravy,stuffing,turkey,pie,thanksgiving food,hard,Action/Verb Synonyms,721
ding,dent,nick,scratch,small imperfection,medium,Descriptor/Adjective Synonyms,721
lima,job,polish,mobile,words with two pronunciations,very_hard,Noun/Concept Synonyms,721
major,serious,important,big,significant,easy,Noun/Concept Synonyms,722
car,bugler,africa,unicorn,they have a horn,hard,Noun/Concept Synonyms,722
dragon,passion,jack,bread,words with “fruit”,very_hard,Noun/Concept Synonyms,722
doll,miniature,model,figure,small likeness,medium,Descriptor/Adjective Synonyms,722
tests,super,computer,piano,they have keys,hard,Noun/Concept Synonyms,723
mole,capitol,faith,foot,words with “hill”,very_hard,Noun/Concept Synonyms,723
mean,convey,express,spell,signify,easy,Descriptor/Adjective Synonyms,723
nook,recess,cranny,niche,small opening,medium,Descriptor/Adjective Synonyms,723
pom-pom,pearl,mothball,pea,small spherical things,medium,Members of a Set/Entities,724
hush,peace,still,calm,silence,easy,Noun/Concept Synonyms,724
lion,crowd,katy perry,engine,they roar,hard,Noun/Concept Synonyms,724
gift,mummy,sprain,burrito,wrapped things,very_hard,Members of a Set/Entities,724
shred,trace,lick,ounce,smallest amount,medium,Noun/Concept Synonyms,725
rocket fuel,java,brew,mud,slang for coffee,easy,Idioms & Slang,725
walnut,pug,brain,prune,wrinkly things,very_hard,Members of a Set/Entities,725
ring,torch,beanbag,club,things a juggler juggles,hard,Members of a Set/Entities,725
bud,chum,mate,pal,slang for friend,easy,Idioms & Slang,726
file,buff,grind,sand,smooth using friction,medium,Noun/Concept Synonyms,726
pollinate,buzz,dance,sting,things bees do,hard,Members of a Set/Entities,726
lib,tau,gem,can,zodiac sign beginnings,very_hard,Noun/Concept Synonyms,726
goat,fish,scales,twins,zodiac symbols,very_hard,Members of a Set/Entities,727
impression,sense,hunch,feeling,sneaking suspicion,medium,Action/Verb Synonyms,727
coconut,crown,skull,dome,slang for head,easy,Idioms & Slang,727
strap,lens,body,flash,things in a camera kit,hard,Members of a Set/Entities,727
point,tip,prong,tine,slender projections,easy,Noun/Concept Synonyms,728
robe,washcloth,slippers,towel,things in a spa locker room,hard,Members of a Set/Entities,728
function,party,event,reception,social gathering,medium,Noun/Concept Synonyms,728
pop-up,personal,attack,want,___ ad,very_hard,Fill-in-the-Blank,728
half,again,so,neck,___ and ___,very_hard,Fill-in-the-Blank,729
earthworm,salamander,eel,slug,slimy animals,easy,Members of a Set/Entities,729
sprite,squirt,mug,crush,soda brands,medium,Members of a Set/Entities,729
coat rack,console,runner,bench,things in an entryway,hard,Members of a Set/Entities,729
party,individual,character,person,somebody,medium,Descriptor/Adjective Synonyms,730
bite,sample,taste,mouthful,small amount of food to try,easy,Idioms & Slang,730
sunset,kaleidoscope,peacock,rainbow,things known for being colorful things,hard,Members of a Set/Entities,730
fire,adam,red,carpenter,___ ant,very_hard,Fill-in-the-Blank,730
fortune teller,fan,airplane,crane,things made by folding paper,hard,Members of a Set/Entities,731
blender,toaster,microwave,rice cooker,small kitchen appliances,easy,Descriptor/Adjective Synonyms,731
nepo,beanie,fur,santa,___ baby,very_hard,Fill-in-the-Blank,731
breeze,picnic,snap,cinch,something easy to do,medium,Action/Verb Synonyms,731
rinky-dink,mickey mouse,two-bit,trivial,small-time,easy,Noun/Concept Synonyms,732
doggy,go,mixed,swag,___ bag,very_hard,Fill-in-the-Blank,732
peal,rumble,roll,clap,sounds of thunder,medium,Noun/Concept Synonyms,732
organism,honeycomb,solar panel,spreadsheet,things made of cells,hard,Members of a Set/Entities,732
clock,calendar,camera,calculator,smartphone features beginning with “c”,easy,Idioms & Slang,733
corn dog,lollipop,ball-in-cup,cotton swab,things on sticks,hard,Members of a Set/Entities,733
gutter,foul,disco,crystal,___ ball,very_hard,Fill-in-the-Blank,733
railroad,chance,avenue,utility,spaces on a monopoly board,medium,Idioms & Slang,733
limited,collectible,exclusive,rare,special edition adjectives,medium,Noun/Concept Synonyms,734
bill,letter,catalog,card,things received in the mail,hard,Members of a Set/Entities,734
dash,pinch,touch,bit,smidgen,easy,Noun/Concept Synonyms,734
trial,speech,water,lead,___ balloon,very_hard,Fill-in-the-Blank,734
sleep,stay,crash,bunk,spend the night (at),medium,Noun/Concept Synonyms,735
python,viper,mamba,boa,snakes,easy,Noun/Concept Synonyms,735
slots,chips,dice,cards,things seen at a casino,hard,Members of a Set/Entities,735
wedding,boy,tribute,rubber,___ band,very_hard,Fill-in-the-Blank,735
puma,nike,adidas,reebok,sneaker brands,easy,Members of a Set/Entities,736
bubble,tapioca,pearl,boba,spheres in milk tea,medium,Noun/Concept Synonyms,736
cricket,fruit,baseball,vampire,___ bat,very_hard,Fill-in-the-Blank,736
corset,hourglass,diabolo,wasp,things that are cinched in the middle,hard,Members of a Set/Entities,736
ruby,poppy,brick,fire truck,things that are red,hard,Members of a Set/Entities,737
bash,blowout,party,shindig,social gathering,easy,Noun/Concept Synonyms,737
jawbreaker,meatball,orange,mozzarella,spherical foods,medium,Noun/Concept Synonyms,737
bubble,bird,sponge,mud,___ bath,very_hard,Fill-in-the-Blank,737
boo-boo,teddy,brown,honey,___ bear,very_hard,Fill-in-the-Blank,738
hedgehog,cactus,mace,pineapple,spiky things,medium,Members of a Set/Entities,738
cardinal,beet,cherry,stop sign,things that are red,hard,Members of a Set/Entities,738
like,share,subscribe,follow,social media actions,easy,Noun/Concept Synonyms,738
cricket,golf,squash,polo,sports,medium,Members of a Set/Entities,739
sundae,malt,float,shake,soda fountain orders,easy,Noun/Concept Synonyms,739
spelling,honey,busy,queen,___ bee,very_hard,Fill-in-the-Blank,739
eel,banana peel,grease,ice,things that are slippery,hard,Members of a Set/Entities,739
nose,mascara,stockings,dye,"things that can run, annoyingly",hard,Members of a Set/Entities,740
coach,gm,scout,player,sports professionals,medium,Members of a Set/Entities,740
early,sue,lady,big,___ bird,very_hard,Fill-in-the-Blank,740
benefit,fruit,reward,return,something gained from hard work,easy,Idioms & Slang,740
drag,yawn,snooze,bore,something tiresome,easy,Action/Verb Synonyms,741
throw,wet,picnic,security,___ blanket,very_hard,Fill-in-the-Blank,741
court,dome,rink,bowl,sports venues,medium,Members of a Set/Entities,741
film,thread,wire,tape,things that come on spools,hard,Members of a Set/Entities,741
bad,beach,lost,beach,___ boys,very_hard,Fill-in-the-Blank,742
pepper,smoke,pollen,dust,things that make you sneeze,hard,Members of a Set/Entities,742
arena,diamond,field,field,sports venues,medium,Members of a Set/Entities,742
carmela,meadow,tony,junior,sopranos,easy,Noun/Concept Synonyms,742
beastie,hardy,pet shop,hardy,___ boys,very_hard,Fill-in-the-Blank,743
hex,charm,magic,spell,sorcerer’s output,easy,Noun/Concept Synonyms,743
dead,smack,right,exactly,squarely,medium,Descriptor/Adjective Synonyms,743
wasp,insult,nettle,jellyfish,things that might sting,hard,Members of a Set/Entities,743
raw,sensitive,tender,delicate,sore to the touch,easy,Noun/Concept Synonyms,744
meet,brave,face,confront,"stand up to, as a challenge",medium,Idioms & Slang,744
marx,chemical,blues,blood,___ brothers,very_hard,Fill-in-the-Blank,744
skunk,cheese,garbage,feet,things that might stink,hard,Members of a Set/Entities,744
dust,honey,bad,bugs,___ bunny,very_hard,Fill-in-the-Blank,745
spark,catalyst,springboard,launchpad,starting point,medium,Action/Verb Synonyms,745
carousel,barber pole,ceiling fan,lazy susan,things that rotate about a vertical axis,hard,Members of a Set/Entities,745
snarl,bark,howl,bay,sound like a dog,easy,Descriptor/Adjective Synonyms,745
top,globe,carousel,record,things that spin,hard,Members of a Set/Entities,746
in,ma,ok,oh,state abbreviations,medium,Noun/Concept Synonyms,746
tap,well,spring,rain,sources of drinking water,easy,Noun/Concept Synonyms,746
nothing,good,warren,impossible,___ burger,very_hard,Fill-in-the-Blank,746
sunshine,citrus,leafy greens,supplements,sources of vitamins,easy,Noun/Concept Synonyms,747
instagram,coffee maker,cigarette,air purifier,things that use filters,hard,Members of a Set/Entities,747
hot,belly,snooze,panic,___ button,very_hard,Fill-in-the-Blank,747
status,deal,situation,story,state of affairs,medium,Noun/Concept Synonyms,747
sponge,carrot,pound,coffee,___ cake,very_hard,Fill-in-the-Blank,748
ranking,standing,position,station,status,medium,Noun/Concept Synonyms,748
diamond,gold,glitter,sequin,sparkling things,easy,Members of a Set/Entities,748
tree,mountain,ladder,rope,things to climb,hard,Members of a Set/Entities,748
spare,light,thin,short,sparse/lacking,easy,Action/Verb Synonyms,749
curtain,booty,close,cold,___ call,very_hard,Fill-in-the-Blank,749
smile,window,egg,knuckles,things to crack,hard,Members of a Set/Entities,749
swipe,palm,pocket,lift,steal,medium,Noun/Concept Synonyms,749
cut,shuffle,fan,deal,things to do with a deck of cards,hard,Members of a Set/Entities,750
anise,mace,clove,pepper,spices,easy,Noun/Concept Synonyms,750
lead,guide,shepherd,direct,steer,medium,Noun/Concept Synonyms,750
cotton,eye,rock,john,___ candy,very_hard,Fill-in-the-Blank,750
bumper,clown,sports,getaway,___ car,very_hard,Fill-in-the-Blank,751
high,lit,blazed,baked,stoned,medium,Noun/Concept Synonyms,751
dill,nutmeg,nutmeg,sage,spices,easy,Noun/Concept Synonyms,751
fight,bone,afro,lock,things to pick,hard,Members of a Set/Entities,751
drop,shake,break,kick,"stop, as a habit",medium,Noun/Concept Synonyms,752
cool,fat,jungle,copy,___ cat,very_hard,Fill-in-the-Blank,752
page view,hit,visit,click,things tracked by web analytics,hard,Members of a Set/Entities,752
coriander,clove,cardamom,cumin,spices beginning with “c”,easy,Noun/Concept Synonyms,752
saddle,wallet,moccasins,football,things traditionally made of leather,hard,Members of a Set/Entities,753
house,alley,doja,lap,___ cat,very_hard,Fill-in-the-Blank,753
cannonball,jackknife,backflip,bellyflop,splashy ways to enter a pool,easy,Idioms & Slang,753
lane,alley,court,drive,street suffixes,medium,Word Structure/Play,753
supply,daisy,mountain,food,___ chain,very_hard,Fill-in-the-Blank,754
pepper,sprinkle,scatter,litter,strew,medium,Noun/Concept Synonyms,754
lego set,pick-up sticks,jigsaw puzzle,lite-brite,things with a lot of pieces,hard,Members of a Set/Entities,754
speech,language,tongue,dialect,spoken communication,easy,Noun/Concept Synonyms,754
insect,satellite dish,radio tower,teletubby,things with antenna/e,hard,Members of a Set/Entities,755
hit,knock,bop,tap,strike,medium,Noun/Concept Synonyms,755
talk,address,lecture,speech,spoken presentation,easy,Noun/Concept Synonyms,755
high,lawn,first,folding,___ chair,very_hard,Fill-in-the-Blank,755
clownfish,tiger,zebra,honeybee,striped animals,medium,Members of a Set/Entities,756
inner tube,bagel,hula hoop,washer,things with holes in the middle,hard,Members of a Set/Entities,756
chump,loose,climate,sea,___ change,very_hard,Fill-in-the-Blank,756
fencing,sumo,squash,cricket,sports,easy,Members of a Set/Entities,756
cottage,cream,cream,cottage,___ cheese,very_hard,Fill-in-the-Blank,757
squid,tattoo machine,printer,pen,things with ink,hard,Members of a Set/Entities,757
polo,golf,judo,polo,sports,easy,Members of a Set/Entities,757
firm,sound,solid,stable,sturdy,medium,Descriptor/Adjective Synonyms,757
string,goat,string,say,___ cheese,very_hard,Fill-in-the-Blank,758
scatter,dust,shower,pepper,sprinkle,easy,Noun/Concept Synonyms,758
plywood,cake,earth,onion,things with layers,hard,Members of a Set/Entities,758
sour,bitter,bock,stout,styles of beer,medium,Noun/Concept Synonyms,758
guitar,giraffe,lamp,bottle,things with necks,hard,Members of a Set/Entities,759
flower,only,problem,poster,___ child,very_hard,Fill-in-the-Blank,759
coliseum,bowl,dome,arena,stadiums,easy,Noun/Concept Synonyms,759
cash,brown,mercury,dylan,subjects of acclaimed musical biopics,medium,Idioms & Slang,759
ma,me,ok,la,state abbreviations,easy,Noun/Concept Synonyms,760
ladybug,dalmatian,die,domino,things with spots,hard,Members of a Set/Entities,760
poker,potato,blue,computer,___ chip,very_hard,Fill-in-the-Blank,760
fit,apt,proper,right,suitable,medium,Descriptor/Adjective Synonyms,760
review,outline,brief,digest,summary,medium,Descriptor/Adjective Synonyms,761
family,media,flea,flying,___ circus,very_hard,Fill-in-the-Blank,761
ma,hi,co,pa,state abbreviations,easy,Noun/Concept Synonyms,761
keyboard,browser,soda can,folder,things with tabs,hard,Members of a Set/Entities,761
spoke,voiced,said,told,stated,easy,Noun/Concept Synonyms,762
tee,shorts,sunglasses,hat,summer gear,medium,Noun/Concept Synonyms,762
comb,zipper,saw,gear,things with teeth,hard,Members of a Set/Entities,762
magic,motor,windy,sin,___ city nicknames,very_hard,Fill-in-the-Blank,762
pipe,dry,vacuum,bathroom,___ cleaner,very_hard,Fill-in-the-Blank,763
well,store,reserve,mine,supply,medium,Descriptor/Adjective Synonyms,763
bliss,cloud nine,paradise,heaven,states of elation,easy,Members of a Set/Entities,763
bird,angel,pegasus,airplane,things with wings,hard,Members of a Set/Entities,763
solid,plasma,liquid,plasma,states of matter,easy,Members of a Set/Entities,764
ikea furniture,lego set,puzzle,model,things you assemble,hard,Members of a Set/Entities,764
video,hair,alligator,paper,___ clip,very_hard,Fill-in-the-Blank,764
root,clap,cheer,whistle,support audibly,medium,Descriptor/Adjective Synonyms,764
egg,code,whip,joke,things you can crack,hard,Members of a Set/Entities,765
cuckoo,biological,alarm,grandfather,___ clock,very_hard,Fill-in-the-Blank,765
exponent,cheerleader,advocate,champion,supporter,medium,Noun/Concept Synonyms,765
solid,liquid,solid,gas,states of matter,easy,Members of a Set/Entities,765
secret,dress,health,zip,___ code,very_hard,Fill-in-the-Blank,766
chow,scarf,wolf,gobble,synonyms for eat,medium,Noun/Concept Synonyms,766
plasma,liquid,gas,gas,states of matter,easy,Members of a Set/Entities,766
picture,card,bath,curtain,things you can draw,hard,Members of a Set/Entities,766
skirt,t-bone,hanger,filet,steak cuts,easy,Noun/Concept Synonyms,767
sketch,divine,black,prop,___ comedy,very_hard,Fill-in-the-Blank,767
column,cell,sheet,row,things you can insert into a spreadsheet,hard,Members of a Set/Entities,767
parrot,echo,mimic,copy,synonyms for imitate,medium,Noun/Concept Synonyms,767
kooky,daffy,quirky,wacky,synonyms for offbeat,medium,Noun/Concept Synonyms,768
nose,apple,card,banjo,things you can pick,hard,Members of a Set/Entities,768
birth,remote,quality,cruise,___ control,very_hard,Fill-in-the-Blank,768
pocket,swipe,nick,nick,steal,easy,Noun/Concept Synonyms,768
pinch,pocket,pinch,palm,steal,easy,Noun/Concept Synonyms,769
food,tennis,supreme,kangaroo,___ court,very_hard,Fill-in-the-Blank,769
bug bite,vinyl record,lottery ticket,your head,things you can scratch,hard,Members of a Set/Entities,769
handles,tackles,does,addresses,takes on,medium,Noun/Concept Synonyms,769
ring,knock,buzz,shout,things you do at someone's front door,hard,Members of a Set/Entities,770
flair,faculty,gift,genius,talent,medium,Noun/Concept Synonyms,770
guide,guide,direct,shepherd,steer,easy,Noun/Concept Synonyms,770
spider,hermit,fiddler,horseshoe,___ crab,very_hard,Fill-in-the-Blank,770
solid,real,concrete,material,tangible,medium,Descriptor/Adjective Synonyms,771
direct,lead,drive,pilot,steer,easy,Noun/Concept Synonyms,771
construction,paper,whooping,frasier,___ crane,very_hard,Fill-in-the-Blank,771
doze,doodle,space,pass notes,things you might do during a boring class/meeting,hard,Members of a Set/Entities,771
party,rail,rock,eye,third ___,hard,Fill-in-the-Blank,772
dream,delivery,dinner,due,___ date,very_hard,Fill-in-the-Blank,772
cream,whip,whisk,beat,stir vigorously,easy,Descriptor/Adjective Synonyms,772
sing,squeal,snitch,rat,tattle,medium,Noun/Concept Synonyms,772
rag,rib,needle,bait,tease,medium,Noun/Concept Synonyms,773
solid,solid,squat,stout,stocky,easy,Descriptor/Adjective Synonyms,773
may,groundhog,earth,labor,___ day holidays,very_hard,Fill-in-the-Blank,773
dart,horseshoe,ring,axe,thrown in target games,hard,Noun/Concept Synonyms,773
slope,cant,list,lean,tilt to one side,hard,Noun/Concept Synonyms,774
sweetheart,raw,big,plea,___ deal,very_hard,Fill-in-the-Blank,774
thick,husky,squat,thick,stocky,easy,Descriptor/Adjective Synonyms,774
match,game,tournament,set,tennis competition units,medium,Noun/Concept Synonyms,774
rat,fink,canary,snitch,stool pigeon,easy,Noun/Concept Synonyms,775
demolition,soap box,kentucky,home run,___ derby,very_hard,Fill-in-the-Blank,775
sitting,session,meeting,period,term,medium,Noun/Concept Synonyms,775
soon,then,later,now,time adverbs,hard,Noun/Concept Synonyms,775
small,minute,slight,wee,tiny,hard,Descriptor/Adjective Synonyms,776
vinyl,lp,wax,platter,terms for records,medium,Noun/Concept Synonyms,776
teapot,chrome,capitol,onion,___ dome,very_hard,Fill-in-the-Blank,776
trunk,case,crate,chest,storage containers,easy,Noun/Concept Synonyms,776
yankee,google,dipsy,cheese,___ doodle,very_hard,Fill-in-the-Blank,777
quinn,house,howser,grey,title tv doctors,hard,Trivia/Pop Culture,777
peacock,prime,netflix,hulu,streaming services,easy,Action/Verb Synonyms,777
boo,sugar,honey,sweetie,terms of endearment,medium,Noun/Concept Synonyms,777
babe,bolt,dumbo,ted,titular animals of film,hard,Members of a Set/Entities,778
fever,american,lucid,pipe,___ dream,very_hard,Fill-in-the-Blank,778
soil,land,ground,earth,terra firma,medium,Noun/Concept Synonyms,778
test,tax,try,strain,"stretch, as one’s patience",easy,Noun/Concept Synonyms,778
football,eddy,tornado,tasmanian devil,they move in a spiral,medium,Idioms & Slang,779
waits,petty,cruise,holland,toms,hard,Noun/Concept Synonyms,779
jury,customs,heavy,civic,___ duty,very_hard,Fill-in-the-Blank,779
tough,stern,rigid,firm,strict,easy,Noun/Concept Synonyms,779
bagel,lifesaver,donut,cheerio,torus-shaped food,hard,Noun/Concept Synonyms,780
domino,butterfly,placebo,butterfly,___ effect,very_hard,Fill-in-the-Blank,780
funk,musk,tang,odor,strong smell,easy,Noun/Concept Synonyms,780
tape,toilet paper,ribbon,foil,they're on a roll!,medium,Idioms & Slang,780
rob,pinch,swipe,steal,thieve,medium,Noun/Concept Synonyms,781
wharf,dock,lighthouse,boardwalk,structures by the shore,easy,Noun/Concept Synonyms,781
halo,side,placebo,domino,___ effect,very_hard,Fill-in-the-Blank,781
tap,pinch,swipe,spread,touchscreen gestures,hard,Noun/Concept Synonyms,781
yield,detour,slow,stop,traffic signs,hard,Members of a Set/Entities,782
tube,underground,subway,metro,subterranean transit,easy,Noun/Concept Synonyms,782
magic,naked,third,evil,___ eye,very_hard,Fill-in-the-Blank,782
skin,coat,layer,film,thin covering,medium,Noun/Concept Synonyms,782
receipt,statement,bill,invoice,transaction record,hard,Noun/Concept Synonyms,783
film,sheet,coat,leaf,thin layer,medium,Noun/Concept Synonyms,783
cherry,sprinkles,fudge,nuts,sundae toppings,easy,Noun/Concept Synonyms,783
ballpark,go,stick,action,___ figure,very_hard,Fill-in-the-Blank,783
manage,get by,hack it,make do,survive,easy,Descriptor/Adjective Synonyms,784
hand,send,pass,give,transfer,hard,Noun/Concept Synonyms,784
jelly,star,cray,silver,___ fish that aren’t fish,very_hard,Fill-in-the-Blank,784
mix,sample,spin,scratch,things a dj does,medium,Members of a Set/Entities,784
finger,soul,fast,junk,___ food,very_hard,Fill-in-the-Blank,785
shaft,hustle,hose,fleece,swindle,easy,Noun/Concept Synonyms,785
rattle,shed,slither,hiss,things a rattlesnake does,medium,Members of a Set/Entities,785
march,tramp,trek,hike,travel on foot,hard,Noun/Concept Synonyms,785
crawl,coo,babble,nurse,things babies do,medium,Members of a Set/Entities,786
bark,root,branch,trunk,tree features,hard,Noun/Concept Synonyms,786
connect,petit,fab,fantastic,___ four,very_hard,Fill-in-the-Blank,786
baton,wand,staff,scepter,symbolic rods,easy,Descriptor/Adjective Synonyms,786
mutual,hedge,slush,trust,___ fund,very_hard,Fill-in-the-Blank,787
shed,knead,purr,scratch,things cats do,medium,Members of a Set/Entities,787
incensed,livid,irate,furious,synonyms for angry,easy,Descriptor/Adjective Synonyms,787
ebony,ash,gum,cherry,trees,hard,Noun/Concept Synonyms,787
balloon animal,water wings,bouncy castle,whoopee cushion,things filled with air,medium,Members of a Set/Entities,788
arcade,numbers,squid,blame,___ game,very_hard,Fill-in-the-Blank,788
bowl,dish,saucer,plate,tableware,easy,Noun/Concept Synonyms,788
chayote,durian,bitter melon,soursop,tropical fruits/vegetables,hard,Noun/Concept Synonyms,788
shellac,rout,crush,cream,trounce,hard,Noun/Concept Synonyms,789
boy,by,saint,curious,___ george,very_hard,Fill-in-the-Blank,789
cilantro,salsa,lime,onion,taco toppings,easy,Noun/Concept Synonyms,789
xylophone,whac-a-mole,croquet,carpentry,things involving mallets,medium,Members of a Set/Entities,789
shot,cocktail,old fashioned,collins,___ glass glassware,very_hard,Fill-in-the-Blank,790
trip,slip,spill,fall,take a tumble,easy,Action/Verb Synonyms,790
tire,eraser,galosh,balloon,things made of rubber,medium,Members of a Set/Entities,790
munster,pickles,griffin,partridge,tv comedy families,hard,Trivia/Pop Culture,790
crayon,candle,honeycomb,seal,things made of wax,medium,Members of a Set/Entities,791
grey,golden,silly,mother,___ goose,very_hard,Fill-in-the-Blank,791
exploit,leverage,milk,use,take advantage of,easy,Action/Verb Synonyms,791
flipper,firefly,fleabag,fargo,tv shows,hard,Trivia/Pop Culture,791
net,make,earn,clear,"take home, as income",easy,Action/Verb Synonyms,792
cheer,scrub,weed,friend,tv shows minus “s”,hard,Trivia/Pop Culture,792
pillow,boa,headdress,shuttlecock,things made with feathers,medium,Members of a Set/Entities,792
air,rhythm,slide,electric,___ guitar,very_hard,Fill-in-the-Blank,792
euphoria,cheers,glee,felicity,tv shows with happy-sounding names,hard,Trivia/Pop Culture,793
monty,bingo,study,city,___ hall,very_hard,Fill-in-the-Blank,793
clip,file,bite,paint,things people do to fingernails,medium,Members of a Set/Entities,793
bear,assume,handle,shoulder,"take on, as a responsibility",easy,Idioms & Slang,793
gift,charley,crazy,dark,___ horse,very_hard,Fill-in-the-Blank,794
indict,charge,sue,file,take to court,easy,Action/Verb Synonyms,794
cookies,cache,history,data,things stored by a web browser,medium,Members of a Set/Entities,794
nes,vhs,mtv,alf,tv-related abbreviations in the '80s,hard,Trivia/Pop Culture,794
happy,eleventh,amateur,rush,___ hour,very_hard,Fill-in-the-Blank,795
lesson,exercise,assignment,drill,tasks for a student,easy,Noun/Concept Synonyms,795
cinderella,david-and-goliath,rags-to-riches,underdog,types of come-from-behind stories,hard,Members of a Set/Entities,795
basketball,floatie,balloon,tire,things that are inflated,medium,Members of a Set/Entities,795
raspberry,jeer,hiss,boo,taunts,easy,Noun/Concept Synonyms,796
gingerbread,haunted,full,white,___ house,very_hard,Fill-in-the-Blank,796
lotion,incense,soap,candle,things that are often scented,medium,Members of a Set/Entities,796
helena,irving,billings,buffalo,u.s. cities,hard,Members of a Set/Entities,796
witch,job,egg,scavenger,___ hunt,very_hard,Fill-in-the-Blank,797
flamingo,calamine lotion,bubble gum,carnation,things that are pink,medium,Members of a Set/Entities,797
coach,school,guide,train,teach,easy,Noun/Concept Synonyms,797
mobile,buffalo,phoenix,phoenix,u.s. cities,hard,Members of a Set/Entities,797
barbie dreamhouse,flamingo,eraser,cherry blossom,things that are pink,medium,Members of a Set/Entities,798
meta,alphabet,apple,amazon,tech companies,easy,Noun/Concept Synonyms,798
brown,smith,howard,duke,u.s. colleges/universities,hard,Noun/Concept Synonyms,798
waffle,steam,pump,tire,___ iron,very_hard,Fill-in-the-Blank,798
method,approach,school,philosophy,technique,easy,Noun/Concept Synonyms,799
dick,teddy,cal,abe,u.s. presidential nicknames,hard,Members of a Set/Entities,799
enough,a rose,love,a deal,___ is ___ (is ___),very_hard,Fill-in-the-Blank,799
elmo,rose,ketchup,cardinal,things that are red,medium,Members of a Set/Entities,799
school bus,banana,sunflower,canary,things that are yellow,medium,Members of a Set/Entities,800
sports,life,yellow,dust,___ jacket,very_hard,Fill-in-the-Blank,800
frontier,american,spirit,united,u.s.-based airlines,hard,Noun/Concept Synonyms,800
account,story,description,chronicle,telling of events,easy,Action/Verb Synonyms,800
pearl,traffic,paper,nba,___ jam,very_hard,Fill-in-the-Blank,801
aurora,radium,glowstick,firefly,things that luminesce,medium,Members of a Set/Entities,801
guide,model,blueprint,mold,template,easy,Noun/Concept Synonyms,801
cal,in,gal,oz,unit abbreviations,hard,Noun/Concept Synonyms,801
love,pumpkin,sugar,angel,terms of endearment,easy,Noun/Concept Synonyms,802
bell,alarm,intercom,phone,things that ring,medium,Members of a Set/Entities,802
mole,lux,bar,bel,units,hard,Noun/Concept Synonyms,802
spike lee,hip,pizza,dovetail,___ joint,very_hard,Fill-in-the-Blank,802
circulate,mingle,network,converse,things to do at a work event,medium,Members of a Set/Entities,803
six-pack,case,forty,growler,units of beer,hard,Noun/Concept Synonyms,803
lion,prom,burger,california,___ king,very_hard,Fill-in-the-Blank,803
treasure,darling,pumpkin,love,terms of endearment,easy,Noun/Concept Synonyms,803
fathom,foot,yard,league,units of length,hard,Noun/Concept Synonyms,804
animal print,houndstooth,polka dot,herringbone,textile patterns,easy,Noun/Concept Synonyms,804
glove,tee,ball,driver,things used in golf,medium,Members of a Set/Entities,804
rope,corporate,word,salmon,___ ladder,very_hard,Fill-in-the-Blank,804
love,romance,sign,body,___ language,very_hard,Fill-in-the-Blank,805
hertz,second,mole,newton,units of measure,hard,Noun/Concept Synonyms,805
turntable,sewing kit,compass,pine tree,things with needle/s,medium,Members of a Set/Entities,805
feynman,einstein,hawking,oppenheimer,theoretical physicists,easy,Noun/Concept Synonyms,805
turtle,hard taco,snail,clam,things with shells,medium,Members of a Set/Entities,806
lemon,natural,harvard,criminal,___ law,very_hard,Fill-in-the-Blank,806
pinwheel,flag,wind chime,vane,they're blowin' in the wind,easy,Idioms & Slang,806
blanket,general,sweeping,broad,universal,hard,Noun/Concept Synonyms,806
egg,egg,nut,m&m,things with shells,medium,Members of a Set/Entities,807
frisbee,bone,ball,bone,things a dog can fetch,easy,Members of a Set/Entities,807
ivy,premier,justice,little,___ league,very_hard,Fill-in-the-Blank,807
brown,howard,rice,duke,universities,hard,Noun/Concept Synonyms,807
remote,slim,small,outside,"unlikely, as chances",hard,Noun/Concept Synonyms,808
ball,frisbee,stick,stick,things a dog can fetch,easy,Members of a Set/Entities,808
wagon,rollerblade,skateboard,dolly,things with wheels,medium,Members of a Set/Entities,808
love,cover,chain,scarlet,___ letter,very_hard,Fill-in-the-Blank,808
wish,guest,bucket,top ten,___ list,very_hard,Fill-in-the-Blank,809
gnome,shed,sprinkler,grill,things seen in a yard,easy,Members of a Set/Entities,809
easy,open,game,flexible,up for anything,hard,Noun/Concept Synonyms,809
hospital,fly,airplane,fairy,things with wings,medium,Members of a Set/Entities,809
exhaust,hose,pipe,duct,used in ventilation,hard,Noun/Concept Synonyms,810
bold,underline,highlight,strikethrough,things you can do to text,medium,Members of a Set/Entities,810
chain,snail,electronic,junk,___ mail,very_hard,Fill-in-the-Blank,810
caterpillar,peach,fleece,pipe cleaner,things that are fuzzy,easy,Members of a Set/Entities,810
goldfish,basketball,carrot,pumpkin,things that are orange,easy,Members of a Set/Entities,811
super,bat,spider,iron,___ man superheroes,very_hard,Fill-in-the-Blank,811
sticks,snow,carrot,coal,used to build a snowman,hard,Idioms & Slang,811
spike,punt,snap,pass,things you can do with a football,medium,Members of a Set/Entities,811
flutter,wink,bat,blink,things you can do with your eyelids,medium,Members of a Set/Entities,812
sand,plow,salt,shovel,used to clear snow,hard,Noun/Concept Synonyms,812
devil,stop sign,rose,strawberry,things that are red,easy,Members of a Set/Entities,812
bull,meat,flea,stock,___ market,very_hard,Fill-in-the-Blank,812
carrot,scarf,coal,pipe,used to decorate a snowman,hard,Idioms & Slang,813
maraschino cherry,fire engine,mars,clown nose,things that are red,easy,Members of a Set/Entities,813
hail,virgin,proud,bloody,___ mary,very_hard,Fill-in-the-Blank,813
table,image,text box,chart,things you can insert in a document,medium,Members of a Set/Entities,813
snow,polar bear,baby powder,milk,things that are white,easy,Members of a Set/Entities,814
sailor,harvest,blue,new,___ moon,very_hard,Fill-in-the-Blank,814
cone,barrier,flare,flag,used to redirect traffic,hard,Descriptor/Adjective Synonyms,814
snore,dream,drool,talk,things you might do in your sleep,medium,Members of a Set/Entities,814
mustard,lemon,minion,canary,things that are yellow,easy,Members of a Set/Entities,815
hairspray,magic 8 ball,snowglobe,salad dressing,things you shake,medium,Members of a Set/Entities,815
stain,microscope,slide,specimen,used to view a biological sample,hard,Idioms & Slang,815
silent,date,buddy,cult,___ movie,very_hard,Fill-in-the-Blank,815
hurl,fling,chuck,cast,throw,medium,Noun/Concept Synonyms,816
waste,nick,passage,sands,___ of time,very_hard,Fill-in-the-Blank,816
lost boys,twilight,blade,near dark,vampire movies,hard,Trivia/Pop Culture,816
cap,seal,plug,cover,things that prevent leaks,easy,Members of a Set/Entities,816
spear,bulb,head,ear,vegetable units,hard,Descriptor/Adjective Synonyms,817
hotel,flight,car,tour,things to book for a vacation,easy,Members of a Set/Entities,817
pepper,scatter,strew,sprinkle,throw here and there,medium,Noun/Concept Synonyms,817
post,oval,microsoft,box,___ office,very_hard,Fill-in-the-Blank,817
bill,check,tab,invoice,things to pay,easy,Members of a Set/Entities,818
beet,onion,corn,carrot,vegetables,hard,Noun/Concept Synonyms,818
concert,movie,play,game,ticketed events,medium,Noun/Concept Synonyms,818
comic,soap,rock,met,___ opera,very_hard,Fill-in-the-Blank,818
powder,glaze,sprinkle,frost,verbs for finishing donuts,hard,Noun/Concept Synonyms,819
maxi,lily,bachelor,mouse,___ pad,very_hard,Fill-in-the-Blank,819
hem,pleat,seam,dart,things to sew,easy,Members of a Set/Entities,819
floor,level,deck,story,tier,medium,Noun/Concept Synonyms,819
proof,rise,ferment,rest,verbs in breadmaking,hard,Noun/Concept Synonyms,820
lavalier,boutonnière,lapel pin,awareness ribbon,things worn on lapels,easy,Members of a Set/Entities,820
mite,tad,little,bit,"tiny amount, with “a”",medium,Descriptor/Adjective Synonyms,820
butcher,wax,scrap,toilet,___ paper,very_hard,Fill-in-the-Blank,820
tollbooth,towboat,tomboy,toolbox,to-bo- compound words,medium,Noun/Concept Synonyms,821
affiliate,relate,associate,equate,think of together,easy,Noun/Concept Synonyms,821
pep,beans,energy,zip,vigor,hard,Noun/Concept Synonyms,821
amusement,national,south,parallel,___ park,very_hard,Fill-in-the-Blank,821
beat,pulse,pound,thump,throb,easy,Noun/Concept Synonyms,822
rough,soul,nicotine,cabbage,___ patch,very_hard,Fill-in-the-Blank,822
craft,line,work,trade,vocation,hard,Noun/Concept Synonyms,822
bear,stomach,swallow,bear,tolerate,medium,Noun/Concept Synonyms,822
eject,toss,boot,bounce,throw out,easy,Noun/Concept Synonyms,823
black,dr,bell,ghost,___ pepper,very_hard,Fill-in-the-Blank,823
stand,take,take,stand,tolerate,medium,Noun/Concept Synonyms,823
storm,liberty,sparks,sun,w.n.b.a. teams,hard,Members of a Set/Entities,823
annie,company,cats,cabaret,tony winners for best musical,medium,Idioms & Slang,824
stick,poke,prod,jab,thrust,easy,Noun/Concept Synonyms,824
wings,liberty,mercury,sky,w.n.b.a. teams,hard,Members of a Set/Entities,824
humble,cutie,chess,whoopie,___ pie,very_hard,Fill-in-the-Blank,824
leave,vacation,holiday,rest,time off,easy,Noun/Concept Synonyms,825
cami,tank,tee,halter,tops,medium,Noun/Concept Synonyms,825
bobby,hair,safety,push,___ pin,very_hard,Fill-in-the-Blank,825
stride,tread,step,march,walk,hard,Noun/Concept Synonyms,825
clock,belt,deck,slug,wallop,hard,Noun/Concept Synonyms,826
barbecue,snake,orchestra,tar,___ pit,very_hard,Fill-in-the-Blank,826
tire,wreath,lifesaver,bagel,torus-shaped things,medium,Members of a Set/Entities,826
break,recess,leave,break,time off,easy,Noun/Concept Synonyms,826
hammer,hurdle,pole,pole,track and field equipment,medium,Members of a Set/Entities,827
line,pipe,channel,main,water and gas conduits,hard,Noun/Concept Synonyms,827
decade,millennium,year,century,time periods,easy,Noun/Concept Synonyms,827
fever,perfect,sales,elevator,___ pitch,very_hard,Fill-in-the-Blank,827
fountain,tap,spring,well,water sources,hard,Noun/Concept Synonyms,828
match,selling,west,moot,___ point,very_hard,Fill-in-the-Blank,828
clock,sundial,watch,hourglass,timekeeping devices,easy,Action/Verb Synonyms,828
javelin,hurdle,hammer,baton,track and field equipment,medium,Members of a Set/Entities,828
tone,shade,color,hue,tint,easy,Noun/Concept Synonyms,829
sweet,hot,baked,couch,___ potato,very_hard,Fill-in-the-Blank,829
trait,hallmark,stamp,feature,trademark,medium,Noun/Concept Synonyms,829
tug,barge,junk,sub,watercraft,hard,Noun/Concept Synonyms,829
tone,hue,shade,tinge,tint,easy,Noun/Concept Synonyms,830
pass,give,deliver,hand,transfer,medium,Noun/Concept Synonyms,830
thou,grand,m,k,"ways to express 1,000",hard,Noun/Concept Synonyms,830
booby,door,first,jury,___ prize,very_hard,Fill-in-the-Blank,830
shout,whistle,wave,snap,ways to get attention,hard,Noun/Concept Synonyms,831
white,velveteen,roger,trix,___ rabbit,very_hard,Fill-in-the-Blank,831
hydrate,breathe,stretch,rest,tips for working out safely,easy,Idioms & Slang,831
rings,bark,crown,roots,tree features,medium,Noun/Concept Synonyms,831
walnut,almond,cashew,pecan,tree nuts,medium,Noun/Concept Synonyms,832
stomach,swallow,stand,bear,tolerate,easy,Noun/Concept Synonyms,832
grille,bumper,spoiler,rim,ways to modify a car's exterior,hard,Idioms & Slang,832
satellite,talk,pirate,ham,___ radio,very_hard,Fill-in-the-Blank,832
beech,pine,palm,elder,trees,medium,Noun/Concept Synonyms,833
base,bracket,stand,mount,ways to secure a tv,hard,Trivia/Pop Culture,833
file,saw,level,hammer,tools,easy,Members of a Set/Entities,833
pack,rug,gym,mall,___ rat,very_hard,Fill-in-the-Blank,833
issue,subject,matter,point,topic of discussion,easy,Descriptor/Adjective Synonyms,834
rocky,dirt,silk,high,___ road,very_hard,Fill-in-the-Blank,834
pine,spruce,cedar,yew,trees,medium,Noun/Concept Synonyms,834
bun,twist,pony,braid,ways to wear your hair up,hard,Idioms & Slang,834
fall,tumble,spill,wipeout,topple,easy,Noun/Concept Synonyms,835
abbey,high,silk,rocky,___ road,very_hard,Fill-in-the-Blank,835
rope,wrench,candlestick,knife,weapons in the game clue,hard,Idioms & Slang,835
24,firefly,bones,weeds,tv shows,medium,Trivia/Pop Culture,835
graze,brush,skim,kiss,touch lightly,easy,Descriptor/Adjective Synonyms,836
california,honor,egg,drum,___ roll,very_hard,Fill-in-the-Blank,836
wind,spool,wrap,coil,twist around,medium,Noun/Concept Synonyms,836
view,file,window,history,web browser menus,hard,Noun/Concept Synonyms,836
sample,garage,clearance,bake,___ sale,very_hard,Fill-in-the-Blank,837
curly,waffle,shoestring,wedge,types of french fries,medium,Members of a Set/Entities,837
opera,chrome,edge,safari,web browsers,hard,Noun/Concept Synonyms,837
swipe,tap,scroll,pinch,touchscreen gestures,easy,Noun/Concept Synonyms,837
dinky,little,minute,slight,wee,hard,Noun/Concept Synonyms,838
great,navy,elephant,vacuum,___ seal,very_hard,Fill-in-the-Blank,838
tempera,watercolor,oil,acrylic,types of paint,medium,Members of a Set/Entities,838
semi,quarter,qualifier,final,tournament rounds,easy,Noun/Concept Synonyms,838
zoom,photoshop,google,uber,trademarks that have become verbs,easy,Idioms & Slang,839
statement,command,question,exclamation,types of sentences,medium,Members of a Set/Entities,839
cheat,fitted,balance,cookie,___ sheet,very_hard,Fill-in-the-Blank,839
sheriff,cowboy,outlaw,drifter,western tropes,hard,Noun/Concept Synonyms,839
glass,garnish,straw,coaster,what a drink is served with,hard,Idioms & Slang,840
sweat,ankle,crew,tube,___ socks,very_hard,Fill-in-the-Blank,840
ice,slush,crust,powder,types of snow,medium,Members of a Set/Entities,840
pamper,baby,spoil,mother,treat with excessive care,easy,Descriptor/Adjective Synonyms,840
cedar,ash,poplar,oak,trees,easy,Noun/Concept Synonyms,841
pa,or,hi,ma,u.s. state abbreviations,medium,Noun/Concept Synonyms,841
baby,pet,plant,house,what a sitter might sit,hard,Idioms & Slang,841
banana,7-10,lickety,stock,___ split,very_hard,Fill-in-the-Blank,841
dull,vanilla,boring,mundane,unexciting,medium,Action/Verb Synonyms,842
resistance,current,voltage,charge,what an electrometer measures,hard,Noun/Concept Synonyms,842
town,pocket,perfect,times,___ square,very_hard,Fill-in-the-Blank,842
tough,complex,delicate,sticky,tricky,easy,Descriptor/Adjective Synonyms,842
sing,dive,breach,spout,what humpback whales do,hard,Noun/Concept Synonyms,843
constant,level,uniform,stable,unfluctuating,medium,Action/Verb Synonyms,843
memory,selfie,fish,hockey,___ stick,very_hard,Fill-in-the-Blank,843
hat trick,threepeat,trifecta,triple crown,trio of sports achievements,easy,Members of a Set/Entities,843
accept,believe,swallow,buy,trust as real,easy,Noun/Concept Synonyms,844
allergy,relief,onion,melodrama,what might bring tears to your eyes,hard,Idioms & Slang,844
abandon,unrestraint,freedom,spontaneity,uninhibitedness,medium,Noun/Concept Synonyms,844
comic,landing,bacon,sunset,___ strip,very_hard,Fill-in-the-Blank,844
volt,hertz,mole,second,units,medium,Noun/Concept Synonyms,845
cough,simple,maple,corn,___ syrup,very_hard,Fill-in-the-Blank,845
noble,democratic,erotic,sad,what “blue” might mean,hard,Noun/Concept Synonyms,845
withdraw,retreat,leave,flee,turn tail,easy,Noun/Concept Synonyms,845
convention,drawback,swindle,criminal,what “con” might mean,hard,Noun/Concept Synonyms,846
foot,verse,meter,line,units in poetry,medium,Descriptor/Adjective Synonyms,846
color,brightness,contrast,tint,tv display settings,easy,Trivia/Pop Culture,846
water,periodic,pool,coffee,___ table,very_hard,Fill-in-the-Blank,846
lecture,seminar,discussion,lab,types of academic courses,easy,Members of a Set/Entities,847
one,iota,myself,iodine,what “i” might mean,hard,Noun/Concept Synonyms,847
dog,price,freeze,phone,___ tag,very_hard,Fill-in-the-Blank,847
mile,foot,league,yard,units of length,medium,Noun/Concept Synonyms,847
fairy,tall,fish,folk,___ tale,very_hard,Fill-in-the-Blank,848
tote,messenger,clutch,satchel,types of bags,easy,Members of a Set/Entities,848
draw,wild,reverse,skip,uno cards,medium,Noun/Concept Synonyms,848
lanthanum,musical note,los angeles,louisiana,what “la” might refer to,hard,Idioms & Slang,848
willing,amenable,game,down,up for it,medium,Noun/Concept Synonyms,849
sweet,baby,pillow,small,___ talk,very_hard,Fill-in-the-Blank,849
win,tungsten,watt,west,what “w” might stand for,hard,Idioms & Slang,849
kidney,infinity,kiddie,olympic,types of pools,easy,Members of a Set/Entities,849
cube,dice,slice,julienne,use a kitchen knife,medium,Action/Verb Synonyms,850
demo,red,scotch,ticker,___ tape,very_hard,Fill-in-the-Blank,850
am,satellite,walkie-talkie,ham,types of radio,easy,Members of a Set/Entities,850
when,harry,sally,met,when harry met sally,hard,Descriptor/Adjective Synonyms,850
sew,darn,hem,seam,use a needle and thread,medium,Idioms & Slang,851
teen,adults only,mature,everyone,"who video games are for, per esrb ratings",hard,Idioms & Slang,851
border,rat,boston,bull,___ terrier,very_hard,Fill-in-the-Blank,851
tusk,fang,molar,canine,types of teeth,easy,Members of a Set/Entities,851
quarter,penny,nickel,dime,u.s. coins,easy,Noun/Concept Synonyms,852
robin,venus,hank,tennessee,williamses,hard,Noun/Concept Synonyms,852
eye,baby,wisdom,sweet,___ tooth,very_hard,Fill-in-the-Blank,852
water,cup,teabag,kettle,used for tea,medium,Noun/Concept Synonyms,852
magnifying glass,flint,matches,lighter,used in starting a fire,medium,Idioms & Slang,853
bear,sand,speed,tourist,___ trap,very_hard,Fill-in-the-Blank,853
balanced,full,sweet,dry,wine tasting descriptors,hard,Noun/Concept Synonyms,853
colorado,arizona,utah,nevada,u.s. mountain states,easy,Members of a Set/Entities,853
shield,lasso,sword,tiara,wonder woman’s costume,hard,Noun/Concept Synonyms,854
chock,tire,wrench,jack,used to fix a flat,medium,Idioms & Slang,854
grant,adams,washington,ford,u.s. presidents,easy,Noun/Concept Synonyms,854
right,love,bermuda,acute,___ triangle,very_hard,Fill-in-the-Blank,854
ego,guilt,head,power,___ trip,very_hard,Fill-in-the-Blank,855
racket,mallet,bat,stick,used to hit a ball in sports,medium,Members of a Set/Entities,855
stable,steady,even,level,unchanging,easy,Action/Verb Synonyms,855
lighthouse,temple,gardens,pyramid,wonders of the world,hard,Noun/Concept Synonyms,855
filter,water,grinder,beans,used to make coffee,medium,Noun/Concept Synonyms,856
vacuum,fallopian,inner,test,___ tube,very_hard,Fill-in-the-Blank,856
project,enterprise,endeavor,venture,undertaking,easy,Action/Verb Synonyms,856
plane,chisel,rasp,saw,woodworking hand tools,hard,Members of a Set/Entities,856
dovetail,mortise,mitre,dado,woodworking joint terms,hard,Action/Verb Synonyms,857
roll,loaf,bun,baguette,unit of bread,easy,Noun/Concept Synonyms,857
fat,taco,giving,super,___ tuesday,very_hard,Fill-in-the-Blank,857
ladle,pot,spoon,bowl,used when serving soup,medium,Noun/Concept Synonyms,857
drills,saws,routers,files,woodworking tools,hard,Members of a Set/Entities,858
bottoms,lawyer,batter,chin,___ up,very_hard,Fill-in-the-Blank,858
trash,cable,water,gas,utilities,medium,Noun/Concept Synonyms,858
letter,paragraph,sentence,word,unit of language,easy,Noun/Concept Synonyms,858
peep,sound,word,noise,utterance,medium,Noun/Concept Synonyms,859
foot,mile,yard,inch,units of length,easy,Noun/Concept Synonyms,859
why,you,are,see,words abbreviated with letters,hard,Word Structure/Play,859
uncanny,silicon,hidden,death,___ valley,very_hard,Fill-in-the-Blank,859
pint,cup,gallon,quart,units of volume,easy,Noun/Concept Synonyms,860
dell,dale,hollow,glen,valley,medium,Descriptor/Adjective Synonyms,860
hamster,prayer,color,cheese,___ wheel,very_hard,Fill-in-the-Blank,860
good riddance,sayonara,about time,finally,words after a welcome departure,hard,Idioms & Slang,860
pain,rex,mobile,shirt,words after “t-”,hard,Noun/Concept Synonyms,861
body,bubble,gift,shrink,___ wrap,very_hard,Fill-in-the-Blank,861
awkward,stilted,wooden,stiff,"unnatural, as mannerisms",easy,Noun/Concept Synonyms,861
silver,garlic,cross,sun,vampire vulnerabilities,medium,Noun/Concept Synonyms,861
several,na,few,handful,unspecified quantities,easy,Noun/Concept Synonyms,862
gap,light,school,leap,___ year,very_hard,Fill-in-the-Blank,862
primary,elementary,grammar,grade,"words before ""school""",hard,Idioms & Slang,862
sort,style,type,kind,variety,medium,Descriptor/Adjective Synonyms,862
twilight,comfort,time,buffer,___ zone,very_hard,Fill-in-the-Blank,863
revise,amend,correct,fix,update for accuracy,easy,Descriptor/Adjective Synonyms,863
spear,floret,stalk,clove,vegetable units,medium,Descriptor/Adjective Synonyms,863
for,dear,to,attention,words before an addressee,hard,Noun/Concept Synonyms,863
grand,august,regal,noble,venerable,medium,Descriptor/Adjective Synonyms,864
daddy,jackie,day,jell,___-o,very_hard,Fill-in-the-Blank,864
chest,hazel,coco,pea,words before “nut”,hard,Noun/Concept Synonyms,864
pillar,post,pole,column,upright support,easy,Noun/Concept Synonyms,864
boo,yo,pom,tom,___-___,very_hard,Fill-in-the-Blank,865
fish,bird,mammal,reptile,vertebrates,medium,Noun/Concept Synonyms,865
surge,spike,rise,boom,upswing,easy,Action/Verb Synonyms,865
mister,roy,ginger,jolly,words before “roger/s”,hard,Noun/Concept Synonyms,865
fast,knuckle,curve,screw,___ball pitches,very_hard,Fill-in-the-Blank,866
laser pointer,projector,clicker,slides,used during a presentation,easy,Noun/Concept Synonyms,866
ginkgo,tycoon,karaoke,emoji,words derived from japanese,hard,Noun/Concept Synonyms,866
dreamcast,genesis,switch,wii,video game consoles,medium,Noun/Concept Synonyms,866
log,tinder,match,kindling,used in building a fire,easy,Idioms & Slang,867
web,net,metaverse,cloud,virtual spaces,medium,Noun/Concept Synonyms,867
pickle,soft,dodge,kick,___ball recreational sports,very_hard,Fill-in-the-Blank,867
gross,score,pair,dozen,words for specific quantities,hard,Idioms & Slang,867
conquered,came,i,saw,words in a famous quote by caesar,hard,Trivia/Pop Culture,868
elder,goose,caper,logan,___berry,very_hard,Fill-in-the-Blank,868
rollers,comb,dryer,hairspray,used in hair care,easy,Noun/Concept Synonyms,868
bump,set,serve,spike,volleyball moves,medium,Noun/Concept Synonyms,868
water,pot,seed,soil,used to grow a houseplant,easy,Idioms & Slang,869
risk,gamble,stake,bet,wager,medium,Noun/Concept Synonyms,869
goose,blue,straw,rasp,___berry,very_hard,Fill-in-the-Blank,869
old man,bell,sun,farewell,words in hemingway titles,hard,Noun/Concept Synonyms,869
delicate,bulky,spin,cotton,washing machine cycles/settings,medium,Action/Verb Synonyms,870
hover,key,dash,star,___board,very_hard,Fill-in-the-Blank,870
exit,welcome,open,push,words on a door,hard,Noun/Concept Synonyms,870
electric,gas,water,telephone,utilities,easy,Noun/Concept Synonyms,870
mac,face,match,pocket,___book (that’s not a book),very_hard,Fill-in-the-Blank,871
seventh heaven,shangri-la,xanadu,paradise,utopia,easy,Noun/Concept Synonyms,871
fly,bait,chum,lure,ways to attract fish,medium,Descriptor/Adjective Synonyms,871
tip,tax,total,signature,words on a restaurant receipt,hard,Idioms & Slang,871
departure,break,change,alternative,variation from the norm,easy,Noun/Concept Synonyms,872
juke,chatter,soap,shadow,___box,very_hard,Fill-in-the-Blank,872
excellent,bogus,dude,totally,words said frequently in the “bill and ted” movies,hard,Trivia/Pop Culture,872
trap,fish,forage,hunt,ways to gather food,medium,Noun/Concept Synonyms,872
pan,cup,short,cheese,___cake,very_hard,Fill-in-the-Blank,873
bottle,can,draft,tap,ways to order a beer,medium,Idioms & Slang,873
types,stripes,kinds,sorts,varieties,easy,Noun/Concept Synonyms,873
gotcha,boo,guess who,surprise,words said to an unsuspecting person,hard,Idioms & Slang,873
pepper,tomato,eggplant,cucumber,vegetables that are also fruits,easy,Idioms & Slang,874
night,mad,hub,knee,___cap,very_hard,Fill-in-the-Blank,874
month,purple,silver,orange,words said to have no exact rhymes,hard,Word Structure/Play,874
dry,ferment,can,freeze,ways to preserve food,medium,Noun/Concept Synonyms,874
type,pod,broad,fore,___cast,very_hard,Fill-in-the-Blank,875
booth,stall,table,stand,vendor’s spot at a market,easy,Idioms & Slang,875
can,pickle,cure,freeze,ways to preserve food,medium,Noun/Concept Synonyms,875
popular,emotional,progressive,alternative,words shortened in rock genres,hard,Members of a Set/Entities,875
could,might,can,may,verbs expressing possibility,easy,Descriptor/Adjective Synonyms,876
séance,sacrum,seitan,seychelles,words starting with the “say” sound,hard,Idioms & Slang,876
capri,uni,a,pop,___corn,very_hard,Fill-in-the-Blank,876
plaque,medal,certificate,trophy,ways to recognize achievement,medium,Noun/Concept Synonyms,876
heating,air,conditioning,ventilation,words that make up the acronym “hvac”,hard,Word Structure/Play,877
tweeze,wax,thread,shave,ways to remove hair,medium,Noun/Concept Synonyms,877
frost,beat,bake,preheat,verbs in a cake recipe,easy,Idioms & Slang,877
bull,watch,lap,under,___dog,very_hard,Fill-in-the-Blank,877
key,vital,central,critical,very important,easy,Descriptor/Adjective Synonyms,878
pocket,stop,wrist,smart,words that modify “watch”,hard,Word Structure/Play,878
sword,cat,blow,gold,___fish,very_hard,Fill-in-the-Blank,878
password,fingerprint,pin,face,ways to unlock a device,medium,Idioms & Slang,878
shred,hint,trace,touch,very small amount,easy,Descriptor/Adjective Synonyms,879
face,pin,fingerprint,password,ways to unlock a device,medium,Idioms & Slang,879
ease,jays,bees,use,words that sound like plural letters,hard,Word Structure/Play,879
sun,wild,wall,may,___flower,very_hard,Fill-in-the-Blank,879
butter,fire,dragon,horse,___fly,very_hard,Fill-in-the-Blank,880
wrench,knife,candlestick,rope,weapons in the game clue,medium,Idioms & Slang,880
monitor,terminal,display,screen,visual interface,easy,Noun/Concept Synonyms,880
nymph,sphynx,rhythm,myrrh,words whose only vowel is “y”,hard,Word Structure/Play,880
trilobite,trillion,trident,triangle,words with the prefix meaning “three”,hard,Word Structure/Play,881
fore,arrow,block,knuckle,___head,very_hard,Fill-in-the-Blank,881
life,juice,energy,zip,vitality,easy,Descriptor/Adjective Synonyms,881
extensions,forward,back,refresh,web browser buttons,medium,Noun/Concept Synonyms,881
opera,chrome,edge,safari,web browsers,medium,Noun/Concept Synonyms,882
matter,bull,fog,shoe,___horn,very_hard,Fill-in-the-Blank,882
phone,pad,pod,mac,words with “i”,hard,Noun/Concept Synonyms,882
doo-wop,a cappella,madrigal,barbershop,vocal music,easy,Descriptor/Adjective Synonyms,882
rough,porter,power,wheel,___house (that aren’t houses),very_hard,Fill-in-the-Blank,883
lumber,plod,trudge,stomp,walk heavily,easy,Descriptor/Adjective Synonyms,883
pound,pump,race,throb,what a heart does when excited,medium,Idioms & Slang,883
teams,meet,zoom,slack,work communication platforms,hard,Noun/Concept Synonyms,883
flap,lumber,apple,cracker,___jack,very_hard,Fill-in-the-Blank,884
saw,drill,grinder,router,workshop tools,hard,Members of a Set/Entities,884
thing,place,person,idea,what a noun might be,medium,Idioms & Slang,884
dwindle,peter,fade,taper,wane,easy,Noun/Concept Synonyms,884
inside,indiana,inch,trendy,what “in” might refer to,medium,Idioms & Slang,885
fix,answer,solution,remedy,way of solving a problem,easy,Idioms & Slang,885
fin,ire,ice,green,___land,very_hard,Fill-in-the-Blank,885
rand,won,real,sterling,world currencies,hard,Noun/Concept Synonyms,885
desert,beach,hourglass,playground,where you might find sand,medium,Idioms & Slang,886
pleather vest,earring,mesh shirt,necklace,worn by earring magic ken,hard,Idioms & Slang,886
bogey,crafts,gentle,spokes,___man,very_hard,Fill-in-the-Blank,886
hunt,fish,gather,farm,ways to get food,easy,Noun/Concept Synonyms,886
bottle,break,turtle,goose,___neck,very_hard,Fill-in-the-Blank,887
train,study,practice,drill,ways to prepare,easy,Noun/Concept Synonyms,887
wind,spiral,coil,twist,wrap around in a circle,hard,Idioms & Slang,887
who,rabbit,roger,framed,who framed roger rabbit,medium,Noun/Concept Synonyms,887
shar pei,prune,crepe paper,brain,wrinkly things,hard,Members of a Set/Entities,888
word,fore,horse,screen,___play,very_hard,Fill-in-the-Blank,888
poach,scramble,fry,boil,ways to prepare eggs,easy,Noun/Concept Synonyms,888
sum,count,gross,total,whole amount,medium,Noun/Concept Synonyms,888
ache,thirst,pine,pine,yearn,hard,Noun/Concept Synonyms,889
kneel,stand,salute,bow,ways to show respect,easy,Trivia/Pop Culture,889
tad,flag,may,bean,___pole,very_hard,Fill-in-the-Blank,889
slack,freedom,license,latitude,wiggle room,medium,Noun/Concept Synonyms,889
itch,burn,long,long,yearn,hard,Noun/Concept Synonyms,890
organize,canvass,campaign,stump,ways to support a candidate,easy,Idioms & Slang,890
on board,game,down,in,willing to participate,medium,Action/Verb Synonyms,890
liver,car,whirl,dead,___pool,very_hard,Fill-in-the-Blank,890
chop,candle,yard,joy,___stick,very_hard,Fill-in-the-Blank,891
bolster,strap,mat,block,yoga accessories,hard,Noun/Concept Synonyms,891
wind,wine,wing,wink,win + letter,medium,Word Structure/Play,891
crop,flip,scale,rotate,ways to transform an image,easy,Idioms & Slang,891
bridge,cobra,wheel,cow,yoga backbends,hard,Noun/Concept Synonyms,892
window,history,tab,bookmark,web browser-related,easy,Noun/Concept Synonyms,892
fish,fiddle,chop,drum,___sticks,very_hard,Fill-in-the-Blank,892
kitty,purse,pot,prize,winnings,medium,Noun/Concept Synonyms,892
mile,key,birth,brim,___stone,very_hard,Fill-in-the-Blank,893
mountain,cobra,triangle,warrior,yoga poses,hard,Noun/Concept Synonyms,893
absent,minus,sans,wanting,without,medium,Noun/Concept Synonyms,893
hail,rain,sleet,snow,wet weather,easy,Noun/Concept Synonyms,893
chair,tree,mountain,lotus,yoga poses,hard,Noun/Concept Synonyms,894
yellow,lime,rhine,touch,___stone,very_hard,Fill-in-the-Blank,894
string lights,angel,candy cane,tinsel,what you might see on a christmas tree,easy,Trivia/Pop Culture,894
jan,deb,sue,kat,women’s nicknames,medium,Members of a Set/Entities,894
freudian concept,driver license,recognize,idaho,what “id” might refer to,easy,Idioms & Slang,895
tree,cow,cat,warrior,yoga poses,hard,Noun/Concept Synonyms,895
pursue,court,romance,charm,woo,medium,Noun/Concept Synonyms,895
heart,ham,shoe,draw,___string,very_hard,Fill-in-the-Blank,895
remainder,difference,balance,rest,what’s leftover,easy,Noun/Concept Synonyms,896
cock,mock,pony,pig,___tail,very_hard,Fill-in-the-Blank,896
oboe,clarinet,flute,saxophone,woodwinds,medium,Noun/Concept Synonyms,896
bull,ram,crab,lion,zodiac symbols,hard,Members of a Set/Entities,896
gaucho,palazzo,harem,culotte,wide-legged pant styles,easy,Noun/Concept Synonyms,897
worries,biggie,sweat,hard feelings,words after “no” to mean “it’s all good”,medium,Idioms & Slang,897
cookie,apple,vendetta,effort,[letter] (is) for ___,hard,Fill-in-the-Blank,897
holly,dog,sandal,drift,___wood,very_hard,Fill-in-the-Blank,897
loan,cross,pass,buzz,___word,very_hard,Fill-in-the-Blank,898
little,plymouth,the,classic,___ rock,hard,Fill-in-the-Blank,898
grape,winery,region,vintage,wine bottle info,easy,Noun/Concept Synonyms,898
dodge,hand,racquet,pickle,"words before ""ball"" in sports",medium,Members of a Set/Entities,898
bee,sting,butterfly,float,words in a famous muhammad ali quote,medium,Trivia/Pop Culture,899
carafe,bottle,decanter,glass,wine vessels,easy,Noun/Concept Synonyms,899
mercy,uncle,truce,stop,"“aah, enough!”",hard,Idioms & Slang,899
inch,earth,glow,book,___worm,very_hard,Fill-in-the-Blank,899
king,carte,mode,plancha,à/a la ___,very_hard,Fill-in-the-Blank,900
woodchuck,chuck,wood,could,words in a famous tongue twister,medium,Trivia/Pop Culture,900
same,ditto,second,likewise,“agree!”,hard,Idioms & Slang,900
moth,gnat,wasp,fly,winged insects,easy,Noun/Concept Synonyms,900
lieutenant,boys,santa,taste,“bad ___” movies,very_hard,Fill-in-the-Blank,901
bane,joker,penguin,scarecrow,“batman” villains,hard,Noun/Concept Synonyms,901
once,twice,sold,going,words in an auction-ending phrase,medium,Idioms & Slang,901
prize,reward,purse,pot,winnings,easy,Noun/Concept Synonyms,901
control,command,option,return,words on a mac keyboard,medium,Idioms & Slang,902
intercoms,bees,caffeine,gossip,“buzzy” things,very_hard,Members of a Set/Entities,902
oil,extra,olive,virgin,“extra virgin olive oil”,hard,Descriptor/Adjective Synonyms,902
bassoon,flute,oboe,clarinet,woodwinds,easy,Noun/Concept Synonyms,902
🧠,🚂,🌧️,✈️,words that rhyme,medium,Word Structure/Play,903
yank,wrench,tug,jerk,wrest,easy,Noun/Concept Synonyms,903
impressive,well done,nice,props,“great job!”,hard,Idioms & Slang,903
crunch,planet,kangaroo,obvious,“captains”,very_hard,Noun/Concept Synonyms,903
chen,clark,cowl,craven,“c” + bird,very_hard,Noun/Concept Synonyms,904
report,paper,essay,article,writing assignments,easy,Action/Verb Synonyms,904
meg,amy,jo,beth,“little women” sisters,hard,Noun/Concept Synonyms,904
baggage,giggle,eggnog,leggings,words with three g’s,medium,Noun/Concept Synonyms,904
sports,ticket,bike,cigarette,“e-” things,very_hard,Members of a Set/Entities,905
peppermint patty,charlie,woodstock,pigpen,“peanuts” characters,hard,Trivia/Pop Culture,905
ding,right,correct,bingo,you got it!,medium,Idioms & Slang,905
pine,yen,desire,long,yearn,easy,Noun/Concept Synonyms,905
peter,nana,hook,wendy,“peter pan” characters,hard,Trivia/Pop Culture,906
scooter,commerce,signature,mail,“e” things,very_hard,Members of a Set/Entities,906
journalism,cab,pages,jacket,yellow ___,easy,Fill-in-the-Blank,906
bull,twins,crab,scales,zodiac symbols,medium,Members of a Set/Entities,906
bird,willy,fallin’,solo,“free ___”,very_hard,Fill-in-the-Blank,907
beige,khaki,tan,camel,yellow-brown shades,easy,Noun/Concept Synonyms,907
easy,enough,chill,relax,“calm down”,medium,Noun/Concept Synonyms,907
rats,shoot,darn,curses,“phooey!”,hard,Idioms & Slang,907
phish,philly,phew,phat,“ph” words that also work with “f”,hard,Word Structure/Play,908
life,clue,room,grip,“get a ___!”,very_hard,Fill-in-the-Blank,908
cell,contact,digits,number,“can i get your ___?” (phone info request),medium,Fill-in-the-Blank,908
nice,cool,sweet,sick,“awesome!”,easy,Idioms & Slang,908
hurry,stat,now,pronto,“don’t delay!”,easy,Idioms & Slang,909
coat,crust,cake,cover,“c” words for “envelop”,medium,Idioms & Slang,909
lover,sinner,joker,smoker,“i’m a ___” (lyrics in “the joker”),very_hard,Fill-in-the-Blank,909
cricket,puppet,woodcarver,whale,“pinocchio” figures,hard,Trivia/Pop Culture,909
snuffy,cookie,count,oscar,“sesame street” characters,hard,Trivia/Pop Culture,910
ew,pu,ick,ugh,“gross!”,easy,Idioms & Slang,910
camera movement,satyr,cookware,bad review,“pan”,very_hard,Noun/Concept Synonyms,910
lord,heavens,mercy,goodness,“gracious me!”,medium,Idioms & Slang,910
arrow,dog,finger,hint,“pointers”,very_hard,Noun/Concept Synonyms,911
tigers,bears,oh my,lions,"“lions and tigers and bears, oh my!”",easy,Idioms & Slang,911
perhaps,what if,say,suppose,“here’s a thought ...”,medium,Noun/Concept Synonyms,911
grouch,count,monster,bird,“sesame street” figures,hard,Trivia/Pop Culture,911
piece of cake,easy,sure thing,no sweat,“nothing to it!”,easy,Idioms & Slang,912
wednesday,lurch,thing,fester,“the addams family” characters,hard,Trivia/Pop Culture,912
enough,mercy,uncle,stop,“i give!”,medium,Idioms & Slang,912
shannon,fey,rudolph,strong,“s.n.l.” cast members,very_hard,Members of a Set/Entities,912
beaucoup,mucho,molto,multi,“many” in different languages,medium,Noun/Concept Synonyms,913
enough,relax,easy,quiet,“settle down!”,easy,Idioms & Slang,913
buzz,hamm,rex,slinky,"“toy story” characters, familiarly",hard,Trivia/Pop Culture,913
creator,stallion,rapper,dude,“the(e) ___” rappers,very_hard,Fill-in-the-Blank,913
love,fantasy,treasure,shutter,“___ island”,very_hard,Fill-in-the-Blank,914
shell,well,ill,hell,“will” contractions without the apostrophe,hard,Idioms & Slang,914
apologies,pardon,sorry,oops,“my mistake!”,medium,Idioms & Slang,914
leave,scram,get out,go,“skedaddle!”,easy,Idioms & Slang,914
dot,point,period,tittle,•,easy,Noun/Concept Synonyms,915
dough,bough,cough,tough,”-ough” words that don’t rhyme,very_hard,Word Structure/Play,915
ja,da,si,hai,“yes” in different languages,hard,Noun/Concept Synonyms,915
scarecrow,lion,witch,wizard,“the wizard of oz” figures,medium,Trivia/Pop Culture,915
