word1,word2,word3,word4,category,difficulty
CURSES,FUDGE,BLAST,CRUD,"""AW, HECK!""",medium
CHORAL,JAZZ,RAP,AMERICANA,"""BEST ___ PERFORMANCE"" GRAMMY AWARD",very_hard
LORD,PLEASE,SHEESH,BROTHER,"""GIVE ME A BREAK!""",easy
HEAVENS,GRACIOUS,MERCY,DEAR,"""MY GOODNESS!""",easy
PIECE OF CAKE,NO SWEAT,EASY,CHILD’S PLAY,"""NOTHING TO IT!""",easy
BUMPER,RUBBER,BABY,BUGGY,"""RUBBER BABY BUGGY BUMPER""",medium
FASTER,GO,MOVE,HURRY,"""STEP ON IT!""",medium
OF COURSE,ABSOLUTELY,OKEY-DOKE,SURE THING,"""YOU BET""",easy
SHAME,TUT TUT,TSK,BAD,"""YOU SHOULD KNOW BETTER!""",easy
MACHO,IRON,PIANO,ROCKET,"""___ MAN"" SONGS FROM THE '70S",very_hard
ABRACADABRA,CENTERFOLD,MICKEY,PHYSICAL,#1 SONGS FROM 1982,very_hard
BYRD,BEATLE,MONKEE,BEACH BOY,'60S BAND MEMBERS,easy
HEADBAND,MULLET,SPANDEX,NEON,'80S FASHION TRENDS,easy
PSYCH,CHILL,RADICAL,WORD,'80S SLANG,hard
DRUMMER,LADY,RING,SWAN,12 DAYS OF CHRISTMAS,hard
SPHERE,CONE,PYRAMID,CUBE,3-D SHAPES,medium
CERTAIN,VARIOUS,A FEW,SOME,A HANDFUL OF,medium
RAT,CREEP,SKUNK,HEEL,A REAL JERK,medium
OK,LIST,ROD,PLUS,A-___,very_hard
MAROON,STRAND,DUMP,DESERT,ABANDON,medium
MIDSECTION,TRUNK,TORSO,CORE,ABDOMINAL AREA,easy
FACILITY,GIFT,KNACK,FLAIR,ABILITY TO DO SOMETHING WELL,hard
UTTER,PURE,SHEER,TOTAL,ABSOLUTE,medium
SPARE,EXCUSE,SAVE,PARDON,ABSOLVE,easy
PULL,WICK,SUCK,DRAW,ABSORB USING CAPILLARY ACTION,easy
HANDY,READY,NEARBY,AVAILABLE,ACCESSIBLE,medium
TIE,BRACELET,BELT,WATCH,ACCESSORIES,easy
LEAD,HALTER,COLLAR,HARNESS,ACCESSORIES FOR DOG WALKING,medium
TOP HAT,CANE,SPAT,MONOCLE,ACCESSORIES FOR MR. PEANUT,very_hard
PICK,DRUMSTICK,BOW,MALLET,ACCESSORIES FOR PLAYING AN INSTRUMENT,medium
PIN,BUTTON,BADGE,BROOCH,ACCESSORY WITH A POINTY FASTENER,easy
ROOM,CHAIRS,CAPACITY,SEATING,ACCOMMODATION,medium
LOG,LEDGER,REGISTER,RECORD,ACCOUNT BOOK,easy
BEST,WORST,BEAT,TAKE,ACHIEVE VICTORY OVER,medium
GOAT,BOGO,FOMO,YOLO,ACRONYMS,hard
LASER,SCUBA,RADAR,SPAM,ACRONYMS,very_hard
RAM,PIN,MIA,OMG,ACRONYMS/INITIALISMS,hard
MARTIAL ARTS,BUDDY,DISASTER,SUPERHERO,ACTION FILM SUBGENRES,hard
BAY,SCOTT,CARPENTER,WOO,ACTION MOVIE DIRECTORS,very_hard
PLAY,DISCARD,DRAW,PASS,ACTIONS IN CARD GAMES,hard
DRAFT,TRADE,BENCH,START,ACTIONS IN FANTASY SPORTS,hard
POKER,ORIGAMI,LAUNDRY,BAKING,ACTIVITIES THAT INVOLVE FOLDING,very_hard
CHEVY CHASE,GEOFFREY RUSH,CHRISTOPH WALTZ,TOM CRUISE,ACTORS WHOSE LAST NAMES ARE ALSO VERBS,medium
WEST,ANT,SCOTT,DRIVER,ADAMS,very_hard
FASHION,TAILOR,SHAPE,MOLD,ADAPT TO FIT ONE'S NEEDS,medium
EXTRA,BONUS,FROSTING,GRAVY,ADDITIONAL BENEFIT,hard
EXTRA,BONUS,PERK,ICING,ADDITIONAL BENEFIT,medium
ICING,EXTRA,GRAVY,BONUS,ADDITIONAL PERK,easy
PLASTER,STICK,FIX,PASTE,ADHERE,easy
PRETTY,RATHER,REAL,AWFUL,ADJECTIVE INTENSIFIERS,hard
COLD,DARK,MUSTY,DANK,ADJECTIVES FOR A BASEMENT,medium
LIT,SCENTED,WICKED,WAXY,ADJECTIVES FOR A CANDLE,very_hard
DRY,VAST,SANDY,HOT,ADJECTIVES FOR A DESERT,medium
SPORTY,COMPACT,SLEEK,FAST,ADJECTIVES FOR A SPORTS CAR,medium
TOXIC,FROZEN,FIXED,LIQUID,ADJECTIVES FOR ASSETS,medium
FRESH,DEWY,GLOWING,SMOOTH,ADJECTIVES FOR NICE SKIN,easy
DIRECT,POSSESSIVE,PRESENT,IRREGULAR,ADJECTIVES USED IN GRAMMAR,hard
BILLBOARD,SIGN,POSTER,BANNER,ADVERTISING FORMAT,easy
CHAMPION,SUPPORT,BACK,ENDORSE,ADVOCATE FOR,hard
ENDORSE,CHAMPION,SUPPORT,BACK,ADVOCATE FOR,medium
TOUCH,MOVE,SWAY,REACH,AFFECT,easy
COMPLEX,HANG-UP,BUGBEAR,DEMON,AFFLICTION,easy
RICH,FLUSH,LOADED,WEALTHY,AFFLUENT,easy
VOICE,CHOICE,SAY,VOTE,AGENCY IN DECISIONMAKING,easy
AMOUNT,NUMBER,QUANTITY,VOLUME,AGGREGATE SIZE,medium
FIRST,COACH,PREMIUM,BUSINESS,AIRLINE CLASSES,medium
SPIRIT,UNITED,VIRGIN,FRONTIER,AIRLINES,easy
FRONTIER,SPIRIT,SOUTHWEST,ALASKA,AIRLINES,medium
ARRIVAL,DESTINATION,GATE,FLIGHT,AIRPORT BOARD INFO,medium
CAROUSEL,FOOD COURT,GATE,LOUNGE,AIRPORT FEATURES,medium
SNOOZE,TIME SET,ALARM,HOUR,ALARM CLOCK BUTTONS,easy
RECESS,HOLLOW,NOOK,CAVITY,ALCOVE,easy
AMBER,PORTER,SOUR,STOUT,ALE STYLES,hard
FLARE,SOS,ALARM,SIGNAL,ALERT,easy
POWER,ROOT,EXPONENT,RADICAL,ALGEBRA TERMS,hard
REASON,OUT,DEFENSE,EXCUSE,ALIBI,hard
CHAMP,GOAT,BEST,LEGEND,ALL-TIME GREAT,medium
ICON,GREAT,HERO,LEGEND,ALL-TIMER,medium
ASSOCIATION,GUILD,LEAGUE,UNION,ALLIANCE,easy
STAKE,INTEREST,SHARE,PERCENTAGE,ALLOTMENT,hard
RESERVED,COOL,DISTANT,REMOTE,ALOOF,easy
BESIDES,TO BOOT,AS WELL,TOO,ALSO,medium
DOCTOR,FUDGE,DISTORT,TWIST,ALTER DECEPTIVELY,hard
CLUSTER,CONCENTRATE,GROUP,COLLECT,AMASS,medium
TOUCAN,CAPYBARA,ANACONDA,JAGUAR,AMAZON ANIMALS,easy
PRIME,KINDLE,RAINFOREST,RIVER,AMAZON ___,very_hard
MOOD,QUALITY,AIR,FEELING,AMBIENCE,medium
EASY,OPEN,FLEXIBLE,RECEPTIVE,AMENABLE,easy
PUNT,SNAP,SACK,FUMBLE,AMERICAN FOOTBALL ACTIONS,hard
END,CENTER,SAFETY,TACKLE,AMERICAN FOOTBALL POSITIONS,hard
POUND,OLDS,FROST,BISHOP,AMERICAN POETS,hard
THATCH,LOCK,TUFT,SHOCK,AMOUNTS OF HAIR,medium
TILT-A-WHIRL,MERRY-GO-ROUND,ROLLER COASTER,FERRIS WHEEL,AMUSEMENT PARK RIDES,easy
ARTS,NOPE,PONE,RATS,ANAGRAMS,hard
STAPLE,PLEATS,TSAR,PASTEL,ANAGRAMS,hard
PEON,PETALS,STAR,OPEN,ANAGRAMS,hard
ABEL,SERA,ARES,EARS,ANAGRAMS,medium
BELA,BALE,LIVE,VEIL,ANAGRAMS,medium
EVIL,ABLE,SEAR,VILE,ANAGRAMS,medium
TESLA,STALE,LEAST,SLATE,ANAGRAMS,very_hard
MONTE,DIAL,YOGA,EGADS,ANAGRAMS OF FAMOUS PAINTERS,very_hard
GROAN,BULGE,ABUT,VOILA,ANAGRAMS OF MUSICAL INSTRUMENTS,very_hard
NOISE,STATIC,SNOW,FUZZ,ANALOG TV INTERFERENCE,hard
CLAY,PAPYRUS,WAX,PARCHMENT,ANCIENT WRITING SURFACES,easy
SCALES,DOWN,SHELL,FUR,ANIMAL COVERINGS,hard
PRIDE,HERD,FLOCK,POD,ANIMAL GROUP NAMES,easy
SWARM,PACK,COLONY,SCHOOL,ANIMAL GROUP NAMES,easy
PRIDE,PACK,SWARM,SCHOOL,ANIMAL GROUP NAMES,hard
PRIDE,SCHOOL,HERD,COLONY,ANIMAL GROUPS,easy
DEN,HIVE,LAIR,NEST,ANIMAL HOMES,easy
WARREN,LODGE,DEN,BURROW,ANIMAL HOMES,medium
DEAR,MOUSSE,NEW,BARE,ANIMAL HOMOPHONES,hard
BORE,TOWED,HOARSE,LINKS,ANIMAL HOMOPHONES,very_hard
DEAR,PHISH,WAIL,HAIR,ANIMAL HOMOPHONES,very_hard
BEAR,HAWK,BULL,DOVE,ANIMAL METAPHORS IN ECONOMICS,medium
BEAK,MUZZLE,TRUNK,SNOUT,ANIMAL NOSES,medium
MEOW,OINK,BUZZ,CLUCK,ANIMAL SOUNDS,medium
TANG,REED,DRIB,FLOW,ANIMALS BACKWARD,very_hard
WOMBAT,GEODUCK,SEAHORSE,TITMOUSE,ANIMALS ENDING WITH ANIMALS,very_hard
NEWT,FROG,BAT,DOG,ANIMALS IN THE WITCHES' BREW IN “MACBETH”,hard
ANTHER,HARK,EASEL,LAMA,ANIMALS MINUS STARTING LETTER,very_hard
LYNX,IBEX,ORYX,FOX,ANIMALS THAT END WITH “X”,medium
HORSEFLY,BULLDOG,TURTLEDOVE,CATFISH,ANIMALS WHOSE NAMES ARE TWO ANIMALS,easy
ELEPHANT,HIPPO,WARTHOG,NARWHAL,ANIMALS WITH TUSKS,hard
TRUMPET,HERALD,BROADCAST,DECLARE,ANNOUNCE,easy
BAH,GRINCH,COAL,NAUGHTY,ANTI-SPIRIT OF CHRISTMAS,hard
GARLIC,MIRROR,CRUCIFIX,STAKE,ANTI-VAMPIRE,medium
GOV,CHEM,BIO,STATS,AP CLASSES,hard
HEIGHT,TOP,PEAK,MAX,APEX,medium
SHADE,SPIRIT,SPECTER,WIGHT,APPARITION,medium
PHANTOM,GHOST,SPIRIT,SPECTER,APPARITIONS,medium
DRESS,MANNER,STYLE,LOOK,APPEARANCE,medium
ARM,WING,FIN,FLIPPER,APPENDAGES,medium
POPPER,NACHO,WING,FRY,APPETIZER UNIT,easy
BRANDY,SAUCE,CIDER,BUTTER,APPLE PRODUCTS,hard
CRUSH,SQUASH,PRESS,MASH,APPLY PRESSURE TO,medium
DURATION,LOCATION,TIME,DATE,APPOINTMENT SPECIFICATIONS,medium
THANKS,CREDIT,PRAISE,RECOGNITION,APPRECIATION,easy
THUMBS-UP,CLEARANCE,GREEN LIGHT,GO-AHEAD,APPROVAL,medium
ROUGH,BROAD,BALLPARK,GENERAL,APPROXIMATE,easy
LIKE,ROUGHLY,ABOUT,AROUND,APPROXIMATELY,easy
BENT,GIFT,FLAIR,FLAIR,APTITUDE,easy
NOSE,FACULTY,INSTINCT,GIFT,APTITUDE,easy
PUMP,ROCKS,TANK,FILTER,AQUARIUM PURCHASES,hard
MITE,SCORPION,SPIDER,TICK,ARACHNIDS,easy
CHAIR,JUDGE,MEDIATE,MODERATE,ARBITRATE,easy
RAINBOW,FLIGHT PATH,EYEBROW,BANANA,ARC-SHAPED THINGS,medium
HAWKEYE,CUPID,ROBIN HOOD,SAGITTARIUS,ARCHERS,medium
BOW,TARGET,ARROW,QUIVER,ARCHERY EQUIPMENT,easy
RULER,STENCIL,T-SQUARE,COMPASS,ARCHITECTURAL DRAWING TOOLS,hard
GET IT,CAPISCE,UNDERSTAND,SEE,ARE WE CLEAR?,hard
SPECIALTY,FIELD,CONCENTRATION,FOCUS,AREA OF EXPERTISE,easy
BANK,MOUND,HILL,DUNE,AREA OF HIGH GROUND,easy
PASS,RAVINE,GULCH,CANYON,AREAS BETWEEN MOUNTAINS AND HILLS,easy
CONCENTRATION,MAJOR,DEGREE,MINOR,AREAS OF ACADEMIC FOCUS,medium
HIPPODROME,COLISEUM,BOWL,STADIUM,ARENA,medium
SUBTRACT,ADD,MULTIPLY,DIVIDE,ARITHMETIC OPERATIONS,medium
MAJOR,PRIVATE,GENERAL,CAPTAIN,ARMY RANKS,easy
PAINT,CHARCOAL,PASTEL,INK,ART MEDIUMS,hard
GOTHIC,DECO,DADA,POP,ART MOVEMENTS,medium
MANNER,SURREAL,ROMANTIC,EXPRESSION,"ART MOVEMENTS, WITH -ISM",very_hard
MITE,APHID,BEETLE,TICK,ARTHROPODS,easy
STATION,JOB,POSITION,POST,ASSIGNMENT,medium
LIGHT,YANG,MASCULINE,EXPANSIVE,ASSOCIATED PRINCIPLES IN CHINESE PHILOSOPHY,very_hard
PENCIL,DEREK JETER,SILVER MEDAL,DEPUTY,ASSOCIATED WITH #2,very_hard
TAURUS,RODEO,WALL STREET,MICHAEL JORDAN,ASSOCIATED WITH BULLS,hard
BAT,CASTLE,CAPE,FANG,ASSOCIATED WITH COUNT DRACULA,medium
ROOSTER,SUNRISE,DEW,WORM,ASSOCIATED WITH EARLY MORNING,hard
SLIP,OEDIPUS,DREAMS,ID,ASSOCIATED WITH FREUD,medium
LADYBUG,SHAMROCK,HORSESHOE,PENNY,ASSOCIATED WITH GOOD LUCK,easy
STEEL,DIAMOND,ROCK,NAILS,ASSOCIATED WITH HARDNESS,hard
PIPE,FOREARM,SPINACH,ANCHOR,ASSOCIATED WITH POPEYE,hard
LEPRECHAUN,UNICORN,PRIDE,DOROTHY GALE,ASSOCIATED WITH RAINBOWS,hard
FISH,LIBRA,SOLFEGE,JUSTICE,ASSOCIATED WITH SCALES,hard
DYSENTERY,FORD,HUNT,OXEN,ASSOCIATED WITH THE GAME THE OREGON TRAIL,hard
LAMP,BLUE,WISHES,EARRING,ASSOCIATED WITH THE GENIE IN “ALADDIN”,hard
CON GAME,HEARTS,HALLOWEEN,MAGIC SHOW,ASSOCIATED WITH TRICKS,very_hard
INFANT,SWIMMING,TICKER,PUB,ASSOCIATED WITH “CRAWL”,very_hard
CHOCOLATE,PIGEON,PEACE,SOAP,ASSOCIATED WITH “DOVE”,hard
CYCLOPS,SOLITAIRE,UNICYCLE,MONOLOGUE,ASSOCIATED WITH “ONE”,very_hard
CIGARETTE,TICKET,TOE,PENCIL,ASSOCIATED WITH “STUB”,hard
BATHROBE,BOWLING,RUG,WHITE RUSSIAN,ASSOCIATED WITH “THE DUDE” LEBOWSKI,very_hard
CINCH,LOCK,SECURE,ICE,"ASSURE, AS A VICTORY",medium
LOCK,SECURE,CLINCH,GUARANTEE,"ASSURE, AS A WIN",medium
LATER,NEXT,SOON,EVENTUALLY,AT SOME FUTURE POINT,easy
DEPOSIT,BALANCE,TRANSFER,WITHDRAWAL,ATM OPTIONS,hard
DEPOSIT,WITHDRAWAL,CHECKING,SAVINGS,ATM OPTIONS,medium
STICK,PASTE,STICK,AFFIX,ATTACH WITH ADHESIVE,easy
ADHERE,GLUE,GLUE,ADHERE,ATTACH WITH ADHESIVE,easy
EARN,LAND,WIN,SCORE,ATTAIN,easy
ABSENT,PRESENT,LATE,EXCUSED,ATTENDANCE STATUS,medium
DUDS,GETUP,THREADS,FIT,ATTIRE,easy
HOOK,PULL,GRAB,DRAW,ATTRACT,medium
DRAW,CHARM,PULL,APPEAL,ATTRACTION,hard
LIBERTY BELL,TOWER OF PISA,VENUS DE MILO,STATUE OF LIBERTY,ATTRACTIONS ICONICALLY DIFFERENT FROM THEIR ORIGINAL FORMS,hard
BARE,UNCLAD,NUDE,NAKED,AU NATUREL,easy
SHAZAM,TIDAL,AUDIBLE,PANDORA,AUDIO APPS,easy
SUPER,ULTRA,HYPER,UBER,AUGMENTATIVE PREFIXES,medium
BARE,SPARE,PLAIN,SIMPLE,AUSTERE,medium
CRIKEY,BUSH,BARBIE,MATE,AUSTRALIAN TERMS,hard
REVERSE,DRIVE,NEUTRAL,LOW,AUTOMATIC GEAR SHIFTER POSITIONS,hard
REVERSE,DRIVE,NEUTRAL,PARK,AUTOMATIC TRANSMISSION SETTINGS,medium
SOLO,FREE,STAG,SINGLE,AVAILABLE,medium
FIFTH,BROADWAY,PARK,MADISON,AVENUES IN N.Y.C.,hard
STANDARD,MEAN,NORM,PAR,AVERAGE,easy
SKIRT,DUCK,ESCAPE,DODGE,AVOID,easy
MEDAL,CUP,TROPHY,RIBBON,AWARDS,medium
FIRE,LIT,SICK,DOPE,AWESOME,easy
MOVIE,BALL,SCHOOL,VITAMIN,B-___,very_hard
BACON,BREAD,LETTUCE,TOMATO,B.L.T. INGREDIENTS,easy
KIT,CALF,CUB,FAWN,BABY ANIMALS,hard
KID,CUB,CALF,JOEY,BABY ANIMALS,medium
STROLLER,BIB,BOTTLE,MONITOR,BABY GEAR,easy
CARROT,SHOWER,BOOM,TALK,BABY ___,very_hard
STEPS,BLUES,BOOMER,TEETH,BABY ___,very_hard
LIP,SASS,ATTITUDE,CHEEK,BACK TALK,medium
AEGIS,PROTECTION,GUARD,SHIELD,BACKING,easy
BOOTY,BUM,REAR,CAN,BACKSIDE,medium
MAR,GOD,TAB,FLOW,BACKWARDS ANIMALS,very_hard
WHIFF,SLICE,SHANK,HOOK,BAD GOLF SHOTS,hard
FREEZE,LAG,DROP,ECHO,BAD THINGS FOR A VIDEO CALL TO DO,easy
QUIT,FREEZE,TIMEOUT,GLITCH,BAD THINGS FOR A WEBSITE TO DO,hard
SOUR,RANK,FOUL,RIPE,BAD-SMELLING,easy
HEEL,DOG,JERK,SNAKE,BADDIE,very_hard
VEX,STUMP,PUZZLE,PERPLEX,BAFFLE,easy
ONION,POPPY,EVERYTHING,PLAIN,BAGEL FLAVORS,hard
DANISH,MUFFIN,TURNOVER,BUN,BAKED GOODS,medium
HORSEFEATHERS,HOGWASH,NONSENSE,CROCK,BALDERDASH,easy
BUNK,BULL,HOGWASH,ROT,BALDERDASH,easy
TROPE,PLATITUDE,CHESTNUT,CLICHÉ,BANALITY,easy
SPLIT,BOAT,BREAD,SLUG,BANANA ___,very_hard
FLOYD,DAY,STRIPES,SABBATH,BAND NAMES MINUS COLORS,very_hard
MAROON,SUM,U,BLINK,BAND NAMES MINUS NUMBERS,very_hard
MAROON,JACKSON,BEN FOLDS,MC,BANDS MINUS THE NUMBER FIVE,very_hard
KNOCK,BUTT,RAM,BUMP,BANG INTO,medium
HAPPY HOUR,TRIVIA NIGHT,KARAOKE,LIVE MUSIC,BAR EVENTS,medium
STOOL,KEG,COUNTER,TAP,BAR FIXTURES,medium
EXAM,MITZVAH,SOAP,CHART,BAR ___,very_hard
SPINE,SPUR,THORN,STICKER,BARB,medium
BUY,VALUE,DEAL,STEAL,BARGAIN,medium
TANK,CYLINDER,CASK,DRUM,BARREL-SHAPED CONTAINER,easy
SAFE,BALL,STRIKE,OUT,BASEBALL CALLS,easy
FOUL,OUT,BALL,FAIR,BASEBALL CALLS,hard
BALL,BAT,GLOVE,BASE,BASEBALL EQUIPMENT,easy
MANTLE,BONDS,TROUT,YOUNG,BASEBALL GREATS,very_hard
RUN,WALK,DOUBLE,HIT,BASEBALL STATS,hard
DIAMOND,STADIUM,PARK,FIELD,BASEBALL VENUES,hard
UP,LEFT,RIGHT,DOWN,BASIC DIRECTIONS,easy
ANGER,SURPRISE,FEAR,HAPPINESS,BASIC EMOTIONS,easy
LENGTH,AREA,VOLUME,PERIMETER,BASIC GEOMETRIC CALCULATIONS,easy
LINE,POINT,RAY,SEGMENT,BASIC GEOMETRIC OBJECTS,medium
SOUR,SALTY,BITTER,SWEET,BASIC TASTES,easy
TRIANGLE,SQUARE,CIRCLE,DIAMOND,BASIC TWO-DIMENSIONAL SHAPES,medium
DRIBBLE,BLOCK,PASS,SHOOT,BASKETBALL MOVES,hard
LAYUP,FLOATER,THREE,DUNK,BASKETBALL SHOTS,easy
FINGER ROLL,ALLEY-OOP,FADEAWAY,SLAM DUNK,BASKETBALL SHOTS,hard
RIB,WING,DOG,LINK,BBQ OFFERING,hard
CHILL,LOUNGE,REST,LOAF,BE AT LEISURE,easy
REST,RELY,DEPEND,HINGE,BE CONTINGENT (ON),easy
LEAD,RUN,DIRECT,HEAD,BE IN CHARGE OF,easy
WORK,FUNCTION,OPERATE,RUN,BE IN COMMISSION,medium
WAVER,WAFFLE,HESITATE,YO-YO,BE INDECISIVE,easy
SURROUND,FLANK,BOOKEND,BRACKET,BE ON BOTH SIDES OF,medium
SHOWBOAT,SWAGGER,GRANDSTAND,POSTURE,BE OSTENTATIOUS,easy
SHORE,COAST,STRAND,BANK,BEACHY AREA,medium
DIP,SPROUT,COUNTER,BAG,BEAN ___,very_hard
FAVA,LIMA,PINTO,KIDNEY,BEANS,easy
INCLUDE,CONSIDER,FACTOR,COUNT,BEAR IN MIND,easy
HUG,WITNESS,CLAW,FRUIT,BEAR ___,very_hard
LEARN,REALIZE,DISCOVER,FIND,BECOME AWARE OF,medium
MUSHROOM,SNOWBALL,SWELL,BALLOON,BECOME LARGER,hard
THROW,SHEET,SHAM,BLANKET,BEDDING,medium
MURPHY,CANOPY,BUNK,TRUNDLE,BEDS,easy
HIVE,WAX,HONEY,COMB,BEE CREATIONS,medium
BATTER,GARDEN,PONG,CAN,BEER ___,very_hard
STELLA,NATTY,BUD,SIERRA,"BEERS, FAMILIARLY",hard
GENESIS,BIRTH,START,DAWN,BEGINNING,easy
SUNDRY,FRIAR,MONKEY,WEDDING,BEGINNING WITH DAY ABBREVIATIONS,very_hard
EERIE,LLAMA,AARDVARK,OOZE,BEGINNING WITH DOUBLE LETTERS,hard
FOREHEAD,FIEVEL,TOUCAN,WONDER,BEGINNING WITH NUMBER HOMOPHONES,very_hard
BUTTERMILK,BUMPER-TO-BUMPER,RUMPELSTILTSKIN,TAILGATE,BEGINNING WITH SYNONYMS FOR REAR END,very_hard
SAKE,INTEREST,ADVANTAGE,BENEFIT,BEHALF,medium
WHALE,WHOPPER,COLOSSUS,MAMMOTH,BEHEMOTH,medium
BUFF,TAN,FAWN,CREAM,BEIGE SHADES,hard
BUTTON,FLOP,DANCE,LAUGH,BELLY ___,very_hard
CLOSE,TIGHT,INTIMATE,DEAR,"BELOVED, AS A FRIEND",medium
GIVE,BOW,CAVE,BUCKLE,BEND UNDER PRESSURE,medium
RAY,MILK,CAPOTE,LINCOLN,BEST ACTOR-WINNING BIOPICS,very_hard
STONE,MADISON,SWANK,FOSTER,BEST ACTRESS OSCAR WINNERS,hard
BERRY,BERRY,STONE,SWANK,BEST ACTRESS OSCAR WINNERS,hard
FROZEN,UP,FLOW,BRAVE,BEST ANIMATED FEATURE OSCAR WINNERS,very_hard
BONG,LEE,STONE,FORD,BEST DIRECTOR OSCAR WINNERS,very_hard
APPLE,CROW,TURNER,SUMMER,BEST FEMALE ROCK PERFORMANCE GRAMMY WINNERS,very_hard
GLADIATOR,CRASH,MOONLIGHT,CHICAGO,BEST PICTURE WINNERS SINCE 2000,hard
PINNACLE,HEYDAY,ZENITH,PRIME,BEST YEARS,easy
GRANT,VEST,PRESENT,CONFER,BESTOW,medium
NAPKIN,CUP,STRAW,LID,BEVERAGE SELF-SERVICE ITEMS,medium
JUICE,PUNCH,SODA,MILK,BEVERAGES,easy
JOB,ACTS,MARK,KINGS,BIBLE BOOKS,medium
SPLASH,IMPACT,FOOTPRINT,MARK,BIG IMPRESSION,medium
BRAKE,CHAIN,SPOKE,PEDAL,BIKE PARTS,medium
GEAR,SADDLE,HANDLEBAR,WHEEL,BIKE PARTS,medium
CHALK,CUE,RACK,BALL,BILLIARDS EQUIPMENT,hard
FALSE,NO,YES,TRUE,BINARY QUESTION OPTIONS,hard
ATOM,MOLECULE,PROTEIN,CELL,BIOLOGICAL BUILDING BLOCKS,easy
TUNDRA,FOREST,DESERT,GRASSLAND,BIOMES,easy
JOBS,VICE,MILK,BLONDE,BIOPICS,very_hard
WING,FEATHER,BEAK,TALON,BIRD FEATURES,easy
GOBBLE,COO,HOOT,HONK,BIRD ONOMATOPOEIA,hard
SWANK,CROWD,GULLY,PUFFING,BIRD PLUS LETTER,very_hard
TWEET,CHIRP,CAW,CLUCK,BIRD SOUNDS,easy
KITE,SWALLOW,JAY,TURKEY,BIRDS,hard
CRANE,LARK,SWALLOW,JAY,BIRDS,hard
SWIFT,ROBIN,SWIFT,CARDINAL,BIRDS,hard
CONDO,LOO,HERO,RAVE,BIRDS MINUS LAST LETTER,very_hard
CRAN,FLAMING,HAW,HERO,BIRDS MINUS LAST LETTER,very_hard
DUCK,GROUSE,SWALLOW,HAWK,BIRDS THAT ARE VERBS,medium
SUGGESTION,TIP,TRICK,POINTER,BIT OF ADVICE,easy
PUFF,PEBBLE,CHEERIO,FLAKE,BIT OF BREAKFAST CEREAL,hard
WEDGE,ZEST,SLICE,TWIST,BIT OF CITRUS GARNISH,hard
HIGH,KICK,RUSH,THRILL,BIT OF EXCITEMENT,easy
TRESS,RINGLET,CURL,LOCK,BIT OF HAIR,easy
REPORT,ARTICLE,STORY,FEATURE,BIT OF JOURNALISM,medium
PARCEL,PATCH,PLOT,BED,BIT OF LAND FOR GROWING,medium
ACT,BILL,RESOLUTION,MEASURE,BIT OF LEGISLATION,easy
GLOB,TEAR,BEAD,DROP,BIT OF LIQUID,hard
HEX,CHARM,SPELL,CURSE,BIT OF MAGIC,easy
ARTICLE,STORY,COLUMN,FEATURE,BIT OF NEWSPAPER WRITING,easy
GARLAND,CONFETTI,BALLOON,BANNER,BIT OF PARTY DECORATION,hard
DRILL,EXERCISE,PRACTICE,ROUTINE,BIT OF REPETITIVE TRAINING,medium
DIP,WING,CHIP,FRY,BIT OF SPORTS BAR FARE,medium
PRESTO,VOILA,BEHOLD,TADA,BIT OF VOCAL FANFARE,medium
DRAFT,BREEZE,PUFF,GUST,BIT OF WIND,medium
DANCE,MONOLOGUE,SONG,SKETCH,BITS IN A VARIETY SHOW,medium
SCREW,NUT,WASHER,NAIL,BITS OF HARDWARE,easy
KERNEL,TIDBIT,PEARL,NUGGET,BITS OF WISDOM,medium
RAVEN,INKY,JET,PITCH,BLACK,medium
BALANCE SHEET,ROULETTE,CHECKERS,LICORICE,BLACK OR RED,very_hard
GAY,BUTLER,HOOKS,WALKER,BLACK WOMEN AUTHORS,very_hard
PANDA,SKUNK,ZEBRA,ORCA,BLACK-AND-WHITE ANIMALS,easy
OREO,ZEBRA,TUXEDO,YIN-YANG SYMBOL,BLACK-AND-WHITE THINGS,easy
DOMINO,PIANO KEYS,CROSSWORD,PANDA,BLACK-AND-WHITE THINGS,easy
ORCA,OREO,DOMINO,CROSSWORD,BLACK-AND-WHITE THINGS,medium
SPLIT,HIT,BUST,STAND,BLACKJACK TERMS,very_hard
MAR,DING,SCRATCH,DENT,BLEMISH,easy
PUREE,GRIND,PULSE,CHOP,BLENDER BUTTONS,medium
WINK,HEARTBEAT,SECOND,FLASH,BLINK OF AN EYE,medium
SEAL,PLUG,STOP,CLOSE,"BLOCK, AS AN OPENING",easy
SENSATION,HIT,SUCCESS,SMASH,BLOCKBUSTER,medium
WHALE,MOON,JAY,JEANS,BLUE ___,hard
BOO-BOO,NO-NO,FLUB,GAFFE,BLUNDER,easy
BOO-BOO,GOOF,GAFFE,FLUB,BLUNDER,easy
SORRY,CHESS,BACKGAMMON,GO,BOARD GAMES,easy
CHECKERS,TROUBLE,TABOO,RISK,BOARD GAMES,easy
SORRY,TROUBLE,CLUE,RISK,BOARD GAMES,medium
BLUSTER,SHOW OFF,STRUT,CROW,BOAST,easy
FERRY,JUNK,TUG,YACHT,BOATS,easy
BARGE,SCOW,DORY,SLOOP,BOATS,medium
HOPE,DOLE,ROSS,MARLEY,BOBS,hard
SOUND,STRAIT,CANAL,CHANNEL,BODIES OF WATER,hard
SOUND,BAY,CHANNEL,STRAIT,BODIES OF WATER,medium
DRIVER,FINLET,FLAKE,EBAY,BODIES OF WATER PLUS STARTING LETTER,very_hard
RANKLE,LEAR,SHIP,BARM,BODY PART PLUS A STARTING LETTER,very_hard
ARM,HIP,EYE,LEG,BODY PARTS,easy
TOES,KNEES,SHOULDERS,HEAD,"BODY PARTS IN “HEAD, SHOULDERS, KNEES AND TOES”",easy
SHINY,LIVERY,ARMY,COLONY,"BODY PARTS PLUS ""Y""",very_hard
HEARTH,SHINE,CHINA,BUTTE,BODY PARTS PLUS LETTER,very_hard
SQUATS,LUNGES,DIPS,PLANKS,BODYWEIGHT EXERCISES,easy
NERVE,GALL,GUTS,STONES,"BOLDNESS, FIGURATIVELY",medium
INDEX,CHAPTER,APPENDIX,PREFACE,BOOK SECTIONS,medium
PART ONE,ESSAYS,A LIFE,A NOVEL,BOOK SUBTITLES,hard
BAND,FLORIST,OFFICIANT,CATERER,BOOKED FOR A WEDDING,medium
HUMOR,ROMANCE,TRAVEL,FICTION,BOOKSTORE SECTIONS,hard
TRAVEL,HUMOR,POETRY,FICTION,BOOKSTORE SECTIONS,medium
POD,SHELL,HUSK,HULL,BOTANICAL COVERINGS,medium
EVIAN,DASANI,FIJI,VOSS,BOTTLED WATER BRANDS,easy
EDGE,BORDER,EXTREMITY,LIMIT,BOUNDARY,easy
BUFFALO,GOAT,COW,SHEEP,BOVIDS,easy
PIN,ALLEY,BALL,LANE,BOWLING,medium
STRIKE,FOUL,SPARE,STRIKE,BOWLING RESULTS,hard
TURKEY,DOUBLE,SPARE,SPLIT,BOWLING RESULTS,hard
WINNER,SMASH,HIT,SUCCESS,BOX OFFICE VICTORY,easy
CROSS,HOOK,BOB,WEAVE,BOXING MANEUVERS,hard
JAB,CROSS,HOOK,UPPERCUT,BOXING PUNCHES,hard
ROUND,BOUT,MATCH,CONTEST,BOXING UNIT,medium
HOOK,WIRE,STRAP,CUP,BRA PARTS,hard
LUXURY,HIGH-END,DESIGNER,HAUTE,BRAND-NAME,easy
Q-TIP,CHAPSTICK,XEROX,JACUZZI,BRANDS THAT HAVE BECOME GENERIC TERMS,very_hard
CHEEK,NERVE,BRASS,SAUCE,BRASHNESS,very_hard
MUSTARD,BRAT,BUN,SAUERKRAUT,BRATWURST GO-WITHS,medium
SCOPE,EXTENT,EXTENT,RANGE,BREADTH,easy
RANGE,REACH,REACH,SCOPE,BREADTH,easy
SCALE,EXTENT,SCOPE,RANGE,BREADTH,medium
BUTTER,JAM,HOT SAUCE,SYRUP,BREAKFAST CONDIMENTS,hard
WAFFLE,PANCAKE,CEREAL,OMELET,BREAKFAST FOODS,medium
BACON,TOAST,GRITS,HASH,BREAKFAST SIDES,easy
PUFF,HEAVE,GASP,PANT,BREATHE HARD,easy
HUFFS,GASPS,PUFFS,PANTS,BREATHES HEAVILY,easy
RING,VEIL,BOUQUET,TRAIN,BRIDAL ACCESSORIES,easy
WINK,FLASH,SECOND,JIFFY,BRIEF MOMENT,easy
JIFF,WINK,FLASH,HEARTBEAT,BRIEF MOMENT,easy
PROVOKE,INSPIRE,GENERATE,PROMPT,BRING ABOUT,easy
DEVISE,CREATE,INVENT,COIN,BRING INTO BEING,easy
NURSE,REAR,RAISE,FOSTER,BRING UP,hard
ROAST,SCONE,MASH,TRIFLE,BRITISH CUISINE,hard
POUND,DRAM,STONE,OUNCE,BRITISH IMPERIAL UNITS OF WEIGHT,hard
TELLY,FOOTY,CHIPPY,BUTTY,BRITISHISMS,very_hard
BLUR,SUEDE,OASIS,PULP,BRITPOP BANDS,very_hard
AIR,SHOW,SCREEN,RUN,BROADCAST,medium
RUN,STREAM,AIR,PLAY,"BROADCAST, AS ONLINE MEDIA",medium
PHANTOM,FIDDLER,SUNSET,MERRILY,"BROADWAY MUSICALS, FAMILIARLY",hard
UMBRELLA,SUNSCREEN,TOWEL,FLIP-FLOP,BROUGHT TO THE BEACH,easy
WING,BILL,NICKEL,SOLDIER,BUFFALO ___,very_hard
STICK,PANT,SMITE,BLOUSE,BUGS PLUS STARTING LETTER,very_hard
WING,ADDITION,EXTENSION,ANNEX,BUILDING ADD-ONS,medium
BRICK,CONCRETE,METAL,STONE,BUILDING MATERIALS,medium
BANK,SUPERMARKET,LAUNDROMAT,POST OFFICE,BUILDINGS AROUND TOWN,easy
CLUSTER,COLLECTION,GROUP,CONSTELLATION,BUNCH,easy
FOUL,SCREW,MUCK,LOUSE,"BUNGLE, WITH “UP”",very_hard
MATURE,BLOSSOM,DEVELOP,PROGRESS,BURGEON,medium
BOA,CORSET,GARTER,STOCKINGS,BURLESQUE WEAR,easy
FAN,CORSET,GLOVES,BOA,BURLESQUE WEAR,medium
JACK,BUB,BUD,MAN,BUSTER,medium
BUNS,TAIL,BOTTOM,SEAT,BUTT,easy
BUSINESS,TRADE,MARKET,COMMERCE,BUYING AND SELLING,easy
SPAN,SECTION,SUITE,CLEF,C-___,very_hard
ENERGY,STATE,JUSTICE,LABOR,CABINET DEPARTMENTS,very_hard
BET,DISCOVERY,NICKELODEON,E,CABLE CHANNELS,medium
USA,OXYGEN,HALLMARK,HISTORY,CABLE CHANNELS,medium
POOL,STORE,RESERVE,BANK,CACHE,medium
TIME,METER,RHYTHM,BEAT,CADENCE,medium
EQUALS,PERCENT,TIMES,MINUS,CALCULATOR BUTTONS,easy
FUJIFILM,POLAROID,HASSELBLAD,OLYMPUS,CAMERA BRANDS,medium
SHIRT,STICKER,BUTTON,HAT,CAMPAIGN SWAG,hard
LANTERN,SLEEPING BAG,TENT,COOLER,CAMPING SUPPLIES,easy
CUT,AXE,SCRAP,DROP,"CANCEL, AS A PROJECT",easy
CRUNCH,MILKY WAY,BOUNTY,DOVE,CANDY BARS,easy
MARS,HEATH,CRUNCH,PAYDAY,CANDY BARS,easy
SNICKER,AIRHEAD,MAR,MOUND,CANDY BARS MINUS “S”,hard
YORK,KINDER,WONKA,CHARMS,CANDY NAMES,hard
WHOPPER,KISS,RUNT,NERD,CANDY PIECES,hard
GOOBER,KISS,DOT,WHOPPER,CANDY PIECES,very_hard
LICORICE,GUM,LOLLIPOP,CHOCOLATE,CANDY STORE TREATS,medium
APPLE,BAR,CORN,CANE,CANDY ___,very_hard
FUR,TAIL,MUZZLE,PAW,CANINE/FELINE FEATURES,medium
NECK,MAKE OUT,FRENCH,KISS,CANOODLE,medium
SOUL,ROAM,SOPHIA,KETO,CAPITAL CITY HOMOPHONES,very_hard
IMPULSE,FANCY,LARK,WHIM,CAPRICE,easy
HOOK,AMERICA,NEMO,MORGAN,CAPTAINS,hard
GRAB,OCCUPY,RIVET,ENTRANCE,CAPTIVATE,easy
HOLD,CHARM,RIVET,ENGAGE,CAPTIVATE,easy
THRILL,ENTRANCE,ABSORB,ABSORB,CAPTIVATE,easy
TAPE,RECORD,FILM,SHOOT,CAPTURE ON VIDEO,medium
FORD,RAM,DODGE,LINCOLN,CAR BRANDS,easy
MINI,FIAT,JAGUAR,RAM,CAR BRANDS,hard
SUBARU,HONDA,JAGUAR,BMW,CAR COMPANIES,hard
DOGE,AURA,HODA,BUCK,CAR COMPANIES MINUS LETTER,very_hard
VOLT,FOCUS,BEETLE,CIVIC,CAR MODELS,very_hard
BEEP BEEP,VROOM,SKRRT,PURR,CAR ONOMATOPOEIA,medium
RIM,GRILLE,MIRROR,BUMPER,CAR PARTS,medium
ENTERPRISE,THRIFTY,NATIONAL,BUDGET,CAR RENTAL COMPANIES,hard
DRIVE,CRUISE,SPIN,RIDE,CAR TRIP,medium
WHIP,AUTO,RIDE,WHEELS,"CAR, INFORMALLY",medium
WAR,BRIDGE,SPOONS,SPEED,CARD GAMES,medium
BRIDGE,HEARTS,SPIT,GIN,CARD GAMES,medium
JOKER,GUMMY,FRIDGE,DIN,CARD GAMES WITH FIRST LETTER CHANGED,very_hard
TURN,HOLE,RIVER,FLOP,CARDS IN TEXAS HOLD ’EM,hard
POT,FERTILIZE,WATER,PRUNE,CARE FOR A PLANT,medium
HEAVE,REEL,PITCH,LURCH,CAREEN,easy
SAW,CLAMP,LEVEL,FILE,CARPENTRY TOOLS,hard
SCAT,WHISTLE,HUM,SING,CARRY A TUNE,easy
HARBOR,HOLD,MAINTAIN,BEAR,"CARRY, AS A FEELING",medium
FOGHORN,WOODY,WOODSTOCK,SCROOGE,CARTOON BIRDS,hard
GARFIELD,SYLVESTER,TOM,FELIX,CARTOON CATS,medium
GOOF,LAD,SNOOP,DROOP,CARTOON DOGS MINUS “Y”,very_hard
JERRY,SPEEDY,PINKY,ITCHY,CARTOON MICE,very_hard
LOSE,SHED,DITCH,DROP,CAST OFF,medium
RUSSIAN BLUE,TURKISH ANGORA,RAGAMUFFIN,SPHYNX,CAT BREEDS,easy
TORTOISESHELL,TUXEDO,CALICO,TABBY,CAT COAT PATTERNS,medium
BASK,SUN,TAN,BAKE,CATCH SOME RAYS,medium
BLANKET,GENERAL,UMBRELLA,BROAD,CATCHALL,medium
BOP,BANGER,JAM,GROOVE,CATCHY SONG,medium
NAP,WALK,TAIL,FISH,CAT___,very_hard
CRADLE,PAJAMAS,EYE,MEOW,CAT’S ___,very_hard
SHOWER,BIRTHDAY,ANNIVERSARY,WEDDING,CELEBRATORY OCCASIONS,easy
COMET,PLANET,STAR,MOON,CELESTIAL OBJECTS,easy
ASTEROID,MOON,PLANET,COMET,CELESTIAL OBJECTS,medium
SILENT,FOCUS,VIBRATE,RING,CELL PHONE MODES,easy
AIRPLANE,RING,DO NOT DISTURB,VIBRATE,CELLPHONE MODES,easy
MIDRIFF,TORSO,CORE,TRUNK,CENTRAL SECTION OF THE BODY,easy
ROOSTER,LEPRECHAUN,ELVES,COUNT,CEREAL MASCOTS,hard
LUCKY,TONY,POP,SAM,CEREAL MASCOTS,very_hard
STORE,LETTER,REACTION,MAIL,CHAIN ___,very_hard
POOL,DRAWING,LOTTERY,RAFFLE,CHANCE TO WIN A PRIZE,hard
RENEGE,FLIP-FLOP,BACKPEDAL,ABOUT-FACE,CHANGE ONE’S TUNE,medium
CONDENSE,FREEZE,MELT,VAPORIZE,CHANGE STATES OF MATTER,easy
MEDIUM,PLATFORM,VENUE,OUTLET,CHANNEL,medium
Q,M,MONEYPENNY,BOND,CHARACTERS IN BOND MOVIES,hard
SOLO,EMPEROR,CHEWIE,BOBA,"CHARACTERS IN “THE EMPIRE STRIKES BACK,"" FAMILIARLY",hard
HULK,GRINCH,ELPHABA,SHREK,CHARACTERS WITH GREEN SKIN,medium
CHARLIE,WALLACE,DOROTHY,SHAGGY,CHARACTERS WITH PET DOGS,hard
JAW,YAK,YAP,GAB,"CHAT, INFORMALLY",easy
MAGAZINE,CHARGING CABLE,CHAPSTICK,CANDY,CHECKOUT LINE IMPULSE BUYS,medium
BRIGHT,BOUNCY,SUNNY,MERRY,CHEERFUL,easy
AMERICAN,BLUE,SWISS,JACK,"CHEESES, FAMILIARLY",easy
BALL,PUFF,CURL,DOODLE,CHEESY CORN SNACK UNIT,hard
SOLUTION,BOND,ELEMENT,BASE,CHEMISTRY TERMS,medium
RELISH,SAVOR,VALUE,TREASURE,CHERISH,easy
GAMBIT,MATE,BISHOP,QUEEN,CHESS TERMS,medium
FIRE,SPICE,KICK,HEAT,CHILI PEPPER QUALITY,medium
HAN,SONG,TANG,MING,CHINESE DYNASTIES,very_hard
HORSE,TIGER,DRAGON,RABBIT,CHINESE ZODIAC ANIMALS,very_hard
MOUNDS,MARS,CRUNCH,CHUNKY,CHOCOLATE BARS,medium
SKORT,DOVER,MARSH,CRUNCHY,CHOCOLATE BARS PLUS A LETTER,very_hard
PICK,CREAM,TOP,BEST,CHOICEST,hard
STOCKING,SNOWMAN,REINDEER,MISTLETOE,CHRISTMAS-RELATED,easy
RECORD,REGISTER,LOG,JOURNAL,CHRONICLE,easy
CHERISH,HAVE,LOVE,HOLD,CHURCH OF ENGLAND WEDDING VOW VERBS,hard
MINT,MANGO,TAMARIND,TOMATO,CHUTNEY VARIETIES,hard
GALL,CHEEK,NERVE,BRASS,CHUTZPAH,easy
HOOP,CIRCLE,BAND,RING,CIRCULAR SHAPES,medium
LP,PUPIL,FULL MOON,PIZZA PIE,CIRCULAR THINGS,medium
BATH,READING,DERBY,SANDWICH,CITIES AND TOWNS IN ENGLAND,hard
LINCOLN,LAGOS,LUXOR,LIMERICK,CITIES BEGINNING WITH “L”,medium
SPRITE,STARRY,SQUIRT,CRUSH,CITRUS SODAS,hard
ROAM,SOUL,NIECE,DELI,CITY HOMOPHONES,very_hard
MEDIUM,PSYCHIC,MYSTIC,ORACLE,CLAIRVOYANT,easy
HEAT,ARMAGEDDON,SPEED,HARD BOILED,CLASSIC '90S ACTION FILMS,very_hard
ASTEROIDS,PONG,FROGGER,BREAKOUT,CLASSIC ARCADE GAMES,easy
CENTIPEDE,ASTEROIDS,BREAKOUT,DEFENDER,CLASSIC ATARI GAMES,hard
CLIPPERS,CAPE,GEL,BRUSH,CLASSIC BARBERSHOP SUPPLIES,hard
OPERATION,MASTERMIND,SORRY,MOUSE TRAP,CLASSIC BOARD GAMES,hard
SOUR,PUNCH,SLING,FIZZ,CLASSIC COCKTAIL TYPES,very_hard
COMIC,RECORD,STAMP,COIN,CLASSIC COLLECTION ITEMS,hard
FIDO,ROVER,LUCKY,SPOT,CLASSIC DOG NAMES,easy
FLUFFY,ROVER,REX,SPOT,CLASSIC DOG NAMES,hard
FEUD,WHEEL,PYRAMID,MILLIONAIRE,"CLASSIC GAME SHOWS, FAMILIARLY",hard
WITCH,CLOWN,PIRATE,ANGEL,CLASSIC HALLOWEEN COSTUMES,easy
BAR,CHICKEN,LIGHT BULB,KNOCK-KNOCK,CLASSIC JOKE STAPLES,very_hard
FLAMINGO,PINWHEEL,GNOME,FOUNTAIN,CLASSIC LAWN ORNAMENTS,hard
SPEAKER,SCREEN,PROJECTOR,REEL,CLASSIC MOVIE THEATER EQUIPMENT,easy
COMPASS,MERMAID,SWALLOW,ANCHOR,CLASSIC NAUTICAL TATTOOS,hard
FISHBOWL,CHARADES,WEREWOLF,CATEGORIES,CLASSIC PARTY GAMES,hard
RUSH,GENESIS,KANSAS,YES,CLASSIC ROCK BANDS,hard
FRUIT,SKULL,PITCHER,TABLECLOTH,CLASSIC STILL LIFE COMPONENTS,hard
TIGHTS,MASK,UNDERWEAR,CAPE,CLASSIC SUPERHERO WEAR,hard
DRAGON,HEART,ROSE,ANCHOR,CLASSIC TATTOOS,very_hard
YO-YO,DOLL,TOP,BLOCKS,CLASSIC TOYS,easy
BLOCKS,BALL,JACKS,TRAIN,CLASSIC TOYS,hard
WATER,FIRE,AIR,EARTH,CLASSICAL ELEMENTS,hard
PHOTOSHOP,FIX,AIRBRUSH,TOUCH UP,"CLEAN UP, AS A PHOTOGRAPH",medium
MOP,BROOM,RAG,SPONGE,CLEANING SUPPLIES,easy
VACUUM,SWEEP,MOP,DUST,CLEANING VERBS,hard
MUD,A BELL,CRYSTAL,DAY,CLEAR AS ___,very_hard
TRAP,CORNER,SURROUND,TREE,CLOSE IN ON,hard
SNUG,SLEEK,CLINGY,SLINKY,CLOSE-FITTING ,medium
SANDWICH,SODA,MED,MUSIC,CLUB ___,very_hard
MUSTARD,SCARLET,PLUM,GREEN,CLUE CHARACTERS,very_hard
FINGERPRINT,TIRE MARK,HAIR,FIBER,CLUES AT A CRIME SCENE,hard
FLOP,BUST,DUD,MISS,CLUNKER,easy
CHERRY,OLIVE,MINT,TWIST,COCKTAIL GARNISHES,hard
MUDDLE,GARNISH,STIR,STRAIN,COCKTAIL-MAKING VERBS,hard
SEA BREEZE,GREYHOUND,COSMOPOLITAN,SCREWDRIVER,COCKTAILS,medium
SCREWDRIVER,COSMOPOLITAN,MANHATTAN,HURRICANE,COCKTAILS,very_hard
LIBRE,SLING,MULE,MAMA,COCKTAILS MINUS PLACE NAMES,very_hard
LID,STIRRER,STRAW,CUP,COFFEE COUNTER ITEMS,easy
CAPPUCCINO,LATTE,AMERICANO,ESPRESSO,COFFEE DRINKS,easy
ASSOCIATE,FELLOW,PEER,PARTNER,COLLEAGUE,medium
GATHER,REAP,HARVEST,PICK,"COLLECT, AS FROM AN ORCHARD",medium
SET,ARRAY,BATTERY,SERIES,COLLECTION,hard
FUND,POT,POOL,KITTY,COLLECTION OF MONEY,very_hard
GAGGLE,PARLIAMENT,MURDER,CHARM,COLLECTIVE NOUNS FOR BIRDS,hard
WOLVERINE,SOONER,VOLUNTEER,GATOR,COLLEGE FOOTBALL TEAM MEMBERS,hard
GATE,CORE,PILLED,MANIA,COLLOQUIAL SUFFIXES,very_hard
LUBE,GENRE,DRE,GARY,COLOR ANAGRAMS,very_hard
BLEW,ROWS,CHORAL,READ,COLOR HOMOPHONES,very_hard
PASTEL,GRAYSCALE,NEUTRAL,NEON,COLOR TYPES,easy
PINK,VIOLET,BROWN,TURQUOISE,COLORS,medium
YELLOW,GREEN,BLUE,WHITE,COLORS IN BRAZIL’S FLAG,hard
LACK,INK,OLD,RANGE,COLORS MINUS THEIR FIRST LETTERS,very_hard
FROWN,MELLOW,PREEN,CLUE,COLORS WITH THEIR FIRST LETTERS CHANGED,very_hard
TITANIC,GREAT,GIANT,MAMMOTH,COLOSSAL,easy
BLEND,STIR,FOLD,BEAT,"COMBINE, AS BAKING INGREDIENTS",medium
SOUND,LOOK,APPEAR,SEEM,COME ACROSS AS,hard
LAND,PERCH,SETTLE,ROOST,COME DOWN TO REST,medium
ROUTINE,JOKE,BIT,SKETCH,COMEDIAN’S OUTPUT,medium
ROUTINE,BIT,ACT,SET,COMEDIAN’S PERFORMANCE,hard
GAG,BIT,SKETCH,ACT,COMEDIC ROUTINE,hard
LOAFER,CROC,SLIPPER,MOCCASIN,COMFY SHOES,easy
SNAP,OUCH,BURN,ZING,COMMENT AFTER AN INSULT,easy
COMPANY,FIRM,ENTERPRISE,AGENCY,COMMERCIAL ORGANIZATION,easy
WRITE,AUTHOR,COMPOSE,PEN,COMMIT TO PAPER,easy
DICE,CARDS,BOARD,PIECES,COMMON COMPONENTS OF BOARD GAMES,medium
AMBERGRIS,MUSK,VANILLA,ROSE,COMMON PERFUME INGREDIENTS,medium
SUB,AUTO,SEMI,POST,COMMON PREFIXES,very_hard
TOTE,TOTE,TEE,MUG,COMMON SWAG ITEMS,hard
PEN,HAT,TEE,WATER BOTTLE,COMMON SWAG ITEMS,hard
POWER-UP,BOSS,HEALTH,LEVEL,COMMON VIDEO GAME FEATURES,hard
TEXT,CORRESPOND,WRITE,MESSAGE,COMMUNICATE THROUGH WRITING,hard
GREYHOUND,CATERPILLAR,DOVE,PUMA,COMPANIES NAMED AFTER ANIMALS,hard
INK,HARMONY,TRADE,BAY,COMPANIES WITH “E” REMOVED,very_hard
HOUSE,CONCERN,OUTFIT,FIRM,COMPANY,medium
EQUITY,SHARES,STOCKS,OPTIONS,COMPANY OWNERSHIP OFFERS,medium
MINUTE,BABY,COMPACT,TOY,COMPARATIVELY SMALL,hard
SHOOT,RIDE,FENCE,SWIM,COMPETE IN A MODERN PENTATHLON,medium
BELLYACHE,CRAB,CARP,GRUMBLE,COMPLAIN,easy
MOWN,WINE,WHALE,GROWN,COMPLAINT HOMOPHONES,very_hard
LAP,REVOLUTION,ORBIT,CIRCUIT,COMPLETE TURN,easy
ELABORATE,COMPLEX,INVOLVED,BAROQUE,COMPLICATED,medium
BOUQUET,VEIL,TRAIN,BUSTLE,COMPONENTS OF A BRIDE’S ENSEMBLE,hard
CYLINDER,SPRING,TUMBLER,PIN,COMPONENTS OF A LOCK,hard
CLUE,DETECTIVE,ALIBI,SUSPECT,COMPONENTS OF A MYSTERY,medium
CHEESE,SAUCE,CRUST,TOPPINGS,COMPONENTS OF A PIZZA,medium
PROTEIN,DRESSING,CHEESE,LETTUCE,COMPONENTS OF A SALAD,easy
INSERT,JACKET,SLEEVE,RECORD,COMPONENTS OF AN LP,hard
RIM,TEMPLE,BRIDGE,LENS,COMPONENTS OF EYEGLASSES,very_hard
GENIE,EGG,TOOTHPASTE,BELL,COMPONENTS OF METAPHORS FOR THINGS THAT CAN’T BE UNDONE,very_hard
ATTENDANCE,PAPERS,FINAL,HOMEWORK,COMPONENTS OF ONE’S GRADE,easy
CROSS,HYBRID,BLEND,COMPOUND,COMPOSITE,easy
SPEAKER,MONITOR,MOUSE,KEYBOARD,COMPUTER EQUIPMENT,easy
MOUSE,MICROPHONE,SCANNER,TABLET,COMPUTER INPUT DEVICES,easy
STING,RACKET,SCHEME,HUSTLE,CON GAME,easy
DING,DIVOT,DENT,DIMPLE,CONCAVITY,easy
BLOCK,HIDE,MASK,COVER,CONCEAL,easy
BLOCK,COVER,HIDE,OBSCURE,CONCEAL,medium
SHRINKAGE,REGIFTING,YADA YADA,FESTIVUS,CONCEPTS FROM “SEINFELD”,hard
PLAQUE,TARTAR,CAVITY,CALCULUS,CONCERNS FOR A DENTIST,hard
COCKTAIL,MIXTURE,COMPOUND,SOLUTION,CONCOCTION,easy
MAYO,TARTAR,RELISH,KETCHUP,CONDIMENTS,medium
MIGHT,COULD,CAN,MAY,CONDITIONAL WORDS,medium
GOOD,FINE,MINT,FAIR,CONDITIONS FOR COLLECTIBLES,medium
DRAIN,SEWER,PIPE,DUCT,CONDUITS FOR WATER REMOVAL,easy
LOLLY,SUCKER,SWEET,CANDY,CONFECTION,hard
ACCORD,VEST,AWARD,GRANT,CONFER,hard
FOLLOWERS,SHEEP,PUPPETS,LEMMINGS,CONFORMISTS,easy
JOIN,LINK,JOIN,COUPLE,CONNECT,easy
LINK,UNITE,TIE,BRIDGE,CONNECT,easy
HITCH,LINK,TIE,COUPLE,CONNECT,hard
COUPLE,UNITE,WED,TIE,CONNECT,medium
BOND,LINK,RELATION,TIE,CONNECTION,hard
COFFEE,FRICASSEE,BASSOON,BALLOON,CONSECUTIVE DOUBLE LETTERS,very_hard
KEEP,SAVE,PRESERVE,STORE,CONSERVE,easy
SMOKING,LANGUAGE,ACTION,NUDITY,CONSIDERATIONS FOR MOVIE RATINGS,hard
KNOB,BUTTON,SLIDER,SWITCH,CONSOLE INPUTS,medium
GEMINI,ORION,CYGNUS,PEGASUS,CONSTELLATIONS,medium
MAKEUP,STRUCTURE,COMPOSITION,FABRIC,CONSTITUTION,medium
TOOK IN,ATE,PUT AWAY,HAD,CONSUMED,easy
DEMAND,MARKET,AUDIENCE,APPETITE,"CONSUMER DESIRE, COLLECTIVELY",hard
NUMBER,ADDRESS,EMAIL,NAME,CONTACT INFO,medium
BUZZ,DIAL,RING,CALL,CONTACT VIA PHONE,easy
RING,DIAL,PHONE,CALL,CONTACT VIA TELEPHONE,easy
HOUSE,STORE,KEEP,HOLD,CONTAIN,easy
CORK,CAP,TAB,LID,CONTAINER CLOSURES,easy
CHEST,BASKET,HAMPER,BIN,CONTAINERS,easy
MUSE,PONDER,REFLECT,BROOD,CONTEMPLATE,easy
CAGE,ENO,REICH,GLASS,CONTEMPORARY COMPOSERS,very_hard
WHALE,ASTRONAUT,PEA,COFFEE,CONTENTS OF A POD,hard
CONSECUTIVE,STRAIGHT,NONSTOP,SOLID,CONTINUOUS,medium
WARPED,BENT,TWISTED,GNARLY,CONTORTED,easy
DIRECT,WRITE,ACT,PRODUCE,CONTRIBUTE TO A MOVIE,hard
GARNISH,OVERSIGHT,SANCTION,CLEAVE,CONTRONYMS (WORDS THAT CAN MEAN OPPOSITE THINGS),very_hard
ACCESSIBLE,CLOSE,HANDY,NEARBY,CONVENIENTLY LOCATED,easy
GRILL,CHAR,BROWN,SEAR,COOK IN A PAN,easy
BOIL,BLANCH,STEAM,POACH,COOK WITH HEAT AND WATER,easy
TRIANGLE,STAR,CIRCLE,UMBRELLA,COOKIE CUTTER SHAPES IN “SQUID GAME”,very_hard
BATTER,PASTE,DOUGH,MIXTURE,COOKING CONCOCTIONS,easy
CROCK,CASSEROLE,PAN,POT,COOKING VESSELS,medium
SKILLET,WOK,POT,CROCK,COOKWEAR,medium
LIT,TIGHT,SICK,FIRE,"COOL, IN SLANG",hard
FLY,FRESH,RAD,ILL,"COOL, IN ’80S SLANG",medium
BAD,FLY,RAD,BAD,"COOL, IN ’80S SLANG",medium
OK,HUNKY-DORY,FINE,SWELL,COPACETIC,medium
WRITER,CAT,PASTA,RIGHT,COPY___,very_hard
HEART,SUBSTANCE,ESSENCE,CRUX,CORE,easy
CRUNCH,PLANK,BOAT,MOUNTAIN CLIMBER,CORE EXERCISES,hard
SYRUP,MAZE,MUFFIN,SILK,CORN-Y THINGS,very_hard
CROOK,ANGLE,ELBOW,BEND,CORNERS,medium
SALES,LEGAL,IT,FINANCE,CORPORATE DEPARTMENTS,hard
OEUVRE,BODY,WORKS,CANON,CORPUS,easy
SUIT,COMPLEMENT,MATCH,FIT,CORRESPOND WELL WITH,medium
INTERACTION,EXCHANGE,CONTACT,DEALINGS,CORRESPONDENCE,easy
LOW,DIRTY,VILE,BASE,CORRUPT,easy
FIGURE,AMOUNT,VALUE,PRICE,COST,easy
REFEREE,PRISONER,MIME,SAILOR,COSTUMES WITH STRIPED SHIRTS,medium
BOGUS,SHAM,FAKE,PHONY,COUNTERFEIT,medium
JORDAN,TOGO,GEORGIA,CHAD,COUNTRIES,medium
WANDA,INLAND,OLIVIA,RAN,COUNTRIES MINUS FIRST LETTER,very_hard
TONG,CHIN,MALT,CUB,COUNTRIES WHEN “A” IS ADDED,very_hard
POLAND,JAPAN,TURKEY,TUNISIA,COUNTRIES WITH RED AND WHITE FLAGS,hard
ACTION,SUIT,CLAIM,CASE,COURT FILING,medium
SMEAR,PLASTER,CAKE,COAT,COVER WITH A THICK LAYER,easy
CAP,TOP,LID,COVER,COVERINGS,medium
SOUR,CROSS,SORE,PRICKLY,CRABBY,medium
PACK,JAM,STUFF,RAM,CRAM,easy
WEDGE,JAM,STUFF,SHOEHORN,CRAM,hard
SHOEHORN,SANDWICH,WEDGE,SQUEEZE,CRAM,medium
SQUEEZE,STUFF,JAM,PACK,CRAM INTO A TIGHT SPACE,medium
PIT,CAVITY,HOLLOW,HOLE,CRATER,easy
CRIMP,TEASE,FEATHER,CURL,CREATE SOME VOLUME/TEXTURE IN HAIR,medium
PRODUCE,BEAR,YIELD,GENERATE,"CREATE, AS RESULTS",medium
GNOME,TROLL,OGRE,GOBLIN,CREATURES IN FOLKLORE,easy
BADGE,TICKET,PASS,INVITE,CREDENTIALS FOR ENTRY,easy
NUMBER,EXPIRATION,NAME,ZIP,CREDIT CARD INFO,medium
MOON,CROISSANT,BANANA,SICKLE,CRESCENT-SHAPED THINGS,hard
RING,SYNDICATE,CREW,FAMILY,CRIME ORGANIZATION,hard
TRASH,KNOCK,SLAM,BLAST,CRITICIZE,easy
ROAST,KNOCK,PAN,SLAM,CRITICIZE,easy
SKEWER,BLAST,FLAME,SLAM,CRITICIZE,medium
BASH,SLAM,KNOCK,PAN,CRITICIZE,medium
FLAME,BLAST,ROAST,BASH,CRITICIZE HARSHLY,easy
PEPPER,CUCUMBER,CORN,TOMATO,CROPS,easy
CRUMPLE,BALL,WAD,SCRUNCH,CRUSH INTO A COMPACT SHAPE,easy
ICE,SUGAR,DIE,BOUILLON,CUBE-SHAPED,hard
DRAW CLOSE,NUZZLE,SPOON,HOLD TIGHT,CUDDLE,easy
CRANK,GRUMP,CRAB,GROUCH,CURMUDGEON,easy
CONDITION,STATE,FORM,SHAPE,CURRENT SITUATION,easy
POX,JINX,HEX,SPELL,CURSE,medium
PROFANITY,SWEARING,FOUR-LETTER WORDS,EXPLETIVES,CURSES,easy
CHOP,DICE,MINCE,CUBE,CUT INTO PIECES,medium
DECK,CORD,CHEESE,MUSTARD,CUT THE ___,very_hard
ROUND,FLANK,SHANK,LOIN,CUTS OF BEEF,hard
LOIN,CHUCK,ROUND,FLANK,CUTS OF BEEF,medium
SHOULDER,BELLY,CHOP,HOCK,CUTS OF PORK,medium
ROLL,SCROLL,BOLT,REEL,CYLINDER OF MATERIAL,hard
ROLLER,SILO,SPOOL,CAN,CYLINDER-SHAPED THINGS,very_hard
DISCOG,PROMO,BALLY,RAVEN,DANCE EVENTS PLUS A LETTER,very_hard
MACARENA,MASHED POTATO,DOUGIE,TWIST,DANCE FADS,medium
CABBAGE PATCH,FLOSS,MOONWALK,ROBOT,DANCE MOVES,hard
FLOSS,VOGUE,WORM,ROBOT,DANCE MOVES,hard
MODERN,TAP,JAZZ,SWING,DANCE STYLES,easy
HUSTLE,SWING,TANGO,SALSA,DANCES,medium
CHA,CAN,GO,NAE,DANCES WHEN DOUBLED,very_hard
SMART,SHARP,TIDY,NEAT,DAPPER,hard
MATTER,AGES,CHOCOLATE,HORSE,DARK ___,very_hard
DEAR,BOO,LOVE,BABY,DARLING,easy
RANGE,MODE,MEDIAN,MEAN,DATA SET DATA,easy
BLOCK,MATCH,MESSAGE,SWIPE,DATING APP ACTIONS,medium
MATCH,TINDER,BUMBLE,HINGE,DATING APPS,medium
THURSDAY,SUNDAY,SATURDAY,FRIDAY,DAYS OF THE WEEK,easy
LUST,PRIDE,ENVY,GREED,DEADLY SINS,medium
FIELD,HANDLE,TACKLE,MANAGE,DEAL WITH,easy
ADDRESS,FIELD,ANSWER,HANDLE,DEAL WITH,medium
BLUFF,FRONT,ACT,CHARADE,DECEIT,medium
DUPE,CON,TRICK,FOOL,DECEIVE,easy
ROUT,ROMP,BLOWOUT,SWEEP,DECISIVE VICTORY,hard
DIP,EBB,FADE,SINK,DECLINE,easy
FALL,DROP,WANE,FLAG,DECLINE,easy
DROP,FALL,SINK,DIP,DECLINE,medium
FRILL,FRINGE,TRIM,BORDER,DECORATIVE EDGE,easy
EBB,DROP,DECLINE,DWINDLE,DECREASE,medium
JUDGE,CONSIDER,REGARD,COUNT,DEEM,medium
SAMOSA,KATSU,FALAFEL,SCHNITZEL,DEEP-FRIED FOOD,hard
TRASH,ROUT,SHELLAC,CRUSH,DEFEAT BADLY,hard
CREAM,LICK,SMOKE,PASTE,DEFEAT SOUNDLY,medium
DELAY,SHELVE,TABLE,POSTPONE,DEFER,easy
SORRY,BLUE,HANGDOG,DOWN,DEJECTED,easy
ROLL,HERO,WRAP,BUN,DELI BREAD OPTIONS,easy
REFLECTION,THOUGHT,SCRUTINY,CONSIDERATION,DELIBERATION,easy
LIGHT,MILD,FAINT,SOFT,DELICATE,easy
SEND,MAIL,POST,SHIP,"DELIVER, AS A PACKAGE",easy
SYMBOL,EXPRESSION,TOKEN,GESTURE,"DEMONSTRATION, AS OF APPRECIATION",medium
FILLING,VENEER,CROWN,BRIDGE,DENTAL ADDITIONS,easy
CROWN,CAVITY,FILLING,PLAQUE,DENTAL TERMS,medium
DEGREE,AXE,OLD SPICE,SECRET,DEODORANTS,hard
BOOK,SPLIT,RUN,BOUNCE,DEPART QUICKLY,easy
ARM,WING,BRANCH,CHAPTER,DEPARTMENT,medium
CLOCK,BRANCH,ANT,MELTING,DEPICTED IN DALÍ’S “THE PERSISTENCE OF MEMORY”,very_hard
DRAIN,SAP,EMPTY,EXHAUST,DEPLETE,easy
LAY,PLACE,PUT,SET,"DEPOSIT, WITH “DOWN”",hard
TAIL,SEAT,BACKSIDE,CABOOSE,DERRIERE,easy
MARTINI,DESERT,HUMOR,TEETOTALER,DESCRIBED AS DRY,hard
RIGHT,JUST,FAIR,DUE,DESERVED,medium
DRIVE,ITCH,IMPULSE,URGE,DESIRE,easy
ABSTAIN,CEASE,AVOID,REFRAIN,DESIST,easy
MOUSSE,COBBLER,TIRAMISU,PIE,DESSERTS,easy
FLAN,CAKE,TART,CHEESECAKE,DESSERTS,easy
PARTICULAR,ELABORATE,THOROUGH,MINUTE,DETAILED,medium
DREW,HOLMES,HARDY,BROWN,DETECTIVES OF KID-LIT,hard
ALL,ERA,TIDE,GAIN,DETERGENTS,hard
BRAINSTORM,WORKSHOP,SPITBALL,IDEATE,"DEVELOP, AS IDEAS",easy
CONCOCT,ENGINEER,HATCH,MASTERMIND,DEVISE,medium
OPPOSITE,COUNTER,REVERSE,POLAR,DIAMETRIC,medium
CARAT,CLARITY,CUT,COLOR,DIAMOND QUALITIES,hard
PIP,BUCKET,SCROOGE,TWIST,DICKENS CHARACTERS,hard
LOCK,WISP,STRAND,HEAD,DIFFERENT AMOUNTS OF HAIR,hard
DING,CHIME,PING,RING,DIGITAL NOTIFICATION SOUNDS,easy
ALARM,DATE,LIGHT,STOPWATCH,DIGITAL WATCH FEATURES,medium
RANCH,MARINARA,AIOLI,BARBECUE,DIPPING SAUCES,easy
DOZEN,POOL,MARTINI,WORD,DIRTY ___,very_hard
RICE,LAUNDRY,JOKE,BLONDE,DIRTY ___,very_hard
SCRAP,END,DISSOLVE,SUNSET,DISCONTINUE,medium
PROMOTION,SALE,DEAL,SPECIAL,DISCOUNT,easy
NORMAL,RINSE,SANITIZE,QUICK,DISHWASHER CYCLES,very_hard
SCARY,FLOUNDERS,BELLED,ABUT,DISNEY ANIMATED CHARACTERS PLUS A LETTER,very_hard
DALE,DAISY,DORY,DOC,DISNEY CHARACTERS,hard
GOOFY,DAISY,LADY,HAPPY,DISNEY CHARACTERS,medium
SCAR,GENIE,STITCH,BEAST,DISNEY CHARACTERS,very_hard
SCROOGE,DAISY,DEWEY,DONALD,DISNEY DUCKS,hard
ARIEL,AURORA,MERIDA,TIANA,DISNEY PRINCESSES,medium
TOMORROW,FRONTIER,FANTASY,ADVENTURE,DISNEYLAND LANDS,hard
MESS,PIGPEN,DUMP,STY,DISORDERLY PLACE,easy
ARRAY,MATRIX,GRID,TABLE,DISPLAY OF ROWS AND COLUMNS,easy
TIFF,CLASH,TANGLE,SCRAP,DISPUTE,medium
FORGET,DISCOUNT,IGNORE,OVERLOOK,DISREGARD,medium
DIVE,DUMP,HOLE,JOINT,DISREPUTABLE ESTABLISHMENT,hard
MEMORY,TRUNK,EAR,TUSK,DISTINCTIVE FEATURES OF AN ELEPHANT,hard
SHIVA,VENUS DE MILO,OCTOPUS,SLOT MACHINE,DISTINCTIVE NUMBER OF ARMS (OR LACK THEREOF),very_hard
TATTOO,SCAR,PIERCING,MOLE,DISTINGUISHING CHARACTERISTICS,easy
SONG,NUMBER,AIR,STRAIN,DITTY,hard
FORK,BRANCH,PART,SPLIT,DIVIDE,medium
ARM,CHAPTER,BRANCH,WING,DIVISION,easy
BLAB,DISH,TELL,SPILL,DIVULGE,easy
DISH,TALK,SPILL,TELL,"DIVULGE, AS PRIVATE INFORMATION",easy
SLAY,ROCK,EAT,RULE,DO EXCEPTIONALLY WELL,hard
SHAVE,SHOWER,DRESS,BRUSH,DO SOME GROOMING,medium
PUSH,PITCH,PROMOTE,PLUG,DO SOME MARKETING FOR,easy
WATER,PRUNE,PLANT,WEED,DO SOME TASKS IN THE GARDEN,medium
STRAY,FALL,SIN,ERR,DO WRONG,medium
NO,WHO,OCTOPUS,PEPPER,DOCTORS IN POP CULTURE,very_hard
SLEEP,FRESH AIR,EXERCISE,DIET,DOCTORS’ ORDERS,easy
RECORD,TAPE,FILM,SHOOT,DOCUMENT WITH VIDEO,medium
DEED,RECEIPT,CERTIFICATE,TITLE,DOCUMENTS OF OWNERSHIP,easy
POODLE,DALMATIAN,BOXER,HUSKY,DOG BREEDS,easy
RETRIEVE,POINT,BOX,SET,DOG BREEDS MINUS “ER” SOUND,very_hard
PIT,GOLDEN,BULLY,LAB,"DOG BREEDS, INFORMALLY",hard
LAB,PIT,CHOW,GOLDEN,"DOG BREEDS, INFORMALLY",hard
POM,BOSTON,LAB,PEKE,"DOG BREEDS, INFORMALLY",hard
COME,HEEL,STAY,DOWN,DOG COMMANDS,easy
DOWN,SIT,STAY,COME,DOG COMMANDS,hard
HEEL,DOWN,SHAKE,COME,DOG COMMANDS,medium
SIT,HEEL,SPEAK,STAY,DOG COMMANDS,medium
BARK,WHINE,HOWL,GROWL,DOG SOUNDS,easy
DAYS,PADDLE,TIRED,TAG,DOG ___,very_hard
BLUE,TOTO,ASTRO,HOOCH,DOGS OF THE SCREEN,hard
SAP,CLOWN,DWEEB,TURKEY,DOOFUS,hard
YO-YO,DOPE,DODO,BOZO,DOOFUS,medium
RINGER,TWIN,CLONE,DOUBLE,DOPPELGÄNGER,medium
DRIBBLE,AGENT,JEOPARDY,JEOPARDY,DOUBLE ___,very_hard
STANDARD,DUTCH,SPACE,DATE,DOUBLE ___,very_hard
GRINCH,TURTLE,POP,CAT,DR. SEUSS TITLE FIGURES,very_hard
PEPPER,J,NO,EVIL,DR. ___,very_hard
WRAP,SHAWL,SCARF,STOLE,DRAPED ACCESSORIES,easy
ROD,BRACKET,CURTAIN,HOOK,DRAPERY HANGING ITEMS,medium
MINUS,DING,STRIKE,CON,DRAWBACK,hard
HOBGOBLIN,BOGEYMAN,PHANTOM,BUGBEAR,DREAD-INDUCING FIGURES,easy
CONCEIVE,PICTURE,IMAGINE,ENVISION,DREAM UP,easy
PUT ON,WEAR,SPORT,DON,DRESS IN,medium
SWORD,CHERRY,UMBRELLA,OLIVE,DRINK GARNISHES,hard
STEIN,TUMBLER,SNIFTER,GOBLET,DRINK VESSELS,easy
COFFEE,MATE,COCOA,TEA,DRINKS WITH CAFFEINE,easy
SIGNAL,TURN,BRAKE,PARK,DRIVING INSTRUCTOR DIRECTIVES,hard
EVIL,PEPPER,DRE,SEUSS,DRS,hard
KICK,SNARE,TOM,CYMBAL,DRUM SET COMPONENTS,hard
CURL,PRESS,ROW,FLY,DUMBBELL EXERCISES,hard
STRETCH,PERIOD,SPELL,TIME,DURATION,medium
BOWL,BUNNY,DEVIL,JACKET,DUST ___,very_hard
TULIP,CLOG,WINDMILL,CANAL,DUTCH SYMBOLS,hard
PAUSE,RECORD,PLAY,STOP,DVR BUTTONS,easy
ANVIL,HAMMER,STIRRUP,COCHLEA,EAR PARTS,hard
ROOK,LOBE,HELIX,CONCH,EAR PIERCING SITES,hard
SKETCH,OUTLINE,DRAFT,PLAN,EARLY ITERATION,easy
MAKE,NET,YIELD,GROSS,EARN,medium
WIG,DRUM,MARK,WAX,EAR___,very_hard
BUNNY,SUNDAY,ISLAND,EGG,EASTER ___,very_hard
STREET,CHAIR,MONEY,LISTENING,EASY ___,very_hard
GRAZE,PECK,NIBBLE,SNACK,EAT A LITTLE,easy
SCARF,SCARF,GULP,INHALE,EAT VORACIOUSLY,easy
WOLF,GOBBLE,DOWN,WOLF,EAT VORACIOUSLY,easy
BOLT,GOBBLE,SCARF,DOWN,EAT VORACIOUSLY,hard
GORGE,SCARF,GULP,WOLF,EAT VORACIOUSLY,medium
POPE,BISHOP,PRIOR,PASTOR,ECCLESIASTICAL TITLES,hard
PRIOR,PASTOR,CARDINAL,BISHOP,ECCLESIASTICAL TITLES,medium
CANYON,TUNNEL,ZOOM CALL,HALLWAY,ECHOEY PLACES,hard
AKEEM,FOLEY,DONKEY,DOLITTLE,EDDIE MURPHY ROLES,hard
UNDO,COPY,PASTE,CUT,EDIT MENU COMMANDS,medium
FROTH,FIZZ,BUBBLES,FOAM,EFFERVESCENCE,easy
SMOOTH,GRACEFUL,FLUID,NATURAL,EFFORTLESS,easy
CROOK,SCARAB,EYE,ANKH,EGYPTIAN SYMBOLS,hard
GRECO,CAPITAN,DORADO,PASO,EL ___,very_hard
BLANKET,GUITAR,SLIDE,EEL,ELECTRIC ___,very_hard
MICROWAVE,RADIO,VISIBLE,X-RAY,ELECTROMAGNETIC SPECTRUM,hard
TRANCE,AMBIENT,JUNGLE,HOUSE,ELECTRONIC DANCE MUSIC GENRES,hard
RIBBON,ARROW,HEART,MOM,ELEMENTS OF A CLASSIC “MOM” TATTOO,medium
SALT,ACID,FAT,HEAT,"ELEMENTS OF COOKING,  PER SAMIN NOSRAT",medium
HUBRIS,HERO,CHORUS,TRAGEDY,ELEMENTS OF GREEK DRAMA,hard
SENTENCE,WORD,PHRASE,LETTER,ELEMENTS OF WRITING,medium
BANKS,MOSS,TAYLOR,WARREN,ELIZABETHS (AND ONE ELISABETH),very_hard
FORWARD,COMPOSE,SEND,REPLY ALL,EMAIL ACTIONS,medium
TRASH,SENT,SPAM,DRAFTS,EMAIL FOLDERS,medium
REGARDS,BEST,THANKS,CHEERS,EMAIL SIGN-OFFS,medium
SPREAD,FAN,BRANCH,RADIATE,EMANATE,easy
WEDGE,LODGE,STICK,PLANT,EMBED,medium
SEAL,STAMP,MARK,LABEL,EMBLEM,easy
EXAMPLE,MODEL,SYMBOL,IDEAL,EMBODIMENT,easy
CHARACTER,PERSONA,FIGURE,AVATAR,EMBODIMENT,medium
BEAM,RADIATE,GLOW,SHINE,EMIT LIGHT,medium
SKULL,HEART,SPARKLES,FIRE,EMOJI,very_hard
AFFECT,MOVE,TOUCH,IMPACT,EMOTIONALLY SWAY ,hard
ENGAGE,CONTRACT,RETAIN,SIGN,EMPLOY,easy
COPY,MIRROR,PARROT,ECHO,EMULATE,easy
GOAD,SPUR,EGG,URGE,"ENCOURAGE, WITH ""ON""",easy
NOT QUITE,ALMOST,CLOSE,WARM,ENCOURAGING RESPONSES IN A GUESSING GAME,medium
RAGOUT,RAPPORT,PARFAIT,BOUQUET,ENDING IN A SILENT “T”,medium
HERRING,KINGPIN,COOTIE,BAYWATCH,ENDING IN ACCESSORIES,very_hard
CAMEROON,UNREAD,COCKATIEL,WHISTLEBLEW,ENDING IN COLOR HOMOPHONES,very_hard
ULTRAVIOLET,MARIGOLD,STINGRAY,INFRARED,ENDING IN COLORS,very_hard
COMPARE,CONNECTICUT,PARSNIP,WALLOP,"ENDING IN SYNONYMS FOR ""CLIP""",very_hard
COMMONPLACE,SUNSPOT,PARASITE,NEEDLEPOINT,"ENDING IN SYNONYMS FOR ""LOCATION""",very_hard
ROSEBUD,KETCHUM,PRIMATE,PAYPAL,ENDING IN SYNONYMS FOR “FRIEND”,very_hard
HEDWIG AND THE ANGRY INCH,MY LEFT FOOT,THE LONGEST YARD,THE GREEN MILE,ENDING IN UNITS OF MEASUREMENT,hard
FUNKY CHICKEN,JUMBO SHRIMP,DARK HORSE,SEA MONKEY,ENDING WITH ANIMALS,very_hard
CONTRABASS,AUTOHARP,ROSEBUD,PEPPERONI,ENDING WITH BEER BRANDS,very_hard
NEUROPLASTIC,KUBRICK,HOURGLASS,HOLLYWOOD,ENDING WITH BUILDING MATERIALS,very_hard
LATIN,PLEAD,JARGON,ENVIRON,ENDING WITH CHEMICAL ELEMENTS,very_hard
MARIGOLD,EVERGREEN,INFRARED,QUICKSILVER,ENDING WITH COLORS,hard
DRUM AND BASS,WU-TANG,CAPE COD,CAMISOLE,ENDING WITH FISH,very_hard
FETA,PEPSI,BIOTA,MOCHI,ENDING WITH GREEK LETTERS,very_hard
PRUSSIAN,DISNEY,DECAF,CRYPTO,ENDING WITH HOMOPHONES OF PARTS OF THE LEG,very_hard
ICECAPS,MAKESHIFT,CANTAB,CYBERSPACE,ENDING WITH KEYBOARD KEYS,very_hard
SNICKERDOODLE,SHADOWBOXER,NEWSHOUND,TRENDSETTER,ENDING WITH KINDS OF DOGS,very_hard
RAINBOW,SEMBLANCE,CROSSWORD,GRIMACE,ENDING WITH MEDIEVAL WEAPONS,very_hard
CLASSICS,CREATE,GUTHRIE,THEREFORE,ENDING WITH NUMBER HOMOPHONES,very_hard
HAWKING,BOJACK,LOVELACE,MCQUEEN,ENDING WITH PLAYING CARDS,very_hard
RAPPORT,DEBUT,TAROT,BALLET,ENDING WITH SILENT “T”,medium
GOLDEN FLEECE,COMIC CON,AMERICAN HUSTLE,LUCKY STIFF,"ENDING WITH SYNONYMS FOR ""SWINDLE""",very_hard
SKYDIVE,WATERFALL,GATECRASH,RAINDROP,ENDING WITH SYNONYMS FOR “PLUNGE”,very_hard
DYNASTY,GIMMICK,ENGROSS,MILDEW,ENDING WITH SYNONYMS FOR “YUCK”,very_hard
WITHERSPOON,BOILERPLATE,JACKKNIFE,BUTTERCUP,ENDING WITH TABLEWARE,very_hard
BIGFOOT,COMPOUND,THERMOMETER,INSTAGRAM,ENDING WITH UNITS OF MEASURE,very_hard
SUPPORT,BACK,CHAMPION,SECOND,ENDORSE,easy
SPIRIT,VIGOR,JUICE,STEAM,ENERGY,medium
BATTERY,CHARGE,POWER,JUICE,ENERGY FOR AN ELECTRONIC DEVICE,hard
WRESTLING,BOWLING,ACUPUNCTURING,SEWING,ENGAGING IN AN ACTIVITY WITH PINS OR NEEDLES,hard
SALT,SEASON,FLAVOR,SPICE,ENHANCE THE TASTE OF,easy
APPRECIATE,RELISH,LOVE,SAVOR,ENJOY,easy
DIG,FANCY,LIKE,FANCY,ENJOY,easy
FEED,SUP,FEAST,DINE,ENJOY A MEAL,medium
BIG,GIANT,GREAT,HUGE,ENORMOUS,easy
GIANT,MAMMOTH,MONSTER,TITANIC,ENORMOUS,easy
BUMPER,GIANT,TITANIC,MONSTER,ENORMOUS,medium
LOCK,GUARANTEE,CINCH,ICE,"ENSURE, AS A VICTORY",hard
PASSION,RELISH,ZEST,GUSTO,ENTHUSIASM,easy
BUFF,LOVER,FAN,NUT,ENTHUSIAST,hard
CALL,APPEAL,BID,PETITION,ENTREATY,easy
GATE,DOOR,HATCH,PORTAL,ENTRYWAY,easy
OUTFIT,FURNISH,PROVISION,STOCK,EQUIP,easy
STUFF,GEAR,KIT,TACKLE,EQUIPMENT,easy
FAIR,EVEN,JUST,EQUAL,EQUITABLE,hard
WAVER,HEDGE,YO-YO,SEE-SAW,EQUIVOCATE,hard
PERIOD,AGE,TIME,DAY,ERA,hard
STUNT,EXPLOIT,CAPER,ANTIC,ESCAPADE,easy
REALLY,PRETTY,MIGHTY,VERY,ESPECIALLY,easy
LAUNCH,INSTITUTE,FOUND,START,ESTABLISH,medium
PIONEERS,LAUNCHES,INSTITUTES,BEGINS,ESTABLISHES,medium
WIND,GAS,STINKER,TOOT,EUPHEMISMS FOR FLATULENCE,medium
SOFA,ROE,PARS,MINK,EUROPEAN CAPITALS MINUS SECOND-TO-LAST LETTER,very_hard
POLAND,DENMARK,GREECE,PORTUGAL,EUROPEAN COUNTRIES,easy
SHAKE,DODGE,SHAKE,DUCK,EVADE,medium
LOSE,SKIRT,DODGE,ESCAPE,EVADE,medium
GRADE,GRADE,JUDGE,RATE,EVALUATE,easy
SCORE,RATE,REVIEW,RANK,EVALUATE,easy
HOP,RAVE,FORMAL,BALL,EVENT WITH DANCING,medium
COMMON,ROUTINE,REGULAR,STANDARD,EVERYDAY,medium
HAMMY,DRAMATIC,CAMP,OVERDONE,"EXAGGERATED, AS A PERFORMANCE",medium
CHECK,VET,REVIEW,SCREEN,"EXAMINE, AS AN APPLICANT",hard
FINE,QUALITY,STERLING,PRIME,EXCELLENT,medium
NEATO,NIFTY,ACES,KEEN,"EXCELLENT, IN OLD SLANG",medium
SINGULAR,UNIQUE,SPECIAL,REMARKABLE,EXCEPTIONAL,easy
EXTRACT,QUOTE,CLIP,PASSAGE,EXCERPT,medium
TOO,EXTRA,OVER,BEYOND,EXCESSIVELY,medium
PUMP,HYPE,FIRE,AMP,"EXCITE, WITH “UP”",very_hard
BRIDGE,CRUNCH,DIP,SQUAT,EXERCISES,easy
EFFORT,WORK,LABOR,SWEAT,EXERTION,medium
PACE,SWEAT,FIDGET,BLUSH,EXHIBIT NERVOUSNESS,medium
KICK,BUZZ,RUSH,THRILL,EXHILARATION,medium
WENT,DEPARTED,LEFT,SPLIT,EXITED,easy
JOURNEY,ODYSSEY,QUEST,VOYAGE,EXPEDITION,easy
RATE,PRICE,COST,CHARGE,EXPENDITURE,easy
BLANK,FORGET,FLAKE,SPACE,EXPERIENCE A MEMORY LAPSE,very_hard
PILOT,TRIAL,EXPLORATORY,PRELIMINARY,EXPERIMENTAL,medium
THUNDER,ROAR,BOOM,CRASH,EXPLOSIVE SOUND,easy
AIR,STATE,VOICE,SPEAK,EXPRESS,hard
IMPLY,COUCH,SUGGEST,INTIMATE,EXPRESS INDIRECTLY,hard
INANIMATE,BLANK,WOODEN,FLAT,EXPRESSIONLESS,easy
ERM,UM,UH,WELL,EXPRESSIONS OF HESITATION,very_hard
OUTSIDE,FACE,FRONT,SURFACE,EXTERIOR,medium
MASTODON,TRILOBITE,DODO,MAMMOTH,EXTINCT ANIMALS,easy
AWFUL,SUPER,VERY,QUITE,EXTREMELY,medium
REAL,BLOODY,WAY,AWFUL,EXTREMELY,very_hard
PUPIL,IRIS,LENS,RETINA,EYE PARTS,easy
FAIRY TALE,FANTASY,INVENTION,FICTION,FABRICATION,easy
CORDUROY,LINEN,TWEED,DENIM,FABRICS,easy
SHAM,BLUFF,SHOW,FRONT,FACADE,medium
NOSE,CHEEK,EYE,MOUTH,FACIAL FEATURES,easy
MUSTACHE,BEARD,STUBBLE,GOATEE,FACIAL HAIR,easy
MISS,SKIP,CUT,DITCH,FAIL TO ATTEND,medium
LOSE,BLOW,MISS,WASTE,"FAIL TO TAKE ADVANTAGE OF, AS AN OPPORTUNITY",very_hard
BOMB,DUD,LEMON,FLOP,FAILURE,medium
TURKEYS,FLOPS,BUSTS,MISSES,FAILURES,medium
WOLF,PRINCESS,WITCH,GIANT,FAIRY TALE FIGURES,easy
BUCKLE,GIVE,COLLAPSE,CAVE,FALL IN UNDER PRESSURE,medium
FORGE,FABRICATE,FAKE,FIX,FALSIFY,easy
POPPY,MUM,GRAMMY,DADA,FAMILIAL NICKNAMES,hard
CUZ,MUMMY,GRAMMY,POP,FAMILIAL NICKNAMES,medium
DADA,SISI,BROW,MOMA,FAMILY MEMBER NICKNAME PLUS A LETTER,very_hard
MARX,WARNER,WRIGHT,JONAS,FAMOUS BROTHERS,medium
PAGE,KING,BERRY,WATERS,FAMOUS GUITARISTS,hard
STAR,PERSONALITY,FIGURE,NAME,FAMOUS PERSON,easy
IF,HARLEM,DADDY,HOWL,FAMOUS POEMS,very_hard
LORDE,BISHOP,POPE,BURNS,FAMOUS POETS,hard
BUBBLES,KING KONG,GEORGE,KOKO,FAMOUS PRIMATES,very_hard
PUNCH,TRIUMPH,LAMB CHOP,OSCAR,FAMOUS PUPPETS,hard
BRIDGE TROLL,RIDDLER,MAD HATTER,SPHINX,FAMOUS RIDDLE-GIVERS,very_hard
MONA LISA,JOKER,CHESHIRE CAT,COMEDY MASK,FAMOUS SMILES,medium
RODEO,VINE,SUNSET,MULHOLLAND,FAMOUS STREETS IN LOS ANGELES,medium
FREE,THAT,PANTS,FEAST,FANCY ___,very_hard
FANCY,INVENTION,FIGMENT,FICTION,FANTASY,easy
TROLL,GIANT,PIXIE,DRAGON,FANTASY CREATURES,easy
STY,STABLE,PEN,COOP,FARM FIXTURES,medium
RAKE,PLOW,SICKLE,HOE,FARM TOOLS,easy
MARKET,ALMANAC,INSURANCE,TAN,FARMERS’ THINGS,very_hard
LINE,BRAND,LABEL,COLLECTION,FASHION DESIGNER'S OUTPUT,easy
GLAMOUR,W,ELLE,ALLURE,FASHION MAGAZINES,medium
HIP,IN,HOT,CHIC,FASHIONABLE,medium
OUTBACK,SUBWAY,CHECKERS,SONIC,FAST FOOD CHAINS,hard
MERMAID,KING,COLONEL,CLOWN,FAST FOOD MASCOTS,very_hard
FOOD,FORWARD,FASHION,FRIENDS,FAST ___,very_hard
RAPIDS,CURRENT,WHIRLPOOL,CATARACT,FAST-MOVING WATER,easy
CASCADE,WAVE,CURRENT,RAPID,FAST-MOVING WATER,hard
SNAP,CLIP,HOOK,BUCKLE,FASTENERS,medium
BUTTON,SNAP,BUCKLE,ZIP,FASTENING VERBS,easy
CAT,TUESDAY,CHANCE,LIP,FAT ___,very_hard
ARTIFICIAL,IMITATION,FAKE,MOCK,FAUX,easy
DOOR,CAR,GOAT,HOST,FEATURED IN THE MONTY HALL PROBLEM,very_hard
BOUNTY,SALOON,DUEL,COWBOY,FEATURED IN WESTERNS,medium
ELOISE,PLAZA,PUG,TURTLE,FEATURED IN “ELOISE”,very_hard
GIANT,JACK,COW,BEANS,FEATURED IN “JACK AND THE BEANSTALK”,hard
AMBER,DINOSAUR,MOSQUITO,PALEONTOLOGIST,FEATURED IN “JURASSIC PARK”,hard
QUEEN,BASHFUL,MIRROR,APPLE,FEATURED IN “SNOW WHITE”,hard
STRAP,HOLE,LOOP,BUCKLE,FEATURES OF A BELT,medium
RADIO,AIR CONDITIONER,CUP HOLDER,SHIFTER,FEATURES OF A CAR'S CENTER CONSOLE,medium
BOW,WINGS,DIAPER,ARROW,FEATURES OF A CARTOON CUPID,very_hard
MOGUL,LIFT,LODGE,SLOPE,FEATURES OF A SKI RESORT,medium
BLUBBER,FLUKE,MELON,FLIPPER,FEATURES OF A TOOTHED WHALE,hard
ROBE,BLINDFOLD,SCALES,SWORD,FEATURES OF JUSTICE PERSONIFIED,very_hard
PEG,NECK,BRIDGE,STRING,FEATURES OF STRINGED INSTRUMENTS,medium
CAPITOL,POOL,OBELISK,MALL,FEATURES OF THE NATIONAL MALL IN D.C.,hard
BUTTON,FLY,RIVET,POCKET,FEATURES ON A PAIR OF JEANS,easy
RUMMAGE,FISH,FUMBLE,ROOT,FEEL AROUND (FOR),hard
BITTER,SALTY,UPSET,SORE,FEELING SOME TYPE OF WAY,easy
COW,HEN,DOE,MARE,FEMALE ANIMALS,easy
JENNY,QUEEN,NANNY,VIXEN,FEMALE ANIMALS,hard
HEN,DOE,COW,EWE,FEMALE ANIMALS,medium
GLOVE,JACKET,MASK,FOIL,FENCING EQUIPMENT,hard
MASKS,FOILS,JACKETS,GLOVES,FENCING GEAR,very_hard
PORT,STOUT,CIDER,SAKE,FERMENTED ALCOHOLIC BEVERAGES,medium
SPECULATIVE,LITERARY,YOUNG ADULT,HISTORICAL,FICTION CATEGORIES,medium
ROMANCE,FANTASY,MYSTERY,HORROR,FICTION GENRES,medium
RONALD,JOKER,HOMEY,PENNYWISE,FICTIONAL CLOWNS,hard
ROBOT,BIG,TOAD,PEANUT,FICTIONAL MISTERS,very_hard
PORKY,NAPOLEON,PIGLET,BABE,FICTIONAL PIGS,very_hard
LUFFY,SILVER,SPARROW,HOOK,FICTIONAL PIRATES,hard
SPARROW,JONES,SILVER,HOOK,FICTIONAL PIRATES,very_hard
POWERS,HUNT,ARCHER,SMART,FICTIONAL SPIES,hard
BOND,RYAN,PEEL,HUNT,FICTIONAL SPIES,hard
FAWN,ELEPHANT,MOUSE,MARIONETTE,FIGURES IN CLASSIC DISNEY ANIMATED FILMS,very_hard
ATLAS,ECHO,PARIS,NIKE,FIGURES IN GREEK MYTH,hard
PAN,HELEN,ATLAS,HERMES,FIGURES IN GREEK MYTH,hard
DONKEY,DRAGON,OGRE,PRINCESS,FIGURES IN “SHREK”,hard
THREAD,STRAND,STRING,FIBER,FILAMENT,easy
MID,TIFF,ZIP,DOC,FILE EXTENSIONS,hard
GIF,ZIP,TIFF,PDF,FILE EXTENSIONS,medium
SAVE,PRINT,NEW,OPEN,FILE MENU OPTIONS,medium
STUFF,JAM,CRAM,PACK,FILL TO EXCESS,hard
WELL,LIKE,UM,LITERALLY,FILLER WORDS,medium
MAKEUP,PROPS,WARDROBE,HAIR,FILM DEPARTMENTS,hard
ACTION,LIGHTS,CAMERA,CUT,FILM SET DIRECTIVES,easy
DOLLY,LENS,TRIPOD,BOOM,FILMMAKING EQUIPMENT,hard
APR,IRA,CFO,SEC,FINANCIAL ABBREVIATIONS,hard
CAPITAL,EQUITY,INTEREST,STOCK,FINANCIAL TERMS,hard
LATHER,FROTH,FOAM,HEAD,FINE BUBBLES,hard
STRINGS,CONDITION,CATCH,ASTERISK,FINE PRINT,easy
CREAM,BEST,SELECT,ELITE,FINEST,easy
LITTLE,RING,MIDDLE,POINTER,FINGERS,medium
THROUGH,COMPLETE,DONE,OVER,FINISHED,easy
THROUGH,DONE,OVER,UP,"FINISHED, AS TIME",medium
POTTERY,CERAMICS,WARE,CHINA,FIRED OBJECTS,easy
DRESSING,TAPE,BANDAGE,SCISSORS,FIRST AID KIT ITEMS,hard
SPEECH,ASSEMBLY,PRESS,PETITION,FIRST AMENDMENT FREEDOMS,very_hard
INTRODUCTION,PREMIERE,DEBUT,LAUNCH,FIRST APPEARANCE,easy
LAUREL,FRY,ABBOTT,KEY,FIRST IN A COMEDY DUO,very_hard
CAB,DUKE,COUNT,DIZZY,FIRST NAMES IN JAZZ,very_hard
YOGI,LOU,BABE,MICKEY,FIRST NAMES OF YANKEES LEGENDS,very_hard
CASINO,TOMORROW,QUANTUM,DIAMONDS,FIRST WORD IN BOND MOVIE TITLES,very_hard
STAIRWAY,BABA,HOTEL,BOHEMIAN,FIRST WORDS IN '70S ROCK SONG TITLES,very_hard
NOTORIOUS,FOXY,GUCCI,KILLER,FIRST WORDS IN RAPPERS’ NAMES,very_hard
NOVA,NORTHWEST,BRITISH,PRINCE,FIRST WORDS OF CANADIAN PROVINCES/TERRITORIES,very_hard
BOARDWALK,CURB,SILICON,GAME,FIRST WORDS OF HBO SHOWS,very_hard
NATIONS,LADY,AID,RESPONDER,FIRST ___,easy
SOLE,MULLET,TANG,FLUKE,FISH,easy
CHAR,PIKE,SOLE,TETRA,FISH,hard
FLUKE,SKATE,BASS,PIKE,FISH,hard
TANG,PERCH,FLUKE,SKATE,FISH,hard
CHAR,PERCH,PIKE,SKATE,FISH,medium
PERCH,EEL,SHARK,SOLE,FISH,medium
SMELT,CARP,FLOUNDER,CATFISH,FISH THAT ARE VERBS,hard
TACKLE,LURE,REEL,ROD,FISHING GEAR,hard
SINKER,HOOK,FLY,LINE,FISHING GEAR,medium
FLY,CHUM,SINKER,BAIT,FISHING TERMS,hard
PUNCTURE,CRACK,LEAK,HOLE,FISSURE,easy
HEALTH,FORM,CONDITION,SHAPE,FITNESS,medium
RIGHT,FAIR,PROPER,JUST,FITTING,easy
STITCH,PATCH,DARN,MEND,FIX A HOLE IN CLOTHING,easy
SHOCK,ROCK,SURPRISE,FLOOR,FLABBERGAST,easy
SHAKE,ROCK,FLOOR,SHOCK,FLABBERGAST,medium
TASTING,PLATTER,FLIGHT,SAMPLER,FLAVOR ASSORTMENT,hard
ELASTIC,PLASTIC,SUPPLE,LIMBER,FLEXIBLE,medium
KIWI,OSTRICH,PENGUIN,EMU,FLIGHTLESS BIRDS,hard
JERK,STARTLE,BOLT,JUMP,FLINCH,medium
LAMINATE,TILE,CARPET,WOOD,FLOORING OPTIONS,easy
LEMON,TURKEY,BUST,MISS,FLOP,medium
STALK,BUD,PETAL,LEAF,FLOWER PARTS,medium
DAISY,TULIP,ROSE,VIOLET,FLOWERS,easy
JASMINE,PETUNIA,DAISY,POPPY,FLOWERS,medium
CLOUD,DANDELION,SHEEP,COTTON BALL,FLUFFY WHITE THINGS,easy
FAZE,THROW,RATTLE,RUFFLE,FLUSTER,easy
STEW,SWEAT,TIZZY,LATHER,FLUSTERED STATE,easy
FIRE EXTINGUISHER,SHAVING CREAM,SEA,BEER,FOAMY THINGS,medium
TRASH,DESKTOP,PICTURES,MUSIC,FOLDERS ON A MAC,medium
CHICKEN LITTLE,TOM THUMB,THUMBELINA,JACK,FOLKTALE CHARACTERS,hard
TAIL,TRAIL,TRACK,SHADOW,FOLLOW,medium
WIND,SNAKE,WEAVE,CURVE,FOLLOW A MEANDERING COURSE,medium
TRACK,MONITOR,SURVEY,WATCH,FOLLOW ATTENTIVELY,easy
TYPEWRITER,GOTHIC,ROMAN,SANS,FONT-MODIFYING WORDS,hard
VERDANA,IMPACT,ARIAL,GEORGIA,FONTS,hard
PAPYRUS,COURIER,IMPACT,TIMES,FONTS,very_hard
CHOW,GRUB,FARE,EATS,FOOD,easy
CHEESESTEAK,WINGS,BROIL,SPROUTS,FOOD NAMED AFTER CITIES,hard
CHEESE,CORN,SCHMALTZ,SAP,FOOD PRODUCTS ASSOCIATED WITH SENTIMENTALITY,medium
MELON,NOODLE,NUT,BEAN,FOOD SLANG FOR HEAD,hard
🧀,🥓,🍞,🥬,FOOD SLANG FOR MONEY,easy
PROCESSOR,FIGHT,CHAIN,PYRAMID,FOOD ___,very_hard
SALAD,SCRAMBLE,HASH,STEW,FOOD-RELATED JUMBLES,easy
TURNOVER,TART,PASTY,PIE,FOODS WITH CRUSTS,easy
MADNESS,NONSENSE,ABSURDITY,FOLLY,FOOLISHNESS,easy
ARCH,SOLE,TOE,BALL,FOOT PARTS,easy
CLEATS,PADS,JERSEY,HELMET,FOOTBALL GEAR,medium
GUARD,QUARTERBACK,CENTER,SAFETY,FOOTBALL POSITIONS,easy
SNEAKER,BOOT,PUMP,LOAFER,FOOTWEAR,easy
SNEAK,SLIP,WADE,LOAF,FOOTWEAR MINUS “ER” SOUND,very_hard
LOCKER,BALL,HILLS,PRINT,FOOT___,very_hard
EVERLASTING,ETERNAL,FOREVER,PERMANENT,FOR ALL TIME,easy
PROSCRIBED,VERBOTEN,TABOO,OFF-LIMITS,FORBIDDEN,medium
EJECT,BOOT,BOUNCE,REMOVE,FORCE TO LEAVE,medium
BRONCO,MUSTANG,PINTO,FIESTA,FORD MODELS,hard
INITIAL,ORIGINAL,PRIMARY,FIRST,FOREMOST,easy
PRINCIPAL,SUPREME,PREMIER,CHIEF,FOREMOST,easy
TOP,PRIME,HEAD,LEAD,FOREMOST,hard
MAIN,SUPREME,PRIME,PARAMOUNT,FOREMOST,medium
NUGGET,COIN,BAR,LEAF,FORMATS OF GOLD,medium
CUBE,POWDER,SYRUP,GRAIN,FORMS OF SUGAR,very_hard
OPEN,DIRECT,FRANK,STRAIGHT,FORTHRIGHT,hard
MARSALA,PORT,SHERRY,VERMOUTH,FORTIFIED WINES,medium
COURAGE,SPIRIT,HEART,BACKBONE,FORTITUDE,easy
SPIRIT,WILL,RESOLVE,GRIT,FORTITUDE,medium
POKER,FLUE,LOG,GRATE,FOUND AROUND A FIREPLACE,medium
TEA BAG,TETHERBALL,YO-YO,PENDULUM,FOUND AT THE END OF A STRING/CORD,medium
COUNTER,SINK,MIXER,RANGE,FOUND IN A KITCHEN,medium
CARAMEL,POPCORN,PRIZE,PEANUTS,FOUND IN CRACKER JACKS,hard
KEEL,HATCH,BRIDGE,DECK,FOUND ON A SHIP,hard
POT,PAN,KETTLE,GRIDDLE,FOUND ON A STOVE TOP,easy
STAFF,CLEF,NOTE,REST,FOUND ON SHEET MUSIC,easy
REST,STAFF,NOTE,ACCIDENTAL,FOUND ON SHEET MUSIC,hard
HOUND,HOLE,TROT,GLOVE,FOX___,very_hard
SAUSAGE,BANGER,LINK,BRAT,FRANKFURTER,easy
CON,FAKE,QUACK,CHEAT,FRAUDSTER,medium
PAIN,PAMPLEMOUSSE,VINAIGRETTE,CORNICHON,FRENCH FOOD WORDS,hard
PAIN,ADIEU,TEMPS,BELLE,FRENCH WORDS,very_hard
KISS,BULLDOG,FRY,HORN,FRENCH ___,very_hard
RING,STICK,WING,TENDER,"FRIED APPETIZER, INFORMALLY",very_hard
BUD,PAL,CHUM,MATE,FRIEND,easy
DATE,KIWI,ORANGE,LEMON,FRUIT,easy
CRISP,CRUMBLE,COBBLER,TART,FRUIT DESSERTS,easy
PAIR,LYME,BURY,MELLON,FRUIT HOMOPHONES,very_hard
PLUMB,PAIR,LEACHY,CURRENT,FRUIT HOMOPHONES,very_hard
APRICOT,GRAPE,LIME,FIG,FRUITS,easy
DOTE,LUMON,POACH,AMPLE,FRUITS WITH THEIR SECOND LETTERS CHANGED,very_hard
HOUSE,CIRCLE,MONTY,MOON,FULL ___,very_hard
BLAST,BALL,KICK,BALL,FUN TIME,medium
BLAST,THRILL,KICK,RIOT,FUN TIME,medium
PURSE,POOL,POT,KITTY,FUND,easy
STAPLE,ESSENTIAL,PRINCIPAL,KEY,FUNDAMENTAL,medium
FUNCTION,BALL,BENEFIT,GALA,FUNDRAISING EVENT,easy
LAUGH,JOKER,CARD,CLOWN,FUNNY PERSON,easy
RIOT,CHARACTER,LAUGH,JOKER,FUNNY PERSON,easy
CARD,CLOWN,CUTUP,JOKER,FUNNY PERSON,hard
BUSINESS,GIRL,PAGES,BONE,FUNNY ___,very_hard
EQUIP,READY,OUTFIT,PREPARE,FURNISH,medium
WARDROBE,CHEST,CONSOLE,VANITY,FURNITURE,hard
FORECAST,OUTLOOK,PROSPECT,CHANCE,FUTURE LIKELIHOOD,easy
REMOTE,VAGUE,FAINT,DIM,"FUZZY, AS A MEMORY",medium
BEER,PIZZA,DIP,WINGS,GAME DAY FARE,medium
BINGO,ROULETTE,LOTTERY,WAR,GAMES OF CHANCE,hard
TAG,BINGO,UNO,MARCO POLO,GAMES WHERE YOU SAY THE GAME’S NAME,very_hard
SEED,WEED,WATER,PLANT,GARDENING NOUNS/VERBS,easy
BREAD,GARLIC,BUTTER,PARSLEY,GARLIC BREAD INGREDIENTS,easy
DIESEL,REGULAR,PREMIUM,PLUS,GAS PUMP OPTIONS,hard
DIRT,SECRETS,INTELLIGENCE,INFORMATION,GATHERED BY SPIES,very_hard
DECK,PORCH,YARD,STOOP,GATHERING SPOT OUTSIDE A RESIDENCE,easy
RADIANT,BAGUETTE,PRINCESS,EMERALD,GEMSTONE CUTS,very_hard
LIGHT,MELLOW,MILD,SOFT,GENTLE,easy
VOLUMETRIC,ANGULAR,AREAL,LINEAR,GEOMETRY ADJECTIVES,very_hard
KINDER,DIE,WURST,ANGST,GERMAN WORDS,medium
MEND,KNIT,RECOVER,HEAL,"GET BETTER, AS A BROKEN BONE",easy
FIRE,PSYCH,AMP,HYPE,"GET EXCITED, WITH ""UP""",easy
SQUAT,DUCK,STOOP,CROUCH,GET LOW,medium
FLUSH,GLOW,BURN,BLUSH,GET RED IN THE FACE,easy
SHRINK,CONTRACT,REDUCE,LESSEN,GET SMALLER,easy
SPOONING,SNUGGLING,CUDDLING,HUGGING,GETTING COZY,easy
CARD,WRAPPING,BOX,BOW,GIFT-GIVING ACCESSORIES,easy
IDEA,MESSAGE,POINT,DRIFT,GIST,hard
SUBSTANCE,MEAT,THRUST,CORE,GIST,medium
DUB,CALL,NAME,LABEL,GIVE A TITLE TO,easy
COAST,FLOAT,COAST,BREEZE,GLIDE,easy
DRIFT,FLOAT,SKATE,CRUISE,GLIDE,easy
TOUCH,HINT,TRACE,SUGGESTION,GLIMMER,easy
PEEP,GLANCE,LOOK,GANDER,GLIMPSE,easy
DAZZLE,POMP,FLASH,RITZ,GLITZINESS,hard
SOL,REAL,DOLLAR,WON,GLOBAL CURRENCIES,hard
POUND,POUND,REAL,YEN,GLOBAL CURRENCIES,hard
YUAN,WON,POUND,STERLING,GLOBAL CURRENCIES,hard
SOUR,SPOIL,TURN,ROT,GO BAD,medium
SEE,WOO,DATE,COURT,GO OUT WITH,medium
CHALLENGE,CONFRONT,OPPOSE,FACE,GO UP AGAINST,medium
FIGURE,ROGUE,FIGURE,COMMANDO,GO ___,very_hard
FISH,STEADY,BANANAS,BANANAS,GO ___,very_hard
PUSH,EGG,URGE,SPUR,"GOAD, WITH ""ON""",easy
LEGEND,ICON,DIVA,QUEEN,GODDESS,easy
MINE,RUSH,BOND,LEAF,GOLD ___,very_hard
PARACHUTE,GIRLS,FLEECE,RULE,GOLDEN ___,very_hard
WOOD,IRON,WEDGE,PUTTER,GOLF CLUBS,medium
FAIRWAY,ROUGH,GREEN,BUNKER,GOLF COURSE PARTS,easy
DRIVER,EAGLE,STROKE,HOLE,GOLF TERMS,medium
RAISE,PROMOTION,BONUS,EQUITY,GOOD THINGS TO GET AT WORK,easy
LOAD,CARGO,HAUL,FREIGHT,GOODS TO BE TRANSPORTED,easy
DIRT,TALK,DISH,BUZZ,GOSSIP,easy
DISHING,WHISPERING,BUZZING,SPILLING,GOSSIPING,medium
HOLD,RIVET,ENGROSS,ABSORB,GRAB ONE’S ATTENTION,easy
SYRINGE,RULER,PROTRACTOR,BEAKER,GRADUATED INSTRUMENTS,medium
BARLEY,SPELT,OAT,RYE,GRAINS,easy
PRESENT,FUTURE,PAST,PERFECT,GRAMMAR TENSE TERMS,easy
PLAIN,MEADOW,PRAIRIE,SAVANNA,GRASSLAND,medium
PARK,LAWN,GREEN,YARD,GRASSY AREA,easy
FIELD,GREEN,LAWN,GROUNDS,GRASSY AREA,medium
SKIM,STROKE,KISS,BRUSH,GRAZE,medium
WITCHCRAFT,SUMMERTIME,AUTUMN LEAVES,UNFORGETTABLE,GREAT AMERICAN SONGBOOK SONGS,hard
LOAD,DROVE,SCORE,HOST,GREAT MANY,medium
WHITE,DANE,LAKE,SEAL,GREAT ___,very_hard
PI,MU,XI,NU,GREEK LETTERS,hard
BETA,IOTA,DELTA,CHI,GREEK LETTERS,medium
HERCULE,AJA,HER,ARE,GREEK MYTHOLOGICAL FIGURES MINUS A LETTER,very_hard
KILO,META,HYPER,NEO,GREEK PREFIXES,medium
CHIMICHURRI,RELISH,SALSA VERDE,PESTO,GREEN CONDIMENTS,medium
BERET,GOBLIN,THUMB,SALAD,GREEN ___,medium
HUG,HIGH FIVE,WAVE,SHAKE,GREETING GESTURES,hard
GAS,WOOD,ELECTRIC,CHARCOAL,GRILL FUEL SOURCES,medium
PRODUCE,FROZEN,SNACK,DAIRY,GROCERY STORE AISLES,hard
ORIGINAL,DIFFERENT,NEW,NOVEL,GROUNDBREAKING,medium
BOARD,PANEL,CABINET,COUNCIL,GROUP OF ADVISORS,medium
COMPOUND,DEVELOPMENT,BLOCK,COMPLEX,GROUP OF BUILDINGS,very_hard
BROOD,CLUTCH,LITTER,HATCH,GROUP OF OFFSPRING,hard
SIDE,WING,DIVISION,FACTION,GROUP WITHIN A GROUP,hard
CAMP,CAMP,WING,PARTY,GROUP WITHIN A GROUP,hard
FINGERS,COMMANDMENTS,BOWLING PINS,DECADE,GROUPS OF TEN,easy
USHER,PILOT,SHEPHERD,STEER,GUIDE,medium
BRIDGE,NECK,FRET,BODY,GUITAR PARTS,very_hard
SLIDE,STRUM,BEND,PICK,GUITAR PLAYING TECHNIQUES,hard
TRIDENT,ORBIT,EXTRA,ICE BREAKERS,GUM BRANDS,hard
CINNAMON,MENTHOL,WINTERGREEN,BUBBLEGUM,GUM FLAVORS,easy
CURL,PLANK,PRESS,LUNGE,GYM EXERCISES,hard
BARS,VAULT,BEAM,RINGS,GYMNASTICS APPARATUS,easy
RINGS,FLOOR,HORSE,VAULT,GYMNASTICS APPARATUS,hard
ROUNDOFF,AERIAL,ARABESQUE,SPLIT,GYMNASTICS MOVES,easy
TUCK,SPLIT,STRADDLE,PIKE,GYMNASTICS POSITIONS,medium
GRAPEFRUIT,MARBLE,PEA,BASEBALL,HAIL SIZE COMPARISONS,hard
GEL,WAX,SPRAY,MOUSSE,HAIR PRODUCTS,easy
DRYER,CHAIR,MIRROR,SINK,HAIR SALON FIXTURES,hard
CUT,TRIM,COLOR,BLOWOUT,HAIR SALON OFFERINGS,easy
DRYER,IRON,COMB,BRUSH,HAIR TOOLS,medium
BUZZ,PIXIE,BOWL,CREW,"HAIRCUTS, WITH “CUT”",easy
SHAG,BOB,CROP,FADE,HAIRSTYLES,hard
BOB,SHAG,PIXIE,CROP,HAIRSTYLES,medium
TOMBSTONE,PUMPKIN,BAT,COBWEB,HALLOWEEN DECORATIONS,easy
DECORATIONS,PUMPKIN,CANDY,COSTUME,HALLOWEEN PURCHASES,easy
SPIDER,BAT,PUMPKIN,WITCH,HALLOWEEN SYMBOLS,easy
STAUNCH,STEM,CHECK,CURB,HALT,hard
DIGIT,PIGGY,MITT,DOG,HAND- AND FOOT-RELATED SLANG,very_hard
SETTLE,PAY,TAKE CARE OF,FOOT,"HANDLE, AS A BILL",medium
EMPEROR,DUCKLING,PRINCESS,MERMAID,HANS CHRISTIAN ANDERSON FIGURES,medium
KISS,COUNTDOWN,BALL,FIREWORKS,HAPPY NEW YEAR!,very_hard
RETURNS,DAYS,MEDIUM,MEAL,HAPPY ___,very_hard
HOUR,CAMPER,TRAILS,ENDING,HAPPY ___,very_hard
SOCK,LICK,STRIKE,BLOW,HARD HIT,medium
LIGHT,FAINT,PALE,DIM,HARD TO MAKE OUT,medium
CANDY,COPY,KNOCKS,SELTZER,HARD ___,very_hard
QUIET,SLOW,SLEEPY,CALM,HARDLY BUSTLING,easy
NAIL,RIVET,SCREW,BOLT,HARDWARE FASTENERS,medium
BERET,FEZ,FEDORA,BOWLER,HATS,easy
INTEND,AIM,PLAN,MEAN,HAVE IN MIND,medium
SUCCESSION,ENTOURAGE,INSECURE,EUPHORIA,HBO SHOWS,hard
STATE,LETTUCE,STEAM,HAIR,HEAD OF ___,very_hard
RUMBLING,SPECULATION,WHISPERS,TALK,HEARSAY,easy
SWEET,TENDER,MOVING,TOUCHING,HEARTWARMING,easy
OVEN,FORGE,KILN,FURNACE,HEAT SOURCES,medium
REGARD,MIND,FOLLOW,OBSERVE,"HEED, AS RULES",medium
DNA,SPRING,CORKSCREW,FUSILLI,HELICAL THINGS,very_hard
DIRECT,GUIDE,LEAD,STEER,HELM,medium
PLAN,HOST,THROW,CATER,HELP PUT ON A PARTY,hard
KINDNESS,FAVOR,SOLID,SERVICE,HELPFUL DEED,hard
COAT,CREST,SHIELD,ARMS,HERALDRY TERMS,hard
MACE,SAGE,DILL,ANISE,HERBS AND SPICES,easy
BOND,WICK,OCEAN,JONES,HEROES OF ACTION MOVIE FRANCHISES,hard
BASS,DOES,DOVE,BASS,HETERONYMS,hard
WIND,COORDINATE,AXES,DESERT,HETERONYMS,hard
BUG,TAP,MIKE,WIRE,HIDDEN LISTENING DEVICES,medium
BLOCK,SHIELD,COVER,SCREEN,HIDE FROM VIEW,medium
PEAK,CREST,SUMMIT,VERTEX,HIGHEST POINT,easy
EXPERT,HOTSHOT,ACE,CRACKERJACK,HIGHLY SKILLED,easy
INHIBIT,CURB,HAMPER,CHECK,HINDER,medium
SLAM,BANG,POUND,HAMMER,HIT HARD,easy
ONE WEEK,TOO CLOSE,CLOSING TIME,IRIS,HIT SONGS OF 1998,hard
ROOF,JACKPOT,ROAD,HAY,HIT THE ___,very_hard
REBECCA,ROPE,NOTORIOUS,BIRDS,HITCHCOCK MOVIES,medium
TREASURE,VALUE,ESTEEM,PRIZE,HOLD DEAR,medium
PIPE,HOSE,STRAW,TUBE,HOLLOW CYLINDERS,medium
BUY,YEW,BYE,TUE,HOMOPHONES,easy
EWE,YOU,BI,TOO,HOMOPHONES,easy
TWO,TO,U,BY,HOMOPHONES,easy
HOLI,WHOLLY,HOLY,HOLEY,HOMOPHONES,hard
NEW,WEE,NU,U,HOMOPHONES,very_hard
YEW,WII,KNEW,OUI,HOMOPHONES,very_hard
PEEK,GNU,PEAK,EWE,HOMOPHONES,very_hard
PIQUE,WE,YOU,PEKE,HOMOPHONES,very_hard
STRAIGHT,SEE,CREAK,BAE,HOMOPHONES OF BODIES OF WATER,very_hard
NAVAL,I,HARE,MUSSEL,HOMOPHONES OF BODY FEATURES,very_hard
SEW,FORE,BUTT,OAR,HOMOPHONES OF COORDINATING CONJUNCTIONS,very_hard
QUARTS,CHORAL,OPEL,PURL,HOMOPHONES OF GEMSTONES,very_hard
EAVE,ABLE,NOAA,CANE,HOMOPHONES OF GENESIS FIGURES,very_hard
PIE,ROW,MOO,NEW,HOMOPHONES OF GREEK LETTERS,hard
WRAP,INDY,METTLE,SEOUL,HOMOPHONES OF MUSIC GENRES,very_hard
GREECE,KATZ,HARE,MAIM,HOMOPHONES OF MUSICALS,very_hard
BAWL,SOUL,TOW,HEAL,HOMOPHONES OF PARTS OF THE FOOT,very_hard
DOE,LUTE,BRED,CACHE,HOMOPHONES OF SLANG FOR MONEY,very_hard
PEDAL,TRAYED,HOCK,CELL,"HOMOPHONES OF SYNONYMS FOR ""VEND""",very_hard
FOWL,VIAL,OFFAL,MIEN,HOMOPHONES OF SYNONYMS FOR “DESPICABLE”,very_hard
STEEL,KNICK,RABE,LUTE,HOMOPHONES OF SYNONYMS FOR “NAB”,very_hard
OM,JEWEL,CARROT,HURTS,HOMOPHONES OF UNITS OF MEASURE,very_hard
CIVIC,PASSPORT,PILOT,ACCORD,HONDAS,hard
STEAMING,LIVID,FUMING,BOILING,HOPPING MAD,easy
CARPENTER,ASTER,CRAVEN,WAN,HORROR DIRECTORS,hard
PURGE,SAW,RING,SCREAM,HORROR FRANCHISES,easy
🪚,😱,👽,🧛,HORROR MOVIES,hard
PEARL,NOPE,SCREAM,SMILE,HORROR MOVIES FROM 2022,hard
BIRDS,RING,FOG,OMEN,"HORROR MOVIES, WITH “THE”",hard
EXORCIST,SHINING,BIRDS,HAUNTING,"HORROR MOVIES, WITH “THE”",medium
RADISH,PLAY,POWER,SHOE,HORSE___,very_hard
FLY,SHOE,FEATHERS,POWER,HORSE___,very_hard
TEA,COCOA,COFFEE,CHAI,HOT DRINKS,easy
JET,HEATER,PUMP,FILTER,HOT TUB COMPONENTS,very_hard
POTATO,WATER BOTTLE,ROD,DOG,HOT ___,very_hard
PARKING,BREAKFAST,WI-FI,POOL,HOTEL AMENITIES,hard
BABE,FOX,TEN,SNACK,HOTTIE,hard
COTTAGE,RANCH,PRAIRIE,CRAFTSMAN,HOUSE STYLES,very_hard
RATE,SPEED,CLIP,PACE,HOW FAST SOMETHING IS GOING,easy
HENRY,JENNIFER,KATE,ROCK,HUDSONS,hard
SLING,PITCH,CHUCK,PELT,HURL,easy
STING,SMART,ACHE,BURN,HURT,easy
MUM,PRIVATE,SECRET,QUIET,HUSH-HUSH,easy
YOU,LUCY,ROCK 'N ROLL,NEW YORK,I LOVE ___,very_hard
CONE,SHAKE,CUP,SPLIT,ICE CREAM PARLOR ORDERS,medium
FLOAT,SPLIT,SUNDAE,SUNDAE,ICE CREAM TREATS,easy
FLOAT,SHAKE,SPLIT,SHAKE,ICE CREAM TREATS,easy
CUBE,CREAM,MACHINE,STORM,ICE ___,very_hard
POLO PLAYER,LAUREL,CROCODILE,SWOOSH,ICON EMBROIDERED ON A POLO SHIRT,hard
FLACK,FRANKLIN,KNIGHT,BAKER,ICONIC SOUL SINGERS,hard
SPEECH BUBBLE,MUSIC NOTES,ENVELOPE,COMPASS,ICONS ON AN IPHONE,very_hard
LIGHT,BURN,TORCH,KINDLE,IGNITE,easy
SORT,VARIETY,KIND,TYPE,ILK,hard
TYPE,KIND,SORT,LIKE,ILK,medium
BOWLER,APPLE,CLOUD,PIPE,IMAGERY IN MAGRITTE PAINTINGS,very_hard
GUZZLE,POUND DOWN,SWILL,KNOCK BACK,IMBIBE,medium
MIME,MIRROR,APE,PARROT,IMITATE,very_hard
FAKE,DUPE,DUMMY,COPY,IMITATION,medium
INSPIRE,SPUR,MOTIVATE,DRIVE,IMPEL,medium
BUSHEL,PECK,STONE,TON,IMPERIAL UNITS,medium
MAJOR,KEY,PRINCIPAL,CRITICAL,IMPORTANT,easy
FINE,ASSESS,LEVY,CHARGE,"IMPOSE, AS A PENALTY",easy
LEVY,CHARGE,ASSESS,FINE,"IMPOSE, AS A PENALTY",hard
QUACK,CHARLATAN,SHAM,FRAUD,IMPOSTOR,easy
STIRRING,CHRISTMAS,MOUSE,HOUSE,"IN ""A VISIT FROM ST. NICHOLAS""",medium
TESTY,SURLY,CROSS,SHORT,IN A BAD MOOD,easy
CURRENT,HAPPENING,FRESH,CHIC,IN FASHION,easy
ORIGINAL,UNUSED,MINT,NEW,IN PRISTINE CONDITION,easy
AWARE,SAVVY,WISE,HIP,IN THE KNOW,medium
ROMEO,TANGO,ALFA,BRAVO,IN THE NATO ALPHABET,hard
UNIFORM,ECHO,KILO,VICTOR,IN THE NATO ALPHABET,very_hard
GOLF,DELTA,BRAVO,LIMA,IN THE NATO PHONETIC ALPHABET,medium
ONLY,SIMPLY,JUST,MERELY,IN THE SLIGHTEST,medium
MIGHT,WISH,MAY,TONIGHT,"IN “STAR LIGHT, STAR BRIGHT”",very_hard
INITIAL,FIRST,PREMIER,MAIDEN,INAUGURAL,medium
EPISODE,AFFAIR,MATTER,EVENT,INCIDENT,medium
AND,PLUS,ALSO,WITH,INCLUDING,medium
MOUNT,SWELL,GROW,BUILD,INCREASE,easy
BALLOON,MOUNT,MUSHROOM,WAX,INCREASE,medium
WAX,MOUNT,SWELL,GROW,"INCREASE, IN A WAY",medium
HIKE,CRANK,RAISE,JACK,"INCREASE, WITH ""UP""",medium
FLEW,ROSE,THRUST,SHOT,"INCREASED, WITH “UP”",medium
COARSE,BLUE,BAWDY,RISQUE,INDECENT,hard
MEAN,SPELL,SUGGEST,SIGNIFY,INDICATE,medium
NOD,PROMPT,SIGNAL,CUE,INDICATION,easy
SIGN,HINT,FLAG,SIGN,INDICATION,medium
TRACE,TELL,EVIDENCE,GIVEAWAY,INDICATION,medium
WARNING,SIGN,MESSAGE,OMEN,INDICATION OF THINGS TO COME,easy
WORD,CUE,PROMPT,SIGNAL,INDICATION TO PROCEED,hard
BEING,EGO,SELF,CHARACTER,INDIVIDUALITY,medium
BELL,DIESEL,SINGER,WATT,INDUSTRIAL REVOLUTION INVENTORS,very_hard
JUICE,PULL,SWAY,WEIGHT,INFLUENCE,easy
SWAY,SWAY,WEIGHT,PULL,INFLUENCE,medium
CLOUT,WEIGHT,CLOUT,PULL,INFLUENCE,medium
PLAYER,BIO,STAT,TEAM,INFO ON A BASEBALL CARD,easy
MEDIUM,YEAR,ARTIST,TITLE,INFO ON A MUSEUM PLACARD,hard
IRON,PROTEIN,SODIUM,FAT,INFO ON A NUTRITION LABEL,easy
LABEL,ARTIST,ALBUM,TRACK,INFO ON A RECORD,hard
LEAK,RAT,CANARY,SOURCE,INFORMANT,easy
INTEL,DATA,NEWS,INFO,INFORMATION,medium
DIAGRAM,MAP,GRAPH,CHART,INFORMATION DISPLAYS,easy
ORANGE,BITTERS,SUGAR,RYE,INGREDIENTS IN AN OLD FASHIONED,hard
SUGAR,BOBA,TEA,MILK,INGREDIENTS IN BUBBLE TEA,hard
EGGS,FLOUR,BUTTER,SUGAR,INGREDIENTS IN CLASSIC POUND CAKE,easy
STOCK,BEANS,VEGETABLES,PASTA,INGREDIENTS IN MINESTRONE,hard
PUFF,PULL,DRAG,DRAW,INHALATION,medium
SOUL,HEART,ESSENCE,SPIRIT,INHERENT NATURE,easy
BEATLE,FLEE,NAT,AUNT,INSECT HOMOPHONES,very_hard
ANT,BEETLE,TERMITE,MANTIS,INSECTS,very_hard
RACKS,BAG,TILES,BOARD,INSIDE A SCRABBLE BOX,very_hard
SCOOP,WORD,SKINNY,DOPE,INSIDE INFO,medium
SKINNY,DIRT,SCOOP,DISH,INSIDE INFO,very_hard
ORIGINAL,FRESH,NOVEL,CREATIVE,INSPIRED,easy
OUTLET,SCONCE,BASEBOARD,SWITCH,INSTALLED ON A WALL,medium
COACH,GUIDE,TRAIN,DIRECT,INSTRUCT,easy
SYMBOL,LIAR,LOOT,BASE,INSTRUMENT HOMOPHONES,very_hard
RECORDER,JUG,WHISTLE,PIPE,INSTRUMENTS YOU BLOW INTO,hard
LOW,SHORT,WANTING,SHY,INSUFFICIENT,very_hard
ZING,KNOCK,SLIGHT,BURN,INSULT,easy
BARB,DISS,DIG,JAB,INSULT,medium
JAB,SLIGHT,DIG,BURN,INSULT,medium
AIR,VIBE,HALO,AURA,INTANGIBLE QUALITY,easy
SLEEPER,ASSET,MOLE,AGENT,INTELLIGENCE OPERATIVE,easy
BRIGHT,QUICK,SHARP,CLEVER,INTELLIGENT,easy
QUICK,SMART,SHARP,BRIGHT,INTELLIGENT,medium
WOW,MAN,BOY,GOODNESS,INTERJECTIONS,easy
PROBE,EXAMINE,QUESTION,GRILL,INTERROGATE,medium
SPELL,STRETCH,WHILE,PERIOD,INTERVAL OF TIME,hard
PRIVATE,SECRET,PERSONAL,INNER,INTIMATE AND UNDISCLOSED,medium
RATTLE,DAUNT,BULLY,COW,INTIMIDATE,hard
WILLING,GAME,EAGER,DOWN,INTO IT,easy
PLUCK,PLUCK,NERVE,GRIT,INTREPIDITY,easy
GRIT,RESOLVE,HEART,FORTITUDE,INTREPIDITY,easy
DESIRE,DRIVE,RESOLVE,WILL,INTRINSIC MOTIVATORS,easy
OUTPOURING,TIDAL WAVE,TORRENT,AVALANCHE,INUNDATION,easy
AD-LIB,MAKE UP,IMPROV,FREESTYLE,INVENT AS YOU GO,easy
HOLD,TRADE,SHORT,HEDGE,INVESTMENT VERBS,hard
BOND,STOCK,OPTION,CD,INVESTMENTS,easy
SINK,TOOTHBRUSH,DRILL,X-RAY,INVOLVED IN A DENTIST VISIT,hard
CLOCK,MAIL,MAPS,NOTES,IPHONE APPS,medium
EXCLAMATION POINTS,THUMBS UP,HEART,QUESTION MARK,IPHONE MESSAGE TAPBACK RESPONSES,hard
ROSE,WILL,MAY,DREW,IRREGULAR VERBS,hard
BUG,STEAM,NETTLE,RUFFLE,IRRITATE,medium
JAPAN,MALTA,CUBA,PALAU,ISLAND COUNTRIES,hard
PARMESAN,VENETIAN,NEAPOLITAN,BOLOGNESE,ITALIAN DEMONYMS,hard
RECORD,COIN,STAMP,COMIC,ITEM IN A COLLECTION,hard
SOCK,EARBUD,SKI,BOOKEND,ITEM SOLD IN PAIRS,hard
SHEET,TOWEL,PILLOWCASE,WASHCLOTH,ITEMS IN A LINEN CLOSET,easy
HOTEL,TOKEN,HOUSE,DEED,ITEMS IN A MONOPOLY BOX,hard
THREAD,BUTTON,SCISSORS,NEEDLE,ITEMS IN A SEWING KIT,easy
KEY RING,FIGURINE,POSTCARD,MAGNET,ITEMS IN A SOUVENIR SHOP,medium
DOMINO,MARBLE,JACK,STICK,ITEMS IN CLASSIC KIDS’ GAMES,very_hard
POT,RABBIT,ASS,KNIFE,JACK ___,very_hard
FROST,BLACK,SPARROW,MA,JACKS,hard
MONK,PARKER,HOLIDAY,HANCOCK,JAZZ LEGENDS,very_hard
PENDANT,BROOCH,BANGLE,ANKLET,JEWELRY,very_hard
SIGNS,HER,GLADIATOR,JOKER,JOAQUIN PHOENIX MOVIES,hard
LEGEND,CANDY,MAJOR,CARPENTER,JOHNS,very_hard
BOND,COMBINE,WED,FUSE,JOIN,medium
HIP,WRIST,SHOULDER,KNEE,JOINTS,hard
RAZZ,TEASE,RIB,KID,JOKE AROUND WITH,easy
LEAP,SPRING,BOUND,VAULT,JUMP INTO THE AIR,very_hard
CRICKET,FROG,HARE,KANGAROO,JUMPING ANIMALS,easy
METAMORPHOSIS,CASTLE,JUDGMENT,TRIAL,"KAFKA WORKS, WITH ""THE""",hard
SILO,CLOISTER,SEPARATE,SECLUDE,KEEP APART,medium
INSIST,LINGER,HARP,DWELL,"KEEP GOING ON ABOUT, WITH “ON”",hard
CLAP,BOB,SNAP,TAP,KEEP RHYTHM WITH MUSIC,hard
FOLLOW,TRACK,WATCH,MONITOR,KEEP TABS ON,easy
RECIPE,TICKET,SECRET,FORMULA,"KEY TO SUCCESS, SO TO SPEAK",very_hard
TAB,OPTION,RETURN,SHIFT,KEYBOARD KEYS,hard
PASTE,QUIT,PRINT,SAVE,KEYBOARD SHORTCUT COMMANDS,easy
CHAMP,TIGER,SPORT,BUDDY,KIDDO,easy
METHOD,CHARACTER,STAGE,FILM,KINDS OF ACTORS,hard
PHARAOH,FIRE,CARPENTER,ARMY,KINDS OF ANTS,hard
EGG,EVERYTHING,POPPY,PLAIN,KINDS OF BAGELS,medium
KIDNEY,NAVY,MUNG,PINTO,KINDS OF BEANS,easy
SUN,BROWN,POLAR,BLACK,KINDS OF BEARS,hard
SLEIGH,BUNK,MURPHY,CANOPY,KINDS OF BEDS,hard
RIVER,FLOWER,NAIL,OYSTER,KINDS OF BEDS,very_hard
PLATINUM,STRAWBERRY,HONEY,DIRTY,KINDS OF BLOND,hard
NAVY,TIFFANY,BABY,SKY,KINDS OF BLUE,hard
ANKLE,GO-GO,COWBOY,THIGH-HIGH,KINDS OF BOOTS,hard
FRIENDSHIP,CHARM,ID,TENNIS,KINDS OF BRACELETS,hard
DEMI,PUSH-UP,SPORTS,WIRELESS,KINDS OF BRAS,hard
CRYPTO,TECH,PHARMA,FINANCE,KINDS OF BROS,hard
MARBLE,CRUMB,POUND,BIRTHDAY,KINDS OF CAKE,hard
TELEPHOTO,MACRO,ZOOM,FISHEYE,KINDS OF CAMERA LENSES,hard
BASEBALL,SET,MAGIC,TAROT,KINDS OF CARDS,very_hard
BUST,STATUE,RELIEF,TORSO,KINDS OF CARVINGS,easy
BUBBLE,PIE,BAR,LINE,KINDS OF CHARTS,hard
JACK,BLUE,SWISS,GOAT,KINDS OF CHEESES,easy
CAMEL,DUFFLE,TRENCH,PEA,KINDS OF COATS,medium
BEAUTY,STARING,TALENT,POPULARITY,KINDS OF CONTESTS,hard
SUGAR,FORTUNE,OATMEAL,RAINBOW,KINDS OF COOKIES,very_hard
PEANUT,OLIVE,CORN,PALM,KINDS OF COOKING OIL,hard
UMBILICAL,SPINAL,BUNGEE,EXTENSION,KINDS OF CORDS,hard
RITZ,GOLDFISH,RITZ,ANIMAL,KINDS OF CRACKERS,hard
ANIMAL,CLUB,GOLDFISH,OYSTER,KINDS OF CRACKERS,hard
MODERN,TAP,SWING,SALSA,KINDS OF DANCE,hard
DISK,CARD,DRIVE,CLOUD,KINDS OF DIGITAL STORAGE,hard
HOOP,CHANDELIER,STUD,DROP,KINDS OF EARRINGS,very_hard
BAR,PHYSICAL,FINAL,ORAL,KINDS OF EXAMS,medium
FAN,HISTORICAL,SCIENCE,PULP,KINDS OF FICTION,hard
IRON,WOOD,DRIVER,WEDGE,KINDS OF GOLF CLUBS,medium
THANK YOU,CONGRATULATIONS,GET WELL,BIRTHDAY,KINDS OF GREETING CARDS,medium
SNAPBACK,PILLBOX,BERET,DERBY,KINDS OF HATS,medium
KITTEN,STILETTO,CUBAN,WEDGE,KINDS OF HEELS,hard
PERCUSSION,STRING,BRASS,WIND,KINDS OF INSTRUMENTS,easy
FLARE,MOM,SKINNY,BOYFRIEND,KINDS OF JEANS,easy
CHARM,RING,CHAIN,BANGLE,KINDS OF JEWELRY,easy
PRACTICAL,DAD,INSIDE,KNOCK-KNOCK,KINDS OF JOKES,medium
BUTTER,BUTCHER,BUTTERFLY,BOWIE,KINDS OF KNIVES,very_hard
SIGN,PROGRAMMING,BODY,SPOKEN,KINDS OF LANGUAGE,hard
LEAF,BUTTER,ICEBERG,ROMAINE,KINDS OF LETTUCE,medium
LINER,BALM,GLOSS,STAIN,KINDS OF LIP MAKEUP,medium
LAUNDRY,SHORT,TO-DO,BUCKET,KINDS OF LISTS,very_hard
CARRY-ON,HARD-SHELL,ROLLER,DUFFEL,KINDS OF LUGGAGE,hard
SEWING,ENIGMA,VENDING,PINBALL,KINDS OF MACHINES,medium
VENISON,BEEF,PORK,POULTRY,KINDS OF MEAT,hard
OYSTER,TRUMPET,MOREL,BUTTON,KINDS OF MUSHROOMS,hard
FLAT,NATURAL,WHOLE,QUARTER,KINDS OF NOTES,hard
WHOLE,PERFECT,ODD,PRIME,KINDS OF NUMBERS,medium
CARGO,STIRRUP,HAMMER,CAPRI,KINDS OF PANTS,hard
CAPRI,JOGGER,JEAN,SLACK,"KINDS OF PANTS MINUS ""S""",medium
CONSTRUCTION,TISSUE,GRAPH,WAX,KINDS OF PAPER,hard
DINNER,COCKTAIL,SURPRISE,BIRTHDAY,KINDS OF PARTIES,medium
MACARONI,EMPEROR,KING,CHINSTRAP,KINDS OF PENGUINS,hard
ELECTRONIC,PLAYER,GRAND,UPRIGHT,KINDS OF PIANOS,easy
DILL,KOSHER,SWEET,SOUR,KINDS OF PICKLES,medium
VEGGIE,PLAIN,HAWAIIAN,SUPREME,KINDS OF PIZZA,medium
VINE,SHRUB,HERB,TREE,KINDS OF PLANTS,easy
SNOWBALL,WATER BALLOON,PILLOW,FOOD,KINDS OF PLAY FIGHTS,medium
OMAHA,STUD,STRIP,DRAW,KINDS OF POKER,hard
BLOOPER,DEMO,HIGHLIGHT,SIZZLE,KINDS OF REELS,hard
SLATE,LIMESTONE,MARBLE,FLINT,KINDS OF ROCKS,medium
GREEK,CHEF,GARDEN,WEDGE,KINDS OF SALAD,hard
GREEN,WEDGE,GREEK,CAESAR,KINDS OF SALADS,medium
OXFORD,POLO,FLANNEL,TEE,KINDS OF SHIRTS,easy
PUMP,SLIDE,MULE,FLAT,KINDS OF SHOES,medium
BOXER,BIKE,CARGO,BERMUDA,KINDS OF SHORTS,medium
POODLE,PENCIL,MINI,WRAP,KINDS OF SKIRTS,hard
RATTLE,CORAL,KING,GARTER,KINDS OF SNAKES,hard
ADDER,MOCCASIN,BOA,MAMBA,KINDS OF SNAKES,medium
DRESS,CREW,COMPRESSION,ANKLE,KINDS OF SOCKS,medium
TOILET,TISSUE,CREPE,ROLLING,KINDS OF SOFT/LIGHTWEIGHT PAPER,very_hard
FOLK,SIREN,LOVE,SWAN,KINDS OF SONGS,hard
CHATEAUBRIAND,PORTERHOUSE,FLATIRON,TOMAHAWK,KINDS OF STEAKS,medium
GAFFER,ELECTRICAL,DUCT,PACKING,KINDS OF TAPE,hard
CLAY,CARPET,HARD,GRASS,KINDS OF TENNIS COURTS,very_hard
ROMA,CHERRY,GRAPE,PLUM,KINDS OF TOMATOES,medium
MONSTER,GARBAGE,DUMP,PICKUP,KINDS OF TRUCKS,hard
HIPSTER,BRIEF,BOXER,THONG,KINDS OF UNDERWEAR,easy
BIKINI,G-STRING,THONG,HIPSTER,KINDS OF UNDERWEAR,medium
STILL,SPRING,MINERAL,TAP,KINDS OF WATER,medium
RIGHT,BLUE,GRAY,FIN,KINDS OF WHALES,hard
CRESCENT,SOCKET,MONKEY,ALLEN,KINDS OF WRENCHES,very_hard
CAKE,KONG,TUT,COBRA,KING ___,very_hard
X,SMOOCH,SMACK,PECK,KISS,very_hard
LADLE,GRATER,PEELER,WHISK,KITCHEN UTENSILS,easy
TRIFLE,TRINKET,THINGAMAJIG,TCHOTCHKE,KNICKKNACK,medium
COPY,REPLICA,BOOTLEG,FAKE,KNOCKOFF,easy
DING-DONG,YAHOO,DODO,YO-YO,KNUCKLEHEAD,easy
PRAISE,GLORY,CREDIT,PROPS,KUDOS,easy
DROPPER,BEAKER,GOGGLES,MICROSCOPE,LAB EQUIPMENT,easy
SHY,LOW,SHORT,LIGHT,LACKING,medium
BIRD,GAGA,MACBETH,LUCK,LADY ___,very_hard
CANYON,MOUNTAIN,VALLEY,PLATEAU,LAND FORMATIONS,medium
ATOLL,BAR,ISLAND,KEY,LAND SURROUNDED BY WATER,medium
BLUFF,BASIN,CAPE,PLAIN,LANDFORMS,hard
CAPE,GORGE,RIDGE,CRATER,LANDFORMS,medium
WALL STREET,BROOKLYN BRIDGE,CITY HALL,BOWLING GREEN,LANDMARKS IN DOWNTOWN NYC,hard
FANTASY,DREAM,NEVER NEVER,LA-LA,LANDS OF THE IMAGINATION,medium
CHECK,TIE,FINISH,BASK,LANGUAGE HOMOPHONES,very_hard
SPEED,RESOLUTION,STORAGE,RAM,LAPTOP SPECS,hard
TON,MASS,SLEW,SEA,LARGE AMOUNT,easy
BUNDLE,PILE,FORTUNE,MINT,LARGE AMOUNT OF MONEY,easy
VESSEL,CRAFT,SHIP,BARGE,LARGE BOAT,easy
FLOCK,CROWD,HOST,SEA,LARGE GROUP,medium
LUXOR,EXCALIBUR,ENCORE,ARIA,LAS VEGAS CASINO HOTELS,hard
STREET,RAINBOW,KANGAROO,NEIGHBORHOOD,LAST WORDS IN LONG-RUNNING CHILDREN’S SHOW TITLES,very_hard
FROM,SEA,TO,SHINING,LAST WORDS IN “AMERICA THE BEAUTIFUL”,very_hard
BUTTERFLY,SEVILLE,FLUTE,BESS,LAST WORDS OF FAMOUS OPERA TITLES,hard
SUPPER,LAUGH,RESORT,STRAW,LAST ___,very_hard
MAMBA,MERINGUE,TANGY,SIMBA,LATIN DANCES WITH A VOWEL CHANGED,very_hard
PRO,AB,SUB,SINE,LATIN PREPOSITIONS,very_hard
VOX,QUID,ERGO,CAVEAT,LATIN WORDS,hard
LOL,ROFL,HAHA,DEAD,"LAUGHTER, IN A TEXT",easy
GUSH,FLATTER,PRAISE,FAWN,LAY IT ON THICK,easy
FERRY,MERCURY,NICKS,PLANT,LEAD SINGERS OF ’70S ROCK BANDS,very_hard
MODERATE,ANCHOR,HOST,PRESENT,"LEAD, AS A TV PROGRAM",medium
KING,GORE,CARTER,TUTU,LEADERS WHO RECEIVED THE NOBEL PEACE PRIZE,hard
MAROON,DESERT,STRAND,DITCH,LEAVE HIGH AND DRY,medium
DIP,BOUNCE,JET,SPLIT,LEAVE QUICKLY,medium
BLUE,LIBERAL,PROGRESSIVE,LEFT,"LEFT-LEANING, POLITICALLY",easy
ANKLE,KNEE,THIGH,SHIN,LEG PARTS,easy
SUITS,GOLIATH,DAMAGES,MATLOCK,LEGAL DRAMAS,hard
TRIAL,INQUIRY,HEARING,PROCEEDING,LEGAL SESSION,hard
LAWSUIT,ACTION,CLAIM,COMPLAINT,LEGAL TERMS,medium
GABLE,DEAN,GARLAND,TEMPLE,LEGENDS OF CLASSIC HOLLYWOOD,hard
LEADER,SPEAKER,CHAIR,WHIP,LEGISLATIVE ROLES,hard
SHORT,JEAN,TIGHT,PANT,"LEGWEAR, IN THE SINGULAR",very_hard
LOOSE,LAX,SLACK,EASY,LENIENT,easy
QUE,ELLE,ARE,QUEUE,LETTER HOMOPHONES,hard
QUEUE,SEA,WHY,🫖,LETTER HOMOPHONES,very_hard
🐑,ARE,🐝,👁️,LETTER HOMOPHONES,very_hard
SINCERELY,LOVE,BEST,CHEERS,LETTER SIGN-OFFS,easy
GEE,BEE,JAY,EX,LETTER SPELLINGS,hard
TISSUE,ATOM,CELL,ORGAN,LEVELS OF BIOLOGICAL ORGANIZATION,hard
RELATIONS,FLING,THING,AFFAIR,LIAISON,easy
TAN,CAMEL,FAWN,KHAKI,LIGHT BROWN SHADES,medium
BULB,RAIL,YEAR,BEER,LIGHT ___,very_hard
EXIT,APPLAUSE,WALK,RECORDING,LIGHT-UP SIGNS,very_hard
ROD,STRIKE,BUG,BOLT,LIGHTNING ___,very_hard
BABY,WAYNE,JON,KIM,LIL ___ RAPPERS,very_hard
PROGRAM,BILL,SCHEDULE,SLATE,LINEUP,easy
TEDDY,GARTER,SLIP,HOSE,LINGERIE,hard
SLIP,GARTER,THONG,TEDDY,LINGERIE,medium
OIL,COOLANT,BRAKE FLUID,FUEL,LIQUIDS YOU PUT INTO CARS,easy
LITER,FIFTH,PINT,HANDLE,LIQUOR BOTTLE SIZES,very_hard
ROSTER,SLATE,TICKET,BALLOT,LIST OF CANDIDATES,easy
CHARGE,SUE,MOVE,SERVE,LITIGATION VERBS,hard
TOUCH,DROP,DAB,SPLASH,LITTLE BIT,easy
SPLASH,SPRINKLE,DROP,SPOT,LITTLE BIT OF A BEVERAGE,medium
DROP,PINCH,DASH,SPLASH,"LITTLE BIT, IN A RECIPE",hard
LEGEND,PROOF,LARGE,ROOM,LIVING ___,very_hard
CHAMELEON,MONITOR,GECKO,IGUANA,LIZARDS,medium
DIVE,HAUNT,ESTABLISHMENT,JOINT,LOCAL WATERING HOLE,easy
COACH,MUSTANG,GODIVA,POLO,LOGOS WITH HORSES,very_hard
SUB,GRINDER,HERO,HOAGIE,LONG SANDWICHES,easy
PIN,LANCE,SPIT,SKEWER,"LONG, SHARP OBJECTS",medium
STAFF,ROD,POLE,STICK,"LONG, SKINNY OBJECTS",medium
ALPACA,AFGHAN,YAK,ANGORA,LONG-HAIRED ANIMALS,easy
BOW,LEGS,HORN,FELLOW,LONG___,very_hard
GUARD,WATCH,MIND,TEND,LOOK AFTER,medium
SPEED,TWEET,BUG,PORK,LOONEY TUNES CHARACTERS MINUS A LETTER,very_hard
DUCK,PIG,MARTIAN,BUNNY,LOONEY TUNES FIGURES,hard
HOOP,RING,CIRCLE,BAND,LOOP,easy
BUG,FLIP,WIG,FREAK,"LOSE IT, WITH ""OUT""",hard
DEAR,PEACH,DOLL,ANGEL,LOVELY PERSON,medium
KIND,SWEET,WARM,TENDER,LOVING,easy
SCOOP,INFO,DISH,DOPE,LOWDOWN,medium
FOOT,BOTTOM,FOUNDATION,BASE,LOWEST PART,easy
FOUNDATION,FOOT,BOTTOM,BASE,LOWEST POINT,medium
SENSE,MIND,MARBLES,WITS,LUCIDITY,hard
MOON,RAINBOW,CLOVER,HORSESHOE,LUCKY CHARMS MARSHMALLOWS,hard
DUCK,CHARM,STRIKE,BREAK,LUCKY ___,very_hard
GREAT,LEGEND,ICON,LION,LUMINARY,medium
MELT,WRAP,CLUB,HERO,LUNCH ORDERS,easy
GRAND,LAVISH,OPULENT,DELUXE,LUXURIOUS,medium
SATIN,SILK,CHIFFON,VELVET,LUXURIOUS FABRICS,easy
OLD,SIGNS,SPLIT,GLASS,M. NIGHT SHYAMALAN MOVIES,hard
MET,TIGER,TWIN,CUB,M.L.B. TEAM MEMBER,hard
RAY,NATIONAL,RED,ANGEL,M.L.B. TEAM MEMBER,hard
YANKS,JAYS,NATS,CARDS,"M.L.B. TEAMS, FOR SHORT",hard
SHIFT,CONTROL,COMMAND,OPTION,MAC KEYBOARD KEYS,hard
FURY,MAD,ROAD,MAX,MAD MAX FURY ROAD,very_hard
HOOF,CLAW,HORN,NAIL,MADE OF KERATIN,easy
DASH,HYPHEN,MINUS,UNDERSCORE,MADE WITH HORIZONTAL LINES,hard
CHERISH,HOLIDAY,MUSIC,FROZEN,MADONNA SONGS,hard
WIRED,PEOPLE,US,FORTUNE,MAGAZINES,hard
ROLLING STONE,TIME,STAR,BILLBOARD,MAGAZINES,hard
ESSENCE,TIME,VOGUE,PEOPLE,MAGAZINES,hard
O,OK,O,US,MAGAZINES,medium
FORTUNE,MAD,NATURE,W,MAGAZINES,medium
ABRACADABRA,PLEASE,THANK YOU,PRESTO,MAGIC WORDS,very_hard
KINGDOM,MARKER,MUSHROOM,CARPET,MAGIC ___,very_hard
NOBLE,GREAT,GRAND,LOFTY,MAGNANIMOUS,medium
BAMBOO,DRAGON,WIND,SEASON,MAHJONG TILES,hard
MUSIC,DOWNLOADS,DOCUMENTS,DESKTOP,MAIN FOLDERS IN A COMPUTER,medium
BACKBONE,ANCHOR,PILLAR,CORNERSTONE,MAINSTAY,hard
BOTCH,SPOIL,BLOW,BUTCHER,MAKE A HASH OF,easy
TIE,SQUARE,DRAW,EVEN,"MAKE EQUAL, AS A SCORE",easy
FULFILL,HONOR,KEEP,UPHOLD,"MAKE GOOD ON, AS A PROMISE",easy
SUIT,TICKLE,PLEASE,DELIGHT,MAKE HAPPY,easy
TICKLE,TICKLE,CHARM,PLEASE,MAKE HAPPY,hard
DELIGHT,PLEASE,AMUSE,DELIGHT,MAKE HAPPY,hard
GRATE,MINCE,SLICE,CUBE,MAKE INTO SMALLER PIECES WHILE COOKING,medium
PRESENT,EXHIBIT,DISPLAY,SHOW,MAKE PUBLIC,medium
CLIP,TRIM,CUT,PARE,MAKE SHORTER,easy
HIGHLIGHTER,BLUSH,POWDER,FOUNDATION,MAKEUP,easy
BUCK,BILLY,RAM,BUCK,MALE ANIMALS,hard
JACK,JACK,BULL,TOM,MALE ANIMALS,hard
BULL,BOAR,JACK,BUCK,MALE ANIMALS,very_hard
TROJAN HORSE,VIRUS,WORM,BACKDOOR,MALICIOUS SOFTWARE,medium
FEVER,FAD,BUG,CRAZE,MANIA,hard
CLIP,FILE,POLISH,BUFF,MANICURE STEPS,very_hard
SHOP,MILL,PLANT,FACTORY,MANUFACTURING LOCATIONS,easy
DESTINATION,STARTING POINT,ROUTE,STOPS,MAP APP OPTIONS,medium
COMPASS,KEY,INSET,SCALE,MAP FEATURES,medium
DING,SCRATCH,CHIP,NICK,MAR,hard
HONEY,HERO,SOMEDAY,FANTASY,MARIAH CAREY NUMBER ONE HITS,very_hard
GULL,PUFFIN,PELICAN,BOOBY,MARINE BIRDS,hard
STAR,CORAL,JELLY,SPONGE,"MARINE INVERTEBRATES, FAMILIARLY",hard
SEAL,OTTER,MANATEE,DOLPHIN,MARINE MAMMALS,easy
CROSS,CHECK,TICK,STRIKE,MARK AS COMPLETED,hard
LIKE,FAVORITE,BOOKMARK,SAVE,MARK ONLINE FOR LATER,easy
KOALA,WOMBAT,KANGAROO,WALLABY,MARSUPIALS,easy
TWIST,GIN,DRY,DRY,MARTINI SPECIFICATIONS,hard
PERFECT,DIRTY,SHAKEN,WET,MARTINI SPECIFICATIONS,hard
DIRTY,DRY,UP,TWIST,MARTINI SPECIFICATIONS,very_hard
GIANT,MONSTER,SUPER,JUMBO,MASSIVE,easy
CHINA,LINEN,CRYSTAL,SILVER,MATERIALS ASSOCIATED WITH FANCY DINING,easy
MAX,LOG,TAN,MOD,MATH ABBREVIATIONS,very_hard
GOOD SHEPHERD,RAINMAKER,MARTIAN,DEPARTED,"MATT DAMON MOVIES, WITH ""THE""",hard
QUEEN,FULL,KING,KING,MATTRESS SIZES,medium
TWIN,FULL,TWIN,QUEEN,MATTRESS SIZES,medium
POLE,FLOWER,DAY,FLY,MAY___,very_hard
TOOL,MEDIUM,VEHICLE,MECHANISM,MEANS,easy
ORGAN,MEDIUM,INSTRUMENT,VEHICLE,MEANS,medium
PLANE,TRAIN,CAR,BOAT,MEANS OF TRANSPORTATION,easy
CRIME,TEMPERATURE,ANGLE,EDUCATION,MEASURED IN DEGREES,very_hard
YARD,SACK,RECEPTION,ATTEMPT,MEASURED IN FOOTBALL STATS,very_hard
SCALE,RULER,COMPASS,WATCH,MEASURING INSTRUMENTS,medium
POKE,PRY,NOSE AROUND,SNOOP,MEDDLE,easy
PUBLICITY,COVERAGE,EXPOSURE,PRESS,MEDIA ATTENTION,medium
INTERN,ATTENDING,RESIDENT,FELLOW,MEDICAL ROLES,medium
SPRAY,TABLET,CAPSULE,SYRUP,MEDICINE FORMATS,hard
CREAM,PATCH,TABLET,CREAM,MEDICINE FORMATS,hard
CLUB,SPEAR,SWORD,MACE,MEDIEVAL WEAPONS,very_hard
AVERAGE,FAIR,SO-SO,OK,MEH,easy
STITCH,ROCKY,SCRATCHY,CHIP,MEMBER OF A CARTOON DUO,hard
BANSHEE,HEARTBREAKER,PIP,WAILER,MEMBER OF A CLASSIC BACKING BAND,very_hard
WING,MAVERICK,COWBOY,STAR,MEMBER OF A DALLAS PRO SPORTS TEAM,hard
BANGLE,GO-GO,SUPREME,CHICK,MEMBER OF A GIRL GROUP,hard
ANIMAL,BACTERIA,FUNGUS,PLANT,MEMBER OF A KINGDOM IN TAXONOMY,easy
SEA,DWARF,WONDER,SIN,MEMBER OF A SEPTET,very_hard
CELTIC,PACKER,YANKEE,CANADIEN,MEMBER OF A TEAM WITH THE MOST CHAMPIONSHIPS IN THEIR RESPECTIVE SPORTS,easy
MONSTER,MINION,CAR,INCREDIBLE,MEMBER OF A TITULAR GROUP IN AN ANIMATION FRANCHISE,hard
KINK,ANIMAL,SUPREME,DOOR,MEMBER OF A ’60S BAND,very_hard
SIN,WONDER,SISTER,SEA,MEMBERS OF A SEPTET,very_hard
STOOGE,AMIGO,KING,TENOR,MEMBERS OF A TRIO,very_hard
GLEE,MIRTH,FESTIVITY,CHEER,MERRIMENT,easy
THATCH,MOP,SHOCK,TANGLE,MESS OF HAIR,medium
MANE,TANGLE,MOP,MAT,MESS OF HAIR,medium
SPOIL,FLUFF,BLOW,BUMBLE,MESS UP,medium
SCRAPE,SCRATCH,SCORE,SCAR,MESS UP THE SURFACE OF,medium
TIN,LEAD,MERCURY,GOLD,METAL ELEMENTS,easy
IRON,COPPER,GOLD,ZINC,METAL ELEMENTS,medium
SILVER,NICKEL,LEAD,TIN,METAL ELEMENTS,medium
BOMBSHELL,TWIST,WRENCH,CURVEBALL,METAPHOR FOR SOMETHING UNEXPECTED,medium
WHIRLWIND,CIRCUS,ROLLER COASTER,SOAP OPERA,METAPHORS FOR A DRAMATIC AND CHAOTIC EVENT,medium
PICNIC,BREEZE,PIE,ABC,METAPHORS FOR EASY THINGS,hard
HORNET’S NEST,CAN OF WORMS,MINEFIELD,PANDORA’S BOX,METAPHORS FOR POTENTIALLY VOLATILE SITUATIONS,easy
MEANS,CHANNEL,VEHICLE,MEDIUM,METHOD,medium
MICRO,MEGA,KILO,PICO,METRIC PREFIXES,medium
SPIRIT,GRIT,RESOLVE,FIGHT,METTLE,medium
TEAMS,EDGE,OFFICE,WINDOWS,MICROSOFT PRODUCTS,hard
WORD,EDGE,BING,SURFACE,MICROSOFT PRODUCTS,very_hard
FUDGE,SHOOT,FRICK,SHOOT,MILD OATHS,medium
DARN,HECK,FIE,FRICK,MILD OATHS,medium
FIDDLESTICKS,SUGAR,FUDGE,FUDGE,MILD OATHS,medium
SPHERE,CIRCLE,SCENE,WORLD,MILIEU,easy
FATIGUE,DRAB,CAMO,KHAKI,MILITARY CLOTHING DESCRIPTORS,medium
BUG,COLD,COUGH,CHILL,MINOR AILMENTS,medium
HASH,MEDLEY,JUMBLE,STEW,MISHMASH,easy
SOFTEN,DAMPEN,TEMPER,CUSHION,MITIGATE,medium
RAY,ROYAL,MET,ANGEL,MLB PLAYER,hard
CAN,WILL,MUST,MIGHT,MODAL VERBS,hard
YARDSTICK,BENCHMARK,GAUGE,STANDARD,MODEL FOR REFERENCE,easy
PODCAST,SMARTWATCH,CRYPTO,VAPE,MODERN INVENTIONS,very_hard
TRAIN,CAR,BOAT,PLANE,MODES OF TRANSPORTATION,easy
BABY,TOY,MINI,POCKET,MODIFIERS MEANING “SMALL”,hard
RUM,LIME,SODA,MINT,MOJITO INGREDIENTS,hard
COOL,TEMPER,MODERATE,SETTLE,MOLLIFY,medium
PAMPER,HUMOR,INDULGE,BABY,MOLLYCODDLE,easy
JAIL,BOARDWALK,CHANCE,GO,MONOPOLY SQUARES,easy
PURR,BUZZ,DRONE,HUM,MONOTONOUS SOUNDS,easy
GAS,CABLE,ELECTRIC,WATER,MONTHLY BILLS,easy
GAS,INTERNET,RENT,PHONE,MONTHLY EXPENSES,medium
GOOSE,EARTH,MAY I,SUPERIOR,MOTHER ___,very_hard
BUS,CAR,MOTORCYCLE,TRUCK,MOTOR VEHICLES,medium
FUJI,HOOD,OLYMPUS,WHITNEY,MOUNT ___,medium
HOVER,SCROLL,CLICK,DRAG,MOUSE ACTIONS,easy
BOLT,BARREL,HURTLE,TEAR,MOVE AT BREAKNECK SPEED,easy
SWAY,SWING,ROCK,WAVE,MOVE BACK AND FORTH,medium
PROGRESS,ADVANCE,PUSH,MARCH,MOVE FORWARD,medium
GLIDE,SAIL,COAST,BREEZE,MOVE IN AN EFFORTLESS WAY,hard
FLAP,WAVE,SWAY,BLOW,MOVE IN THE WIND,medium
DASH,BOLT,FLY,DART,MOVE QUICKLY,easy
BARREL,BOLT,ZIP,ZIP,MOVE QUICKLY,medium
RACE,FLY,DART,DASH,MOVE QUICKLY,medium
STEAL,SLIP,TIPTOE,CREEP,MOVE STEALTHILY,medium
FLY,SOAR,GLIDE,FLOAT,MOVE THROUGH THE AIR,easy
PUSH,DRIVE,PROMPT,PROPEL,MOVE TO ACTION,easy
GROOVE,BOP,SWAY,BOUNCE,MOVE TO THE MUSIC,easy
FLY,RACE,BLAZE,TEAR,MOVE WITH SPEED,medium
PICTURE,FLICK,FEATURE,FILM,MOVIE,easy
TILT,ZOOM,PAN,DOLLY,MOVIE CAMERA VERBS,hard
ROMANCE,MUSICAL,WESTERN,HORROR,MOVIE GENRES,easy
ALIEN,WICKED,GLADIATOR,VENOM,MOVIE SERIES WITH 2024 RELEASES,hard
CAST,PLOT,GENRE,TITLE,MOVIE SUMMARY INFO,easy
MUNICH,CHICAGO,RIO,PHILADELPHIA,MOVIE TITLE CITIES,easy
ELF,SAW,HER,BIG,MOVIES,hard
GHOST,CASPER,LET ME IN,TWILIGHT,MOVIES FEATURING SUPERNATURAL ROMANCE,hard
COMMANDO,BRAZIL,CLUE,WITNESS,MOVIES FROM 1985,very_hard
APOLLO,SAMURAI,FANTASTIC,CANDLES,MOVIES MINUS NUMBERS,very_hard
EPIC,FILM SERIES,FEATURE,SHORT,MOVIES OF VARIOUS LENGTHS,hard
MOTHER,THEM,AIRPLANE,OKLAHOMA,MOVIES WITH “!”,very_hard
GOODFELLA,JAW,CAR,SWINGER,MOVIES WITH “S” REMOVED,hard
PEANUT,BEAN,FOX,CLEAN,MR. ___,very_hard
JACKASS,CRIBS,STATE,CATFISH,MTV SHOWS,very_hard
DROVE,PACK,SEA,HOST,MULTITUDE,hard
TOWN,CITY,COUNTY,VILLAGE,MUNICIPALITIES,easy
SCOOTER,GONZO,BEAKER,ANIMAL,MUPPETS,hard
MIST,FOG,HAZE,CLOUD,MURKY CONDITION,easy
SQUAD,SHAMMY,SPEC,STRAP,MUSCLE NICKNAMES PLUS “S”,very_hard
TRI,QUAD,PEC,LAT,"MUSCLES, INFORMALLY",easy
TRI,PEC,QUAD,AB,"MUSCLES, INFORMALLY",medium
JACKED,BUILT,RIPPED,SWOLE,MUSCULAR,medium
POP,METAL,EMO,FUNK,MUSIC GENRES,easy
COUNTRY,JAZZ,ROCK,BLUES,MUSIC GENRES,easy
POP,FOLK,PUNK,RAP,MUSIC GENRES,easy
DUB,POP,EMO,TRAP,MUSIC GENRES,hard
BLUES,SOUL,FUNK,COUNTRY,MUSIC GENRES,medium
ROCKY,SKAT,BLUEST,POPE,MUSIC GENRES PLUS A LETTER,very_hard
STOP,REWIND,SHUFFLE,SKIP,MUSIC PLAYER BUTTONS,easy
ROLLING STONE,PITCHFORK,BILLBOARD,BILLBOARD,MUSIC PUBLICATIONS,hard
SPIN,PITCHFORK,SPIN,MOJO,MUSIC PUBLICATIONS,hard
THEREMIN,HARP,BASS,TIMPANI,MUSICAL INSTRUMENTS,easy
BASSOON,TAMBOURINE,TROMBONE,RECORDER,MUSICAL INSTRUMENTS,easy
ORGAN,HARP,HORN,TRIANGLE,MUSICAL INSTRUMENTS,hard
ORGAN,BASS,TRIANGLE,HARP,MUSICAL INSTRUMENTS,medium
HORN,RECORDER,HORN,FIDDLE,MUSICAL INSTRUMENTS,medium
LA,TI,FA,DO,MUSICAL NOTES,medium
WIND,RHYTHM,STRING,BRASS,MUSICAL SECTIONS,medium
HAIR,RENT,GREASE,COMPANY,MUSICALS,hard
CAROUSEL,CHICAGO,CABARET,CATS,MUSICALS BEGINNING WITH “C”,medium
FANNIE,SCATS,CHAIR,BRENT,MUSICALS PLUS STARTING LETTER,very_hard
HORSESHOE,HANDLEBAR,PENCIL,WALRUS,MUSTACHES,very_hard
BIRD,JORDAN,JAMES,CURRY,N.B.A. GREATS,very_hard
SUN,NET,SPUR,BUCK,N.B.A. PLAYER,hard
CLIPPER,ROCKET,PACER,SPUR,N.B.A. TEAM PLAYER,hard
SPURS,BUCKS,HORNETS,BULLS,N.B.A. TEAMS,hard
HORSESHOE,LIGHTNING BOLT,BUFFALO,FLEUR-DE-LIS,N.F.L. TEAM LOGOS,very_hard
COWBOY,JET,RAVEN,RAM,N.F.L. TEAM MEMBER,hard
FLYER,DUCK,SENATOR,STAR,N.H.L. TEAM MEMBER,hard
STARS,KRAKEN,FLAMES,WILD,N.H.L. TEAMS,hard
MOLE RAT,GUN,EYE,TRUTH,NAKED ___,very_hard
MIC,CURT,KNEEL,DUG,NAME HOMOPHONES,very_hard
MATTE,HAIRY,WANE,PEAT,NAME HOMOPHONES,very_hard
REV,PROF,MS,GEN,NAME PREFIXES,medium
BRAND,GAME,DROP,NAMES,NAME ___,very_hard
THEATER,GREEK/ROMAN GOD,SPACECRAFT,FICTIONAL BOXER,"NAMED ""APOLLO""",very_hard
FRANKINCENSE,JACKPOT,NICKNAME,MARKDOWN,NAMES ENDING IN “K” PLUS WORD,very_hard
JEOPARDY,PINK,AIRPLANE,YAHOO,"NAMES FEATURING ""!""",very_hard
EMMY,EDIE,CECE,KATIE,NAMES THAT SOUND LIKE TWO LETTERS,very_hard
VIKING,VOYAGER,GALILEO,PIONEER,NASA SPACECRAFT,hard
ANTHEM,MOTTO,SEAL,FLAG,NATIONAL SYMBOLS,hard
FOXTROT,VICTOR,HOTEL,YANKEE,NATO PHONETIC ALPHABET,hard
FACULTY,FLAIR,TALENT,INSTINCT,NATURAL ABILITY,hard
SAVANNA,CLIFF,BROOK,DALE,NATURAL FEATURES,medium
LIGHTNING,FIRE,VOLCANO,SUN,NATURAL PRODUCERS OF HEAT,very_hard
KOBE,BIRD,CURRY,MAGIC,"NBA LEGENDS, FAMILIARLY",hard
SUN,THUNDER,KING,MAGIC,NBA PLAYERS,medium
BUCKS,NETS,JAZZ,HEAT,NBA TEAMS,medium
SCOOP,BOAT,V,CREW,NECKLINES,medium
ASCOT,TIE,SCARF,BOLO,NECKWEAR,easy
DROP CLOTH,ROLLER,PAINT,TAPE,NEEDS FOR PAINTING A ROOM,medium
DICE,SCORECARD,PENCIL,CUP,NEEDS FOR PLAYING YAHTZEE,medium
ENVELOPE,NAME,STAMP,ADDRESS,NEEDS FOR SENDING A LETTER,medium
RUBBER BANDS,BASIN,DYE,SHIRT,NEEDS FOR TIE-DYEING A SHIRT,medium
JITTER,BUTTERFLY,WILLY,NERVE,"NERVOUSNESS, IN THE SINGULAR",hard
THOUGH,HOWEVER,STILL,YET,NEVERTHELESS,easy
GOODEN,STRAWBERRY,PIAZZA,SEAVER,NEW YORK METS LEGENDS,hard
NET,MET,RANGER,JET,NEW YORK SPORTS TEAM MEMBERS,hard
WIRE,FLASH,BULLETIN,REPORT,NEWS ANNOUNCEMENT,easy
LEDE,DATELINE,PHOTO,CAPTION,NEWS ARTICLE FEATURES,hard
COPY,SPORTS,CITY,CULTURE,NEWSPAPER DESKS,hard
COLUMNIST,PHOTOGRAPHER,REPORTER,EDITOR,NEWSPAPER JOBS,easy
GLOBE,MIRROR,POST,SUN,NEWSPAPER NAMES,hard
CHRONICLE,REGISTER,HERALD,SUN,NEWSPAPER NAMES,medium
ARTS,BUSINESS,COMICS,SPORTS,NEWSPAPER SECTIONS,easy
BUSINESS,NATIONAL,OPINION,STYLE,NEWSPAPER SECTIONS,medium
POST,GLOBE,SUN,JOURNAL,NEWSPAPERS,hard
HEART,NUCLEUS,HUB,CENTER,NEXUS,medium
PACKER,RAVEN,COWBOY,BRONCO,NFL PLAYERS,easy
COMMANDER,BILL,BEAR,BROWN,NFL PLAYERS,very_hard
MONIKER,DESIGNATION,HANDLE,SOBRIQUET,NICKNAME,medium
DRINK,DEEP,BRINY,BLUE,"NICKNAMES FOR THE SEA, WITH “THE”",very_hard
SUE,JOSH,CHUCK,ROB,NICKNAMES THAT ARE VERBS,very_hard
BILL,TOM,PAT,BOB,NICKNAMES THAT HAVE OTHER MEANINGS,very_hard
CLUB,LOUNGE,BAR,DISCO,NIGHTSPOTS,easy
OWL,MOTH,WOLF,BAT,NOCTURNAL ANIMALS,medium
ROW,RACKET,CLATTER,RUCKUS,NOISY DISTURBANCE,medium
PLASTIC,CREDIT,CHARGE,CARD,NON-CASH WAY TO PAY,hard
BALONEY,BULL,RUBBISH,BUNK,NONSENSE,easy
BALONEY,TRIPE,BULL,BUNK,NONSENSE,hard
BUNK,CROCK,BALONEY,TRIPE,NONSENSE,medium
MEAN,PAR,AVERAGE,STANDARD,NORM,easy
SUCK,STINK,BITE,BLOW,NOT BE GOOD,medium
BUT,BESIDES,SAVE,EXCEPT,NOT INCLUDING,medium
GONE,MIA,ELSEWHERE,ABSENT,NOT PRESENT,easy
UNEVEN,RUGGED,ROUGH,BUMPY,"NOT SMOOTH, AS TERRAIN",easy
BUGGY,SPOTTY,ERRATIC,GLITCHY,NOT WORKING RELIABLY,easy
SPECIAL,PILOT,FINALE,PREMIERE,NOTABLE TV EPISODES,very_hard
ION,SHIP,NESS,DOM,NOUN SUFFIXES,hard
LIBERTY,LIFE,HAPPINESS,PURSUIT,NOUNS FROM A FAMOUS LINE IN THE DECLARATION OF INDEPENDENCE,medium
PLAN,CANAL,PANAMA,MAN,NOUNS IN A FAMOUS PALINDROME,hard
HANDFUL,PEST,PAIN,BOTHER,NUISANCE,medium
TOW,EON,ETHER,NET,NUMBER ANAGRAMS,very_hard
WON,ATE,TOO,FOR,NUMBER HOMOPHONES,very_hard
451,2001,"20,000",22,NUMBERS IN BOOK TITLES,very_hard
SOUR,SIGHT,SEN,SINE,NUMBERS WITH FIRST LETTERS REPLACED BY “S”,very_hard
AUDIO,GAMES,NEWS,COOKING,NYT OFFERINGS,medium
HOLDER,REST,BASE,STAND,OBJECT USED FOR SUPPORT,hard
AEGIS,PANDORA’S BOX,APPLE OF DISCORD,GOLDEN FLEECE,OBJECTS FROM GREEK MYTH,medium
POINT,LINE,SOLID,PLANE,"OBJECTS IN 0-, 1-, 2- AND 3-DIMENSIONAL SPACE",medium
LINE,PLANE,POINT,SOLID,"OBJECTS IN 0-, 1-, 2- AND 3-DIMENSIONAL SPACE",very_hard
WASHBOARD,SAW,SPOONS,JUG,OBJECTS PLAYED AS INSTRUMENTS,hard
BASEBALL GLOVE,CAN OPENER,GOLF CLUB,GUITAR,OBJECTS THAT MAY BE RIGHT- OR LEFT-HANDED,very_hard
CHIP,PHONE,WAVE,SCOPE,OBJECTS WITH THE PREFIX “MICRO-”,very_hard
STOP,BLOCK,CLOG,JAM,OBSTRUCT,medium
BAG,SNAG,LAND,SECURE,OBTAIN,hard
WIN,GET,SCORE,LAND,OBTAIN,hard
CLEAR,PRONOUNCED,MARKED,STRIKING,OBVIOUS,hard
PRAYER,PROPOSAL,DUBBING,APOLOGY,OCCASIONS WHEN ONE MIGHT KNEEL,hard
SMITH,MILLER,MASON,FISHER,OCCUPATIONAL SURNAMES,medium
DRIFT,CURRENT,WAVE,TIDE,OCEAN PHENOMENA,medium
BIG,POPULAR,HOT,IN,OF-THE-MOMENT,easy
DIGRESSION,TANGENT,DETOUR,ASIDE,OFF-TOPIC REMARKS,easy
VANILLA,IVORY,EGGSHELL,CREAM,OFF-WHITE SHADES,easy
APPROVAL,CONSENT,SUPPORT,BLESSING,OFFICIAL SANCTIONING,easy
MAXIM,CHESTNUT,SAW,ADAGE,OLD SAYING,easy
NUMBERS,JUDGES,JOB,DANIEL,OLD TESTAMENT BOOKS,hard
STUFFY,TRADITIONAL,STRAIGHT,SQUARE,OLD-FASHIONED,hard
WALL STREET,NIXON,PLATOON,JFK,OLIVER STONE MOVIES,hard
BREAKING,SURFING,TAEKWONDO,TRAMPOLINE,OLYMPIC EVENTS SINCE 2000,hard
TRAMPOLINE,HOCKEY,BREAKING,SKELETON,OLYMPIC SPORTS,hard
BOX,PLATE,BASE,MOUND,ON A BASEBALL FIELD,very_hard
LEVEL,FLAT,FLUSH,EVEN,ON THE SAME PLANE,hard
PAWN,PUPPET,INSTRUMENT,TOOL,ONE BEING MANIPULATED,medium
BUCK,SMACKER,SINGLE,CLAM,ONE DOLLAR,medium
AVIATOR,FLIER,ACE,PILOT,ONE FLYING AN AIRPLANE,medium
MONTH,JUROR,DONUT,ROSE,ONE IN A DOZEN,medium
EGG,MONTH,JUROR,ROSE,ONE IN A DOZEN,very_hard
DONUT,MONTH,JUROR,INCH,ONE IN A GROUP OF TWELVE,hard
VOLUNTEER,GUINEA PIG,PARTICIPANT,SUBJECT,ONE IN A RESEARCH STUDY,medium
SISTER,DEADLY SIN,CONTINENT,WONDER,ONE IN A SEPTET,medium
AGENT,PLANT,SPY,MOLE,ONE INVOLVED IN ESPIONAGE,hard
TRAIN,CHAIN,STRING,SERIES,ONE THING AFTER ANOTHER,easy
HOT DOG,PEACOCK,HAM,SHOWBOAT,ONE WHO LIKES SHOWING OFF,hard
PRINCIPAL,HEADLINER,STAR,LEAD,ONE WITH TOP BILLING,easy
GUSHER,OCHER,KENYA,PELVIS,ONE-NAMED SINGER PLUS STARTING LETTER,very_hard
MOTHER,PRESIDENT,SAINT PATRICK,SAINT VALENTINE,ONES CELEBRATED WITH HOLIDAYS,medium
BOXER,MONK,JUDGE,WIZARD,ONES WEARING ROBES,hard
CONNOISSEUR,CRITIC,EXPERT,SNOB,ONES WITH DISCERNING TASTES,hard
DEVIL,ELF,BATMAN,VULCAN,ONES WITH POINTY EARS,hard
FORMER,PRIOR,PAST,LATE,ONETIME,medium
CHARACTER,MAKEUP,NATURE,FIBER,ONE’S CONSTITUTION,medium
INFLUENCER,AMBASSADOR,MODEL,STREAMER,ONLINE PERSONALITY,very_hard
THUD,PLOP,SPLASH,BANG,ONOMATOPOEIA,very_hard
BIRTH,START,DAWN,CREATION,ONSET,easy
JUICE,FIRE,ZIP,ENERGY,OOMPH,hard
COURT,YARD,SQUARE,PLAZA,OPEN SPACE,easy
WORKING,ACTIVE,FUNCTIONAL,RUNNING,OPERATING,easy
BREAK,TIME,SHOT,CHANCE,OPPORTUNITY,medium
SHOT,TURN,CHANCE,OPENING,OPPORTUNITY,medium
TRIM,TIDY,CLEAN,NEAT,ORDERLY,easy
VANILLA,PLAIN,STANDARD,NORMAL,ORDINARY,easy
TONGUE,TRIPE,HEART,GIZZARD,ORGAN MEATS,medium
HEARTH,LUNGE,SKINK,COLONY,ORGAN PLUS A LETTER,very_hard
PARTY,TEAM,GROUP,CLUB,ORGANIZATION,easy
TREE,CHAIN,PYRAMID,LADDER,"ORGANIZATIONAL STRUCTURES, METAPHORICALLY",very_hard
KIDNEY,LUNG,HEART,LIVER,ORGANS,medium
N.F.L.,NASA,PARAMOUNT,SUBARU,ORGS WITH STARS IN THEIR LOGOS,hard
GENESIS,SEED,GERM,SOURCE,ORIGIN,easy
ROOT,CRADLE,FONT,SOURCE,ORIGIN,hard
THIMBLE,BOOT,IRON,TOP HAT,ORIGINAL MONOPOLY TOKENS,hard
RUFFLE,TRIM,FRILL,FRINGE,ORNAMENTAL BORDER,medium
BRIDGES,PHOENIX,WASHINGTON,IRONS,OSCAR-WINNING ACTORS,very_hard
GARISH,BRIGHT,FLASHY,LOUD,"OSTENTATIOUS, AS AN OUTFIT",easy
MATE,COMPLEMENT,MATCH,PARTNER,OTHER HALF,medium
BETTER,TOP,ECLIPSE,SURPASS,OUTDO,easy
FESTIVAL,TAILGATE,PICNIC,BLOCK PARTY,OUTDOOR EVENTS,medium
FRANK,VOCAL,LOUD,DIRECT,OUTSPOKEN,easy
TIMER,BROIL,BAKE,LIGHT,OVEN BUTTONS,hard
CORN,CHEESE,PAP,MUSH,OVERLY SENTIMENTAL WORK,hard
BORE,HELD,POSSESSED,HAD,OWNED,easy
SQUIRREL,STORE,STASH,STOW,PACK (AWAY) FOR FUTURE USE,easy
DENSE,THICK,TIGHT,COMPACT,PACKED,medium
CONTACT,LOGIN,ABOUT,HOME,PAGES ON A WEBSITE,hard
PEARL,MATTE,GLOSS,EGGSHELL,PAINT FINISHES,hard
WHISTLER,MUNCH,BACON,CLOSE,PAINTERS,hard
PALETTE,EASEL,CANVAS,BRUSH,PAINTING ACCESSORIES,easy
SKI POLES,KNITTING NEEDLES,CHOPSTICKS,CLAVES,PAIRS OF RODS,medium
BIB,EYE,POP,GAG,PALINDROMES,hard
ABBA,KAYAK,NUN,STATS,PALINDROMES,medium
KAYAK,OTTO,HANNAH,LEVEL,PALINDROMES,very_hard
NATAN,EVE,RACECAR,MOM,PALINDROMES,very_hard
REFER,TENET,LEVEL,PEP,PALINDROMES FEATURING “E”,medium
TREE,SUNDAY,READER,BEACH,PALM ___,very_hard
SHEET,PAGE,LEAF,FOLIO,PAPER IN A BOOK,medium
CLIP,TIGER,TRAIL,TOWEL,PAPER ___,very_hard
CLASSIC,MODEL,TEXTBOOK,DEFINITIVE,PARADIGMATIC,hard
BENCH,TREE,STATUE,PIGEON,PARK STAPLES,hard
SPIN,ANGLE,SLANT,BIAS,PARTIALITY,easy
BOX,FENCE,DIVE,ROW,PARTICIPATE IN SUMMER OLYMPIC EVENTS,medium
SHRED,CRUMB,MORSEL,GRAIN,PARTICLE,medium
BACKBOARD,NET,RIM,POLE,PARTS OF A BASKETBALL HOOP,hard
TRAILER,AXLES,HITCH,TRACTOR,PARTS OF A BIG RIG,hard
SADDLE,PEDAL,CHAIN,WHEEL,PARTS OF A BIKE,medium
SPINE,COVER,PAGE,JACKET,PARTS OF A BOOK,easy
SPINE,JACKET,PAGE,COVER,PARTS OF A BOOK,hard
SPINE,LEAVES,COVER,JACKET,PARTS OF A BOOK,medium
TIRE,TRUNK,HOOD,BUMPER,PARTS OF A CAR,easy
BELT,WHEEL,MIRROR,HORN,PARTS OF A CAR,medium
WHEEL,SHOCK,TANK,DASH,"PARTS OF A CAR, INFORMALLY",hard
BERET,BADGE,SASH,SKIRT,PARTS OF A CLASSIC GIRL SCOUT UNIFORM,hard
LIBRARY,CAFETERIA,DORM,QUAD,PARTS OF A COLLEGE CAMPUS,easy
INSURANCE,VACATION,SALARY,BONUS,PARTS OF A COMPENSATION PACKAGE,easy
GOATEE,PITCHFORK,TAIL,HORNS,PARTS OF A DEVIL COSTUME,hard
HINGE,FRAME,HANDLE,LOCK,PARTS OF A DOOR,very_hard
TOUCHDOWN,TAKEOFF,TAXI,CRUISE,PARTS OF A FLIGHT,medium
SOLE,ARCH,BALL,HEEL,PARTS OF A FOOT,easy
CRAG,LEDGE,CLIFF,RIDGE,PARTS OF A MOUNTAIN,hard
SPEAKER,TURNTABLE,AMP,PREAMP,PARTS OF A RECORD PLAYER SETUP,easy
DELTA,BANK,MOUTH,BED,PARTS OF A RIVER,easy
SHOULDER,DIVIDER,LANE,MEDIAN,PARTS OF A ROAD,hard
DECK,ANCHOR,BRIDGE,AFT,PARTS OF A SHIP,hard
BOW,MAST,DECK,FORE,PARTS OF A SHIP,hard
SOLE,HEEL,UPPER,TONGUE,PARTS OF A SHOE,easy
BRIDGE,CHORUS,HOOK,REFRAIN,PARTS OF A SONG,easy
FORK,PLATE,NAPKIN,GLASS,PARTS OF A TABLE SETTING,easy
CHAIN,FLAPPER,FLOAT,HANDLE,PARTS OF A TOILET TANK,hard
PULP,ROOT,ENAMEL,CROWN,PARTS OF A TOOTH,hard
BRACKET,ROUND,BYE,SEED,PARTS OF A TOURNAMENT SETUP,medium
ROOT,TRUNK,LEAF,BRANCH,PARTS OF A TREE,easy
STRAP,HAND,DIAL,CROWN,PARTS OF A WATCH,medium
BANNER,MENU,HEADER,SIDEBAR,PARTS OF A WEBSITE,medium
HUB,SPOKE,RIM,TIRE,PARTS OF A WHEEL,easy
ROBE,STAFF,HAT,BEARD,PARTS OF A WIZARD COSTUME,medium
NOSE,ENGINE,WING,CABIN,PARTS OF AN AIRPLANE,hard
HANGAR,RUNWAY,TERMINAL,TARMAC,PARTS OF AN AIRPORT,easy
HALO,ROBE,WINGS,HARP,PARTS OF AN ANGEL COSTUME,medium
PICKUP,FRET,PEG,STRING,PARTS OF AN ELECTRIC GUITAR,hard
WHIP,FEDORA,SATCHEL,BOMBER,PARTS OF AN INDIANA JONES COSTUME,hard
RIND,STEM,SEED,CORE,PARTS OF FRUIT YOU MIGHT NOT EAT,hard
DRUM,HAMMER,CANAL,ANVIL,PARTS OF THE EAR,medium
IRIS,CONE,LENS,PUPIL,PARTS OF THE EYE,medium
DUD,DRIP,BORE,DRAG,PARTY POOPER,easy
BAR,TORCH,TIME,BUCK,PASS THE ___,very_hard
EXTREME,INTENSE,DEEP,FIERCE,"PASSIONATE, AS A FEELING",easy
RIBBON,ELBOW,WHEEL,EAR,PASTA SHAPES,hard
BOWTIE,SPIRAL,SHELL,ELBOW,PASTA SHAPES,medium
BOWTIE,WHEEL,ELBOW,TUBE,PASTA SHAPES,very_hard
HONEYCOMB,CHECKERS,STRIPES,CAMO,PATTERNS,hard
PAISLEY,STRIPES,PLAID,HOUNDSTOOTH,PATTERNS,medium
PONY,ANTE,SETTLE,COUGH,"PAY, WITH “UP”",hard
MASTERPIECE,NOVA,NATURE,FRONTLINE,PBS SHOWS,hard
COAT,POD,GREEN,SOUP,PEA ___,very_hard
SWELL,DANDY,FINE,DUCKY,PEACHY,easy
NIFTY,SUPER,NEAT,SWELL,PEACHY KEEN,easy
OFF,WEIRD,CURIOUS,FUNNY,PECULIAR,easy
LEVY,BUTLER,BLOOM,GUTHRIE,PEOPLE WHOSE FIRST NAMES ARE U.S. CITIES,very_hard
CATCH,CLOCK,REGISTER,NOTICE,PERCEIVE,easy
OBSERVE,CATCH,NOTICE,SEE,PERCEIVE,medium
RATTLE,DRUM,TRIANGLE,BELL,PERCUSSION INSTRUMENTS,easy
PUNCH,POKE,PIERCE,BORE,PERFORATE,medium
TANK,FLAIL,FLOUNDER,FLOP,PERFORM POORLY,medium
ACE,NAIL,ROCK,CRUSH,PERFORM WELL ON,hard
STAND-UP,SINGER,DANCER,ACTOR,PERFORMING ARTISTS,easy
AGE,DAY,TIME,ERA,PERIOD,hard
AS,K,BE,I,PERIODIC TABLE SYMBOLS,hard
FE,HE,,NI,PERIODIC TABLE SYMBOLS,very_hard
EDGE,BORDER,FRINGE,SKIRT,PERIPHERY,easy
HOLD,STAY,LAST,STAND,PERSIST,easy
CHAIR,DIRECTOR,CHIEF,HEAD,PERSON IN CHARGE,easy
NAIL FILE,BRUSH,TWEEZERS,MIRROR,PERSONAL GROOMING ITEMS,easy
EFFECT,GOOD,BELONGING,POSSESSION,PERSONAL PROPERTY MINUS “S”,very_hard
ANGLE,BENT,LENS,POINT OF VIEW,PERSPECTIVE,easy
NAG,HOUND,BUG,BADGER,PESTER,easy
RIDE,BADGER,BUG,HARRY,PESTER,hard
NAGS,HOUNDS,BUGS,BADGERS,PESTERS,easy
PAN,RABBIT,PIPER,PARKER,PETER ___,very_hard
CAMPAIGN,PRESS,APPEAL,LOBBY,PETITION (FOR),hard
MELTING,CONDENSATION,VAPORIZATION,FREEZING,PHASE TRANSITIONS FOR LIQUIDS,medium
RUSTLE,MARKS,LOCK,PANE,PHILOSOPHER HOMOPHONES,very_hard
SERVICE,SIGNAL,RECEPTION,BARS,PHONE CONNECTIVITY,medium
STRESS,RHYTHM,INTONATION,LOUDNESS,PHONETIC ELEMENTS OF SPEECH,very_hard
SNAP,PIC,SHOT,STILL,PHOTO,easy
EYEDROPPER,ERASER,MAGIC WAND,LASSO,PHOTOSHOP TOOLS,hard
CATCH,SEE,SPOT,NOTE,PICK UP ON,medium
COOLER,UTENSILS,BASKET,BLANKET,PICNIC ACCESSORIES,medium
ICON,SYMBOL,CHARACTER,GLYPH,PICTOGRAPH,medium
HANGER,HAMMER,LEVEL,NAIL,PICTURE HANGING NEEDS,hard
OLIVE BRANCH,ARROWS,EAGLE,SHIELD,PICTURED ON THE U.S. GREAT SEAL,medium
BREAST,WING,TENDER,DRUMSTICK,PIECES OF CHICKEN,easy
CHAIR,TABLE,BED,COUCH,PIECES OF FURNITURE,easy
PUCK,BALL,STONE,BIRDIE,PIECES OF OLYMPIC SPORTS EQUIPMENT,hard
BRACE,SUPPORT,PROP,POST,PILLAR,medium
STEER,DIRECT,GUIDE,LEAD,PILOT,medium
FLIPPER,PLUNGER,BALL,BUMPER,PINBALL MACHINE COMPONENTS,hard
FILTER,TAMPER,PIPE CLEANER,LIGHTER,PIPE-SMOKING ACCESSORIES,hard
ZEST,KICK,PUNCH,ZING,PIQUANCY,easy
ZIP,BITE,TANG,KICK,PIQUANCY,hard
BRAVE,COCO,UP,CARS,PIXAR MOVIES,hard
RACECAR,GRUMPY OLD MAN,TALKING DOLL,CLOWNFISH,PIXAR PROTAGONISTS,hard
PORT,JACK,OUTLET,SOCKET,PLACE TO PLUG SOMETHING IN,medium
VAULT,CHEST,COFFER,SAFE,PLACE TO STORE VALUABLES,medium
PUT,LAID,SAT,PLACED,PLACED DOWN,hard
TEMPLE,SHRINE,RELIQUARY,ALTAR,PLACES FOR WORSHIP,easy
CHAMPAGNE,NICE,TOURS,DIJON,PLACES IN FRANCE,hard
NICE,ANGERS,REUNION,CHAMPAGNE,PLACES IN FRANCE,very_hard
WALL STREET,CHINATOWN,DUMBO,MANHATTAN,PLACES IN NEW YORK CITY,easy
GULF,CHEVRON,SHELL,7-ELEVEN,PLACES THAT SELL GAS,hard
WALLET,ATM,TIP JAR,CASH REGISTER,PLACES TO FIND PAPER MONEY,easy
RED CARPET,AMERICAN FLAG,UBER RATING,GALAXY,PLACES TO FIND STARS,hard
WEB,NET,SNARE,TANGLE,PLACES TO GET TRAPPED,easy
ROCKER,SWING,HAMMOCK,CRADLE,PLACES TO LIE/SIT THAT MOVE,hard
OUTLET,MARKET,MALL,OUTLET,PLACES TO SHOP,easy
STORE,BAZAAR,MARKET,FAIR,PLACES TO SHOP,easy
LAND,WORLD,CITY,TOWN,PLACES USED IN RETAIL SUFFIXES,medium
GYM,COURTROOM,PARK,DUGOUT,PLACES WITH BENCHES,very_hard
BOWLING ALLEY,HIGHWAY,SUPERMARKET,SWIMMING POOL,PLACES WITH LANES,medium
GENUS,CARS,DARTH,BLUTO,PLANETS/DWARF PLANET WITH FIRST LETTER CHANGED,very_hard
SPROUT,BUD,BLOOM,SHOOT,PLANT GROWTHS,medium
ANISE,FENNEL,LICORICE,TARRAGON,PLANTS WITH SIMILAR FLAVORS,medium
TRICK,FOOL,PRANK,PUNK,PLAY A JOKE ON,medium
GROOVE,ROCK,SHRED,JAM,PLAY MUSIC WITH PASSION,medium
SOLO,JAM,SHRED,NOODLE,PLAY SOME ELECTRIC GUITAR,medium
DATE,DOH,DIRTY,DEAD,PLAY ___,very_hard
KID,RIB,TEASE,JOSH,PLAYFULLY BOTHER,easy
KID,TEASE,RIB,NEEDLE,PLAYFULLY POKE FUN AT,easy
SWINGS,SLIDE,TEETER-TOTTER,MONKEY BARS,PLAYGROUND EQUIPMENT,easy
SWING,SANDBOX,SLIDE,SEESAW,PLAYGROUND FIXTURES,easy
TAG,HIDE,DODGE,HOP,PLAYGROUND VERBS,medium
SPADE,HEART,DIAMOND,CLUB,PLAYING CARD SUITS,easy
JACK,KINGS,ACE,QUEENS,PLAYING CARDS,easy
KING,JACKS,ACES,QUEEN,PLAYING CARDS,easy
SCENT,FRAGRANCE,BOUQUET,AROMA,PLEASANT SMELLS,easy
SNAKE,PIPE,WRENCH,PLUNGER,PLUMBING EQUIPMENT,medium
SACK,RAID,ROB,LOOT,PLUNDER,easy
BOOTY,LOOT,SWAG,SPOILS,PLUNDER,very_hard
SHEEP,SQUID,DEER,SHRIMP,PLURAL ANIMALS IDENTICAL TO THEIR SINGULAR FORMS,hard
DICE,MICE,LICE,OXEN,PLURAL WORDS THAT ARE VERY DIFFERENT FROM THEIR SINGULAR FORMS,very_hard
UP FIRST,RADIOLAB,WTF,SERIAL,PODCASTS,hard
METER,VERSE,LINE,RHYME,POETRY TERMS,hard
POSITION,PERSPECTIVE,LENS,ANGLE,POINT OF VIEW,medium
CALL,CHECK,RAISE,FOLD,POKER ACTIONS,hard
FOLD,CALL,CHECK,BET,POKER ACTIONS,medium
BONES,ELEMENTARY,KOJAK,MONK,POLICE PROCEDURALS,hard
RELATIONS,CONGRESS,COMMERCE,INTIMACY,POLITE TERMS FOR SEX,medium
NOODLE,MUSE,REFLECT,DELIBERATE,PONDER,hard
GRANDE,MARS,STYLES,SWIFT,POP MEGASTARS,easy
MAR,KEY,STYLE,SPEAR,POP SINGERS MINUS “S”,very_hard
KETTLE,STOVETOP,MICROWAVE,POPPER,POPCORN-MAKING METHODS,hard
SHARE,PIECE,TAKE,CUT,PORTION OF PROFIT,hard
FOR,PRO,AYE,YEA,POSITIONS IN FAVOR,easy
BOOT,TOW,TICKET,POINTS,POSSIBLE RESULTS OF A TRAFFIC VIOLATION,hard
STALL,PUNT,HOLD,TABLE,POSTPONE,very_hard
STICKER,BELLY,HOLE,LUCK,POT___,very_hard
WING,BREAST,TENDER,THIGH,POULTRY CUTS,easy
TENDER,WING,BREAST,THIGH,POULTRY CUTS,medium
OUTAGE,SHORT,SURGE,SPIKE,POWER ISSUES,medium
RANGER,NAP,PLANT,TRIP,POWER ___,very_hard
FEATHER,MUSHROOM,FLOWER,STAR,POWER-UPS IN SUPER MARIO WORLD,very_hard
TOILET PAPER,MOON,EGG,STREAK,PRANK VERBS,very_hard
JABBER,CHAT,GAB,BLATHER,PRATTLE ON,medium
CUSP,EVE,BRINK,VERGE,PRECIPICE,easy
MESS,FIX,PICKLE,JAM,PREDICAMENT,easy
FIX,HOLE,SPOT,CORNER,PREDICAMENT,hard
BINDS,JAMS,SPOTS,PICKLES,PREDICAMENTS,hard
FORECAST,DIVINE,READ,CALL,PREDICT,hard
HYPER,OVER,SUPER,EXTRA,PREFIX MEANING “VERY”,easy
PRO,SUB,SUPER,RETRO,PREFIXES,hard
DEMO,AUTO,BUREAU,PLUTO,PREFIXES WITH -CRACY,very_hard
CURES,SMOKES,SALTS,CANS,"PRESERVES, AS MEAT",medium
RUN,DIRECT,LEAD,CHAIR,PRESIDE OVER,medium
CHESTER,HARRY,CALVIN,GROVER,PRESIDENTIAL FIRST NAMES,hard
LINCOLN,FORD,GRANT,WILSON,PRESIDENTS,easy
IMAGINE,THINK,FIGURE,SUSPECT,PRESUME,easy
AFFECT,CHARADE,FRONT,AIRS,PRETENSE,medium
GOOD,PENNY,PLEASE,WOMAN,PRETTY ___,very_hard
POKE,STICK,JAB,PIERCE,PRICK,easy
FIRST,CHIEF,PRINCIPAL,MAIN,PRIMARY,medium
GIBBON,BONOBO,GORILLA,BABOON,PRIMATES,medium
BULLETIN,ANNOUNCEMENT,NOTICE,POSTER,PRINTED NOTIFICATION,easy
TEAM,NUMBER,COLLEGE,POSITION,PRO ATHLETE DATA,hard
UNDERTAKER,HITMAN,ROCK,SNAKE,"PRO WRESTLING ICONS, WITH “THE”",hard
CARAVAN,PARADE,TRAIN,FLEET,PROCESSION,easy
RESERVE,SECURE,BOOK,CHARTER,PROCURE IN ADVANCE,medium
CONE,POLLEN,ACORN,SAP,PRODUCED BY TREES,easy
LINE,TRADE,FIELD,BUSINESS,PROFESSION,hard
RUBY,JAVA,BASIC,PYTHON,PROGRAMMING LANGUAGES,hard
DRAG,INCH,CREEP,CRAWL,PROGRESS SLOWLY,easy
DENY,FORBID,BAN,BLOCK,PROHIBIT,medium
DENY,BAR,REFUSE,BLOCK,"PROHIBIT, AS ENTRY",easy
CAGE,BACON,FORD,CRUISE,PROLIFIC ACTORS,hard
SELL,MARKET,PITCH,HYPE,PROMOTE,easy
HERE,WEE,THEME,USE,PRONOUN PLUS “E”,very_hard
I,YOU,THEY,ME,PRONOUNS,medium
US,WE,IT,THEM,PRONOUNS,medium
HOP,LEAP,JUMP,SPRING,PROPEL INTO THE AIR,easy
JAZZERCISE,PARALYMPICS,POKÉMON,WIKIPEDIA,PROPER NOUN PORTMANTEAUX,hard
JOHN MALKOVICH,LAS VEGAS,PRIVATE RYAN,AMY,PROPER NOUNS AFTER GERUNDS IN '90S MOVIE TITLES,very_hard
YANKEES,KATE,BIRDIE,DOLLY,PROPER NOUNS IN BROADWAY MUSICAL TITLES THAT ARE SPOKEN PHRASES,hard
DONUT,PACIFIER,SKATEBOARD,SAXOPHONE,PROPS FOR CHARACTERS ON “THE SIMPSONS”,hard
PAD,BUFFER,SHIELD,CUSHION,PROTECTIVE BARRIER,medium
SKIN,SHELL,SCALES,BARK,PROTECTIVE COVERINGS IN NATURE,medium
MILK,GUTS,BEANS,TEA,PROVERBIAL THINGS THAT ARE SPILLED,very_hard
HORNETS’ NEST,CAN,TIRES,HABIT,PROVERBIAL THINGS TO KICK,hard
EXPLAIN,EXPAND,SPECIFY,ELABORATE,PROVIDE MORE DETAILS,medium
CHARACTER,IMAGE,REPUTATION,NAME,PUBLIC STANDING,medium
EXPOSURE,PRESS,ATTENTION,COVERAGE,PUBLICITY,easy
COPY,WORDS,WRITING,TEXT,PUBLISHED LINES,medium
YANK,JERK,WRENCH,TUG,PULL,medium
YANK,TEAR,WRENCH,RIP,PULL USING FORCE,easy
SOCK,SLUG,BLOW,BELT,PUNCH,easy
POUND,SOCK,POP,SLUG,PUNCH,medium
HYPHEN,PERIOD,DASH,COLON,PUNCTUATION MARKS,medium
SLASH,COLON,COMMA,PERIOD,PUNCTUATION MARKS,medium
CRATE,COLLAR,BOWL,BED,PUPPY PURCHASES,medium
BOTTLE,MOBILE,CRIB,RATTLE,PURCHASES FOR A BABY,medium
RAIN,PROSE,HAZE,HEART,PURPLE ___,very_hard
DOG,TAIL,SHADOW,TRACK,PURSUE,hard
CHASE,TAIL,TRACK,FOLLOW,PURSUE,hard
TRAIL,STALK,HUNT,TRACK,PURSUE,medium
HUNT,CHASE,QUEST,SEARCH,PURSUIT,easy
SHOULDER,BARGE,JOSTLE,MUSCLE,PUSH THROUGH A CROWD,very_hard
HITS,TAPS,CLICKS,PRESSES,"PUSHES, AS A BUTTON",medium
GIVE,PRONOUNCE,PRESENT,DELIVER,"PUT FORWARD, AS AN ANNOUNCEMENT",medium
BET,CHANCE,GAMBLE,RISK,PUT ON THE LINE,easy
CRACK,SLIGHT,DIG,BARB,PUTDOWN,easy
WET,COLD,WINDY,GRAY,QUALITIES OF A RAINY DAY,easy
STRINGY,DRY,CHEWY,TOUGH,QUALITIES OF OVERCOOKED MEAT,easy
LIFT,BOUNCE,VOLUME,BODY,QUALITIES OF THICK HAIR,hard
COUNT,TOTAL,NUMBER,AMOUNT,QUANTITY,easy
SOME,SEVERAL,MANY,FEW,QUANTITY WORDS,hard
TIFF,SCRAP,ROW,FIGHT,QUARREL,medium
BED,MARY,BEE,MOTHER,QUEEN ___,very_hard
SWIM,DIP,SPLASH,DIVE,QUICK JUMP IN THE POOL,medium
LOOK,GANDER,GLANCE,GLIMPSE,QUICK PEEK,easy
BLAST,RAVE,BASH,BLOWOUT,QUITE THE PARTY,easy
CHATTERBOX,BLABBERMOUTH,PRATTLER,WINDBAG,QUITE THE TALKER,easy
GROSS,KING,STERN,GLASS,RADIO HALL OF FAME MEMBERS,very_hard
COPY,OUT,ROGER,OVER,RADIO LINGO,hard
ROGER,NEGATIVE,OVER,COPY,RADIO LINGO,medium
CHANNEL,BAND,FREQUENCY,STATION,RADIO TUNING OPTIONS,medium
FOREST,COAT,MAKER,BOW,RAIN___,very_hard
GRIME,BOUNCE,DRILL,CRUNK,RAP SUBGENRES,hard
Q-TIP,ICE CUBE,COMMON,FUTURE,RAPPERS,hard
TIP,PAIN,40,COLE,RAPPERS MINUS FIRST LETTER,very_hard
PAC,SAVAGE,CHAINZ,CENT,RAPPERS MINUS NUMBERS,very_hard
ROUGH,GRUFF,HUSKY,HOARSE,RASPY,easy
PERCENTAGE,THUMBS,STARS,A-F,RATINGS SYSTEMS,hard
BASIS,FOUNDATION,REASON,GROUNDS,RATIONALE,easy
MESSAGE,PING,TEXT,CONTACT,REACH OUT TO,medium
96,MOW,NOON,SIS,READS THE SAME ROTATED 180°,very_hard
ESTATE,MADRID,WORLD,DEAL,REAL ___,very_hard
CATFISH,CHOPPED,SURVIVOR,ALONE,REALITY SHOWS,medium
DOMAIN,FIELD,SPHERE,AREA,REALM OF EXPERTISE,easy
BOUNCE,RICOCHET,CAROM,BANK,REBOUND,medium
COLUMBIA,VIRGIN,CAPITOL,ISLAND,RECORD LABELS,hard
SHOEBOX,BRICK,FISH TANK,MICROWAVE,RECTANGULAR PRISMS,hard
GLASS,METAL,PLASTIC,PAPER,RECYCLING CATEGORIES,medium
BULL,CARPET,MEAT,CROSS,RED ___,very_hard
VELVET,HERRING,DELICIOUS,TAPE,RED ___,very_hard
ELEGANCE,GRACE,STYLE,TASTE,REFINED SENSIBILITY,easy
GLEAM,GLITTER,SPARKLE,FLASH,REFLECT LIGHT,easy
BUY,TRUST,BELIEVE,ACCEPT,REGARD AS TRUE,easy
ABOUT,TOWARD,ON,CONCERNING,REGARDING,hard
LIMIT,CHECK,CURB,CONTAIN,REGULATE,hard
PARROT,ECHO,REPEAT,QUOTE,REITERATE,medium
INSURANCE,ESCROW,APPRAISAL,MORTGAGE,RELATED TO BUYING A HOME,hard
ACOUSTIC,AUDITORY,HEARD,SONIC,RELATED TO SOUND/HEARING,medium
CONDUCTOR,CAR,TRACK,STATION,RELATED TO TRAINS,medium
MOTHER,COUSIN,NEPHEW,AUNT,RELATIVES,easy
HANG,LOAF,CHILL,LOUNGE,RELAX,easy
LOUNGE,LOAF,CHILL,VEG,RELAX,medium
PASTOR,LAMA,CARDINAL,MONK,RELIGIOUS FIGURES,easy
POWER,MENU,VOLUME,CHANNEL,REMOTE CONTROL BUTTONS,easy
MENU,BACK,SELECT,HOME,REMOTE CONTROL BUTTONS,hard
STOP,HOME,MUTE,VOLUME,REMOTE CONTROL FUNCTIONS,hard
COUNTRY,WOODS,BUSH,STICKS,REMOTE RURAL AREA,medium
THREAD,WAX,PLUCK,LASER,"REMOVE, AS BODY HAIR",easy
WIPE,FLICK,SWEEP,BRUSH,"REMOVE, AS CRUMBS",hard
PARES,SHELLS,SHUCKS,PEELS,REMOVES THE COVERING OF,hard
WORK,UPGRADES,CONSTRUCTION,REPAIRS,RENOVATIONS,medium
THERE,HEAR,TUT,KNOCK,REPEATED WORDS IN EXPRESSIONS,medium
COPY,EXTRA,SPARE,BACKUP,REPLACEMENT,easy
BACKUP,SUBSTITUTE,COVER,SUB,REPLACEMENT,medium
RELIEF,ALTERNATE,COVER,BACKUP,REPLACEMENT,medium
LYRE,BIG BEAR,CENTAUR,HUNTER,REPRESENTED BY CONSTELLATIONS,medium
INTRO CLASS,DEVIL,JAMES BOND,CANNABIS,REPRESENTED BY THREE-DIGIT NUMBERS,very_hard
STANDING,FACE,IMAGE,REGARD,REPUTATION,hard
BANK,SAVE,STASH,STORE,RESERVE FOR LATER,easy
STAY,LIVE,DWELL,INHABIT,RESIDE,easy
MAT,BAND,DUMBBELL,BENCH,RESISTANCE TRAINING EQUIPMENT,medium
RIGHT,CORRECT,BINGO,YES,RESPONSE TO A CORRECT ANSWER,medium
STARTER,DESSERT,SIDE,MAIN,RESTAURANT COURSES,medium
DISHWASHER,COOK,HOST,SERVER,RESTAURANT JOBS,medium
BOOTH,COUNTER,TABLE,BAR,RESTAURANT SEATING OPTIONS,hard
TAP,SPARKLING,BOTTLED,STILL,RESTAURANT WATER OPTIONS,easy
CHEF,SERVER,HOST,BARTENDER,RESTAURANT WORKERS,easy
CHECK,CURB,LIMIT,STEM,RESTRAIN,hard
CHECK,BLOCK,STOP,DAM,RESTRICT,easy
CHECK,CURB,LIMIT,CAP,RESTRICT,hard
FRUIT,PRODUCT,RETURN,YIELD,RESULT,easy
PRODUCT,SUM,DIFFERENCE,QUOTIENT,RESULTS OF SOME ARITHMETIC,hard
DITCH,PIT,HOLE,TRENCH,RESULTS OF SOME DIGGING,medium
BEST BOY,IDEA,STABLES,KRONER,RETAIL CHAINS WITH A LETTER CHANGED,very_hard
LIME,PICKLE,MORTAR,JENNY,RHYME WITH U.S. COINS,very_hard
KAREN,AARON,DARREN,SHARON,RHYMES,easy
FRYER,FIRE,CHOIR,LIAR,RHYMES,hard
HURDLE,CONFECTIONS,GRANDS,SWELLING SEA,RHYMES FOR NEW YORK TIMES GAMES,very_hard
WIDEN,VIXEN,PAGAN,SMARTER,RHYMES OF U.S. PRESIDENT NAMES,very_hard
HUBBUB,NITWIT,BACKPACK,RAGTAG,RHYMING COMPOUND WORDS,very_hard
DOWNTOWN,BACKPACK,COOKBOOK,BIGWIG,RHYMING COMPOUND WORDS,very_hard
BE KIND REWIND,FRIGHT NIGHT,E.T.,KILL BILL,RHYMING TITLES,medium
CLEAR,DRAIN,EMPTY,FLUSH,RID OF CONTENTS,medium
STIFF,ROB,HOSE,FLEECE,RIP OFF,easy
TORN,CLEFT,SPLIT,RENT,RIPPED,medium
SPICY,BLUE,ADULT,SUGGESTIVE,RISQUÉ,hard
AVENUE,DRAG,DRIVE,ARTERY,ROAD,medium
ALLEY,LANE,DRIVE,STREET,ROAD NAMES,easy
ANVIL,COYOTE,BOULDER,TNT,ROAD RUNNER CARTOON STAPLES,medium
CASINO,HEAT,TAXI DRIVER,JOKER,ROBERT DE NIRO FILMS,hard
HEALTHY,STRONG,FIT,SOUND,ROBUST,easy
HEART,QUEEN,MADONNA,PRINCE,ROCK & ROLL HALL OF FAME INDUCTEES,hard
GLAM,METAL,GOTH,PUNK,ROCK GENRES,hard
ARENA,GARAGE,ALTERNATIVE,CLASSIC,ROCK MUSIC SUBGENRES,medium
PAPER,SHOOT,SCISSORS,ROCK,ROCK PAPER SCISSORS,hard
STAR,CANDY,BOTTOM,GARDEN,ROCK ___,very_hard
PICTURE,ROCKY,SHOW,HORROR,ROCKY HORROR PICTURE SHOW,easy
RAT,HAMSTER,VOLE,GERBIL,RODENTS,medium
ROCKY,ITCHY,PINKY,CHIP,RODENTS WHO ARE FIRST IN A CARTOON DUO,very_hard
STICK,BAT,CLUB,STAFF,RODS,easy
CROCHET HOOK,CROWBAR,CROOK,CANDY CANE,RODS THAT CURVE AT ONE END,very_hard
V,L,M,D,ROMAN NUMERALS,hard
CONNECTION,SPARK,FEELINGS,VIBE,ROMANTIC BEGINNINGS,hard
YOURS,ALWAYS,KISSES,LOVE,ROMANTIC LETTER SIGN-OFFS,medium
LOVER,STEADY,SWEETHEART,FLAME,ROMANTIC PARTNER,easy
ATTRACTION,SPARKS,CHEMISTRY,FIREWORKS,ROMANTIC RAPPORT,easy
THING,PAIR,COUPLE,ITEM,ROMANTIC TWOSOME,medium
SPARK,FIREWORKS,CONNECTION,CHEMISTRY,ROMANTIC VIBE,hard
STUDY,DEN,KITCHEN,BEDROOM,ROOMS IN A HOUSE,easy
STUDY,LOUNGE,LIBRARY,HALL,ROOMS IN THE GAME CLUE,easy
HANDSET,CRADLE,DIAL,CORD,ROTARY PHONE PARTS,medium
CRANK,TURN,WIND,REEL,ROTATE,medium
EVEN,ODD,BLACK,RED,ROULETTE BETS,medium
RED,EVEN,ODD,BLACK,ROULETTE OPTIONS,very_hard
PANCAKE,RECORD,COASTER,FRISBEE,ROUND FLAT THINGS,easy
FUNDING,GOLF,APPLAUSE,DRINKS,ROUND OF ___,very_hard
GLOBE,BALL,ORB,SPHERE,ROUND THREE-DIMENSIONAL OBJECTS,easy
PRINCE,BARON,KING,EARL,ROYAL AND NOBLE TITLES,medium
WE,FLUSH,FAMILY,JELLY,ROYAL ___,very_hard
GRATE,GNASH,GRIND,SCRAPE,RUB TOGETHER,easy
URGENT,VOID,APPROVED,PAID,RUBBER STAMP WORDS,hard
SOUL,CEMENT,BAND,DUCKIE,RUBBER ___,very_hard
POINT,STARE,WHISPER,SNICKER,RUDE THINGS TO DO,hard
INTERRUPT,POINT,STARE,LITTER,RUDE THINGS TO DO,medium
DESERT,JILT,IGNORE,GHOST,RUDELY BREAK OFF CONTACT,hard
ROOT,DIG,SIFT,COMB,RUMMAGE,easy
RACE,DASH,SPRINT,BOLT,RUN QUICKLY,hard
PEDESTRIAN,BANAL,EVERYDAY,HUMDRUM,RUN-OF-THE-MILL,medium
BLEW,BURST,SPLIT,BROKE,RUPTURED,easy
DRAFT,PUFF,BLOW,GUST,RUSH OF WIND,easy
GUST,BLOW,BLAST,GALE,RUSH OF WIND,medium
TAR,SALTY DOG,SWAB,SKIPPER,SAILOR,medium
RUFFLE,COMBO,GOLDFISH,TAKI,SALTY SNACK UNIT,hard
PRAISE,APPLAUD,HAIL,HONOR,SALUTE,easy
HAVEN,RETREAT,PORT,SHELTER,SANCTUARY,easy
MELT,SUB,CLUB,CUBAN,SANDWICHES,medium
STONE,PAPER,CASTLE,PIPER,SAND___,very_hard
DASHER,COMET,VIXEN,CUPID,SANTA’S REINDEER,medium
CHEEK,MOUTH,ATTITUDE,LIP,SASSINESS,easy
CUTE,SMART,WISE,FRESH,SASSY,easy
LAMPOON,CRACKED,ONION,MAD,"SATIRICAL PUBLICATIONS, FAMILIARLY",hard
PAY,CLEAR,SQUARE,SETTLE,"SATISFY, AS DEBTS",medium
PLUM,SOY,XO,OYSTER,SAUCES IN CHINESE CUISINE,hard
RACKET,FAST ONE,HUSTLE,CON,SCAM,medium
AROMA,NOTE,NOSE,BOUQUET,SCENTS OF WINE,medium
TRICK,PLOY,CON,STING,SCHEME,medium
PLOT,HUSTLE,RACKET,RUSE,SCHEME,medium
SNOOT,SNOUT,BEAK,HONKER,SCHNOZZ,medium
LAB,LIBRARY,GYM,AUDITORIUM,SCHOOL FACILITIES,easy
FISH,HARD KNOCKS,THOUGHT,ROCK,SCHOOL OF ___,very_hard
LUNCH,RECESS,HOMEROOM,CLASS,SCHOOL PERIODS,easy
PEN,RULER,TAPE,SCISSORS,SCHOOL SUPPLIES,easy
DUNE,ALIEN,AVATAR,TRON,SCI-FI FRANCHISES,very_hard
ABYSS,FLY,THING,MATRIX,"SCI-FI MOVIES, WITH “THE”",very_hard
BUNCH,RUFFLE,PUCKER,GATHER,"SCRUNCH, AS FABRIC",medium
TANK,SNORKEL,FINS,MASK,SCUBA GEAR,easy
SQUID,RAY,CRAB,SPONGE,SEA CREATURES,easy
CHANGE,CUCUMBER,LION,LEGS,SEA ___,very_hard
HARP,MONK,HOODED,HARBOR,SEALS,very_hard
BALTIC,PHILIPPINE,RED,BLACK,SEAS,hard
PRIVATE,REMOTE,HIDDEN,SECRET,SECLUDED,easy
CLYDE,CHER,TELLER,HARDY,SECOND IN A FAMOUS REAL-LIFE DUO,hard
GAMBLE,NOBLE,YOUNG,JOHNSON,SECOND NAMES IN COMPANIES WITH AMPERSANDS,very_hard
PEAKS,VELVET,HIGHWAY,DRIVE,SECOND WORDS IN DAVID LYNCH TITLES,hard
MASQUE,CASK,FALL,PIT,"SECOND WORDS IN POE STORIES, AFTER ""THE""",hard
DOGS,FICTION,UNCHAINED,BROWN,SECOND WORDS IN TARANTINO MOVIES,very_hard
MIA,GIMME,QUEEN,TROUPER,SECOND WORDS IN TITLES OF ABBA HITS,very_hard
RUSSIAN,MULE,MARY,BREEZE,SECOND WORDS OF VODKA COCKTAILS,very_hard
BELL,DARLING,HOOK,PAN,SECOND WORDS OF “PETER PAN” CHARACTERS,very_hard
COMING,NATURE,FIDDLE,GUESS,SECOND ___,medium
FIDDLE,GUESS,NATURE,WIND,SECOND ___,very_hard
CODE,SAUCE,AGENT,SANTA,SECRET ___,very_hard
LATEX,GUM,SAP,RESIN,SECRETED BY TREES,medium
DIVISION,WING,DIVISION,TIER,SECTION,easy
BRANCH,RANK,CLASS,LIMB,SECTION,easy
STAGE,CHAPTER,PHASE,PERIOD,SECTION OF ONE’S LIFE,medium
REQUEST,BOOK,RESERVE,ORDER,SECURE IN ADVANCE,medium
REGISTER,SCANNER,CONVEYOR BELT,SCALE,SEEN AT A GROCERY CHECKOUT COUNTER,medium
JUMBOTRON,SKYBOX,SCOREBOARD,ASTROTURF,SEEN AT A SPORTS STADIUM,easy
CAKE,ALTAR,BOUQUET,RING,SEEN AT A WEDDING,medium
CONE,LITTLE SPOON,CUP,SCOOP,SEEN AT AN ICE CREAM SHOP,medium
TRAPEZE,RING,CLOWN,TENT,SEEN AT THE CIRCUS,easy
JELLY BEAN,EGG,BUNNY,PEEP,SEEN DURING EASTER,hard
PITCHFORK,BALE,HORSE,TROUGH,SEEN IN A BARN,medium
COUNTER,RANGE,SINK,FRIDGE,SEEN IN A KITCHEN,easy
HAMPER,WASHER,IRON,DRYER,SEEN IN A LAUNDRY ROOM,easy
MIRROR,SCALE,LOCKER,BENCH,SEEN IN A LOCKER ROOM,medium
PHOTO,VISA,NAME,STAMP,SEEN IN A PASSPORT,very_hard
CLAY,KILN,WHEEL,GLAZE,SEEN IN A POTTERY STUDIO,medium
CAST,DIRECTOR,TITLE,STUDIO,SEEN IN OPENING CREDITS,hard
MUSHROOM,PUDDLE,EARTHWORM,MUD,SEEN IN THE AFTERMATH OF A RAINSTORM,very_hard
PRINCESS,PARROT,GENIE,MONKEY,SEEN IN “ALADDIN”,hard
PRINCE,SLIPPER,BALL,PUMPKIN,SEEN IN “CINDERELLA”,hard
LADDER,BARREL,HAMMER,GORILLA,SEEN IN “DONKEY KONG”,very_hard
RUBBLE,BONE,DINOSAUR,CLUB,SEEN IN “THE FLINTSTONES”,very_hard
TWINS,HEDGE MAZE,TYPEWRITER,AXE,SEEN IN “THE SHINING”,very_hard
CHICKEN,TRACTOR,FARMER,BARN,SEEN ON A FARM,medium
CLUB,HOLE,CART,TEE,SEEN ON A GOLF COURSE,hard
CANDLESTICK,PLACEMAT,PLATE,PITCHER,SEEN ON A TABLE AT A DINNER PARTY,medium
EAGLE,WASHINGTON,SEAL,PYRAMID,SEEN ON A U.S. DOLLAR BILL,hard
TORCH,SHIELD,EAGLE,MONTICELLO,SEEN ON BACKS OF U.S. COINS,very_hard
ROSE,CARD,HEART,CHOCOLATE,SEEN ON VALENTINE’S DAY,hard
BIN,METAL DETECTOR,CARRY-ON,X-RAY,SEEN WHILE GOING THROUGH AIRPORT SECURITY,hard
CYCLE,PHASE,STAGE,ROUND,SEGMENT OF A PROCESS,easy
MARK,CHECK,X,TICK,"SELECT, AS A BOX ON A FORM",hard
TOUCH,SMELL,TASTE,SIGHT,SENSES,easy
PART,FORK,SPLIT,DIVIDE,SEPARATE,hard
SERIES,STREAK,RUN,STRING,SEQUENCE,easy
CHAIN,STRING,TRAIN,SERIES,SEQUENCE,medium
ZODIAC,PSYCHO,MONSTER,SEVEN,SERIAL KILLER MOVIES,hard
THREAD,CHAIN,CONVERSATION,CHAT,SERIES OF MESSAGES,medium
SOLID,TANGIBLE,FIRM,CONCRETE,"SET, AS PLANS",medium
MED,OFF,LO,HI,SETTINGS ON AN APPLIANCE KNOB,very_hard
HAPPY,BASHFUL,GRUMPY,DOC,SEVEN DWARFS,easy
SLEEP,GRUMP,DOPE,DO,SEVEN DWARFS MINUS LAST LETTER,very_hard
JET,SABLE,RAVEN,EBONY,SHADES OF BLACK,hard
RAVEN,CHARCOAL,JET,ONYX,SHADES OF BLACK,hard
POWDER,BABY,ICE,SKY,SHADES OF BLUE,easy
ROYAL,POWDER,BABY,MIDNIGHT,SHADES OF BLUE,medium
OLIVE,FOREST,KELLY,EMERALD,SHADES OF GREEN,hard
LIME,PEA,HUNTER,OLIVE,SHADES OF GREEN,medium
BOTTLE,FOREST,MINT,KELLY,SHADES OF GREEN,medium
MAROON,RUBY,ROSE,BRICK,SHADES OF RED,easy
RUBY,BRICK,CHERRY,CHERRY,SHADES OF RED,easy
GOLD,CANARY,MUSTARD,LEMON,SHADES OF YELLOW,easy
VIOLA,JULIET,DUNCAN,PUCK,SHAKESPEARE CHARACTERS,hard
WILT,ART,ANON,THOU,SHAKESPEAREAN WORDS,very_hard
NERVE,GALL,CHEEK,BRASS,SHAMELESS BOLDNESS,easy
CIRCLE,HORSESHOE,TRIANGLE,PITCHFORK,SHAPES OF CAPITAL GREEK LETTERS,very_hard
COLLECTIVE,MUTUAL,JOINT,COMMON,SHARED,easy
TACK,PIN,BRAD,NAIL,SHARP FASTENERS,hard
SPINE,BARB,NEEDLE,BRISTLE,SHARP PROTRUSION,easy
BITE,SPICE,EDGE,PUNCH,SHARP QUALITY,hard
HAIRPIN,DOGLEG,ZAG,SWITCHBACK,SHARP TURNS,medium
RESOLUTION,DETAIL,DEFINITION,CLARITY,"SHARPNESS, AS OF AN IMAGE",medium
STEER,DIRECT,LEAD,GUIDE,SHEPHERD,medium
STERN,PORT,STARBOARD,BOW,SHIP DIRECTIONS,medium
BUTTON,POCKET,CUFF,COLLAR,SHIRT FEATURES,medium
TEE,CROP,POLO,TANK,SHIRTS,easy
WAVE,VALUE,JOCK,HORROR,SHOCK ___,very_hard
LACE,HEEL,SOLE,TONGUE,SHOE PARTS,easy
SOLE,EYELET,LACE,TONGUE,SHOE PARTS,hard
WEDGE,SLIDE,CLOG,SLIDE,SHOES,hard
PUMP,MULE,MARY JANE,FLAT,SHOES,hard
JIFF,FLASH,BIT,SEC,SHORT PERIOD OF TIME,easy
PRINT,FIND,COPY,SAVE,SHORTCUT COMMANDS,hard
STRUT,POSTURE,PEACOCK,GRANDSTAND,SHOW OFF,easy
REDDEN,PANT,CRAMP,SWEAT,SHOW SIGNS OF PHYSICAL EXERTION,hard
USHER,GUIDE,LEAD,DIRECT,SHOW THE WAY,easy
ER,SCRUBS,RATCHED,HOUSE,SHOWS SET IN HOSPITALS,hard
EDUCATION,OCCUPATION,SPOUSE,BORN,SIDEBAR INFO ON A PERSON’S WIKIPEDIA PAGE,hard
GOOSE,HOBBES,WATSON,ROBIN,SIDEKICKS,hard
GRATE,GUTTER,MANHOLE,CURB,SIDEWALK SIGHTS,easy
WHISTLE,HAIL,WAVE,FLAG,"SIGNAL DOWN, AS A TAXI",medium
WEIGHT,GRAVITY,IMPORT,SUBSTANCE,SIGNIFICANCE,medium
MAJOR,SERIOUS,IMPORTANT,BIG,SIGNIFICANT,easy
MEAN,CONVEY,EXPRESS,SPELL,SIGNIFY,easy
HUSH,PEACE,STILL,CALM,SILENCE,easy
WOULD,CALF,COLONEL,CHALK,"SILENT ""L""",hard
DEPOT,POIROT,APOSTLE,MORTGAGE,"SILENT ""T""",medium
GNAW,GNAT,GNOME,GNOCCHI,SILENT “G”,hard
DOORKNOB,TOPKNOT,KNIFE,UNKNOWN,SILENT “K”,hard
SALMON,COLONEL,WALK,YOLK,SILENT “L”,very_hard
WITCH,CASTLE,LISTEN,HUSTLE,SILENT “T”,very_hard
WREATH,SWORD,WRAP,PLAYWRIGHT,SILENT “W”,medium
WRIST,TWO,WRONG,ANSWER,SILENT “W”,very_hard
YAHOO,GOOF,GOOSE,DODO,SILLY PERSON,medium
SCREEN,FOX,SPOON,LINING,SILVER ___,very_hard
BAGGIE,BARGE,PISA,COMER,SIMPSON FAMILY MEMBERS WITH FIRST LETTER CHANGED,very_hard
WONDER,KING,KEYS,LEGEND,SINGER-SONGWRITER PIANISTS,very_hard
GORILLA,BEETLE,MONKEY,BIRD,SINGLE ANIMAL IN A CREATIVELY SPELLED BAND NAME,very_hard
LAP,CYCLE,TURN,REVOLUTION,SINGLE ROTATION,hard
MOOSE,BUFFALO,DEER,FISH,SINGLE/PLURAL ANIMALS,hard
FRIEND,COUNTRYMAN,ROMAN,EAR,SINGULAR NOUN IN A FAMOUS “JULIUS CAESAR” LINE,hard
PANT,GOGGLE,TONG,BOXER,SINGULAR OF THINGS SEEN IN PAIRS,very_hard
PARTRIDGE,CLEAVER,TANNER,BUNKER,SITCOM FAMILIES,very_hard
BLOSSOM,COMMUNITY,COACH,FULL HOUSE,SITCOMS,very_hard
PLACED,PUT,SET,LEFT,SITUATED,hard
TIDY,HEALTHY,HANDSOME,RESPECTABLE,"SIZABLE, AS AN AMOUNT",hard
THUMB,LEAF,FLIP,RIFFLE,"SKIM THROUGH, AS PAGES",hard
COMBINATION,DRY,OILY,NORMAL,SKIN TYPES,hard
SUBTERFUGE,CHICANERY,LEGERDEMAIN,DECEIT,SKULDUGGERY,hard
DIVE,SCRAPER,ROCKET,LARK,SKY___,very_hard
WEED,GRASS,HERB,MARY JANE,SLANG FOR CANNABIS,very_hard
OUTFIT,THREADS,GETUP,DUDS,SLANG FOR CLOTHES,hard
ROCKET FUEL,JAVA,BREW,MUD,SLANG FOR COFFEE,easy
MUD,BREW,JOE,JAVA,SLANG FOR COFFEE,medium
BUD,CHUM,MATE,PAL,SLANG FOR FRIEND,easy
COCONUT,CROWN,SKULL,DOME,SLANG FOR HEAD,easy
CROWN,NOODLE,DOME,MELON,SLANG FOR HEAD,medium
DIGS,CRIB,JOINT,PAD,SLANG FOR HOME,hard
PAPER,CHANGE,DOUGH,GREEN,SLANG FOR MONEY,hard
CHEDDAR,STACKS,PAPER,SCRATCH,SLANG FOR MONEY,hard
KISSER,TRAP,CHOPS,YAP,SLANG FOR MOUTH,medium
GLOSSY,ZINE,RAG,MAG,SLANG FOR PRINTED MATTER,hard
CAN,JOHN,CAN,THRONE,SLANG FOR TOILET,hard
HEAD,JOHN,HEAD,THRONE,SLANG FOR TOILET,hard
ZIP,JACK,LOVE,SQUAT,SLANG FOR ZERO,hard
NOTHING,JACK,NADA,SQUAT,SLANG FOR ZERO,medium
SUIT,COPPER,HACK,SHRINK,SLANGY NAMES FOR PROFESSIONS,hard
POINT,TIP,PRONG,TINE,SLENDER PROJECTIONS,easy
JIM,PICKINGS,SHADY,FIT,SLIM ___,very_hard
EARTHWORM,SALAMANDER,EEL,SLUG,SLIMY ANIMALS,easy
CHERRY,7,BAR,BELL,SLOT MACHINE SYMBOLS,hard
LORIS,SNAIL,TORTOISE,SLOTH,SLOW ANIMALS,hard
DAB,DOLLOP,DROP,DASH,SMALL AMOUNT,medium
BITE,SAMPLE,TASTE,MOUTHFUL,SMALL AMOUNT OF FOOD TO TRY,easy
SCRATCH,MARK,NICK,CHIP,SMALL IMPERFECTION,hard
DING,DENT,NICK,SCRATCH,SMALL IMPERFECTION,medium
BLENDER,TOASTER,MICROWAVE,RICE COOKER,SMALL KITCHEN APPLIANCES,easy
DOLL,MINIATURE,MODEL,FIGURE,SMALL LIKENESS,medium
NOOK,RECESS,CRANNY,NICHE,SMALL OPENING,medium
POM-POM,PEARL,MOTHBALL,PEA,SMALL SPHERICAL THINGS,medium
GLEN,DELL,HOLLOW,VALLEY,SMALL WOODED AREA,hard
FRY,WORLD,WONDER,TALK,SMALL ___,very_hard
RINKY-DINK,MICKEY MOUSE,TWO-BIT,TRIVIAL,SMALL-TIME,easy
SHRED,TRACE,LICK,OUNCE,SMALLEST AMOUNT,medium
CLOCK,CALENDAR,CAMERA,CALCULATOR,SMARTPHONE FEATURES BEGINNING WITH “C”,easy
DASH,PINCH,TOUCH,BIT,SMIDGEN,easy
FILE,BUFF,GRIND,SAND,SMOOTH USING FRICTION,medium
HOHO,YODEL,DEVIL DOG,DING DONG,SNACK CAKES,hard
PYTHON,VIPER,MAMBA,BOA,SNAKES,easy
PUMA,NIKE,ADIDAS,REEBOK,SNEAKER BRANDS,easy
VANS,JORDAN,CONVERSE,PUMA,SNEAKER BRANDS,hard
IMPRESSION,SENSE,HUNCH,FEELING,SNEAKING SUSPICION,medium
ROSTRUM,BEAK,PROBOSCIS,MUZZLE,SNOUTS,very_hard
BASH,BLOWOUT,PARTY,SHINDIG,SOCIAL GATHERING,easy
FUNCTION,PARTY,EVENT,RECEPTION,SOCIAL GATHERING,medium
LIKE,SHARE,SUBSCRIBE,FOLLOW,SOCIAL MEDIA ACTIONS,easy
IN,TUBE,GRAM,BOOK,SOCIAL MEDIA APP ENDINGS,very_hard
SPRITE,SQUIRT,MUG,CRUSH,SODA BRANDS,medium
SUNDAE,MALT,FLOAT,SHAKE,SODA FOUNTAIN ORDERS,easy
LIGHT,RADIATION,FLARE,CORONA,SOLAR EMANATIONS,very_hard
INDIVIDUAL,PARTY,PERSON,CHARACTER,SOMEBODY,hard
PARTY,INDIVIDUAL,CHARACTER,PERSON,SOMEBODY,medium
BREEZE,PICNIC,SNAP,CINCH,SOMETHING EASY TO DO,medium
PIN,CODE,KEY,PASSWORD,SOMETHING ENTERED FOR ACCESS,hard
GEM,BEAUTY,MARVEL,PEACH,SOMETHING EXEMPLARY,hard
BENEFIT,FRUIT,REWARD,RETURN,SOMETHING GAINED FROM HARD WORK,easy
DRAG,YAWN,SNOOZE,BORE,SOMETHING TIRESOME,easy
TRACK,CUT,SINGLE,NUMBER,SONG,hard
SATISFACTION,I RAN,MONTERO,ISTANBUL,SONG TITLES WITH PARENTHESES,very_hard
EDELWEISS,CABARET,MAMMA MIA,MEMORY,SONGS FROM MUSICALS,hard
ALEJANDRO,LOLA,STAN,MICHELLE,SONGS THAT ARE NAMES,very_hard
CARMELA,MEADOW,TONY,JUNIOR,SOPRANOS,easy
HEX,CHARM,MAGIC,SPELL,SORCERER’S OUTPUT,easy
RAW,SENSITIVE,TENDER,DELICATE,SORE TO THE TOUCH,easy
HOME,BRAIN,HEART,COURAGE,SOUGHT AFTER IN “THE WIZARD OF OZ”,hard
SNARL,BARK,HOWL,BAY,SOUND LIKE A DOG,easy
WAVE,ASLEEP,BARRIER,BITE,SOUND ___,very_hard
CHIME,TOCK,CUCKOO,TICK,SOUNDS A CUCKOO CLOCK MAKES,hard
HAR-HAR,HOOT,YUK,WHOOP,SOUNDS OF LAUGHTER,hard
PEAL,RUMBLE,ROLL,CLAP,SOUNDS OF THUNDER,medium
TAP,WELL,SPRING,RAIN,SOURCES OF DRINKING WATER,easy
SUNSHINE,CITRUS,LEAFY GREENS,SUPPLEMENTS,SOURCES OF VITAMINS,easy
BAR,CADET,HEATER,STATION,SPACE ___,very_hard
RAILROAD,CHANCE,AVENUE,UTILITY,SPACES ON A MONOPOLY BOARD,medium
SUS,ME,YO,ELLA,SPANISH PRONOUNS/POSSESSIVES,hard
COMO,ROJO,SOY,POCO,SPANISH WORDS,very_hard
ELLA,LOCO,MAYO,GUSTO,SPANISH WORDS,very_hard
DIAMOND,GOLD,GLITTER,SEQUIN,SPARKLING THINGS,easy
SPARE,LIGHT,THIN,SHORT,SPARSE/LACKING,easy
LIMITED,COLLECTIBLE,EXCLUSIVE,RARE,SPECIAL EDITION ADJECTIVES,medium
DRY,NEAT,VIRGIN,STRAIGHT,SPECIFICATIONS FOR A BARTENDER,hard
MEASURE,COUNT,WEIGHT,VOLUME,SPECS ON CONSUMER PACKAGING,hard
BUMP,CHESS,DIAL,DEMON,SPEED ___,very_hard
BEGINNER,GENIUS,AMAZING,SOLID,SPELLING BEE RANKS,hard
MAZING,GOO,GENUS,SLID,SPELLING BEE RANKS MINUS A LETTER,very_hard
SLEEP,STAY,CRASH,BUNK,SPEND THE NIGHT (AT),medium
HAUNT,VISIT,FREQUENT,PATRONIZE,SPEND TIME AT,hard
BUBBLE,TAPIOCA,PEARL,BOBA,SPHERES IN MILK TEA,medium
JAWBREAKER,MEATBALL,ORANGE,MOZZARELLA,SPHERICAL FOODS,medium
MARBLE,GLOBE,BUBBLE,PEARL,SPHERICAL THINGS,very_hard
SCARY,GINGER,BABY,POSH,SPICE GIRLS,very_hard
ANISE,MACE,CLOVE,PEPPER,SPICES,easy
DILL,NUTMEG,NUTMEG,SAGE,SPICES,easy
CORIANDER,CLOVE,CARDAMOM,CUMIN,SPICES BEGINNING WITH “C”,easy
HEDGEHOG,CACTUS,MACE,PINEAPPLE,SPIKY THINGS,medium
SNAIL,GALAXY,SUNFLOWER,CYCLONE,SPIRALS IN NATURE,hard
CANNONBALL,JACKKNIFE,BACKFLIP,BELLYFLOP,SPLASHY WAYS TO ENTER A POOL,easy
CAPITAL,BRILLIANT,GRAND,FINE,SPLENDID,hard
SPEECH,LANGUAGE,TONGUE,DIALECT,SPOKEN COMMUNICATION,easy
TALK,ADDRESS,LECTURE,SPEECH,SPOKEN PRESENTATION,easy
FENCING,SUMO,SQUASH,CRICKET,SPORTS,easy
POLO,GOLF,JUDO,POLO,SPORTS,easy
CRICKET,GOLF,SQUASH,POLO,SPORTS,medium
VIPER,MUSTANG,DIABLO,SPIDER,SPORTS CARS,hard
SPREAD,FAVORITE,PARLAY,UNDER,SPORTS GAMBLING TERMS,hard
COACH,GM,SCOUT,PLAYER,SPORTS PROFESSIONALS,medium
COURT,DOME,RINK,BOWL,SPORTS VENUES,medium
ARENA,DIAMOND,FIELD,FIELD,SPORTS VENUES,medium
SHEET,FORMULA,CELL,SORT,SPREADSHEET TERMS,hard
ONION,FLING,CHICKEN,EQUINOX,SPRING ___,very_hard
SCATTER,DUST,SHOWER,PEPPER,SPRINKLE,easy
PLANT,ASSET,AGENT,MOLE,SPY,hard
FRITTER,FIDDLE,THROW,TRIFLE,"SQUANDER, WITH “AWAY”",very_hard
ONE,DANCE,ROOT,MEAL,SQUARE ___,very_hard
DEAD,SMACK,RIGHT,EXACTLY,SQUARELY,medium
COLISEUM,BOWL,DOME,ARENA,STADIUMS,easy
MEET,BRAVE,FACE,CONFRONT,"STAND UP TO, AS A CHALLENGE",medium
SPARK,CATALYST,SPRINGBOARD,LAUNCHPAD,STARTING POINT,medium
OCTOPUSSY,BEETLEJUICE,FOXY BROWN,DOGMA,STARTING WITH ANIMALS,very_hard
LUNAR,PUFNSTUF,CRANIUM,CRONUT,STARTING WITH BIRD HOMOPHONES,very_hard
DRACONIAN,LIBRARY,LEONARDO,HYDRANT,STARTING WITH CONSTELLATIONS,very_hard
BERNIE,RIGATONI,ROMEO,PARISH,STARTING WITH EUROPEAN CAPITALS,very_hard
TRIANGLE,TETRACYCLINE,MONORAIL,DIOXIDE,STARTING WITH GREEK NUMERICAL PREFIXES,hard
NEWTON,ADDERALL,MONITORSHIP,TOADY,STARTING WITH HERPETOFAUNA,very_hard
JUNIPER,FRESHWATER,SOPHOCLES,SENECA,STARTING WITH HIGH SCHOOL/COLLEGE ABBREVIATIONS,very_hard
HELONIUM,HAIKU,YEOMAN,HAYSTACK,STARTING WITH HOMOPHONES OF GREETINGS,very_hard
EYE CONTACT,PEA SOUP,TEA LEAVES,SEA CHANGE,STARTING WITH LETTER HOMOPHONES,very_hard
CALCIUM,TRIGLYCERIDE,BIOPIC,CHEMISE,"STARTING WITH MATH AND SCIENCE CLASSES, FOR SHORT",very_hard
LEADERSHIP,TINDER,IRONIC,GOLDILOCKS,STARTING WITH METALS,very_hard
CARBON,SHIPSHAPE,BUSBOY,TRAINEE,STARTING WITH METHODS OF TRANSPORTATION,very_hard
GLAD-HAND,HAPPY MEAL,SUNNY-SIDE UP,MERRY-GO-ROUND,STARTING WITH OPTIMISTIC WORDS,very_hard
WALLET,SOULMATE,COCONUT,UPDO,STARTING WITH PIXAR MOVIES,very_hard
HISTAMINE,MYSTERY,OUROBOROS,HERRING,STARTING WITH POSSESSIVE DETERMINERS,very_hard
HERSHEY,MINEFIELD,HISTAMINE,ITSY,STARTING WITH POSSESSIVE PRONOUNS,very_hard
KISSCAM,CREAMSICLE,JOURNEYMAN,RUSHMORE,STARTING WITH ROCK BANDS,very_hard
MNEMONIC,KNEE,GNOME,PSYCHE,STARTING WITH SILENT LETTERS,very_hard
WOLF EEL,SCARF RING,BOLT CUTTER,CHOW MEIN,"STARTING WITH SYNONYMS FOR ""EAT""",very_hard
SHOO-IN,SCATTERGORIES,GO-GETTER,LEAVENING,"STARTING WITH SYNONYMS FOR ""SCRAM!""",very_hard
LOOFAH,JOHNSON,CANDLE,TOILETRIES,STARTING WITH SYNONYMS FOR LAVATORY,very_hard
MOCKINGBIRD,KIDNEY,RIBBON,RAZZMATAZZ,STARTING WITH SYNONYMS FOR “TEASE”,very_hard
SCIMITAR,SIMMER,CYMBAL,SYMPHONY,STARTING WITH THE SAME SOUND,hard
DOCTORING,MISSING,LORDING,SIRING,STARTING WITH TITLES,very_hard
KALEIDOSCOPE,PEACOCK,BEETHOVEN,CORNUCOPIA,STARTING WITH VEGETABLES,very_hard
FLYWHEEL,RUSHMORE,DASHBOARD,DARTMOUTH,STARTING WITH WAYS TO MOVE QUICKLY,very_hard
ROLLERBLADE,ANDROID,RATTLESNAKE,SHAKESPEARE,"STARTING WITH “SHAKE, RATTLE AND ROLL”",very_hard
KEN,BOTS,CAME,TAN,STARTS OF AFRICAN COUNTRIES,very_hard
FIDDLER,MERRILY,JERSEY,KINKY,STARTS OF BROADWAY MUSICALS,hard
MOTOR,APP,SAM,GOO,STARTS OF CELL PHONE MAKERS,very_hard
HAZE,PEC,MAC,CASH,STARTS OF CULINARY NUTS,very_hard
SARA,LUXE,WARS,COPE,STARTS OF EUROPEAN CAPITALS,very_hard
GERM,LUXE,MALT,PORT,STARTS OF EUROPEAN COUNTRIES,very_hard
BET,THE,LAMB,DELT,STARTS OF GREEK LETTERS,very_hard
WERE,VAMP,MUM,FRANK,STARTS OF MONSTERS,very_hard
ZIT,PENN,FETT,TORTE,STARTS OF PASTA NAMES,very_hard
EAR,MAR,SAT,MER,STARTS OF PLANET NAMES,very_hard
BUTTER,FREE,BREAST,BACK,STARTS OF SWIMMING STROKES,very_hard
RAP,DON,LEO,MIC,STARTS OF TEENAGE MUTANT NINJA TURTLES,very_hard
NICK,QUART,PEN,DIM,STARTS OF U.S. COINS,very_hard
CART,WASHING,BIDE,NIX,STARTS OF U.S. PRESIDENTS,very_hard
WASH,KENT,MASS,MARY,STARTS OF U.S. STATES,very_hard
AQUA,CAPRI,GEM,SAG,STARTS OF ZODIAC SIGNS,very_hard
BOARD,STRUCK,GATE,FISH,STAR___,very_hard
MA,ME,OK,LA,STATE ABBREVIATIONS,easy
MA,HI,CO,PA,STATE ABBREVIATIONS,easy
IN,MA,OK,OH,STATE ABBREVIATIONS,medium
STATUS,DEAL,SITUATION,STORY,STATE OF AFFAIRS,medium
SPOKE,VOICED,SAID,TOLD,STATED,easy
BLISS,CLOUD NINE,PARADISE,HEAVEN,STATES OF ELATION,easy
SOLID,PLASMA,LIQUID,PLASMA,STATES OF MATTER,easy
SOLID,LIQUID,SOLID,GAS,STATES OF MATTER,easy
PLASMA,LIQUID,GAS,GAS,STATES OF MATTER,easy
TABLET,CROWN,TORCH,ROBE,STATUE OF LIBERTY FEATURES,hard
RANKING,STANDING,POSITION,STATION,STATUS,medium
SKIRT,T-BONE,HANGER,FILET,STEAK CUTS,easy
POCKET,SWIPE,NICK,NICK,STEAL,easy
PINCH,POCKET,PINCH,PALM,STEAL,easy
SWIPE,PALM,POCKET,LIFT,STEAL,medium
GUIDE,GUIDE,DIRECT,SHEPHERD,STEER,easy
DIRECT,LEAD,DRIVE,PILOT,STEER,easy
LEAD,GUIDE,SHEPHERD,DIRECT,STEER,medium
BIND,SPOT,PICKLE,SCRAPE,STICKY SITUATION,very_hard
NOTE,RICE,FINGERS,WICKET,STICKY ___,very_hard
CREAM,WHIP,WHISK,BEAT,STIR VIGOROUSLY,easy
SOLID,SOLID,SQUAT,STOUT,STOCKY,easy
THICK,HUSKY,SQUAT,THICK,STOCKY,easy
HIGH,LIT,BLAZED,BAKED,STONED,medium
RAT,FINK,CANARY,SNITCH,STOOL PIGEON,easy
PLATEAU,SETTLE,LEVEL,FLATTEN,STOP CHANGING,hard
DROP,SHAKE,BREAK,KICK,"STOP, AS A HABIT",medium
TRUNK,CASE,CRATE,CHEST,STORAGE CONTAINERS,easy
CYCLONE,SQUALL,TORNADO,BLIZZARD,STORMS,hard
PEACOCK,PRIME,NETFLIX,HULU,STREAMING SERVICES,easy
COURT,WAY,ALLEY,LANE,STREET SUFFIXES,hard
LANE,ALLEY,COURT,DRIVE,STREET SUFFIXES,medium
ELM,SESAME,FEAR,JUMP,STREETS ON SCREEN,very_hard
DOWNING,MAIN,WALL,FLEET,STREETS WITH SYMBOLIC IMPORTANCE,very_hard
TEST,TAX,TRY,STRAIN,"STRETCH, AS ONE’S PATIENCE",easy
PEPPER,SPRINKLE,SCATTER,LITTER,STREW,medium
TOUGH,STERN,RIGID,FIRM,STRICT,easy
HIT,KNOCK,BOP,TAP,STRIKE,medium
POSE,CHORD,DEAL,MATCH,STRIKE A ___,very_hard
CHEESE,THEORY,BIKINI,BEAN,STRING ___,very_hard
CLOWNFISH,TIGER,ZEBRA,HONEYBEE,STRIPED ANIMALS,medium
RUGBY SHIRT,IBM LOGO,BARCODE,ZEBRA,STRIPY THINGS,hard
FUNK,MUSK,TANG,ODOR,STRONG SMELL,easy
WHARF,DOCK,LIGHTHOUSE,BOARDWALK,STRUCTURES BY THE SHORE,easy
SCRUFF,WHISKERS,SHADOW,FUZZ,STUBBLE,hard
FIRM,SOUND,SOLID,STABLE,STURDY,medium
SOUR,BITTER,BOCK,STOUT,STYLES OF BEER,medium
CASH,BROWN,MERCURY,DYLAN,SUBJECTS OF ACCLAIMED MUSICAL BIOPICS,medium
SOLID,FILLING,SQUARE,HEARTY,"SUBSTANTIAL, AS A MEAL",hard
TUBE,UNDERGROUND,SUBWAY,METRO,SUBTERRANEAN TRANSIT,easy
FIT,APT,PROPER,RIGHT,SUITABLE,medium
DIGEST,DIGEST,OUTLINE,BRIEF,SUMMARY,hard
BRIEF,ABSTRACT,RUNDOWN,ABSTRACT,SUMMARY,hard
REVIEW,OUTLINE,BRIEF,DIGEST,SUMMARY,medium
TEE,SHORTS,SUNGLASSES,HAT,SUMMER GEAR,medium
CHERRY,SPRINKLES,FUDGE,NUTS,SUNDAE TOPPINGS,easy
WAYFARER,AVIATOR,WRAPAROUND,CAT EYE,SUNGLASSES,hard
PRINCESS,MUSHROOM,DINOSAUR,PLUMBER,SUPER MARIO-RELATED,hard
PAC,GLUE,MARIO WORLD,POWER,SUPER ___,hard
GLUE,TUESDAY,8,BOWL,SUPER ___,very_hard
SHALLOW,EXTERNAL,SURFACE,COSMETIC,SUPERFICIAL,hard
BANNER,STARK,PRINCE,WAYNE,SUPERHERO LAST NAMES,very_hard
STORM,BLACK WIDOW,FLASH,BLADE,SUPERHEROES,hard
MACARONI,GLITTER,GLUE,PAPER,SUPPLIES FOR MACARONI ART,hard
WELL,STORE,RESERVE,MINE,SUPPLY,medium
ROOT,CLAP,CHEER,WHISTLE,SUPPORT AUDIBLY,medium
EXPONENT,CHEERLEADER,ADVOCATE,CHAMPION,SUPPORTER,medium
BEST,TOP,BEAT,BETTER,SURPASS,hard
MANAGE,GET BY,HACK IT,MAKE DO,SURVIVE,easy
FISH,MASSAGE,CHEF,MEATBALL,SWEDISH ___,very_hard
SIXTEEN,TOOTH,TALK,POTATO,SWEET ___,very_hard
GULP,BELT,SHOT,SLUG,SWIG,hard
SHAFT,HUSTLE,HOSE,FLEECE,SWINDLE,easy
CROOK,QUACK,CHEAT,SHARK,SWINDLER,very_hard
BATON,WAND,STAFF,SCEPTER,SYMBOLIC RODS,easy
PERCENT,AT,POUND,DOLLAR,SYMBOLS ABOVE NUMBERS ON A KEYBOARD,hard
CARET,STAR,BRACE,HASH,SYMBOLS ON A KEYBOARD,very_hard
BULLET,CHECKBOX,HYPHEN,ARROW,SYMBOLS USED IN MAKING LISTS,hard
INCENSED,LIVID,IRATE,FURIOUS,SYNONYMS FOR ANGRY,easy
SPAT,ROW,TIFF,QUARREL,SYNONYMS FOR ARGUMENT,very_hard
RIB,NEEDLE,TEASE,POKE,SYNONYMS FOR BOTHER,hard
MOAN,GROUSE,CARP,GRIPE,SYNONYMS FOR COMPLAIN,very_hard
CHOW,SCARF,WOLF,GOBBLE,SYNONYMS FOR EAT,medium
FICTION,TALE,FIB,LIE,SYNONYMS FOR FALSEHOOD,hard
PARROT,ECHO,MIMIC,COPY,SYNONYMS FOR IMITATE,medium
KOOKY,DAFFY,QUIRKY,WACKY,SYNONYMS FOR OFFBEAT,medium
BUT,RUM,ARS,BOOT,SYNONYMS FOR REAR END MINUS LAST LETTER,very_hard
LOW,BLUE,GLUM,DOWN,SYNONYMS FOR SAD,hard
PEDDLE,MOVE,HAWK,VEND,SYNONYMS FOR SELL,hard
STORM,BONE,REX,SHIRT,T-___,very_hard
TABLE,BALL,NET,PADDLE,TABLE TENNIS NEEDS,hard
BOWL,DISH,SAUCER,PLATE,TABLEWARE,easy
CILANTRO,SALSA,LIME,ONION,TACO TOPPINGS,easy
TRIP,SLIP,SPILL,FALL,TAKE A TUMBLE,easy
EXPLOIT,LEVERAGE,MILK,USE,TAKE ADVANTAGE OF,easy
NET,MAKE,EARN,CLEAR,"TAKE HOME, AS INCOME",easy
OBJECT,MIND,PROTEST,DISAPPROVE,TAKE ISSUE,hard
QUESTION,DISPUTE,CHALLENGE,CONTEST,TAKE ISSUE WITH,hard
BEAR,ASSUME,HANDLE,SHOULDER,"TAKE ON, AS A RESPONSIBILITY",easy
INDICT,CHARGE,SUE,FILE,TAKE TO COURT,easy
HANDLES,TACKLES,DOES,ADDRESSES,TAKES ON,medium
FLAIR,FACULTY,GIFT,GENIUS,TALENT,medium
SOLID,REAL,CONCRETE,MATERIAL,TANGIBLE,medium
MARK,CHUMP,SUCKER,FOOL,TARGET OF A SCHEME,hard
DEVIL,MAGICIAN,STAR,LOVERS,"TAROT CARDS, WITH ""THE""",hard
LOVERS,TOWER,FOOL,MAGICIAN,"TAROT CARDS, WITH “THE”",very_hard
CUPS,PENTACLES,WANDS,SWORDS,TAROT MINOR ARCANA SUITS,hard
LESSON,EXERCISE,ASSIGNMENT,DRILL,TASKS FOR A STUDENT,easy
SING,SQUEAL,SNITCH,RAT,TATTLE,medium
RASPBERRY,JEER,HISS,BOO,TAUNTS,easy
FAMILY,ORDER,DOMAIN,CLASS,TAXONOMY RANKS,very_hard
COACH,SCHOOL,GUIDE,TRAIN,TEACH,easy
BUNCH,CREW,PACK,GROUP,TEAM,hard
RAG,RIB,NEEDLE,BAIT,TEASE,medium
META,ALPHABET,APPLE,AMAZON,TECH COMPANIES,easy
INTUIT,AMAZON,APPLE,ORACLE,TECH COMPANIES,hard
METHOD,APPROACH,SCHOOL,PHILOSOPHY,TECHNIQUE,easy
MEDICINE,COMMUTE,VISION,PROMPTER,TELE___,very_hard
ACCOUNT,STORY,DESCRIPTION,CHRONICLE,TELLING OF EVENTS,easy
GUIDE,MODEL,BLUEPRINT,MOLD,TEMPLATE,easy
MATCH,GAME,TOURNAMENT,SET,TENNIS COMPETITION UNITS,medium
ALL,LOVE,DEUCE,AD,TENNIS SCORING TERMS,hard
SITTING,SESSION,MEETING,PERIOD,TERM,medium
VINYL,LP,WAX,PLATTER,TERMS FOR RECORDS,medium
LOVE,PUMPKIN,SUGAR,ANGEL,TERMS OF ENDEARMENT,easy
TREASURE,DARLING,PUMPKIN,LOVE,TERMS OF ENDEARMENT,easy
BOO,SUGAR,HONEY,SWEETIE,TERMS OF ENDEARMENT,medium
SOIL,LAND,GROUND,EARTH,TERRA FIRMA,medium
ANIMAL PRINT,HOUNDSTOOTH,POLKA DOT,HERRINGBONE,TEXTILE PATTERNS,easy
GRAVY,STUFFING,TURKEY,PIE,THANKSGIVING FOOD,hard
TRAMP,PRINCE,RASCALS,MERMAID,THE LITTLE ___,very_hard
BALCONY,STAGE,BOX,ORCHESTRA,THEATER SECTIONS,very_hard
FEYNMAN,EINSTEIN,HAWKING,OPPENHEIMER,THEORETICAL PHYSICISTS,easy
CAR,BUGLER,AFRICA,UNICORN,THEY HAVE A HORN,hard
TESTS,SUPER,COMPUTER,PIANO,THEY HAVE KEYS,hard
WALLS,MUSICIANS,PITCHERS,CORNFIELD,THEY HAVE LITERAL/IDIOMATIC EARS,very_hard
AQUARIUM,GEOMETRY,TAMPA BAY,SUN,THEY HAVE RAYS,very_hard
FOOTBALL,EDDY,TORNADO,TASMANIAN DEVIL,THEY MOVE IN A SPIRAL,medium
LION,CROWD,KATY PERRY,ENGINE,THEY ROAR,hard
PINWHEEL,FLAG,WIND CHIME,VANE,THEY'RE BLOWIN' IN THE WIND,easy
TAPE,TOILET PAPER,RIBBON,FOIL,THEY'RE ON A ROLL!,medium
ROB,PINCH,SWIPE,STEAL,THIEVE,medium
SKIN,COAT,LAYER,FILM,THIN COVERING,medium
FILM,SHEET,COAT,LEAF,THIN LAYER,medium
MIX,SAMPLE,SPIN,SCRATCH,THINGS A DJ DOES,medium
FRISBEE,BONE,BALL,BONE,THINGS A DOG CAN FETCH,easy
BALL,FRISBEE,STICK,STICK,THINGS A DOG CAN FETCH,easy
RING,TORCH,BEANBAG,CLUB,THINGS A JUGGLER JUGGLES,hard
RATTLE,SHED,SLITHER,HISS,THINGS A RATTLESNAKE DOES,medium
CRAWL,COO,BABBLE,NURSE,THINGS BABIES DO,medium
POLLINATE,BUZZ,DANCE,STING,THINGS BEES DO,hard
GROUCH,O,STATUETTE,BALONEY,THINGS CALLED “OSCAR”,very_hard
SHED,KNEAD,PURR,SCRATCH,THINGS CATS DO,medium
ABECEDARIUM,COMPUTER KEYBOARD,SCRABBLE,OUIJA BOARD,THINGS FEATURING LETTERS A THROUGH Z,very_hard
COMETS,DRESS COAT,COIN TOSS,SONIC THE HEDGEHOG,THINGS FEATURING TAILS,very_hard
BALLOON ANIMAL,WATER WINGS,BOUNCY CASTLE,WHOOPEE CUSHION,THINGS FILLED WITH AIR,medium
STRAP,LENS,BODY,FLASH,THINGS IN A CAMERA KIT,hard
ROBE,WASHCLOTH,SLIPPERS,TOWEL,THINGS IN A SPA LOCKER ROOM,hard
COAT RACK,CONSOLE,RUNNER,BENCH,THINGS IN AN ENTRYWAY,hard
GENIE,MESSAGE,SHIP,LIGHTNING,THINGS IN BOTTLES,very_hard
MITTENS,KETTLES,RAINDROPS,WHISKERS,THINGS IN “MY FAVORITE THINGS”,very_hard
XYLOPHONE,WHAC-A-MOLE,CROQUET,CARPENTRY,THINGS INVOLVING MALLETS,medium
SUNSET,KALEIDOSCOPE,PEACOCK,RAINBOW,THINGS KNOWN FOR BEING COLORFUL THINGS,hard
FORTUNE TELLER,FAN,AIRPLANE,CRANE,THINGS MADE BY FOLDING PAPER,hard
ORGANISM,HONEYCOMB,SOLAR PANEL,SPREADSHEET,THINGS MADE OF CELLS,hard
TIRE,ERASER,GALOSH,BALLOON,THINGS MADE OF RUBBER,medium
CRAYON,CANDLE,HONEYCOMB,SEAL,THINGS MADE OF WAX,medium
PILLOW,BOA,HEADDRESS,SHUTTLECOCK,THINGS MADE WITH FEATHERS,medium
CORN DOG,LOLLIPOP,BALL-IN-CUP,COTTON SWAB,THINGS ON STICKS,hard
CLIP,FILE,BITE,PAINT,THINGS PEOPLE DO TO FINGERNAILS,medium
MARACA,HANDS,SNOWGLOBE,POLAROID,THINGS PEOPLE SHAKE,very_hard
TEA,AURA,PALM,TAROT,THINGS READ IN DIVINATION,very_hard
BILL,LETTER,CATALOG,CARD,THINGS RECEIVED IN THE MAIL,hard
SLOTS,CHIPS,DICE,CARDS,THINGS SEEN AT A CASINO,hard
GNOME,SHED,SPRINKLER,GRILL,THINGS SEEN IN A YARD,easy
COOKIES,CACHE,HISTORY,DATA,THINGS STORED BY A WEB BROWSER,medium
BOTTLE,GRADUATE,MUSHROOM,SALARY,THINGS THAT ARE CAPPED,very_hard
SHADOW,DOUBT,MOVIE,VOTE,THINGS THAT ARE CAST,very_hard
CORSET,HOURGLASS,DIABOLO,WASP,THINGS THAT ARE CINCHED IN THE MIDDLE,hard
BABY,BLOW,PACKAGE,SPEECH,THINGS THAT ARE DELIVERED,very_hard
ZODIAC,CLOCK,YEAR,FOOT,THINGS THAT ARE DIVIDED INTO TWELVE SEGMENTS,very_hard
CATERPILLAR,PEACH,FLEECE,PIPE CLEANER,THINGS THAT ARE FUZZY,easy
BASKETBALL,FLOATIE,BALLOON,TIRE,THINGS THAT ARE INFLATED,medium
HOAGIE,BATON,TORPEDO,CIGAR,THINGS THAT ARE LONG AND CYLINDRICAL,very_hard
LOTION,INCENSE,SOAP,CANDLE,THINGS THAT ARE OFTEN SCENTED,medium
GOLDFISH,BASKETBALL,CARROT,PUMPKIN,THINGS THAT ARE ORANGE,easy
FLAMINGO,CALAMINE LOTION,BUBBLE GUM,CARNATION,THINGS THAT ARE PINK,medium
BARBIE DREAMHOUSE,FLAMINGO,ERASER,CHERRY BLOSSOM,THINGS THAT ARE PINK,medium
EGGPLANT,EGGPLANT,LAVENDER,GRIMACE,THINGS THAT ARE PURPLE,very_hard
BARNEY THE DINOSAUR,PEOPLE EATER,AMETHYST,SWING STATE,THINGS THAT ARE PURPLE,very_hard
DEVIL,STOP SIGN,ROSE,STRAWBERRY,THINGS THAT ARE RED,easy
MARASCHINO CHERRY,FIRE ENGINE,MARS,CLOWN NOSE,THINGS THAT ARE RED,easy
RUBY,POPPY,BRICK,FIRE TRUCK,THINGS THAT ARE RED,hard
CARDINAL,BEET,CHERRY,STOP SIGN,THINGS THAT ARE RED,hard
ELMO,ROSE,KETCHUP,CARDINAL,THINGS THAT ARE RED,medium
EEL,BANANA PEEL,GREASE,ICE,THINGS THAT ARE SLIPPERY,hard
SNOW,POLAR BEAR,BABY POWDER,MILK,THINGS THAT ARE WHITE,easy
MUSTARD,LEMON,MINION,CANARY,THINGS THAT ARE YELLOW,easy
SCHOOL BUS,BANANA,SUNFLOWER,CANARY,THINGS THAT ARE YELLOW,medium
GUM,GLUE,TAPE,STICK,THINGS THAT ARE “STICKY”,very_hard
TABLE,BOOK,TREE,SALAD,THINGS THAT CAN HAVE LEAVES,very_hard
FAUCET,NOSE,CANDIDATE,MASCARA,THINGS THAT CAN RUN,very_hard
NOSE,MASCARA,STOCKINGS,DYE,"THINGS THAT CAN RUN, ANNOYINGLY",hard
UNION,INSPIRATION,COBRA,LIGHTNING,THINGS THAT CAN STRIKE,very_hard
FILM,THREAD,WIRE,TAPE,THINGS THAT COME ON SPOOLS,hard
TIDE,SUN,ELEVATOR,YO-YO,THINGS THAT GO UP AND DOWN,very_hard
AURORA,RADIUM,GLOWSTICK,FIREFLY,THINGS THAT LUMINESCE,medium
PEPPER,SMOKE,POLLEN,DUST,THINGS THAT MAKE YOU SNEEZE,hard
WASP,INSULT,NETTLE,JELLYFISH,THINGS THAT MIGHT STING,hard
SKUNK,CHEESE,GARBAGE,FEET,THINGS THAT MIGHT STINK,hard
WAFFLE IRON,CLAM,LAPTOP,COMPACT,THINGS THAT OPEN LIKE A CLAM,very_hard
CAP,SEAL,PLUG,COVER,THINGS THAT PREVENT LEAKS,easy
BELL,ALARM,INTERCOM,PHONE,THINGS THAT RING,medium
CAROUSEL,BARBER POLE,CEILING FAN,LAZY SUSAN,THINGS THAT ROTATE ABOUT A VERTICAL AXIS,hard
TOP,GLOBE,CAROUSEL,RECORD,THINGS THAT SPIN,hard
VACUUM,VAMPIRE,STRAW,LEECH,THINGS THAT SUCK,very_hard
PENDULUM,SALOON DOORS,GOLFER,SWING,THINGS THAT SWING,very_hard
INSTAGRAM,COFFEE MAKER,CIGARETTE,AIR PURIFIER,THINGS THAT USE FILTERS,hard
BIRD,KETTLE,TRAIN,REFEREE,THINGS THAT WHISTLE,very_hard
DANDELION,EYELASH,CANDLE,DICE,THINGS TO BLOW ON FOR WISHES/LUCK,very_hard
HOTEL,FLIGHT,CAR,TOUR,THINGS TO BOOK FOR A VACATION,easy
REMOTE,TONGUE,HEELS,MOUSE,THINGS TO CLICK,very_hard
TREE,MOUNTAIN,LADDER,ROPE,THINGS TO CLIMB,hard
SMILE,WINDOW,EGG,KNUCKLES,THINGS TO CRACK,hard
CIRCULATE,MINGLE,NETWORK,CONVERSE,THINGS TO DO AT A WORK EVENT,medium
CUT,SHUFFLE,FAN,DEAL,THINGS TO DO WITH A DECK OF CARDS,hard
BILL,CHECK,TAB,INVOICE,THINGS TO PAY,easy
FIGHT,BONE,AFRO,LOCK,THINGS TO PICK,hard
HEM,PLEAT,SEAM,DART,THINGS TO SEW,easy
PAGE VIEW,HIT,VISIT,CLICK,THINGS TRACKED BY WEB ANALYTICS,hard
SADDLE,WALLET,MOCCASINS,FOOTBALL,THINGS TRADITIONALLY MADE OF LEATHER,hard
GLOVE,TEE,BALL,DRIVER,THINGS USED IN GOLF,medium
LEGO SET,PICK-UP STICKS,JIGSAW PUZZLE,LITE-BRITE,THINGS WITH A LOT OF PIECES,hard
INSECT,SATELLITE DISH,RADIO TOWER,TELETUBBY,THINGS WITH ANTENNA/E,hard
DRILL,COMEDIAN,BRIDLE,BYTE,THINGS WITH BITS,very_hard
SOLAR PANEL,SPREADSHEET,ORGANISM,HONEYCOMB,THINGS WITH CELLS,very_hard
REACTOR,APPLE,PLANET,COMPUTER,THINGS WITH CORES,very_hard
POTATO,HURRICANE,FACE,NEEDLE,THINGS WITH EYE(S),very_hard
BIPED,FURNITURE,POEM,YARDSTICK,THINGS WITH FEET,very_hard
SPONGE,BOWLING BALL,GOLF COURSE,COLANDER,THINGS WITH HOLES,very_hard
INNER TUBE,BAGEL,HULA HOOP,WASHER,THINGS WITH HOLES IN THE MIDDLE,hard
SQUID,TATTOO MACHINE,PRINTER,PEN,THINGS WITH INK,hard
FLORIDA,LOCKSMITH,CRYPTOGRAPHY,PIANO,THINGS WITH KEYS,very_hard
CHECKERS,NHL,DECK OF CARDS,MONARCHY,THINGS WITH KINGS,very_hard
PLYWOOD,CAKE,EARTH,ONION,THINGS WITH LAYERS,hard
HENHOUSE,EARTH,PHOTOSHOP,ONION,THINGS WITH LAYERS,very_hard
TREE,BOOK,TABLE,TEA,THINGS WITH LEAVES,very_hard
CHAIN,GOLF COURSE,SAUSAGE,WEBSITE,THINGS WITH LINKS,very_hard
GUITAR,GIRAFFE,LAMP,BOTTLE,THINGS WITH NECKS,hard
TURNTABLE,SEWING KIT,COMPASS,PINE TREE,THINGS WITH NEEDLE/S,medium
TREE,WEDDING,SATURN,CIRCUS,THINGS WITH RINGS,very_hard
TURTLE,HARD TACO,SNAIL,CLAM,THINGS WITH SHELLS,medium
EGG,EGG,NUT,M&M,THINGS WITH SHELLS,medium
SCHEDULE,ATM,SPATULA,CASINO,THINGS WITH SLOTS,very_hard
BOOK,SKELETON,CACTUS,HEDGEHOG,THINGS WITH SPINES,very_hard
LADYBUG,DALMATIAN,DIE,DOMINO,THINGS WITH SPOTS,hard
FOUNTAIN,WHALE,TEAPOT,GUTTER,THINGS WITH SPOUTS,very_hard
MATTRESS,MOUSETRAP,TRAMPOLINE,CLOCK,THINGS WITH SPRING/S,very_hard
CANDY CANE,REFEREE,TIGER,CROSSWALK,THINGS WITH STRIPES,very_hard
KEYBOARD,BROWSER,SODA CAN,FOLDER,THINGS WITH TABS,hard
COMB,ZIPPER,SAW,GEAR,THINGS WITH TEETH,hard
TREES,SWIMMERS,ELEPHANTS,CARS,THINGS WITH TRUNKS,very_hard
WAGON,ROLLERBLADE,SKATEBOARD,DOLLY,THINGS WITH WHEELS,medium
BIRD,ANGEL,PEGASUS,AIRPLANE,THINGS WITH WINGS,hard
HOSPITAL,FLY,AIRPLANE,FAIRY,THINGS WITH WINGS,medium
LAVALIER,BOUTONNIÈRE,LAPEL PIN,AWARENESS RIBBON,THINGS WORN ON LAPELS,easy
IKEA FURNITURE,LEGO SET,PUZZLE,MODEL,THINGS YOU ASSEMBLE,hard
BUBBLE,RASPBERRY,FUSE,KISS,THINGS YOU CAN BLOW,very_hard
WIIS,TELEVISIONS,DRONES,GARAGE DOORS,THINGS YOU CAN CONTROL WITH REMOTES,very_hard
EGG,CODE,WHIP,JOKE,THINGS YOU CAN CRACK,hard
BOLD,UNDERLINE,HIGHLIGHT,STRIKETHROUGH,THINGS YOU CAN DO TO TEXT,medium
PICK,THUMB,HOLD,BLOW,THINGS YOU CAN DO TO YOUR NOSE,very_hard
SPIKE,PUNT,SNAP,PASS,THINGS YOU CAN DO WITH A FOOTBALL,medium
FLUTTER,WINK,BAT,BLINK,THINGS YOU CAN DO WITH YOUR EYELIDS,medium
SMACK,CURL,PUCKER,PURSE,THINGS YOU CAN DO WITH YOUR LIPS,very_hard
PICTURE,CARD,BATH,CURTAIN,THINGS YOU CAN DRAW,hard
TABLE,IMAGE,TEXT BOX,CHART,THINGS YOU CAN INSERT IN A DOCUMENT,medium
COLUMN,CELL,SHEET,ROW,THINGS YOU CAN INSERT INTO A SPREADSHEET,hard
NOSE,APPLE,CARD,BANJO,THINGS YOU CAN PICK,hard
MEDICINE,LAW,SELF-CARE,WITCHCRAFT,THINGS YOU CAN PRACTICE,very_hard
IRON,FIST,BRAKES,GAS,THINGS YOU CAN PUMP,very_hard
BUG BITE,VINYL RECORD,LOTTERY TICKET,YOUR HEAD,THINGS YOU CAN SCRATCH,hard
RECORD,MOOD,VOLLEYBALL,TABLE,THINGS YOU CAN SET,very_hard
PARTY,TANTRUM,CURVEBALL,WRENCH,"THINGS YOU CAN THROW, IN METAPHORS",very_hard
RING,KNOCK,BUZZ,SHOUT,THINGS YOU DO AT SOMEONE'S FRONT DOOR,hard
DOZE,DOODLE,SPACE,PASS NOTES,THINGS YOU MIGHT DO DURING A BORING CLASS/MEETING,hard
SNORE,DREAM,DROOL,TALK,THINGS YOU MIGHT DO IN YOUR SLEEP,medium
HAIRSPRAY,MAGIC 8 BALL,SNOWGLOBE,SALAD DRESSING,THINGS YOU SHAKE,medium
AFFILIATE,RELATE,ASSOCIATE,EQUATE,THINK OF TOGETHER,easy
PARTY,RAIL,ROCK,EYE,THIRD ___,hard
BEAT,PULSE,POUND,THUMP,THROB,easy
HURL,FLING,CHUCK,CAST,THROW,medium
PEPPER,SCATTER,STREW,SPRINKLE,THROW HERE AND THERE,medium
EJECT,TOSS,BOOT,BOUNCE,THROW OUT,easy
DART,HORSESHOE,RING,AXE,THROWN IN TARGET GAMES,hard
STICK,POKE,PROD,JAB,THRUST,easy
CONCERT,MOVIE,PLAY,GAME,TICKETED EVENTS,medium
FLOOR,LEVEL,DECK,STORY,TIER,medium
SLOPE,CANT,LIST,LEAN,TILT TO ONE SIDE,hard
SOON,THEN,LATER,NOW,TIME ADVERBS,hard
LEAVE,VACATION,HOLIDAY,REST,TIME OFF,easy
BREAK,RECESS,LEAVE,BREAK,TIME OFF,easy
DECADE,MILLENNIUM,YEAR,CENTURY,TIME PERIODS,easy
CLOCK,SUNDIAL,WATCH,HOURGLASS,TIMEKEEPING DEVICES,easy
TONE,SHADE,COLOR,HUE,TINT,easy
TONE,HUE,SHADE,TINGE,TINT,easy
SMALL,MINUTE,SLIGHT,WEE,TINY,hard
MITE,TAD,LITTLE,BIT,"TINY AMOUNT, WITH “A”",medium
HYDRATE,BREATHE,STRETCH,REST,TIPS FOR WORKING OUT SAFELY,easy
PEE-WEE,INDIANA,FERRIS,HEATHER,TITLE CHARACTERS IN '80S MOVIES,very_hard
HEDGEHOG,PLUMBER,PRINCESS,GORILLA,TITLE FIGURES IN CLASSIC VIDEO GAMES,very_hard
WILLY,BABE,BEETHOVEN,CHARLOTTE,TITLE MOVIE ANIMALS,very_hard
QUINN,HOUSE,HOWSER,GREY,TITLE TV DOCTORS,hard
BABE,BOLT,DUMBO,TED,TITULAR ANIMALS OF FILM,hard
MONK,TRACY,MAGNUM,SHAFT,TITULAR FICTIONAL DETECTIVES,very_hard
TOLLBOOTH,TOWBOAT,TOMBOY,TOOLBOX,TO-BO- COMPOUND WORDS,medium
STOMACH,SWALLOW,STAND,BEAR,TOLERATE,easy
BEAR,STOMACH,SWALLOW,BEAR,TOLERATE,medium
STAND,TAKE,TAKE,STAND,TOLERATE,medium
SULLY,BIG,SPLASH,PHILADELPHIA,TOM HANKS MOVIES,very_hard
WAITS,PETTY,CRUISE,HOLLAND,TOMS,hard
ANNIE,COMPANY,CATS,CABARET,TONY WINNERS FOR BEST MUSICAL,medium
HAWK,STARK,MONTANA,SOPRANO,TONY ___,very_hard
FILE,SAW,LEVEL,HAMMER,TOOLS,easy
BANANA,DOG,HAT,SECRET,TOP ___,very_hard
ISSUE,SUBJECT,MATTER,POINT,TOPIC OF DISCUSSION,easy
FALL,TUMBLE,SPILL,WIPEOUT,TOPPLE,easy
CAMI,TANK,TEE,HALTER,TOPS,medium
BAGEL,LIFESAVER,DONUT,CHEERIO,TORUS-SHAPED FOOD,hard
TIRE,WREATH,LIFESAVER,BAGEL,TORUS-SHAPED THINGS,medium
GRAZE,BRUSH,SKIM,KISS,TOUCH LIGHTLY,easy
SWIPE,TAP,SCROLL,PINCH,TOUCHSCREEN GESTURES,easy
TAP,PINCH,SWIPE,SPREAD,TOUCHSCREEN GESTURES,hard
SEMI,QUARTER,QUALIFIER,FINAL,TOURNAMENT ROUNDS,easy
HAMMER,HURDLE,POLE,POLE,TRACK AND FIELD EQUIPMENT,medium
JAVELIN,HURDLE,HAMMER,BATON,TRACK AND FIELD EQUIPMENT,medium
TRAIT,HALLMARK,STAMP,FEATURE,TRADEMARK,medium
EGG,BILL,VENOM,FUR,TRADEMARKS OF A PLATYPUS,very_hard
ZOOM,PHOTOSHOP,GOOGLE,UBER,TRADEMARKS THAT HAVE BECOME VERBS,easy
YIELD,DETOUR,SLOW,STOP,TRAFFIC SIGNS,hard
RECEIPT,STATEMENT,BILL,INVOICE,TRANSACTION RECORD,hard
HAND,SEND,PASS,GIVE,TRANSFER,hard
PASS,GIVE,DELIVER,HAND,TRANSFER,medium
MARCH,TRAMP,TREK,HIKE,TRAVEL ON FOOT,hard
PAMPER,BABY,SPOIL,MOTHER,TREAT WITH EXCESSIVE CARE,easy
BARK,ROOT,BRANCH,TRUNK,TREE FEATURES,hard
RINGS,BARK,CROWN,ROOTS,TREE FEATURES,medium
YOU,BEACH,PAIR,FUR,TREE HOMOPHONES,very_hard
WALNUT,ALMOND,CASHEW,PECAN,TREE NUTS,medium
CEDAR,ASH,POPLAR,OAK,TREES,easy
EBONY,ASH,GUM,CHERRY,TREES,hard
BEECH,PINE,PALM,ELDER,TREES,medium
PINE,SPRUCE,CEDAR,YEW,TREES,medium
TOUGH,COMPLEX,DELICATE,STICKY,TRICKY,easy
TAN,COT,SIN,SEC,TRIG FUNCTIONS,very_hard
HAT TRICK,THREEPEAT,TRIFECTA,TRIPLE CROWN,TRIO OF SPORTS ACHIEVEMENTS,easy
COCONUT,MANGO,PINEAPPLE,BANANA,TROPICAL FRUITS,very_hard
CHAYOTE,DURIAN,BITTER MELON,SOURSOP,TROPICAL FRUITS/VEGETABLES,hard
SHELLAC,ROUT,CRUSH,CREAM,TROUNCE,hard
ACCEPT,BELIEVE,SWALLOW,BUY,TRUST AS REAL,easy
WITHDRAW,RETREAT,LEAVE,FLEE,TURN TAIL,easy
TABLES,CORNER,PAGE,TIDE,TURN THE ___,very_hard
MUNSTER,PICKLES,GRIFFIN,PARTRIDGE,TV COMEDY FAMILIES,hard
COLOR,BRIGHTNESS,CONTRAST,TINT,TV DISPLAY SETTINGS,easy
LASSO,SMART,ROGERS,MARS,TV SHOW TITLE SURNAMES,very_hard
FLIPPER,FIREFLY,FLEABAG,FARGO,TV SHOWS,hard
24,FIREFLY,BONES,WEEDS,TV SHOWS,medium
CHEER,SCRUB,WEED,FRIEND,TV SHOWS MINUS “S”,hard
EUPHORIA,CHEERS,GLEE,FELICITY,TV SHOWS WITH HAPPY-SOUNDING NAMES,hard
NES,VHS,MTV,ALF,TV-RELATED ABBREVIATIONS IN THE '80S,hard
WIND,SPOOL,WRAP,COIL,TWIST AROUND,medium
STONE,OFTEN,FREIGHT,CANINE,TWO LETTERS + NUMBER,very_hard
LECTURE,SEMINAR,DISCUSSION,LAB,TYPES OF ACADEMIC COURSES,easy
TOTE,MESSENGER,CLUTCH,SATCHEL,TYPES OF BAGS,easy
CINDERELLA,DAVID-AND-GOLIATH,RAGS-TO-RICHES,UNDERDOG,TYPES OF COME-FROM-BEHIND STORIES,hard
CURLY,WAFFLE,SHOESTRING,WEDGE,TYPES OF FRENCH FRIES,medium
SHEEPSHANK,BOWLINE,BEND,HITCH,TYPES OF KNOTS,very_hard
TEMPERA,WATERCOLOR,OIL,ACRYLIC,TYPES OF PAINT,medium
KIDNEY,INFINITY,KIDDIE,OLYMPIC,TYPES OF POOLS,easy
AM,SATELLITE,WALKIE-TALKIE,HAM,TYPES OF RADIO,easy
STATEMENT,COMMAND,QUESTION,EXCLAMATION,TYPES OF SENTENCES,medium
ICE,SLUSH,CRUST,POWDER,TYPES OF SNOW,medium
TUSK,FANG,MOLAR,CANINE,TYPES OF TEETH,easy
HELENA,IRVING,BILLINGS,BUFFALO,U.S. CITIES,hard
MOBILE,BUFFALO,PHOENIX,PHOENIX,U.S. CITIES,hard
QUARTER,PENNY,NICKEL,DIME,U.S. COINS,easy
BROWN,SMITH,HOWARD,DUKE,U.S. COLLEGES/UNIVERSITIES,hard
COLORADO,ARIZONA,UTAH,NEVADA,U.S. MOUNTAIN STATES,easy
DICK,TEDDY,CAL,ABE,U.S. PRESIDENTIAL NICKNAMES,hard
GRANT,ADAMS,WASHINGTON,FORD,U.S. PRESIDENTS,easy
PA,OR,HI,MA,U.S. STATE ABBREVIATIONS,medium
ARK,ALA,MISS,ORE,"U.S. STATE ABBREVIATIONS, PER AP STYLE GUIDE",very_hard
FRONTIER,AMERICAN,SPIRIT,UNITED,U.S.-BASED AIRLINES,hard
STABLE,STEADY,EVEN,LEVEL,UNCHANGING,easy
PROJECT,ENTERPRISE,ENDEAVOR,VENTURE,UNDERTAKING,easy
BOXER,DRAWER,SHORT,BRIEF,UNDERWEAR IN THE SINGULAR,very_hard
DULL,VANILLA,BORING,MUNDANE,UNEXCITING,medium
CONSTANT,LEVEL,UNIFORM,STABLE,UNFLUCTUATING,medium
ABANDON,UNRESTRAINT,FREEDOM,SPONTANEITY,UNINHIBITEDNESS,medium
CAL,IN,GAL,OZ,UNIT ABBREVIATIONS,hard
ROLL,LOAF,BUN,BAGUETTE,UNIT OF BREAD,easy
LETTER,PARAGRAPH,SENTENCE,WORD,UNIT OF LANGUAGE,easy
MOLE,LUX,BAR,BEL,UNITS,hard
VOLT,HERTZ,MOLE,SECOND,UNITS,medium
FOOT,VERSE,METER,LINE,UNITS IN POETRY,medium
SIX-PACK,CASE,FORTY,GROWLER,UNITS OF BEER,hard
FOOT,MILE,YARD,INCH,UNITS OF LENGTH,easy
FATHOM,FOOT,YARD,LEAGUE,UNITS OF LENGTH,hard
MILE,FOOT,LEAGUE,YARD,UNITS OF LENGTH,medium
HERTZ,SECOND,MOLE,NEWTON,UNITS OF MEASURE,hard
EAR,HEAD,BULB,STALK,UNITS OF VEGETABLES,very_hard
PINT,CUP,GALLON,QUART,UNITS OF VOLUME,easy
QUARTZ,BOUNCE,GALLEON,PINOT,UNITS OF VOLUME PLUS LETTER,very_hard
BLANKET,GENERAL,SWEEPING,BROAD,UNIVERSAL,hard
BROWN,HOWARD,RICE,DUKE,UNIVERSITIES,hard
REMOTE,SLIM,SMALL,OUTSIDE,"UNLIKELY, AS CHANCES",hard
AWKWARD,STILTED,WOODEN,STIFF,"UNNATURAL, AS MANNERISMS",easy
DRAW,WILD,REVERSE,SKIP,UNO CARDS,medium
SEVERAL,,FEW,HANDFUL,UNSPECIFIED QUANTITIES,easy
EASY,OPEN,GAME,FLEXIBLE,UP FOR ANYTHING,hard
WILLING,AMENABLE,GAME,DOWN,UP FOR IT,medium
REVISE,AMEND,CORRECT,FIX,UPDATE FOR ACCURACY,easy
PILLAR,POST,POLE,COLUMN,UPRIGHT SUPPORT,easy
SURGE,SPIKE,RISE,BOOM,UPSWING,easy
MILK,COMP,ORGO,NETI,URL ENDINGS PLUS A LETTER,very_hard
CUBE,DICE,SLICE,JULIENNE,USE A KITCHEN KNIFE,medium
SEW,DARN,HEM,SEAM,USE A NEEDLE AND THREAD,medium
LASER POINTER,PROJECTOR,CLICKER,SLIDES,USED DURING A PRESENTATION,easy
WATER,CUP,TEABAG,KETTLE,USED FOR TEA,medium
LOG,TINDER,MATCH,KINDLING,USED IN BUILDING A FIRE,easy
ROLLERS,COMB,DRYER,HAIRSPRAY,USED IN HAIR CARE,easy
MAGNIFYING GLASS,FLINT,MATCHES,LIGHTER,USED IN STARTING A FIRE,medium
EXHAUST,HOSE,PIPE,DUCT,USED IN VENTILATION,hard
STICKS,SNOW,CARROT,COAL,USED TO BUILD A SNOWMAN,hard
SAND,PLOW,SALT,SHOVEL,USED TO CLEAR SNOW,hard
CARROT,SCARF,COAL,PIPE,USED TO DECORATE A SNOWMAN,hard
CHOCK,TIRE,WRENCH,JACK,USED TO FIX A FLAT,medium
WATER,POT,SEED,SOIL,USED TO GROW A HOUSEPLANT,easy
RACKET,MALLET,BAT,STICK,USED TO HIT A BALL IN SPORTS,medium
FILTER,WATER,GRINDER,BEANS,USED TO MAKE COFFEE,medium
CONE,BARRIER,FLARE,FLAG,USED TO REDIRECT TRAFFIC,hard
STAIN,MICROSCOPE,SLIDE,SPECIMEN,USED TO VIEW A BIOLOGICAL SAMPLE,hard
LADLE,POT,SPOON,BOWL,USED WHEN SERVING SOUP,medium
ELECTRIC,GAS,WATER,TELEPHONE,UTILITIES,easy
TRASH,CABLE,WATER,GAS,UTILITIES,medium
SEVENTH HEAVEN,SHANGRI-LA,XANADU,PARADISE,UTOPIA,easy
PEEP,SOUND,WORD,NOISE,UTTERANCE,medium
DELL,DALE,HOLLOW,GLEN,VALLEY,medium
LOST BOYS,TWILIGHT,BLADE,NEAR DARK,VAMPIRE MOVIES,hard
SILVER,GARLIC,CROSS,SUN,VAMPIRE VULNERABILITIES,medium
DEPARTURE,BREAK,CHANGE,ALTERNATIVE,VARIATION FROM THE NORM,easy
TYPES,STRIPES,KINDS,SORTS,VARIETIES,easy
SORT,STYLE,TYPE,KIND,VARIETY,medium
CHARRED,BEAT,PEE,LEAK,VEGETABLE HOMOPHONES,very_hard
SPEAR,BULB,HEAD,EAR,VEGETABLE UNITS,hard
SPEAR,FLORET,STALK,CLOVE,VEGETABLE UNITS,medium
BEET,ONION,CORN,CARROT,VEGETABLES,hard
PEPPER,TOMATO,EGGPLANT,CUCUMBER,VEGETABLES THAT ARE ALSO FRUITS,easy
HIVE,EEK,ALE,QUASH,VEGETABLES WITH FIRST LETTER REMOVED,very_hard
BOOTH,STALL,TABLE,STAND,VENDOR’S SPOT AT A MARKET,easy
GRAND,AUGUST,REGAL,NOBLE,VENERABLE,medium
COULD,MIGHT,CAN,MAY,VERBS EXPRESSING POSSIBILITY,easy
CODE,HACK,PROGRAM,DEVELOP,VERBS FOR A SOFTWARE ENGINEER,very_hard
POWDER,GLAZE,SPRINKLE,FROST,VERBS FOR FINISHING DONUTS,hard
FROST,BEAT,BAKE,PREHEAT,VERBS IN A CAKE RECIPE,easy
PROOF,RISE,FERMENT,REST,VERBS IN BREADMAKING,hard
FISH,BIRD,MAMMAL,REPTILE,VERTEBRATES,medium
KEY,VITAL,CENTRAL,CRITICAL,VERY IMPORTANT,easy
SHRED,HINT,TRACE,TOUCH,VERY SMALL AMOUNT,easy
CRASH,SONIC,MARIO,LINK,VIDEO GAME CHARACTERS,very_hard
DREAMCAST,GENESIS,SWITCH,WII,VIDEO GAME CONSOLES,medium
HALO,METROID,MADDEN,CIVILIZATION,VIDEO GAME FRANCHISES,very_hard
PEP,BEANS,ENERGY,ZIP,VIGOR,hard
WEB,NET,METAVERSE,CLOUD,VIRTUAL SPACES,medium
MONITOR,TERMINAL,DISPLAY,SCREEN,VISUAL INTERFACE,easy
LIFE,JUICE,ENERGY,ZIP,VITALITY,easy
DOO-WOP,A CAPPELLA,MADRIGAL,BARBERSHOP,VOCAL MUSIC,easy
CRAFT,LINE,WORK,TRADE,VOCATION,hard
BUMP,SET,SERVE,SPIKE,VOLLEYBALL MOVES,medium
WAY,WHOA,WEE,WHY,W + VOWEL SOUND,very_hard
STORM,LIBERTY,SPARKS,SUN,W.N.B.A. TEAMS,hard
WINGS,LIBERTY,MERCURY,SKY,W.N.B.A. TEAMS,hard
RISK,GAMBLE,STAKE,BET,WAGER,medium
STRIDE,TREAD,STEP,MARCH,WALK,hard
LUMBER,PLOD,TRUDGE,STOMP,WALK HEAVILY,easy
CLOCK,BELT,DECK,SLUG,WALLOP,hard
DWINDLE,PETER,FADE,TAPER,WANE,easy
DELICATE,BULKY,SPIN,COTTON,WASHING MACHINE CYCLES/SETTINGS,medium
LINE,PIPE,CHANNEL,MAIN,WATER AND GAS CONDUITS,hard
FOUNTAIN,TAP,SPRING,WELL,WATER SOURCES,hard
TUG,BARGE,JUNK,SUB,WATERCRAFT,hard
PAPER,MUSEUM,SEAL,POETIC,WAX ___,very_hard
FIX,ANSWER,SOLUTION,REMEDY,WAY OF SOLVING A PROBLEM,easy
FLY,BAIT,CHUM,LURE,WAYS TO ATTRACT FISH,medium
PARENS,ASTERISK,NUMBER,DAGGER,WAYS TO DENOTE A CITATION,very_hard
THOU,GRAND,M,K,"WAYS TO EXPRESS 1,000",hard
TRAP,FISH,FORAGE,HUNT,WAYS TO GATHER FOOD,medium
SHOUT,WHISTLE,WAVE,SNAP,WAYS TO GET ATTENTION,hard
HUNT,FISH,GATHER,FARM,WAYS TO GET FOOD,easy
GRILLE,BUMPER,SPOILER,RIM,WAYS TO MODIFY A CAR'S EXTERIOR,hard
BOTTLE,CAN,DRAFT,TAP,WAYS TO ORDER A BEER,medium
TRAIN,STUDY,PRACTICE,DRILL,WAYS TO PREPARE,easy
SLICE,SHRED,MELT,CRUMBLE,WAYS TO PREPARE CHEESE,very_hard
POACH,SCRAMBLE,FRY,BOIL,WAYS TO PREPARE EGGS,easy
DRY,FERMENT,CAN,FREEZE,WAYS TO PRESERVE FOOD,medium
CAN,PICKLE,CURE,FREEZE,WAYS TO PRESERVE FOOD,medium
PLAQUE,MEDAL,CERTIFICATE,TROPHY,WAYS TO RECOGNIZE ACHIEVEMENT,medium
TWEEZE,WAX,THREAD,SHAVE,WAYS TO REMOVE HAIR,medium
BASE,BRACKET,STAND,MOUNT,WAYS TO SECURE A TV,hard
KNEEL,STAND,SALUTE,BOW,WAYS TO SHOW RESPECT,easy
ORGANIZE,CANVASS,CAMPAIGN,STUMP,WAYS TO SUPPORT A CANDIDATE,easy
CROP,FLIP,SCALE,ROTATE,WAYS TO TRANSFORM AN IMAGE,easy
PASSWORD,FINGERPRINT,PIN,FACE,WAYS TO UNLOCK A DEVICE,medium
FACE,PIN,FINGERPRINT,PASSWORD,WAYS TO UNLOCK A DEVICE,medium
BUN,TWIST,PONY,BRAID,WAYS TO WEAR YOUR HAIR UP,hard
ROPE,WRENCH,CANDLESTICK,KNIFE,WEAPONS IN THE GAME CLUE,hard
WRENCH,KNIFE,CANDLESTICK,ROPE,WEAPONS IN THE GAME CLUE,medium
BORE,TIRE,EXHAUST,DRAIN,WEARY,very_hard
DEWPOINT,BEAUFORT SCALE,WIND CHILL,HEAT INDEX,WEATHER TERMS,very_hard
EXTENSIONS,FORWARD,BACK,REFRESH,WEB BROWSER BUTTONS,medium
VIEW,FILE,WINDOW,HISTORY,WEB BROWSER MENUS,hard
WINDOW,HISTORY,TAB,BOOKMARK,WEB BROWSER-RELATED,easy
OPERA,CHROME,EDGE,SAFARI,WEB BROWSERS,hard
OPERA,CHROME,EDGE,SAFARI,WEB BROWSERS,medium
DINKY,LITTLE,MINUTE,SLIGHT,WEE,hard
HEAVY,MIDDLE,LIGHT,FEATHER,WEIGHTS IN BOXING,very_hard
SHERIFF,COWBOY,OUTLAW,DRIFTER,WESTERN TROPES,hard
HAIL,RAIN,SLEET,SNOW,WET WEATHER,easy
ONE HUNDRED,SEE,COLD,CELSIUS,"WHAT ""C"" MIGHT MEAN",very_hard
CLERGY MEMBER,N.F.L. PLAYER,BIRD,M.L.B. PLAYER,"WHAT ""CARDINAL"" MIGHT REFER TO",very_hard
SUIT,GEMSTONE,INFIELD,RHOMBUS,"WHAT ""DIAMOND"" CAN REFER TO",very_hard
GUZZLE,FEATHERS,SAD,WILLING,"WHAT ""DOWN"" MIGHT MEAN",very_hard
EDUCATION,EDITOR,EDWARD,PAST TENSE,"WHAT ""ED"" MIGHT INDICATE",very_hard
YES,WHY,YEAR,YELLOW,"WHAT ""Y"" MIGHT MEAN",very_hard
QUOTE,POSSESSIVE,FOOT,CONTRACTION,WHAT ' CAN INDICATE,very_hard
GLASS,GARNISH,STRAW,COASTER,WHAT A DRINK IS SERVED WITH,hard
POUND,PUMP,RACE,THROB,WHAT A HEART DOES WHEN EXCITED,medium
SPY,ANIMAL,BIRTHMARK,UNIT,WHAT A MOLE CAN BE,very_hard
THING,PLACE,PERSON,IDEA,WHAT A NOUN MIGHT BE,medium
BABY,PET,PLANT,HOUSE,WHAT A SITTER MIGHT SIT,hard
CONTRACTION,POSSESSIVE,FOOT,QUOTATION,WHAT AN APOSTROPHE MIGHT INDICATE,very_hard
RESISTANCE,CURRENT,VOLTAGE,CHARGE,WHAT AN ELECTROMETER MEASURES,hard
CLOCK,BEAST,CANDELABRA,TEACUP,WHAT CHARACTERS WERE TRANSFORMED INTO IN “BEAUTY AND THE BEAST”,very_hard
SING,DIVE,BREACH,SPOUT,WHAT HUMPBACK WHALES DO,hard
ALLERGY,RELIEF,ONION,MELODRAMA,WHAT MIGHT BRING TEARS TO YOUR EYES,hard
VICTORY,PEACE,SCISSORS,TWO,WHAT THE OUTSTRETCHED INDEX AND MIDDLE FINGERS CAN REPRESENT,very_hard
STRING LIGHTS,ANGEL,CANDY CANE,TINSEL,WHAT YOU MIGHT SEE ON A CHRISTMAS TREE,easy
AREA,ONE,EXCELLENT,ATHLETIC,WHAT “A” MIGHT MEAN,very_hard
DEFEAT,ASSIGNMENT,TIRED,TEMPO,WHAT “BEAT” MAY MEAN,very_hard
WILLIAM,BANKNOTE,INVOICE,BEAK,WHAT “BILL” MIGHT REFER TO,very_hard
NOBLE,DEMOCRATIC,EROTIC,SAD,WHAT “BLUE” MIGHT MEAN,hard
ALLOY,SUNTAN,THIRD,SCULPTURE,WHAT “BRONZE” MIGHT MEAN,very_hard
ENTHUSIAST,POLISH,MUSCULAR,NUDE,WHAT “BUFF” MIGHT MEAN,very_hard
NEBULA,EYELINER,MARBLE,GLASSES,WHAT “CAT’S EYE” CAN BE USED TO DESCRIBE,very_hard
CONVENTION,DRAWBACK,SWINDLE,CRIMINAL,WHAT “CON” MIGHT MEAN,hard
HYBRID,BETRAY,ANGRY,CRUCIFIX,WHAT “CROSS” MIGHT MEAN,very_hard
INSULTS,LIKES,SHOVELS,APARTMENT,WHAT “DIGS” MIGHT MEAN,very_hard
DEMOCRAT,DIMENSIONAL,DEFENSE,DRIVE,WHAT “D” MIGHT STAND FOR,very_hard
CAR,DIRECTOR,PRESIDENT,ACTOR,WHAT “FORD” MIGHT REFER TO,very_hard
LUSH,ECOLOGICAL,FRESH,ENVIOUS,WHAT “GREEN” MIGHT MEAN,very_hard
NAIVE,NAUSEOUS,UNWELL,JEALOUS,WHAT “GREEN” MIGHT MEAN,very_hard
FREUDIAN CONCEPT,DRIVER LICENSE,RECOGNIZE,IDAHO,WHAT “ID” MIGHT REFER TO,easy
INSIDE,INDIANA,INCH,TRENDY,WHAT “IN” MIGHT REFER TO,medium
ONE,IOTA,MYSELF,IODINE,WHAT “I” MIGHT MEAN,hard
NFL PLAYER,BLACK,AIRPLANE,HOT TUB NOZZLE,WHAT “JET” MIGHT REFER TO,very_hard
THOUSAND,OKAY,POTASSIUM,KELVIN,WHAT “K” MIGHT MEAN,very_hard
LANTHANUM,MUSICAL NOTE,LOS ANGELES,LOUISIANA,WHAT “LA” MIGHT REFER TO,hard
PROGRESSIVE,PORT,DEPARTED,REMAINING,WHAT “LEFT” MIGHT MEAN,very_hard
GREENLIGHT,OKLAHOMA,BRITISH MAGAZINE,MEDIOCRE,WHAT “OK” MIGHT REFER TO,very_hard
OXYGEN,HUG,ZERO,OF,WHAT “O” MIGHT MEAN,very_hard
POPULAR,BURST,SODA,MAINSTREAM,WHAT “POP” MIGHT MEAN,very_hard
BURST,SODA,FATHER,DAD,WHAT “POP” MIGHT MEAN,very_hard
BOUNCE,COIL,GEYSER,SEASON,WHAT “SPRING” MIGHT REFER TO,very_hard
CATTLE,BROTH,MERCHANDISE,ANCESTRY,WHAT “STOCK” MIGHT MEAN,very_hard
WIN,TUNGSTEN,WATT,WEST,WHAT “W” MIGHT STAND FOR,hard
TEN,KISS,TIMES,ADULT,WHAT “X” MIGHT MEAN,very_hard
REMAINDER,DIFFERENCE,BALANCE,REST,WHAT’S LEFTOVER,easy
WHEN,HARRY,SALLY,MET,WHEN HARRY MET SALLY,hard
BYE,PLEASE,BILLS,GIMME,"WHEN TRIPLED, HIT SONG TITLES",very_hard
DESERT,BEACH,HOURGLASS,PLAYGROUND,WHERE YOU MIGHT FIND SAND,medium
LIMOUSINE,MOVIE SET,TOOLBOX,GOLF BAG,WHERE YOU MIGHT FIND “A DRIVER”,very_hard
WHO,RABBIT,ROGER,FRAMED,WHO FRAMED ROGER RABBIT,medium
TEEN,ADULTS ONLY,MATURE,EVERYONE,"WHO VIDEO GAMES ARE FOR, PER ESRB RATINGS",hard
SUM,COUNT,GROSS,TOTAL,WHOLE AMOUNT,medium
GAUCHO,PALAZZO,HAREM,CULOTTE,WIDE-LEGGED PANT STYLES,easy
SLACK,FREEDOM,LICENSE,LATITUDE,WIGGLE ROOM,medium
ROBIN,VENUS,HANK,TENNESSEE,WILLIAMSES,hard
ON BOARD,GAME,DOWN,IN,WILLING TO PARTICIPATE,medium
BORG,GRAF,KING,SINNER,WIMBLEDON WINNERS,very_hard
WIND,WINE,WING,WINK,WIN + LETTER,medium
SHUTTER,DRAPE,SHADE,BLIND,WINDOW TREATMENTS IN THE SINGULAR,very_hard
GRAPE,WINERY,REGION,VINTAGE,WINE BOTTLE INFO,easy
CHARD,CAB,BUBBLY,ZIN,WINE NICKNAMES,very_hard
BALANCED,FULL,SWEET,DRY,WINE TASTING DESCRIPTORS,hard
CARAFE,BOTTLE,DECANTER,GLASS,WINE VESSELS,easy
MOTH,GNAT,WASP,FLY,WINGED INSECTS,easy
PRIZE,REWARD,PURSE,POT,WINNINGS,easy
KITTY,PURSE,POT,PRIZE,WINNINGS,medium
ABSENT,MINUS,SANS,WANTING,WITHOUT,medium
SUMMER,KEYS,SWIFT,NICKS,WOMEN SINGERS,very_hard
JAN,DEB,SUE,KAT,WOMEN’S NICKNAMES,medium
SHIELD,LASSO,SWORD,TIARA,WONDER WOMAN’S COSTUME,hard
LIGHTHOUSE,TEMPLE,GARDENS,PYRAMID,WONDERS OF THE WORLD,hard
PURSUE,COURT,ROMANCE,CHARM,WOO,medium
BASSOON,FLUTE,OBOE,CLARINET,WOODWINDS,easy
OBOE,CLARINET,FLUTE,SAXOPHONE,WOODWINDS,medium
PLANE,CHISEL,RASP,SAW,WOODWORKING HAND TOOLS,hard
DOVETAIL,MORTISE,MITRE,DADO,WOODWORKING JOINT TERMS,hard
DRILLS,SAWS,ROUTERS,FILES,WOODWORKING TOOLS,hard
WHY,YOU,ARE,SEE,WORDS ABBREVIATED WITH LETTERS,hard
TUBERCULOSIS,TOUCHDOWN,TRADEMARK,TELEVISION,WORDS ABBREVIATED WITH “T” + LETTER,very_hard
SPY,BEAM,ROBOT,CHING,"WORDS AFTER ""I""",very_hard
GOOD RIDDANCE,SAYONARA,ABOUT TIME,FINALLY,WORDS AFTER A WELCOME DEPARTURE,hard
DEGREE,MARVEL,PAC-MAN,PAINT,WORDS AFTER THE LETTERS “MS”,very_hard
CYCLE,POD,DENT,ANGLE,WORDS AFTER THE PREFIX “TRI-”,very_hard
TREE,TRAY,WEDNESDAY,BLOND,WORDS AFTER “ASH”,very_hard
PASTE,THAT,CAT,EDITOR,WORDS AFTER “COPY”,very_hard
SIX,FREEZE,FAKE,CUT,WORDS AFTER “DEEP”,very_hard
CANDY,WITNESS,CONTACT,SHADOW,WORDS AFTER “EYE”,very_hard
GOOSE,DOODLE,PARACHUTE,ROD,WORDS AFTER “GOLDEN”,very_hard
ALL OUT,KART,STEADY,BETWEEN,WORDS AFTER “GO”,very_hard
HOG,MAZE,TRIMMER,FUND,WORDS AFTER “HEDGE”,very_hard
HAWK,LITTER,CORNER,CAT,WORDS AFTER “KITTY”,very_hard
STREET,POP,MART,SWISS,WORDS AFTER “K”,very_hard
WORRIES,BIGGIE,SWEAT,HARD FEELINGS,WORDS AFTER “NO” TO MEAN “IT’S ALL GOOD”,medium
PAL,PHONE,CHECK,DIRT,WORDS AFTER “PAY”,very_hard
PAIN,REX,MOBILE,SHIRT,WORDS AFTER “T-”,hard
FILES,RAY,FACTOR,GAMES,WORDS AFTER “X”,very_hard
DODGE,HAND,RACQUET,PICKLE,"WORDS BEFORE ""BALL"" IN SPORTS",medium
PRIMARY,ELEMENTARY,GRAMMAR,GRADE,"WORDS BEFORE ""SCHOOL""",hard
FOOT,STEP,TOAD,BAR,"WORDS BEFORE ""STOOL""",very_hard
POCKET,WRIST,DIGITAL,STOP,"WORDS BEFORE ""WATCH""",very_hard
FOR,DEAR,TO,ATTENTION,WORDS BEFORE AN ADDRESSEE,hard
FAT,CYBER,ASH,BLACK,WORDS BEFORE DAYS OF THE WEEK,very_hard
MURPHY,CANOPY,DAY,WATER,WORDS BEFORE “BED”,very_hard
TINKER,LIBERTY,BAR,DINNER,WORDS BEFORE “BELL”,very_hard
RHINESTONE,MIDNIGHT,DRUGSTORE,SPACE,WORDS BEFORE “COWBOY” IN FILM AND MUSIC,very_hard
SOLO,DIVA,WORLD,BUTTER,WORDS BEFORE “CUP”,very_hard
EAR,KETTLE,STEEL,SNARE,WORDS BEFORE “DRUM”,very_hard
EAR,OIL,KETTLE,OIL,WORDS BEFORE “DRUM”,very_hard
CHICKEN,LADY,BUTTER,STICKY,WORDS BEFORE “FINGERS”,very_hard
SOCK,BUNNY,BAR,HIP,WORDS BEFORE “HOP”,very_hard
CHEST,HAZEL,COCO,PEA,WORDS BEFORE “NUT”,hard
BRAZIL,BUTTER,PINE,DOUGH,WORDS BEFORE “NUT”,very_hard
MISTER,ROY,GINGER,JOLLY,WORDS BEFORE “ROGER/S”,hard
REST,POWDER,BATH,THRONE,WORDS BEFORE “ROOM” TO MEAN LAVATORY,very_hard
LOVE,RADIO,SHAKE,CADDY,WORDS BEFORE “SHACK”,very_hard
LEGEND,HIPPO,HANDSOME,LIPID,WORDS BEGINNING WITH BODY PARTS,very_hard
HEYDAY,HIJINKS,YOGURT,SUPPER,WORDS BEGINNING WITH GREETINGS,very_hard
CELLOPHANE,HARPOON,BASSINET,ORGANISM,WORDS BEGINNING WITH INSTRUMENTS,very_hard
GINKGO,TYCOON,KARAOKE,EMOJI,WORDS DERIVED FROM JAPANESE,hard
FOXGLOVE,TURNCOAT,WINDSOCK,GUMSHOE,WORDS ENDING IN CLOTHING,very_hard
FREIGHT,OZONE,CANINE,OFTEN,WORDS ENDING IN NUMBERS,very_hard
TOMATO,VASE,AUNT,EITHER,WORDS FAMOUSLY PRONOUNCED DIFFERENT WAYS,very_hard
DOG,BRAT,FRANK,LINK,WORDS FOR SAUSAGE,very_hard
GROSS,SCORE,PAIR,DOZEN,WORDS FOR SPECIFIC QUANTITIES,hard
BEE,STING,BUTTERFLY,FLOAT,WORDS IN A FAMOUS MUHAMMAD ALI QUOTE,medium
CONQUERED,CAME,I,SAW,WORDS IN A FAMOUS QUOTE BY CAESAR,hard
WOODCHUCK,CHUCK,WOOD,COULD,WORDS IN A FAMOUS TONGUE TWISTER,medium
ONCE,TWICE,SOLD,GOING,WORDS IN AN AUCTION-ENDING PHRASE,medium
OLD MAN,BELL,SUN,FAREWELL,WORDS IN HEMINGWAY TITLES,hard
WOODCHUCK,PEPPERS,SEASHELLS,FUZZY,WORDS IN TONGUE TWISTERS,very_hard
TEA,DOE,SEW,FAR,WORDS IN “DO-RE-MI”,very_hard
BISCUIT,LINCOLN,CORN,STAINED,WORDS MISSPELLED IN NU METAL BAND NAMES,very_hard
EXIT,WELCOME,OPEN,PUSH,WORDS ON A DOOR,hard
CONTROL,COMMAND,OPTION,RETURN,WORDS ON A MAC KEYBOARD,medium
TIP,TAX,TOTAL,SIGNATURE,WORDS ON A RESTAURANT RECEIPT,hard
TAX,PARKING,RAILROAD,AVENUE,WORDS ON MONOPOLY SQUARES,very_hard
READING,JOB,HERB,NICE,WORDS PRONOUNCED DIFFERENTLY AS PROPER NOUNS,very_hard
EXPOSE,PATE,RESUME,ROSE,WORDS PRONOUNCED DIFFERENTLY WITH ACCENT MARKS,very_hard
SURE,SIOBHAN,SUGAR,SEAN,WORDS PRONOUNCED “SH” WITHOUT AN “SH”,very_hard
BLACK,BUTTONS,BACK,MACK,WORDS REPEATED IN “MISS MARY MACK”,very_hard
RADIUS,ARE,REVERSE,RIGHT,"WORDS REPRESENTED BY THE LETTER ""R""",very_hard
EXCELLENT,BOGUS,DUDE,TOTALLY,WORDS SAID FREQUENTLY IN THE “BILL AND TED” MOVIES,hard
GOTCHA,BOO,GUESS WHO,SURPRISE,WORDS SAID TO AN UNSUSPECTING PERSON,hard
MONTH,PURPLE,SILVER,ORANGE,WORDS SAID TO HAVE NO EXACT RHYMES,hard
POPULAR,EMOTIONAL,PROGRESSIVE,ALTERNATIVE,WORDS SHORTENED IN ROCK GENRES,hard
BOOB,EGGSHELL,HELLO,GIGGLE,WORDS SPELLED WITH AN UPSIDE-DOWN CALCULATOR,very_hard
MIX,LIVID,DILL,MILD,WORDS SPELLED WITH ROMAN NUMERALS,very_hard
ROCKETRY,RAPTURE,SOULMATE,POPCORN,WORDS STARTING WITH MUSIC GENRES,very_hard
SÉANCE,SACRUM,SEITAN,SEYCHELLES,WORDS STARTING WITH THE “SAY” SOUND,hard
FUNNY,WISH,HERRING,SOUP,WORDS THAT GO WITH “BONE”,very_hard
HEATING,AIR,CONDITIONING,VENTILATION,WORDS THAT MAKE UP THE ACRONYM “HVAC”,hard
POCKET,STOP,WRIST,SMART,WORDS THAT MODIFY “WATCH”,hard
BITE,FUN,POCKET,TRAVEL,"WORDS THAT PRECEDE ""-SIZE"" TO MEAN SMALL",very_hard
BUBBLEGUM,K,EURO,POWER,WORDS THAT PRECEDE “POP” IN MUSIC GENRES,very_hard
🧠,🚂,🌧️,✈️,WORDS THAT RHYME,medium
WORCESTERSHIRE,COLONEL,WEDNESDAY,PHARAOH,WORDS THAT SEEM LONGER WRITTEN THAN SPOKEN,very_hard
EASE,JAYS,BEES,USE,WORDS THAT SOUND LIKE PLURAL LETTERS,hard
ARS,SEIZE,OWES,EASE,WORDS THAT SOUND LIKE PLURAL LETTERS,very_hard
GEEZ,AYES,WISE,TEASE,WORDS THAT SOUND LIKE PLURAL LETTERS,very_hard
ESSAY,DECAY,CUTIE,ANY,WORDS THAT SOUND LIKE TWO LETTERS,very_hard
SEEDY,ARTY,ENVY,EXCEL,WORDS THAT SOUND LIKE TWO LETTERS,very_hard
GEO,DECAY,EASY,ZITI,WORDS THAT SOUNDS LIKE TWO LETTERS,very_hard
NYMPH,SPHYNX,RHYTHM,MYRRH,WORDS WHOSE ONLY VOWEL IS “Y”,hard
ID,WERE,SHELL,CANT,WORDS WITH APOSTROPHES REMOVED,very_hard
DROPLET,STARLING,KITCHENETTE,DOGGY,WORDS WITH DIMINUTIVE SUFFIXES,very_hard
TRILOGY,QUADRANT,UNIFORM,BICYCLE,WORDS WITH NUMERICAL PREFIXES,very_hard
TRILOBITE,TRILLION,TRIDENT,TRIANGLE,WORDS WITH THE PREFIX MEANING “THREE”,hard
BAGGAGE,GIGGLE,EGGNOG,LEGGINGS,WORDS WITH THREE G’S,medium
LIMA,JOB,POLISH,MOBILE,WORDS WITH TWO PRONUNCIATIONS,very_hard
DRAGON,PASSION,JACK,BREAD,WORDS WITH “FRUIT”,very_hard
MOLE,CAPITOL,FAITH,FOOT,WORDS WITH “HILL”,very_hard
PHONE,PAD,POD,MAC,WORDS WITH “i”,hard
TEAMS,MEET,ZOOM,SLACK,WORK COMMUNICATION PLATFORMS,hard
SAW,DRILL,GRINDER,ROUTER,WORKSHOP TOOLS,hard
RAND,WON,REAL,STERLING,WORLD CURRENCIES,hard
PLEATHER VEST,EARRING,MESH SHIRT,NECKLACE,WORN BY EARRING MAGIC KEN,hard
WIND,SPIRAL,COIL,TWIST,WRAP AROUND IN A CIRCLE,hard
GIFT,MUMMY,SPRAIN,BURRITO,WRAPPED THINGS,very_hard
YANK,WRENCH,TUG,JERK,WREST,easy
SHAR PEI,PRUNE,CREPE PAPER,BRAIN,WRINKLY THINGS,hard
WALNUT,PUG,BRAIN,PRUNE,WRINKLY THINGS,very_hard
REPORT,PAPER,ESSAY,ARTICLE,WRITING ASSIGNMENTS,easy
PINE,YEN,DESIRE,LONG,YEARN,easy
ACHE,THIRST,PINE,PINE,YEARN,hard
ITCH,BURN,LONG,LONG,YEARN,hard
JOURNALISM,CAB,PAGES,JACKET,YELLOW ___,easy
BEIGE,KHAKI,TAN,CAMEL,YELLOW-BROWN SHADES,easy
BOLSTER,STRAP,MAT,BLOCK,YOGA ACCESSORIES,hard
BRIDGE,COBRA,WHEEL,COW,YOGA BACKBENDS,hard
MOUNTAIN,COBRA,TRIANGLE,WARRIOR,YOGA POSES,hard
CHAIR,TREE,MOUNTAIN,LOTUS,YOGA POSES,hard
TREE,COW,CAT,WARRIOR,YOGA POSES,hard
DING,RIGHT,CORRECT,BINGO,YOU GOT IT!,medium
LIB,TAU,GEM,CAN,ZODIAC SIGN BEGINNINGS,very_hard
BULL,RAM,CRAB,LION,ZODIAC SYMBOLS,hard
BULL,TWINS,CRAB,SCALES,ZODIAC SYMBOLS,medium
GOAT,FISH,SCALES,TWINS,ZODIAC SYMBOLS,very_hard
COOKIE,APPLE,VENDETTA,EFFORT,[LETTER] (IS) FOR ___,hard
POP-UP,PERSONAL,ATTACK,WANT,___ AD,very_hard
HALF,AGAIN,SO,NECK,___ AND ___,very_hard
FIRE,ADAM,RED,CARPENTER,___ ANT,very_hard
NEPO,BEANIE,FUR,SANTA,___ BABY,very_hard
DOGGY,GO,MIXED,SWAG,___ BAG,very_hard
GUTTER,FOUL,DISCO,CRYSTAL,___ BALL,very_hard
TRIAL,SPEECH,WATER,LEAD,___ BALLOON,very_hard
WEDDING,BOY,TRIBUTE,RUBBER,___ BAND,very_hard
CRICKET,FRUIT,BASEBALL,VAMPIRE,___ BAT,very_hard
BUBBLE,BIRD,SPONGE,MUD,___ BATH,very_hard
BOO-BOO,TEDDY,BROWN,HONEY,___ BEAR,very_hard
SPELLING,HONEY,BUSY,QUEEN,___ BEE,very_hard
EARLY,SUE,LADY,BIG,___ BIRD,very_hard
THROW,WET,PICNIC,SECURITY,___ BLANKET,very_hard
BAD,BEACH,LOST,BEACH,___ BOYS,very_hard
BEASTIE,HARDY,PET SHOP,HARDY,___ BOYS,very_hard
MARX,CHEMICAL,BLUES,BLOOD,___ BROTHERS,very_hard
DUST,HONEY,BAD,BUGS,___ BUNNY,very_hard
NOTHING,GOOD,WARREN,IMPOSSIBLE,___ BURGER,very_hard
HOT,BELLY,SNOOZE,PANIC,___ BUTTON,very_hard
SPONGE,CARROT,POUND,COFFEE,___ CAKE,very_hard
CURTAIN,BOOTY,CLOSE,COLD,___ CALL,very_hard
COTTON,EYE,ROCK,JOHN,___ CANDY,very_hard
BUMPER,CLOWN,SPORTS,GETAWAY,___ CAR,very_hard
COOL,FAT,JUNGLE,COPY,___ CAT,very_hard
HOUSE,ALLEY,DOJA,LAP,___ CAT,very_hard
SUPPLY,DAISY,MOUNTAIN,FOOD,___ CHAIN,very_hard
HIGH,LAWN,FIRST,FOLDING,___ CHAIR,very_hard
CHUMP,LOOSE,CLIMATE,SEA,___ CHANGE,very_hard
COTTAGE,CREAM,CREAM,COTTAGE,___ CHEESE,very_hard
STRING,GOAT,STRING,SAY,___ CHEESE,very_hard
FLOWER,ONLY,PROBLEM,POSTER,___ CHILD,very_hard
POKER,POTATO,BLUE,COMPUTER,___ CHIP,very_hard
FAMILY,MEDIA,FLEA,FLYING,___ CIRCUS,very_hard
MAGIC,MOTOR,WINDY,SIN,___ CITY NICKNAMES,very_hard
PIPE,DRY,VACUUM,BATHROOM,___ CLEANER,very_hard
VIDEO,HAIR,ALLIGATOR,PAPER,___ CLIP,very_hard
CUCKOO,BIOLOGICAL,ALARM,GRANDFATHER,___ CLOCK,very_hard
SECRET,DRESS,HEALTH,ZIP,___ CODE,very_hard
SKETCH,DIVINE,BLACK,PROP,___ COMEDY,very_hard
BIRTH,REMOTE,QUALITY,CRUISE,___ CONTROL,very_hard
FOOD,TENNIS,SUPREME,KANGAROO,___ COURT,very_hard
SPIDER,HERMIT,FIDDLER,HORSESHOE,___ CRAB,very_hard
CONSTRUCTION,PAPER,WHOOPING,FRASIER,___ CRANE,very_hard
DREAM,DELIVERY,DINNER,DUE,___ DATE,very_hard
MAY,GROUNDHOG,EARTH,LABOR,___ DAY HOLIDAYS,very_hard
SWEETHEART,RAW,BIG,PLEA,___ DEAL,very_hard
DEMOLITION,SOAP BOX,KENTUCKY,HOME RUN,___ DERBY,very_hard
TEAPOT,CHROME,CAPITOL,ONION,___ DOME,very_hard
YANKEE,GOOGLE,DIPSY,CHEESE,___ DOODLE,very_hard
FEVER,AMERICAN,LUCID,PIPE,___ DREAM,very_hard
JURY,CUSTOMS,HEAVY,CIVIC,___ DUTY,very_hard
DOMINO,BUTTERFLY,PLACEBO,BUTTERFLY,___ EFFECT,very_hard
HALO,SIDE,PLACEBO,DOMINO,___ EFFECT,very_hard
MAGIC,NAKED,THIRD,EVIL,___ EYE,very_hard
BALLPARK,GO,STICK,ACTION,___ FIGURE,very_hard
JELLY,STAR,CRAY,SILVER,___ FISH THAT AREN’T FISH,very_hard
FINGER,SOUL,FAST,JUNK,___ FOOD,very_hard
CONNECT,PETIT,FAB,FANTASTIC,___ FOUR,very_hard
MUTUAL,HEDGE,SLUSH,TRUST,___ FUND,very_hard
ARCADE,NUMBERS,SQUID,BLAME,___ GAME,very_hard
BOY,BY,SAINT,CURIOUS,___ GEORGE,very_hard
SHOT,COCKTAIL,OLD FASHIONED,COLLINS,___ GLASS GLASSWARE,very_hard
GREY,GOLDEN,SILLY,MOTHER,___ GOOSE,very_hard
AIR,RHYTHM,SLIDE,ELECTRIC,___ GUITAR,very_hard
MONTY,BINGO,STUDY,CITY,___ HALL,very_hard
GIFT,CHARLEY,CRAZY,DARK,___ HORSE,very_hard
HAPPY,ELEVENTH,AMATEUR,RUSH,___ HOUR,very_hard
GINGERBREAD,HAUNTED,FULL,WHITE,___ HOUSE,very_hard
WITCH,JOB,EGG,SCAVENGER,___ HUNT,very_hard
WAFFLE,STEAM,PUMP,TIRE,___ IRON,very_hard
ENOUGH,A ROSE,LOVE,A DEAL,___ IS ___ (IS ___),very_hard
SPORTS,LIFE,YELLOW,DUST,___ JACKET,very_hard
PEARL,TRAFFIC,PAPER,NBA,___ JAM,very_hard
SPIKE LEE,HIP,PIZZA,DOVETAIL,___ JOINT,very_hard
LION,PROM,BURGER,CALIFORNIA,___ KING,very_hard
ROPE,CORPORATE,WORD,SALMON,___ LADDER,very_hard
LOVE,ROMANCE,SIGN,BODY,___ LANGUAGE,very_hard
LEMON,NATURAL,HARVARD,CRIMINAL,___ LAW,very_hard
IVY,PREMIER,JUSTICE,LITTLE,___ LEAGUE,very_hard
LOVE,COVER,CHAIN,SCARLET,___ LETTER,very_hard
WISH,GUEST,BUCKET,TOP TEN,___ LIST,very_hard
CHAIN,SNAIL,ELECTRONIC,JUNK,___ MAIL,very_hard
SUPER,BAT,SPIDER,IRON,___ MAN SUPERHEROES,very_hard
BULL,MEAT,FLEA,STOCK,___ MARKET,very_hard
HAIL,VIRGIN,PROUD,BLOODY,___ MARY,very_hard
SAILOR,HARVEST,BLUE,NEW,___ MOON,very_hard
SILENT,DATE,BUDDY,CULT,___ MOVIE,very_hard
WASTE,NICK,PASSAGE,SANDS,___ OF TIME,very_hard
POST,OVAL,MICROSOFT,BOX,___ OFFICE,very_hard
COMIC,SOAP,ROCK,MET,___ OPERA,very_hard
MAXI,LILY,BACHELOR,MOUSE,___ PAD,very_hard
BUTCHER,WAX,SCRAP,TOILET,___ PAPER,very_hard
AMUSEMENT,NATIONAL,SOUTH,PARALLEL,___ PARK,very_hard
ROUGH,SOUL,NICOTINE,CABBAGE,___ PATCH,very_hard
BLACK,DR,BELL,GHOST,___ PEPPER,very_hard
HUMBLE,CUTIE,CHESS,WHOOPIE,___ PIE,very_hard
BOBBY,HAIR,SAFETY,PUSH,___ PIN,very_hard
BARBECUE,SNAKE,ORCHESTRA,TAR,___ PIT,very_hard
FEVER,PERFECT,SALES,ELEVATOR,___ PITCH,very_hard
MATCH,SELLING,WEST,MOOT,___ POINT,very_hard
SWEET,HOT,BAKED,COUCH,___ POTATO,very_hard
BOOBY,DOOR,FIRST,JURY,___ PRIZE,very_hard
WHITE,VELVETEEN,ROGER,TRIX,___ RABBIT,very_hard
SATELLITE,TALK,PIRATE,HAM,___ RADIO,very_hard
PACK,RUG,GYM,MALL,___ RAT,very_hard
ROCKY,DIRT,SILK,HIGH,___ ROAD,very_hard
ABBEY,HIGH,SILK,ROCKY,___ ROAD,very_hard
LITTLE,PLYMOUTH,THE,CLASSIC,___ ROCK,hard
CALIFORNIA,HONOR,EGG,DRUM,___ ROLL,very_hard
SAMPLE,GARAGE,CLEARANCE,BAKE,___ SALE,very_hard
GREAT,NAVY,ELEPHANT,VACUUM,___ SEAL,very_hard
CHEAT,FITTED,BALANCE,COOKIE,___ SHEET,very_hard
SWEAT,ANKLE,CREW,TUBE,___ SOCKS,very_hard
BANANA,7-10,LICKETY,STOCK,___ SPLIT,very_hard
TOWN,POCKET,PERFECT,TIMES,___ SQUARE,very_hard
MEMORY,SELFIE,FISH,HOCKEY,___ STICK,very_hard
COMIC,LANDING,BACON,SUNSET,___ STRIP,very_hard
COUGH,SIMPLE,MAPLE,CORN,___ SYRUP,very_hard
WATER,PERIODIC,POOL,COFFEE,___ TABLE,very_hard
DOG,PRICE,FREEZE,PHONE,___ TAG,very_hard
FAIRY,TALL,FISH,FOLK,___ TALE,very_hard
SWEET,BABY,PILLOW,SMALL,___ TALK,very_hard
DEMO,RED,SCOTCH,TICKER,___ TAPE,very_hard
BORDER,RAT,BOSTON,BULL,___ TERRIER,very_hard
EYE,BABY,WISDOM,SWEET,___ TOOTH,very_hard
BEAR,SAND,SPEED,TOURIST,___ TRAP,very_hard
RIGHT,LOVE,BERMUDA,ACUTE,___ TRIANGLE,very_hard
EGO,GUILT,HEAD,POWER,___ TRIP,very_hard
VACUUM,FALLOPIAN,INNER,TEST,___ TUBE,very_hard
FAT,TACO,GIVING,SUPER,___ TUESDAY,very_hard
BOTTOMS,LAWYER,BATTER,CHIN,___ UP,very_hard
UNCANNY,SILICON,HIDDEN,DEATH,___ VALLEY,very_hard
HAMSTER,PRAYER,COLOR,CHEESE,___ WHEEL,very_hard
BODY,BUBBLE,GIFT,SHRINK,___ WRAP,very_hard
GAP,LIGHT,SCHOOL,LEAP,___ YEAR,very_hard
TWILIGHT,COMFORT,TIME,BUFFER,___ ZONE,very_hard
DADDY,JACKIE,DAY,JELL,___-O,very_hard
BOO,YO,POM,TOM,___-___,very_hard
FAST,KNUCKLE,CURVE,SCREW,___BALL PITCHES,very_hard
PICKLE,SOFT,DODGE,KICK,___BALL RECREATIONAL SPORTS,very_hard
ELDER,GOOSE,CAPER,LOGAN,___BERRY,very_hard
GOOSE,BLUE,STRAW,RASP,___BERRY ,very_hard
HOVER,KEY,DASH,STAR,___BOARD,very_hard
MAC,FACE,MATCH,POCKET,___BOOK (THAT’S NOT A BOOK),very_hard
JUKE,CHATTER,SOAP,SHADOW,___BOX,very_hard
PAN,CUP,SHORT,CHEESE,___CAKE,very_hard
NIGHT,MAD,HUB,KNEE,___CAP,very_hard
TYPE,POD,BROAD,FORE,___CAST,very_hard
CAPRI,UNI,A,POP,___CORN,very_hard
BULL,WATCH,LAP,UNDER,___DOG,very_hard
SWORD,CAT,BLOW,GOLD,___FISH,very_hard
SUN,WILD,WALL,MAY,___FLOWER,very_hard
BUTTER,FIRE,DRAGON,HORSE,___FLY,very_hard
FORE,ARROW,BLOCK,KNUCKLE,___HEAD,very_hard
MATTER,BULL,FOG,SHOE,___HORN,very_hard
ROUGH,PORTER,POWER,WHEEL,___HOUSE (THAT AREN’T HOUSES),very_hard
FLAP,LUMBER,APPLE,CRACKER,___JACK,very_hard
FIN,IRE,ICE,GREEN,___LAND,very_hard
BOGEY,CRAFTS,GENTLE,SPOKES,___MAN,very_hard
BOTTLE,BREAK,TURTLE,GOOSE,___NECK,very_hard
WORD,FORE,HORSE,SCREEN,___PLAY,very_hard
TAD,FLAG,MAY,BEAN,___POLE,very_hard
LIVER,CAR,WHIRL,DEAD,___POOL,very_hard
CHOP,CANDLE,YARD,JOY,___STICK,very_hard
FISH,FIDDLE,CHOP,DRUM,___STICKS,very_hard
MILE,KEY,BIRTH,BRIM,___STONE,very_hard
YELLOW,LIME,RHINE,TOUCH,___STONE,very_hard
HEART,HAM,SHOE,DRAW,___STRING,very_hard
COCK,MOCK,PONY,PIG,___TAIL,very_hard
HOLLY,DOG,SANDAL,DRIFT,___WOOD,very_hard
LOAN,CROSS,PASS,BUZZ,___WORD,very_hard
INCH,EARTH,GLOW,BOOK,___WORM,very_hard
KING,CARTE,MODE,PLANCHA,À/A LA ___,very_hard
MERCY,UNCLE,TRUCE,STOP,"“AAH, ENOUGH!”",hard
SAME,DITTO,SECOND,LIKEWISE,“AGREE!”,hard
NICE,COOL,SWEET,SICK,“AWESOME!”,easy
LIEUTENANT,BOYS,SANTA,TASTE,“BAD ___” MOVIES,very_hard
BANE,JOKER,PENGUIN,SCARECROW,“BATMAN” VILLAINS,hard
INTERCOMS,BEES,CAFFEINE,GOSSIP,“BUZZY” THINGS,very_hard
EASY,ENOUGH,CHILL,RELAX,“CALM DOWN”,medium
CELL,CONTACT,DIGITS,NUMBER,“CAN I GET YOUR ___?” (PHONE INFO REQUEST),medium
CRUNCH,PLANET,KANGAROO,OBVIOUS,“CAPTAINS”,very_hard
CHEN,CLARK,COWL,CRAVEN,“C” + BIRD,very_hard
COAT,CRUST,CAKE,COVER,“C” WORDS FOR “ENVELOP”,medium
HURRY,STAT,NOW,PRONTO,“DON’T DELAY!”,easy
SPORTS,TICKET,BIKE,CIGARETTE,“E-” THINGS,very_hard
OIL,EXTRA,OLIVE,VIRGIN,“EXTRA VIRGIN OLIVE OIL”,hard
SCOOTER,COMMERCE,SIGNATURE,MAIL,“E” THINGS,very_hard
BIRD,WILLY,FALLIN’,SOLO,“FREE ___”,very_hard
LIFE,CLUE,ROOM,GRIP,“GET A ___!”,very_hard
LORD,HEAVENS,MERCY,GOODNESS,“GRACIOUS ME!”,medium
IMPRESSIVE,WELL DONE,NICE,PROPS,“GREAT JOB!”,hard
EW,PU,ICK,UGH,“GROSS!”,easy
PERHAPS,WHAT IF,SAY,SUPPOSE,“HERE’S A THOUGHT ...”,medium
ENOUGH,MERCY,UNCLE,STOP,“I GIVE!”,medium
LOVER,SINNER,JOKER,SMOKER,“I’M A ___” (LYRICS IN “THE JOKER”),very_hard
TIGERS,BEARS,OH MY,LIONS,"“LIONS AND TIGERS AND BEARS, OH MY!”",easy
MEG,AMY,JO,BETH,“LITTLE WOMEN” SISTERS,hard
BEAUCOUP,MUCHO,MOLTO,MULTI,“MANY” IN DIFFERENT LANGUAGES,medium
APOLOGIES,PARDON,SORRY,OOPS,“MY MISTAKE!”,medium
PIECE OF CAKE,EASY,SURE THING,NO SWEAT,“NOTHING TO IT!”,easy
CAMERA MOVEMENT,SATYR,COOKWARE,BAD REVIEW,“PAN”,very_hard
PEPPERMINT PATTY,CHARLIE,WOODSTOCK,PIGPEN,“PEANUTS” CHARACTERS,hard
PETER,NANA,HOOK,WENDY,“PETER PAN” CHARACTERS,hard
RATS,SHOOT,DARN,CURSES,“PHOOEY!”,hard
PHISH,PHILLY,PHEW,PHAT,“PH” WORDS THAT ALSO WORK WITH “F”,hard
CRICKET,PUPPET,WOODCARVER,WHALE,“PINOCCHIO” FIGURES,hard
ARROW,DOG,FINGER,HINT,“POINTERS”,very_hard
SHANNON,FEY,RUDOLPH,STRONG,“S.N.L.” CAST MEMBERS,very_hard
SNUFFY,COOKIE,COUNT,OSCAR,“SESAME STREET” CHARACTERS,hard
GROUCH,COUNT,MONSTER,BIRD,“SESAME STREET” FIGURES,hard
ENOUGH,RELAX,EASY,QUIET,“SETTLE DOWN!”,easy
LEAVE,SCRAM,GET OUT,GO,“SKEDADDLE!”,easy
WEDNESDAY,LURCH,THING,FESTER,“THE ADDAMS FAMILY” CHARACTERS,hard
SCARECROW,LION,WITCH,WIZARD,“THE WIZARD OF OZ” FIGURES,medium
CREATOR,STALLION,RAPPER,DUDE,“THE(E) ___” RAPPERS,very_hard
BUZZ,HAMM,REX,SLINKY,"“TOY STORY” CHARACTERS, FAMILIARLY",hard
SHELL,WELL,ILL,HELL,“WILL” CONTRACTIONS WITHOUT THE APOSTROPHE,hard
JA,DA,SI,HAI,“YES” IN DIFFERENT LANGUAGES,hard
LOVE,FANTASY,TREASURE,SHUTTER,“___ ISLAND”,very_hard
DOUGH,BOUGH,COUGH,TOUGH,”-OUGH” WORDS THAT DON’T RHYME,very_hard
DOT,POINT,PERIOD,TITTLE,•,easy
