word1,word2,word3,word4,category,difficulty,General Category,game_id
curses,fudge,blast,crud,"""aw, heck!"" ",medium,Idioms & Slang,
choral,jazz,rap,americana,"""best ___ performance"" grammy award ",very_hard,Fill-in-the-Blank,
lord,please,sheesh,brother,"""give me a break!""",easy,Idioms & Slang,
heavens,gracious,mercy,dear,"""my goodness!""",easy,Idioms & Slang,
piece of cake,no sweat,easy,child’s play,"""nothing to it!""",easy,Idioms & Slang,
bumper,rubber,baby,buggy,"""rubber baby buggy bumper""",medium,Idioms & Slang,
faster,go,move,hurry,"""step on it!""",medium,Idioms & Slang,
of course,absolutely,okey-doke,sure thing,"""you bet""",easy,Idioms & Slang,
shame,tut tut,tsk,bad,"""you should know better!""",easy,Idioms & Slang,
macho,iron,piano,rocket,"""___ man"" songs from the '70s",very_hard,Fill-in-the-Blank,
abracadabra,centerfold,mickey,physical,#1 songs from 1982,very_hard,Trivia/Pop Culture,
byrd,beatle,monkee,beach boy,'60s band members,easy,Trivia/Pop Culture,
headband,mullet,spandex,neon,'80s fashion trends,easy,Trivia/Pop Culture,
psych,chill,radical,word,'80s slang,hard,Trivia/Pop Culture,
drummer,lady,ring,swan,12 days of christmas,hard,Trivia/Pop Culture,
sphere,cone,pyramid,cube,3-d shapes,medium,Noun/Concept Synonyms,
certain,various,a few,some,a handful of,medium,Descriptor/Adjective Synonyms,
rat,creep,skunk,heel,a real jerk,medium,Noun/Concept Synonyms,
ok,list,rod,plus,a-___,very_hard,Fill-in-the-Blank,
maroon,strand,dump,desert,abandon,medium,Noun/Concept Synonyms,
midsection,trunk,torso,core,abdominal area,easy,Noun/Concept Synonyms,
facility,gift,knack,flair,ability to do something well,hard,Idioms & Slang,
utter,pure,sheer,total,absolute,medium,Noun/Concept Synonyms,
spare,excuse,save,pardon,absolve,easy,Noun/Concept Synonyms,
pull,wick,suck,draw,absorb using capillary action,easy,Noun/Concept Synonyms,
handy,ready,nearby,available,accessible,medium,Descriptor/Adjective Synonyms,
tie,bracelet,belt,watch,accessories,easy,Noun/Concept Synonyms,
lead,halter,collar,harness,accessories for dog walking,medium,Noun/Concept Synonyms,
top hat,cane,spat,monocle,accessories for mr. peanut,very_hard,Noun/Concept Synonyms,
pick,drumstick,bow,mallet,accessories for playing an instrument,medium,Idioms & Slang,
pin,button,badge,brooch,accessory with a pointy fastener,easy,Idioms & Slang,
room,chairs,capacity,seating,accommodation,medium,Noun/Concept Synonyms,
log,ledger,register,record,account book,easy,Noun/Concept Synonyms,
best,worst,beat,take,achieve victory over,medium,Noun/Concept Synonyms,
goat,bogo,fomo,yolo,acronyms,hard,Noun/Concept Synonyms,
laser,scuba,radar,spam,acronyms,very_hard,Noun/Concept Synonyms,
ram,pin,mia,omg,acronyms/initialisms,hard,Noun/Concept Synonyms,
martial arts,buddy,disaster,superhero,action film subgenres,hard,Members of a Set/Entities,
bay,scott,carpenter,woo,action movie directors,very_hard,Trivia/Pop Culture,
play,discard,draw,pass,actions in card games,hard,Noun/Concept Synonyms,
draft,trade,bench,start,actions in fantasy sports,hard,Members of a Set/Entities,
poker,origami,laundry,baking,activities that involve folding,very_hard,Noun/Concept Synonyms,
chevy chase,geoffrey rush,christoph waltz,tom cruise,actors whose last names are also verbs,medium,Trivia/Pop Culture,
west,ant,scott,driver,adams,very_hard,Noun/Concept Synonyms,
fashion,tailor,shape,mold,adapt to fit one's needs,medium,Idioms & Slang,
extra,bonus,frosting,gravy,additional benefit,hard,Noun/Concept Synonyms,
extra,bonus,perk,icing,additional benefit,medium,Noun/Concept Synonyms,
icing,extra,gravy,bonus,additional perk,easy,Noun/Concept Synonyms,
plaster,stick,fix,paste,adhere,easy,Noun/Concept Synonyms,
pretty,rather,real,awful,adjective intensifiers,hard,Descriptor/Adjective Synonyms,
cold,dark,musty,dank,adjectives for a basement,medium,Noun/Concept Synonyms,
lit,scented,wicked,waxy,adjectives for a candle,very_hard,Noun/Concept Synonyms,
dry,vast,sandy,hot,adjectives for a desert,medium,Noun/Concept Synonyms,
sporty,compact,sleek,fast,adjectives for a sports car,medium,Members of a Set/Entities,
toxic,frozen,fixed,liquid,adjectives for assets,medium,Noun/Concept Synonyms,
fresh,dewy,glowing,smooth,adjectives for nice skin,easy,Noun/Concept Synonyms,
direct,possessive,present,irregular,adjectives used in grammar,hard,Noun/Concept Synonyms,
billboard,sign,poster,banner,advertising format,easy,Action/Verb Synonyms,
champion,support,back,endorse,advocate for,hard,Noun/Concept Synonyms,
endorse,champion,support,back,advocate for,medium,Noun/Concept Synonyms,
touch,move,sway,reach,affect,easy,Noun/Concept Synonyms,
complex,hang-up,bugbear,demon,affliction,easy,Noun/Concept Synonyms,
rich,flush,loaded,wealthy,affluent,easy,Noun/Concept Synonyms,
voice,choice,say,vote,agency in decisionmaking,easy,Noun/Concept Synonyms,
amount,number,quantity,volume,aggregate size,medium,Noun/Concept Synonyms,
first,coach,premium,business,airline classes,medium,Noun/Concept Synonyms,
spirit,united,virgin,frontier,airlines,easy,Noun/Concept Synonyms,
frontier,spirit,southwest,alaska,airlines,medium,Noun/Concept Synonyms,
arrival,destination,gate,flight,airport board info,medium,Noun/Concept Synonyms,
carousel,food court,gate,lounge,airport features,medium,Noun/Concept Synonyms,
snooze,time set,alarm,hour,alarm clock buttons,easy,Noun/Concept Synonyms,
recess,hollow,nook,cavity,alcove,easy,Noun/Concept Synonyms,
amber,porter,sour,stout,ale styles,hard,Noun/Concept Synonyms,
flare,sos,alarm,signal,alert,easy,Noun/Concept Synonyms,
power,root,exponent,radical,algebra terms,hard,Noun/Concept Synonyms,
reason,out,defense,excuse,alibi,hard,Noun/Concept Synonyms,
champ,goat,best,legend,all-time great,medium,Noun/Concept Synonyms,
icon,great,hero,legend,all-timer,medium,Noun/Concept Synonyms,
association,guild,league,union,alliance,easy,Noun/Concept Synonyms,
stake,interest,share,percentage,allotment,hard,Noun/Concept Synonyms,
reserved,cool,distant,remote,aloof,easy,Noun/Concept Synonyms,
besides,to boot,as well,too,also,medium,Noun/Concept Synonyms,
doctor,fudge,distort,twist,alter deceptively,hard,Descriptor/Adjective Synonyms,
cluster,concentrate,group,collect,amass,medium,Noun/Concept Synonyms,
toucan,capybara,anaconda,jaguar,amazon animals,easy,Members of a Set/Entities,
prime,kindle,rainforest,river,amazon ___,very_hard,Fill-in-the-Blank,
mood,quality,air,feeling,ambience,medium,Noun/Concept Synonyms,
easy,open,flexible,receptive,amenable,easy,Descriptor/Adjective Synonyms,
punt,snap,sack,fumble,american football actions,hard,Noun/Concept Synonyms,
end,center,safety,tackle,american football positions,hard,Noun/Concept Synonyms,
pound,olds,frost,bishop,american poets,hard,Noun/Concept Synonyms,
thatch,lock,tuft,shock,amounts of hair,medium,Noun/Concept Synonyms,
tilt-a-whirl,merry-go-round,roller coaster,ferris wheel,amusement park rides,easy,Noun/Concept Synonyms,
arts,nope,pone,rats,anagrams,hard,Word Structure/Play,
staple,pleats,tsar,pastel,anagrams,hard,Word Structure/Play,
peon,petals,star,open,anagrams,hard,Word Structure/Play,
abel,sera,ares,ears,anagrams,medium,Word Structure/Play,
bela,bale,live,veil,anagrams,medium,Word Structure/Play,
evil,able,sear,vile,anagrams,medium,Word Structure/Play,
tesla,stale,least,slate,anagrams,very_hard,Word Structure/Play,
monte,dial,yoga,egads,anagrams of famous painters,very_hard,Word Structure/Play,
groan,bulge,abut,voila,anagrams of musical instruments,very_hard,Word Structure/Play,
noise,static,snow,fuzz,analog tv interference,hard,Trivia/Pop Culture,
clay,papyrus,wax,parchment,ancient writing surfaces,easy,Noun/Concept Synonyms,
scales,down,shell,fur,animal coverings,hard,Noun/Concept Synonyms,
pride,herd,flock,pod,animal group names,easy,Members of a Set/Entities,
swarm,pack,colony,school,animal group names,easy,Members of a Set/Entities,
pride,pack,swarm,school,animal group names,hard,Members of a Set/Entities,
pride,school,herd,colony,animal groups,easy,Noun/Concept Synonyms,
den,hive,lair,nest,animal homes,easy,Noun/Concept Synonyms,
warren,lodge,den,burrow,animal homes,medium,Noun/Concept Synonyms,
dear,mousse,new,bare,animal homophones,hard,Word Structure/Play,
bore,towed,hoarse,links,animal homophones,very_hard,Word Structure/Play,
dear,phish,wail,hair,animal homophones,very_hard,Word Structure/Play,
bear,hawk,bull,dove,animal metaphors in economics,medium,Noun/Concept Synonyms,
beak,muzzle,trunk,snout,animal noses,medium,Noun/Concept Synonyms,
meow,oink,buzz,cluck,animal sounds,medium,Noun/Concept Synonyms,
tang,reed,drib,flow,animals backward,very_hard,Members of a Set/Entities,
wombat,geoduck,seahorse,titmouse,animals ending with animals,very_hard,Members of a Set/Entities,
newt,frog,bat,dog,animals in the witches' brew in “macbeth”,hard,Members of a Set/Entities,
anther,hark,easel,lama,animals minus starting letter,very_hard,Word Structure/Play,
lynx,ibex,oryx,fox,animals that end with “x”,medium,Members of a Set/Entities,
horsefly,bulldog,turtledove,catfish,animals whose names are two animals,easy,Members of a Set/Entities,
elephant,hippo,warthog,narwhal,animals with tusks,hard,Members of a Set/Entities,
trumpet,herald,broadcast,declare,announce,easy,Noun/Concept Synonyms,
bah,grinch,coal,naughty,anti-spirit of christmas,hard,Trivia/Pop Culture,
garlic,mirror,crucifix,stake,anti-vampire,medium,Noun/Concept Synonyms,
gov,chem,bio,stats,ap classes,hard,Noun/Concept Synonyms,
height,top,peak,max,apex,medium,Noun/Concept Synonyms,
shade,spirit,specter,wight,apparition,medium,Noun/Concept Synonyms,
phantom,ghost,spirit,specter,apparitions,medium,Noun/Concept Synonyms,
dress,manner,style,look,appearance,medium,Noun/Concept Synonyms,
arm,wing,fin,flipper,appendages,medium,Noun/Concept Synonyms,
popper,nacho,wing,fry,appetizer unit,easy,Noun/Concept Synonyms,
brandy,sauce,cider,butter,apple products,hard,Noun/Concept Synonyms,
crush,squash,press,mash,apply pressure to,medium,Noun/Concept Synonyms,
duration,location,time,date,appointment specifications,medium,Noun/Concept Synonyms,
thanks,credit,praise,recognition,appreciation,easy,Noun/Concept Synonyms,
thumbs-up,clearance,green light,go-ahead,approval,medium,Noun/Concept Synonyms,
rough,broad,ballpark,general,approximate,easy,Noun/Concept Synonyms,
like,roughly,about,around,approximately,easy,Descriptor/Adjective Synonyms,
bent,gift,flair,flair,aptitude,easy,Noun/Concept Synonyms,
nose,faculty,instinct,gift,aptitude,easy,Noun/Concept Synonyms,
pump,rocks,tank,filter,aquarium purchases,hard,Noun/Concept Synonyms,
mite,scorpion,spider,tick,arachnids,easy,Noun/Concept Synonyms,
chair,judge,mediate,moderate,arbitrate,easy,Noun/Concept Synonyms,
rainbow,flight path,eyebrow,banana,arc-shaped things,medium,Members of a Set/Entities,
hawkeye,cupid,robin hood,sagittarius,archers,medium,Noun/Concept Synonyms,
bow,target,arrow,quiver,archery equipment,easy,Members of a Set/Entities,
ruler,stencil,t-square,compass,architectural drawing tools,hard,Members of a Set/Entities,
get it,capisce,understand,see,are we clear?,hard,Idioms & Slang,
specialty,field,concentration,focus,area of expertise,easy,Noun/Concept Synonyms,
bank,mound,hill,dune,area of high ground,easy,Noun/Concept Synonyms,
pass,ravine,gulch,canyon,areas between mountains and hills,easy,Idioms & Slang,
concentration,major,degree,minor,areas of academic focus,medium,Descriptor/Adjective Synonyms,
hippodrome,coliseum,bowl,stadium,arena,medium,Noun/Concept Synonyms,
subtract,add,multiply,divide,arithmetic operations,medium,Descriptor/Adjective Synonyms,
major,private,general,captain,army ranks,easy,Noun/Concept Synonyms,
paint,charcoal,pastel,ink,art mediums,hard,Noun/Concept Synonyms,
gothic,deco,dada,pop,art movements,medium,Noun/Concept Synonyms,
manner,surreal,romantic,expression,"art movements, with -ism",very_hard,Noun/Concept Synonyms,
mite,aphid,beetle,tick,arthropods,easy,Noun/Concept Synonyms,
station,job,position,post,assignment,medium,Noun/Concept Synonyms,
light,yang,masculine,expansive,associated principles in chinese philosophy,very_hard,Idioms & Slang,
pencil,derek jeter,silver medal,deputy,associated with #2,very_hard,Noun/Concept Synonyms,
taurus,rodeo,wall street,michael jordan,associated with bulls,hard,Noun/Concept Synonyms,
bat,castle,cape,fang,associated with count dracula,medium,Noun/Concept Synonyms,
rooster,sunrise,dew,worm,associated with early morning,hard,Noun/Concept Synonyms,
slip,oedipus,dreams,id,associated with freud,medium,Noun/Concept Synonyms,
ladybug,shamrock,horseshoe,penny,associated with good luck,easy,Noun/Concept Synonyms,
steel,diamond,rock,nails,associated with hardness,hard,Noun/Concept Synonyms,
pipe,forearm,spinach,anchor,associated with popeye,hard,Noun/Concept Synonyms,
leprechaun,unicorn,pride,dorothy gale,associated with rainbows,hard,Noun/Concept Synonyms,
fish,libra,solfege,justice,associated with scales,hard,Noun/Concept Synonyms,
dysentery,ford,hunt,oxen,associated with the game the oregon trail,hard,Idioms & Slang,
lamp,blue,wishes,earring,associated with the genie in “aladdin”,hard,Idioms & Slang,
con game,hearts,halloween,magic show,associated with tricks,very_hard,Noun/Concept Synonyms,
infant,swimming,ticker,pub,associated with “crawl”,very_hard,Noun/Concept Synonyms,
chocolate,pigeon,peace,soap,associated with “dove”,hard,Noun/Concept Synonyms,
cyclops,solitaire,unicycle,monologue,associated with “one”,very_hard,Noun/Concept Synonyms,
cigarette,ticket,toe,pencil,associated with “stub”,hard,Noun/Concept Synonyms,
bathrobe,bowling,rug,white russian,associated with “the dude” lebowski,very_hard,Idioms & Slang,
cinch,lock,secure,ice,"assure, as a victory",medium,Descriptor/Adjective Synonyms,
lock,secure,clinch,guarantee,"assure, as a win",medium,Noun/Concept Synonyms,
later,next,soon,eventually,at some future point,easy,Noun/Concept Synonyms,
deposit,balance,transfer,withdrawal,atm options,hard,Noun/Concept Synonyms,
deposit,withdrawal,checking,savings,atm options,medium,Noun/Concept Synonyms,
stick,paste,stick,affix,attach with adhesive,easy,Descriptor/Adjective Synonyms,
adhere,glue,glue,adhere,attach with adhesive,easy,Descriptor/Adjective Synonyms,
earn,land,win,score,attain,easy,Noun/Concept Synonyms,
absent,present,late,excused,attendance status,medium,Noun/Concept Synonyms,
duds,getup,threads,fit,attire,easy,Noun/Concept Synonyms,
hook,pull,grab,draw,attract,medium,Noun/Concept Synonyms,
draw,charm,pull,appeal,attraction,hard,Noun/Concept Synonyms,
liberty bell,tower of pisa,venus de milo,statue of liberty,attractions iconically different from their original forms,hard,Idioms & Slang,
bare,unclad,nude,naked,au naturel,easy,Noun/Concept Synonyms,
shazam,tidal,audible,pandora,audio apps,easy,Noun/Concept Synonyms,
super,ultra,hyper,uber,augmentative prefixes,medium,Word Structure/Play,
bare,spare,plain,simple,austere,medium,Noun/Concept Synonyms,
crikey,bush,barbie,mate,australian terms,hard,Noun/Concept Synonyms,
reverse,drive,neutral,low,automatic gear shifter positions,hard,Descriptor/Adjective Synonyms,
reverse,drive,neutral,park,automatic transmission settings,medium,Descriptor/Adjective Synonyms,
solo,free,stag,single,available,medium,Descriptor/Adjective Synonyms,
fifth,broadway,park,madison,avenues in n.y.c.,hard,Noun/Concept Synonyms,
standard,mean,norm,par,average,easy,Noun/Concept Synonyms,
skirt,duck,escape,dodge,avoid,easy,Noun/Concept Synonyms,
medal,cup,trophy,ribbon,awards,medium,Trivia/Pop Culture,
fire,lit,sick,dope,awesome,easy,Noun/Concept Synonyms,
movie,ball,school,vitamin,b-___,very_hard,Fill-in-the-Blank,
bacon,bread,lettuce,tomato,b.l.t. ingredients,easy,Noun/Concept Synonyms,
kit,calf,cub,fawn,baby animals,hard,Members of a Set/Entities,
kid,cub,calf,joey,baby animals,medium,Members of a Set/Entities,
stroller,bib,bottle,monitor,baby gear,easy,Noun/Concept Synonyms,
carrot,shower,boom,talk,baby ___,very_hard,Fill-in-the-Blank,
steps,blues,boomer,teeth,baby ___,very_hard,Fill-in-the-Blank,
lip,sass,attitude,cheek,back talk,medium,Noun/Concept Synonyms,
aegis,protection,guard,shield,backing,easy,Action/Verb Synonyms,
booty,bum,rear,can,backside,medium,Noun/Concept Synonyms,
mar,god,tab,flow,backwards animals,very_hard,Members of a Set/Entities,
whiff,slice,shank,hook,bad golf shots,hard,Descriptor/Adjective Synonyms,
freeze,lag,drop,echo,bad things for a video call to do,easy,Members of a Set/Entities,
quit,freeze,timeout,glitch,bad things for a website to do,hard,Members of a Set/Entities,
sour,rank,foul,ripe,bad-smelling,easy,Action/Verb Synonyms,
heel,dog,jerk,snake,baddie,very_hard,Noun/Concept Synonyms,
vex,stump,puzzle,perplex,baffle,easy,Noun/Concept Synonyms,
onion,poppy,everything,plain,bagel flavors,hard,Noun/Concept Synonyms,
danish,muffin,turnover,bun,baked goods,medium,Noun/Concept Synonyms,
horsefeathers,hogwash,nonsense,crock,balderdash,easy,Noun/Concept Synonyms,
bunk,bull,hogwash,rot,balderdash,easy,Noun/Concept Synonyms,
trope,platitude,chestnut,cliché,banality,easy,Descriptor/Adjective Synonyms,
split,boat,bread,slug,banana ___,very_hard,Fill-in-the-Blank,
floyd,day,stripes,sabbath,band names minus colors,very_hard,Members of a Set/Entities,
maroon,sum,u,blink,band names minus numbers,very_hard,Members of a Set/Entities,
maroon,jackson,ben folds,mc,bands minus the number five,very_hard,Trivia/Pop Culture,
knock,butt,ram,bump,bang into,medium,Noun/Concept Synonyms,
happy hour,trivia night,karaoke,live music,bar events,medium,Noun/Concept Synonyms,
stool,keg,counter,tap,bar fixtures,medium,Noun/Concept Synonyms,
exam,mitzvah,soap,chart,bar ___,very_hard,Fill-in-the-Blank,
spine,spur,thorn,sticker,barb,medium,Noun/Concept Synonyms,
buy,value,deal,steal,bargain,medium,Noun/Concept Synonyms,
tank,cylinder,cask,drum,barrel-shaped container,easy,Noun/Concept Synonyms,
safe,ball,strike,out,baseball calls,easy,Noun/Concept Synonyms,
foul,out,ball,fair,baseball calls,hard,Noun/Concept Synonyms,
ball,bat,glove,base,baseball equipment,easy,Members of a Set/Entities,
mantle,bonds,trout,young,baseball greats,very_hard,Noun/Concept Synonyms,
run,walk,double,hit,baseball stats,hard,Noun/Concept Synonyms,
diamond,stadium,park,field,baseball venues,hard,Noun/Concept Synonyms,
up,left,right,down,basic directions,easy,Descriptor/Adjective Synonyms,
anger,surprise,fear,happiness,basic emotions,easy,Descriptor/Adjective Synonyms,
length,area,volume,perimeter,basic geometric calculations,easy,Descriptor/Adjective Synonyms,
line,point,ray,segment,basic geometric objects,medium,Descriptor/Adjective Synonyms,
sour,salty,bitter,sweet,basic tastes,easy,Descriptor/Adjective Synonyms,
triangle,square,circle,diamond,basic two-dimensional shapes,medium,Descriptor/Adjective Synonyms,
dribble,block,pass,shoot,basketball moves,hard,Noun/Concept Synonyms,
layup,floater,three,dunk,basketball shots,easy,Noun/Concept Synonyms,
finger roll,alley-oop,fadeaway,slam dunk,basketball shots,hard,Noun/Concept Synonyms,
rib,wing,dog,link,bbq offering,hard,Noun/Concept Synonyms,
chill,lounge,rest,loaf,be at leisure,easy,Noun/Concept Synonyms,
rest,rely,depend,hinge,be contingent (on),easy,Noun/Concept Synonyms,
lead,run,direct,head,be in charge of,easy,Noun/Concept Synonyms,
work,function,operate,run,be in commission,medium,Noun/Concept Synonyms,
waver,waffle,hesitate,yo-yo,be indecisive,easy,Descriptor/Adjective Synonyms,
surround,flank,bookend,bracket,be on both sides of,medium,Idioms & Slang,
showboat,swagger,grandstand,posture,be ostentatious,easy,Descriptor/Adjective Synonyms,
shore,coast,strand,bank,beachy area,medium,Noun/Concept Synonyms,
dip,sprout,counter,bag,bean ___,very_hard,Fill-in-the-Blank,
fava,lima,pinto,kidney,beans,easy,Noun/Concept Synonyms,
include,consider,factor,count,bear in mind,easy,Noun/Concept Synonyms,
hug,witness,claw,fruit,bear ___,very_hard,Fill-in-the-Blank,
learn,realize,discover,find,become aware of,medium,Action/Verb Synonyms,
mushroom,snowball,swell,balloon,become larger,hard,Action/Verb Synonyms,
throw,sheet,sham,blanket,bedding,medium,Action/Verb Synonyms,
murphy,canopy,bunk,trundle,beds,easy,Noun/Concept Synonyms,
hive,wax,honey,comb,bee creations,medium,Noun/Concept Synonyms,
batter,garden,pong,can,beer ___,very_hard,Fill-in-the-Blank,
stella,natty,bud,sierra,"beers, familiarly",hard,Descriptor/Adjective Synonyms,
genesis,birth,start,dawn,beginning,easy,Action/Verb Synonyms,
sundry,friar,monkey,wedding,beginning with day abbreviations,very_hard,Action/Verb Synonyms,
eerie,llama,aardvark,ooze,beginning with double letters,hard,Word Structure/Play,
forehead,fievel,toucan,wonder,beginning with number homophones,very_hard,Word Structure/Play,
buttermilk,bumper-to-bumper,rumpelstiltskin,tailgate,beginning with synonyms for rear end,very_hard,Idioms & Slang,
sake,interest,advantage,benefit,behalf,medium,Noun/Concept Synonyms,
whale,whopper,colossus,mammoth,behemoth,medium,Noun/Concept Synonyms,
buff,tan,fawn,cream,beige shades,hard,Noun/Concept Synonyms,
button,flop,dance,laugh,belly ___,very_hard,Fill-in-the-Blank,
close,tight,intimate,dear,"beloved, as a friend",medium,Noun/Concept Synonyms,
give,bow,cave,buckle,bend under pressure,medium,Noun/Concept Synonyms,
ray,milk,capote,lincoln,best actor-winning biopics,very_hard,Trivia/Pop Culture,
stone,madison,swank,foster,best actress oscar winners,hard,Trivia/Pop Culture,
berry,berry,stone,swank,best actress oscar winners,hard,Trivia/Pop Culture,
frozen,up,flow,brave,best animated feature oscar winners,very_hard,Trivia/Pop Culture,
bong,lee,stone,ford,best director oscar winners,very_hard,Trivia/Pop Culture,
apple,crow,turner,summer,best female rock performance grammy winners,very_hard,Trivia/Pop Culture,
gladiator,crash,moonlight,chicago,best picture winners since 2000,hard,Trivia/Pop Culture,
pinnacle,heyday,zenith,prime,best years,easy,Noun/Concept Synonyms,
grant,vest,present,confer,bestow,medium,Noun/Concept Synonyms,
napkin,cup,straw,lid,beverage self-service items,medium,Members of a Set/Entities,
juice,punch,soda,milk,beverages,easy,Noun/Concept Synonyms,
job,acts,mark,kings,bible books,medium,Descriptor/Adjective Synonyms,
splash,impact,footprint,mark,big impression,medium,Descriptor/Adjective Synonyms,
brake,chain,spoke,pedal,bike parts,medium,Noun/Concept Synonyms,
gear,saddle,handlebar,wheel,bike parts,medium,Noun/Concept Synonyms,
chalk,cue,rack,ball,billiards equipment,hard,Members of a Set/Entities,
false,no,yes,true,binary question options,hard,Noun/Concept Synonyms,
atom,molecule,protein,cell,biological building blocks,easy,Noun/Concept Synonyms,
tundra,forest,desert,grassland,biomes,easy,Noun/Concept Synonyms,
jobs,vice,milk,blonde,biopics,very_hard,Noun/Concept Synonyms,
wing,feather,beak,talon,bird features,easy,Noun/Concept Synonyms,
gobble,coo,hoot,honk,bird onomatopoeia,hard,Noun/Concept Synonyms,
swank,crowd,gully,puffing,bird plus letter,very_hard,Word Structure/Play,
tweet,chirp,caw,cluck,bird sounds,easy,Noun/Concept Synonyms,
kite,swallow,jay,turkey,birds,hard,Noun/Concept Synonyms,
crane,lark,swallow,jay,birds,hard,Noun/Concept Synonyms,
swift,robin,swift,cardinal,birds,hard,Noun/Concept Synonyms,
condo,loo,hero,rave,birds minus last letter,very_hard,Word Structure/Play,
cran,flaming,haw,hero,birds minus last letter,very_hard,Word Structure/Play,
duck,grouse,swallow,hawk,birds that are verbs,medium,Noun/Concept Synonyms,
suggestion,tip,trick,pointer,bit of advice,easy,Noun/Concept Synonyms,
puff,pebble,cheerio,flake,bit of breakfast cereal,hard,Noun/Concept Synonyms,
wedge,zest,slice,twist,bit of citrus garnish,hard,Descriptor/Adjective Synonyms,
high,kick,rush,thrill,bit of excitement,easy,Noun/Concept Synonyms,
tress,ringlet,curl,lock,bit of hair,easy,Noun/Concept Synonyms,
report,article,story,feature,bit of journalism,medium,Noun/Concept Synonyms,
parcel,patch,plot,bed,bit of land for growing,medium,Idioms & Slang,
act,bill,resolution,measure,bit of legislation,easy,Noun/Concept Synonyms,
glob,tear,bead,drop,bit of liquid,hard,Noun/Concept Synonyms,
hex,charm,spell,curse,bit of magic,easy,Descriptor/Adjective Synonyms,
article,story,column,feature,bit of newspaper writing,easy,Noun/Concept Synonyms,
garland,confetti,balloon,banner,bit of party decoration,hard,Noun/Concept Synonyms,
drill,exercise,practice,routine,bit of repetitive training,medium,Descriptor/Adjective Synonyms,
dip,wing,chip,fry,bit of sports bar fare,medium,Members of a Set/Entities,
presto,voila,behold,tada,bit of vocal fanfare,medium,Noun/Concept Synonyms,
draft,breeze,puff,gust,bit of wind,medium,Noun/Concept Synonyms,
dance,monologue,song,sketch,bits in a variety show,medium,Trivia/Pop Culture,
screw,nut,washer,nail,bits of hardware,easy,Noun/Concept Synonyms,
kernel,tidbit,pearl,nugget,bits of wisdom,medium,Noun/Concept Synonyms,
raven,inky,jet,pitch,black,medium,Noun/Concept Synonyms,
balance sheet,roulette,checkers,licorice,black or red,very_hard,Noun/Concept Synonyms,
gay,butler,hooks,walker,black women authors,very_hard,Trivia/Pop Culture,
panda,skunk,zebra,orca,black-and-white animals,easy,Members of a Set/Entities,
oreo,zebra,tuxedo,yin-yang symbol,black-and-white things,easy,Members of a Set/Entities,
domino,piano keys,crossword,panda,black-and-white things,easy,Members of a Set/Entities,
orca,oreo,domino,crossword,black-and-white things,medium,Members of a Set/Entities,
split,hit,bust,stand,blackjack terms,very_hard,Noun/Concept Synonyms,
mar,ding,scratch,dent,blemish,easy,Descriptor/Adjective Synonyms,
puree,grind,pulse,chop,blender buttons,medium,Noun/Concept Synonyms,
wink,heartbeat,second,flash,blink of an eye,medium,Noun/Concept Synonyms,
seal,plug,stop,close,"block, as an opening",easy,Noun/Concept Synonyms,
sensation,hit,success,smash,blockbuster,medium,Noun/Concept Synonyms,
whale,moon,jay,jeans,blue ___,hard,Fill-in-the-Blank,
boo-boo,no-no,flub,gaffe,blunder,easy,Noun/Concept Synonyms,
boo-boo,goof,gaffe,flub,blunder,easy,Noun/Concept Synonyms,
sorry,chess,backgammon,go,board games,easy,Noun/Concept Synonyms,
checkers,trouble,taboo,risk,board games,easy,Noun/Concept Synonyms,
sorry,trouble,clue,risk,board games,medium,Noun/Concept Synonyms,
bluster,show off,strut,crow,boast,easy,Noun/Concept Synonyms,
ferry,junk,tug,yacht,boats,easy,Noun/Concept Synonyms,
barge,scow,dory,sloop,boats,medium,Noun/Concept Synonyms,
hope,dole,ross,marley,bobs,hard,Noun/Concept Synonyms,
sound,strait,canal,channel,bodies of water,hard,Noun/Concept Synonyms,
sound,bay,channel,strait,bodies of water,medium,Noun/Concept Synonyms,
driver,finlet,flake,ebay,bodies of water plus starting letter,very_hard,Word Structure/Play,
rankle,lear,ship,barm,body part plus a starting letter,very_hard,Word Structure/Play,
arm,hip,eye,leg,body parts,easy,Noun/Concept Synonyms,
toes,knees,shoulders,head,"body parts in “head, shoulders, knees and toes”",easy,Idioms & Slang,
shiny,livery,army,colony,"body parts plus ""y""",very_hard,Idioms & Slang,
hearth,shine,china,butte,body parts plus letter,very_hard,Word Structure/Play,
squats,lunges,dips,planks,bodyweight exercises,easy,Noun/Concept Synonyms,
nerve,gall,guts,stones,"boldness, figuratively",medium,Descriptor/Adjective Synonyms,
index,chapter,appendix,preface,book sections,medium,Noun/Concept Synonyms,
part one,essays,a life,a novel,book subtitles,hard,Noun/Concept Synonyms,
band,florist,officiant,caterer,booked for a wedding,medium,Noun/Concept Synonyms,
humor,romance,travel,fiction,bookstore sections,hard,Noun/Concept Synonyms,
travel,humor,poetry,fiction,bookstore sections,medium,Noun/Concept Synonyms,
pod,shell,husk,hull,botanical coverings,medium,Noun/Concept Synonyms,
evian,dasani,fiji,voss,bottled water brands,easy,Members of a Set/Entities,
edge,border,extremity,limit,boundary,easy,Descriptor/Adjective Synonyms,
buffalo,goat,cow,sheep,bovids,easy,Noun/Concept Synonyms,
pin,alley,ball,lane,bowling,medium,Action/Verb Synonyms,
strike,foul,spare,strike,bowling results,hard,Action/Verb Synonyms,
turkey,double,spare,split,bowling results,hard,Action/Verb Synonyms,
winner,smash,hit,success,box office victory,easy,Descriptor/Adjective Synonyms,
cross,hook,bob,weave,boxing maneuvers,hard,Action/Verb Synonyms,
jab,cross,hook,uppercut,boxing punches,hard,Action/Verb Synonyms,
round,bout,match,contest,boxing unit,medium,Action/Verb Synonyms,
hook,wire,strap,cup,bra parts,hard,Noun/Concept Synonyms,
luxury,high-end,designer,haute,brand-name,easy,Noun/Concept Synonyms,
q-tip,chapstick,xerox,jacuzzi,brands that have become generic terms,very_hard,Members of a Set/Entities,
cheek,nerve,brass,sauce,brashness,very_hard,Noun/Concept Synonyms,
mustard,brat,bun,sauerkraut,bratwurst go-withs,medium,Noun/Concept Synonyms,
scope,extent,extent,range,breadth,easy,Noun/Concept Synonyms,
range,reach,reach,scope,breadth,easy,Noun/Concept Synonyms,
scale,extent,scope,range,breadth,medium,Noun/Concept Synonyms,
butter,jam,hot sauce,syrup,breakfast condiments,hard,Noun/Concept Synonyms,
waffle,pancake,cereal,omelet,breakfast foods,medium,Noun/Concept Synonyms,
bacon,toast,grits,hash,breakfast sides,easy,Noun/Concept Synonyms,
puff,heave,gasp,pant,breathe hard,easy,Noun/Concept Synonyms,
huffs,gasps,puffs,pants,breathes heavily,easy,Descriptor/Adjective Synonyms,
ring,veil,bouquet,train,bridal accessories,easy,Noun/Concept Synonyms,
wink,flash,second,jiffy,brief moment,easy,Noun/Concept Synonyms,
jiff,wink,flash,heartbeat,brief moment,easy,Noun/Concept Synonyms,
provoke,inspire,generate,prompt,bring about,easy,Action/Verb Synonyms,
devise,create,invent,coin,bring into being,easy,Action/Verb Synonyms,
nurse,rear,raise,foster,bring up,hard,Action/Verb Synonyms,
roast,scone,mash,trifle,british cuisine,hard,Descriptor/Adjective Synonyms,
pound,dram,stone,ounce,british imperial units of weight,hard,Idioms & Slang,
telly,footy,chippy,butty,britishisms,very_hard,Noun/Concept Synonyms,
blur,suede,oasis,pulp,britpop bands,very_hard,Trivia/Pop Culture,
air,show,screen,run,broadcast,medium,Noun/Concept Synonyms,
run,stream,air,play,"broadcast, as online media",medium,Noun/Concept Synonyms,
phantom,fiddler,sunset,merrily,"broadway musicals, familiarly",hard,Descriptor/Adjective Synonyms,
umbrella,sunscreen,towel,flip-flop,brought to the beach,easy,Noun/Concept Synonyms,
wing,bill,nickel,soldier,buffalo ___,very_hard,Fill-in-the-Blank,
stick,pant,smite,blouse,bugs plus starting letter,very_hard,Word Structure/Play,
wing,addition,extension,annex,building add-ons,medium,Action/Verb Synonyms,
brick,concrete,metal,stone,building materials,medium,Action/Verb Synonyms,
bank,supermarket,laundromat,post office,buildings around town,easy,Noun/Concept Synonyms,
cluster,collection,group,constellation,bunch,easy,Noun/Concept Synonyms,
foul,screw,muck,louse,"bungle, with “up”",very_hard,Noun/Concept Synonyms,
mature,blossom,develop,progress,burgeon,medium,Noun/Concept Synonyms,
boa,corset,garter,stockings,burlesque wear,easy,Noun/Concept Synonyms,
fan,corset,gloves,boa,burlesque wear,medium,Noun/Concept Synonyms,
jack,bub,bud,man,buster,medium,Noun/Concept Synonyms,
buns,tail,bottom,seat,butt,easy,Noun/Concept Synonyms,
business,trade,market,commerce,buying and selling,easy,Action/Verb Synonyms,
span,section,suite,clef,c-___,very_hard,Fill-in-the-Blank,
energy,state,justice,labor,cabinet departments,very_hard,Noun/Concept Synonyms,
bet,discovery,nickelodeon,e,cable channels,medium,Descriptor/Adjective Synonyms,
usa,oxygen,hallmark,history,cable channels,medium,Descriptor/Adjective Synonyms,
pool,store,reserve,bank,cache,medium,Noun/Concept Synonyms,
time,meter,rhythm,beat,cadence,medium,Noun/Concept Synonyms,
equals,percent,times,minus,calculator buttons,easy,Noun/Concept Synonyms,
fujifilm,polaroid,hasselblad,olympus,camera brands,medium,Members of a Set/Entities,
shirt,sticker,button,hat,campaign swag,hard,Noun/Concept Synonyms,
lantern,sleeping bag,tent,cooler,camping supplies,easy,Action/Verb Synonyms,
cut,axe,scrap,drop,"cancel, as a project",easy,Noun/Concept Synonyms,
crunch,milky way,bounty,dove,candy bars,easy,Noun/Concept Synonyms,
mars,heath,crunch,payday,candy bars,easy,Noun/Concept Synonyms,
snicker,airhead,mar,mound,candy bars minus “s”,hard,Noun/Concept Synonyms,
york,kinder,wonka,charms,candy names,hard,Members of a Set/Entities,
whopper,kiss,runt,nerd,candy pieces,hard,Members of a Set/Entities,
goober,kiss,dot,whopper,candy pieces,very_hard,Members of a Set/Entities,
licorice,gum,lollipop,chocolate,candy store treats,medium,Noun/Concept Synonyms,
apple,bar,corn,cane,candy ___,very_hard,Fill-in-the-Blank,
fur,tail,muzzle,paw,canine/feline features,medium,Noun/Concept Synonyms,
neck,make out,french,kiss,canoodle,medium,Noun/Concept Synonyms,
soul,roam,sophia,keto,capital city homophones,very_hard,Word Structure/Play,
impulse,fancy,lark,whim,caprice,easy,Noun/Concept Synonyms,
hook,america,nemo,morgan,captains,hard,Noun/Concept Synonyms,
grab,occupy,rivet,entrance,captivate,easy,Noun/Concept Synonyms,
hold,charm,rivet,engage,captivate,easy,Noun/Concept Synonyms,
thrill,entrance,absorb,absorb,captivate,easy,Noun/Concept Synonyms,
tape,record,film,shoot,capture on video,medium,Noun/Concept Synonyms,
ford,ram,dodge,lincoln,car brands,easy,Members of a Set/Entities,
mini,fiat,jaguar,ram,car brands,hard,Members of a Set/Entities,
subaru,honda,jaguar,bmw,car companies,hard,Noun/Concept Synonyms,
doge,aura,hoda,buck,car companies minus letter,very_hard,Word Structure/Play,
volt,focus,beetle,civic,car models,very_hard,Noun/Concept Synonyms,
beep beep,vroom,skrrt,purr,car onomatopoeia,medium,Noun/Concept Synonyms,
rim,grille,mirror,bumper,car parts,medium,Noun/Concept Synonyms,
enterprise,thrifty,national,budget,car rental companies,hard,Noun/Concept Synonyms,
drive,cruise,spin,ride,car trip,medium,Noun/Concept Synonyms,
whip,auto,ride,wheels,"car, informally",medium,Idioms & Slang,
war,bridge,spoons,speed,card games,medium,Noun/Concept Synonyms,
bridge,hearts,spit,gin,card games,medium,Noun/Concept Synonyms,
joker,gummy,fridge,din,card games with first letter changed,very_hard,Word Structure/Play,
turn,hole,river,flop,cards in texas hold ’em,hard,Idioms & Slang,
pot,fertilize,water,prune,care for a plant,medium,Noun/Concept Synonyms,
heave,reel,pitch,lurch,careen,easy,Noun/Concept Synonyms,
saw,clamp,level,file,carpentry tools,hard,Members of a Set/Entities,
scat,whistle,hum,sing,carry a tune,easy,Noun/Concept Synonyms,
harbor,hold,maintain,bear,"carry, as a feeling",medium,Noun/Concept Synonyms,
foghorn,woody,woodstock,scrooge,cartoon birds,hard,Noun/Concept Synonyms,
garfield,sylvester,tom,felix,cartoon cats,medium,Noun/Concept Synonyms,
goof,lad,snoop,droop,cartoon dogs minus “y”,very_hard,Noun/Concept Synonyms,
jerry,speedy,pinky,itchy,cartoon mice,very_hard,Noun/Concept Synonyms,
lose,shed,ditch,drop,cast off,medium,Noun/Concept Synonyms,
russian blue,turkish angora,ragamuffin,sphynx,cat breeds,easy,Noun/Concept Synonyms,
tortoiseshell,tuxedo,calico,tabby,cat coat patterns,medium,Noun/Concept Synonyms,
bask,sun,tan,bake,catch some rays,medium,Noun/Concept Synonyms,
blanket,general,umbrella,broad,catchall,medium,Noun/Concept Synonyms,
bop,banger,jam,groove,catchy song,medium,Noun/Concept Synonyms,
nap,walk,tail,fish,cat___,very_hard,Fill-in-the-Blank,
cradle,pajamas,eye,meow,cat’s ___,very_hard,Fill-in-the-Blank,
shower,birthday,anniversary,wedding,celebratory occasions,easy,Noun/Concept Synonyms,
comet,planet,star,moon,celestial objects,easy,Noun/Concept Synonyms,
asteroid,moon,planet,comet,celestial objects,medium,Noun/Concept Synonyms,
silent,focus,vibrate,ring,cell phone modes,easy,Noun/Concept Synonyms,
airplane,ring,do not disturb,vibrate,cellphone modes,easy,Noun/Concept Synonyms,
midriff,torso,core,trunk,central section of the body,easy,Idioms & Slang,
rooster,leprechaun,elves,count,cereal mascots,hard,Noun/Concept Synonyms,
lucky,tony,pop,sam,cereal mascots,very_hard,Noun/Concept Synonyms,
store,letter,reaction,mail,chain ___,very_hard,Fill-in-the-Blank,
pool,drawing,lottery,raffle,chance to win a prize,hard,Idioms & Slang,
renege,flip-flop,backpedal,about-face,change one’s tune,medium,Noun/Concept Synonyms,
condense,freeze,melt,vaporize,change states of matter,easy,Members of a Set/Entities,
medium,platform,venue,outlet,channel,medium,Noun/Concept Synonyms,
q,m,moneypenny,bond,characters in bond movies,hard,Trivia/Pop Culture,
solo,emperor,chewie,boba,"characters in “the empire strikes back,"" familiarly",hard,Trivia/Pop Culture,
hulk,grinch,elphaba,shrek,characters with green skin,medium,Trivia/Pop Culture,
charlie,wallace,dorothy,shaggy,characters with pet dogs,hard,Trivia/Pop Culture,
jaw,yak,yap,gab,"chat, informally",easy,Idioms & Slang,
magazine,charging cable,chapstick,candy,checkout line impulse buys,medium,Noun/Concept Synonyms,
bright,bouncy,sunny,merry,cheerful,easy,Descriptor/Adjective Synonyms,
american,blue,swiss,jack,"cheeses, familiarly",easy,Descriptor/Adjective Synonyms,
ball,puff,curl,doodle,cheesy corn snack unit,hard,Noun/Concept Synonyms,
solution,bond,element,base,chemistry terms,medium,Noun/Concept Synonyms,
relish,savor,value,treasure,cherish,easy,Descriptor/Adjective Synonyms,
gambit,mate,bishop,queen,chess terms,medium,Noun/Concept Synonyms,
fire,spice,kick,heat,chili pepper quality,medium,Descriptor/Adjective Synonyms,
han,song,tang,ming,chinese dynasties,very_hard,Noun/Concept Synonyms,
horse,tiger,dragon,rabbit,chinese zodiac animals,very_hard,Members of a Set/Entities,
mounds,mars,crunch,chunky,chocolate bars,medium,Noun/Concept Synonyms,
skort,dover,marsh,crunchy,chocolate bars plus a letter,very_hard,Word Structure/Play,
pick,cream,top,best,choicest,hard,Noun/Concept Synonyms,
stocking,snowman,reindeer,mistletoe,christmas-related,easy,Trivia/Pop Culture,
record,register,log,journal,chronicle,easy,Noun/Concept Synonyms,
cherish,have,love,hold,church of england wedding vow verbs,hard,Idioms & Slang,
mint,mango,tamarind,tomato,chutney varieties,hard,Noun/Concept Synonyms,
gall,cheek,nerve,brass,chutzpah,easy,Noun/Concept Synonyms,
hoop,circle,band,ring,circular shapes,medium,Noun/Concept Synonyms,
lp,pupil,full moon,pizza pie,circular things,medium,Members of a Set/Entities,
bath,reading,derby,sandwich,cities and towns in england,hard,Members of a Set/Entities,
lincoln,lagos,luxor,limerick,cities beginning with “l”,medium,Members of a Set/Entities,
sprite,starry,squirt,crush,citrus sodas,hard,Noun/Concept Synonyms,
roam,soul,niece,deli,city homophones,very_hard,Word Structure/Play,
medium,psychic,mystic,oracle,clairvoyant,easy,Noun/Concept Synonyms,
heat,armageddon,speed,hard boiled,classic '90s action films,very_hard,Trivia/Pop Culture,
asteroids,pong,frogger,breakout,classic arcade games,easy,Descriptor/Adjective Synonyms,
centipede,asteroids,breakout,defender,classic atari games,hard,Descriptor/Adjective Synonyms,
clippers,cape,gel,brush,classic barbershop supplies,hard,Descriptor/Adjective Synonyms,
operation,mastermind,sorry,mouse trap,classic board games,hard,Descriptor/Adjective Synonyms,
sour,punch,sling,fizz,classic cocktail types,very_hard,Descriptor/Adjective Synonyms,
comic,record,stamp,coin,classic collection items,hard,Members of a Set/Entities,
fido,rover,lucky,spot,classic dog names,easy,Members of a Set/Entities,
fluffy,rover,rex,spot,classic dog names,hard,Members of a Set/Entities,
feud,wheel,pyramid,millionaire,"classic game shows, familiarly",hard,Trivia/Pop Culture,
witch,clown,pirate,angel,classic halloween costumes,easy,Descriptor/Adjective Synonyms,
bar,chicken,light bulb,knock-knock,classic joke staples,very_hard,Descriptor/Adjective Synonyms,
flamingo,pinwheel,gnome,fountain,classic lawn ornaments,hard,Descriptor/Adjective Synonyms,
speaker,screen,projector,reel,classic movie theater equipment,easy,Members of a Set/Entities,
compass,mermaid,swallow,anchor,classic nautical tattoos,hard,Descriptor/Adjective Synonyms,
fishbowl,charades,werewolf,categories,classic party games,hard,Descriptor/Adjective Synonyms,
rush,genesis,kansas,yes,classic rock bands,hard,Trivia/Pop Culture,
fruit,skull,pitcher,tablecloth,classic still life components,hard,Descriptor/Adjective Synonyms,
tights,mask,underwear,cape,classic superhero wear,hard,Descriptor/Adjective Synonyms,
dragon,heart,rose,anchor,classic tattoos,very_hard,Descriptor/Adjective Synonyms,
yo-yo,doll,top,blocks,classic toys,easy,Descriptor/Adjective Synonyms,
blocks,ball,jacks,train,classic toys,hard,Descriptor/Adjective Synonyms,
water,fire,air,earth,classical elements,hard,Noun/Concept Synonyms,
photoshop,fix,airbrush,touch up,"clean up, as a photograph",medium,Idioms & Slang,
mop,broom,rag,sponge,cleaning supplies,easy,Action/Verb Synonyms,
vacuum,sweep,mop,dust,cleaning verbs,hard,Action/Verb Synonyms,
mud,a bell,crystal,day,clear as ___,very_hard,Fill-in-the-Blank,
trap,corner,surround,tree,close in on,hard,Noun/Concept Synonyms,
snug,sleek,clingy,slinky,close-fitting,medium,Action/Verb Synonyms,
sandwich,soda,med,music,club ___,very_hard,Fill-in-the-Blank,
mustard,scarlet,plum,green,clue characters,very_hard,Trivia/Pop Culture,
fingerprint,tire mark,hair,fiber,clues at a crime scene,hard,Idioms & Slang,
flop,bust,dud,miss,clunker,easy,Noun/Concept Synonyms,
cherry,olive,mint,twist,cocktail garnishes,hard,Noun/Concept Synonyms,
muddle,garnish,stir,strain,cocktail-making verbs,hard,Action/Verb Synonyms,
sea breeze,greyhound,cosmopolitan,screwdriver,cocktails,medium,Noun/Concept Synonyms,
screwdriver,cosmopolitan,manhattan,hurricane,cocktails,very_hard,Noun/Concept Synonyms,
libre,sling,mule,mama,cocktails minus place names,very_hard,Members of a Set/Entities,
lid,stirrer,straw,cup,coffee counter items,easy,Members of a Set/Entities,
cappuccino,latte,americano,espresso,coffee drinks,easy,Noun/Concept Synonyms,
associate,fellow,peer,partner,colleague,medium,Noun/Concept Synonyms,
gather,reap,harvest,pick,"collect, as from an orchard",medium,Idioms & Slang,
set,array,battery,series,collection,hard,Noun/Concept Synonyms,
fund,pot,pool,kitty,collection of money,very_hard,Descriptor/Adjective Synonyms,
gaggle,parliament,murder,charm,collective nouns for birds,hard,Descriptor/Adjective Synonyms,
wolverine,sooner,volunteer,gator,college football team members,hard,Members of a Set/Entities,
gate,core,pilled,mania,colloquial suffixes,very_hard,Word Structure/Play,
lube,genre,dre,gary,color anagrams,very_hard,Word Structure/Play,
blew,rows,choral,read,color homophones,very_hard,Word Structure/Play,
pastel,grayscale,neutral,neon,color types,easy,Noun/Concept Synonyms,
pink,violet,brown,turquoise,colors,medium,Noun/Concept Synonyms,
yellow,green,blue,white,colors in brazil’s flag,hard,Noun/Concept Synonyms,
lack,ink,old,range,colors minus their first letters,very_hard,Word Structure/Play,
frown,mellow,preen,clue,colors with their first letters changed,very_hard,Word Structure/Play,
titanic,great,giant,mammoth,colossal,easy,Noun/Concept Synonyms,
blend,stir,fold,beat,"combine, as baking ingredients",medium,Noun/Concept Synonyms,
sound,look,appear,seem,come across as,hard,Noun/Concept Synonyms,
land,perch,settle,roost,come down to rest,medium,Noun/Concept Synonyms,
routine,joke,bit,sketch,comedian’s output,medium,Noun/Concept Synonyms,
routine,bit,act,set,comedian’s performance,hard,Noun/Concept Synonyms,
gag,bit,sketch,act,comedic routine,hard,Descriptor/Adjective Synonyms,
loafer,croc,slipper,moccasin,comfy shoes,easy,Noun/Concept Synonyms,
snap,ouch,burn,zing,comment after an insult,easy,Noun/Concept Synonyms,
company,firm,enterprise,agency,commercial organization,easy,Noun/Concept Synonyms,
write,author,compose,pen,commit to paper,easy,Noun/Concept Synonyms,
dice,cards,board,pieces,common components of board games,medium,Idioms & Slang,
ambergris,musk,vanilla,rose,common perfume ingredients,medium,Noun/Concept Synonyms,
sub,auto,semi,post,common prefixes,very_hard,Word Structure/Play,
tote,tote,tee,mug,common swag items,hard,Members of a Set/Entities,
pen,hat,tee,water bottle,common swag items,hard,Members of a Set/Entities,
power-up,boss,health,level,common video game features,hard,Noun/Concept Synonyms,
text,correspond,write,message,communicate through writing,hard,Noun/Concept Synonyms,
greyhound,caterpillar,dove,puma,companies named after animals,hard,Members of a Set/Entities,
ink,harmony,trade,bay,companies with “e” removed,very_hard,Noun/Concept Synonyms,
house,concern,outfit,firm,company,medium,Descriptor/Adjective Synonyms,
equity,shares,stocks,options,company ownership offers,medium,Noun/Concept Synonyms,
minute,baby,compact,toy,comparatively small,hard,Noun/Concept Synonyms,
shoot,ride,fence,swim,compete in a modern pentathlon,medium,Idioms & Slang,
bellyache,crab,carp,grumble,complain,easy,Noun/Concept Synonyms,
mown,wine,whale,grown,complaint homophones,very_hard,Word Structure/Play,
lap,revolution,orbit,circuit,complete turn,easy,Noun/Concept Synonyms,
elaborate,complex,involved,baroque,complicated,medium,Noun/Concept Synonyms,
bouquet,veil,train,bustle,components of a bride’s ensemble,hard,Idioms & Slang,
cylinder,spring,tumbler,pin,components of a lock,hard,Noun/Concept Synonyms,
clue,detective,alibi,suspect,components of a mystery,medium,Descriptor/Adjective Synonyms,
cheese,sauce,crust,toppings,components of a pizza,medium,Noun/Concept Synonyms,
protein,dressing,cheese,lettuce,components of a salad,easy,Noun/Concept Synonyms,
insert,jacket,sleeve,record,components of an lp,hard,Noun/Concept Synonyms,
rim,temple,bridge,lens,components of eyeglasses,very_hard,Noun/Concept Synonyms,
genie,egg,toothpaste,bell,components of metaphors for things that can’t be undone,very_hard,Members of a Set/Entities,
attendance,papers,final,homework,components of one’s grade,easy,Noun/Concept Synonyms,
cross,hybrid,blend,compound,composite,easy,Noun/Concept Synonyms,
speaker,monitor,mouse,keyboard,computer equipment,easy,Members of a Set/Entities,
mouse,microphone,scanner,tablet,computer input devices,easy,Noun/Concept Synonyms,
sting,racket,scheme,hustle,con game,easy,Noun/Concept Synonyms,
ding,divot,dent,dimple,concavity,easy,Descriptor/Adjective Synonyms,
block,hide,mask,cover,conceal,easy,Noun/Concept Synonyms,
block,cover,hide,obscure,conceal,medium,Noun/Concept Synonyms,
shrinkage,regifting,yada yada,festivus,concepts from “seinfeld”,hard,Noun/Concept Synonyms,
plaque,tartar,cavity,calculus,concerns for a dentist,hard,Noun/Concept Synonyms,
cocktail,mixture,compound,solution,concoction,easy,Noun/Concept Synonyms,
mayo,tartar,relish,ketchup,condiments,medium,Noun/Concept Synonyms,
might,could,can,may,conditional words,medium,Noun/Concept Synonyms,
good,fine,mint,fair,conditions for collectibles,medium,Noun/Concept Synonyms,
drain,sewer,pipe,duct,conduits for water removal,easy,Noun/Concept Synonyms,
lolly,sucker,sweet,candy,confection,hard,Noun/Concept Synonyms,
accord,vest,award,grant,confer,hard,Noun/Concept Synonyms,
followers,sheep,puppets,lemmings,conformists,easy,Noun/Concept Synonyms,
join,link,join,couple,connect,easy,Noun/Concept Synonyms,
link,unite,tie,bridge,connect,easy,Noun/Concept Synonyms,
hitch,link,tie,couple,connect,hard,Noun/Concept Synonyms,
couple,unite,wed,tie,connect,medium,Noun/Concept Synonyms,
bond,link,relation,tie,connection,hard,Noun/Concept Synonyms,
coffee,fricassee,bassoon,balloon,consecutive double letters,very_hard,Word Structure/Play,
keep,save,preserve,store,conserve,easy,Noun/Concept Synonyms,
smoking,language,action,nudity,considerations for movie ratings,hard,Noun/Concept Synonyms,
knob,button,slider,switch,console inputs,medium,Noun/Concept Synonyms,
gemini,orion,cygnus,pegasus,constellations,medium,Noun/Concept Synonyms,
makeup,structure,composition,fabric,constitution,medium,Noun/Concept Synonyms,
took in,ate,put away,had,consumed,easy,Noun/Concept Synonyms,
demand,market,audience,appetite,"consumer desire, collectively",hard,Descriptor/Adjective Synonyms,
number,address,email,name,contact info,medium,Noun/Concept Synonyms,
buzz,dial,ring,call,contact via phone,easy,Noun/Concept Synonyms,
ring,dial,phone,call,contact via telephone,easy,Noun/Concept Synonyms,
house,store,keep,hold,contain,easy,Noun/Concept Synonyms,
cork,cap,tab,lid,container closures,easy,Noun/Concept Synonyms,
chest,basket,hamper,bin,containers,easy,Noun/Concept Synonyms,
muse,ponder,reflect,brood,contemplate,easy,Noun/Concept Synonyms,
cage,eno,reich,glass,contemporary composers,very_hard,Noun/Concept Synonyms,
whale,astronaut,pea,coffee,contents of a pod,hard,Noun/Concept Synonyms,
consecutive,straight,nonstop,solid,continuous,medium,Descriptor/Adjective Synonyms,
warped,bent,twisted,gnarly,contorted,easy,Noun/Concept Synonyms,
direct,write,act,produce,contribute to a movie,hard,Noun/Concept Synonyms,
garnish,oversight,sanction,cleave,contronyms (words that can mean opposite things),very_hard,Word Structure/Play,
accessible,close,handy,nearby,conveniently located,easy,Noun/Concept Synonyms,
grill,char,brown,sear,cook in a pan,easy,Noun/Concept Synonyms,
boil,blanch,steam,poach,cook with heat and water,easy,Idioms & Slang,
triangle,star,circle,umbrella,cookie cutter shapes in “squid game”,very_hard,Idioms & Slang,
batter,paste,dough,mixture,cooking concoctions,easy,Action/Verb Synonyms,
crock,casserole,pan,pot,cooking vessels,medium,Action/Verb Synonyms,
skillet,wok,pot,crock,cookwear,medium,Noun/Concept Synonyms,
lit,tight,sick,fire,"cool, in slang",hard,Noun/Concept Synonyms,
fly,fresh,rad,ill,"cool, in ’80s slang",medium,Noun/Concept Synonyms,
bad,fly,rad,bad,"cool, in ’80s slang",medium,Noun/Concept Synonyms,
ok,hunky-dory,fine,swell,copacetic,medium,Descriptor/Adjective Synonyms,
writer,cat,pasta,right,copy___,very_hard,Fill-in-the-Blank,
heart,substance,essence,crux,core,easy,Noun/Concept Synonyms,
crunch,plank,boat,mountain climber,core exercises,hard,Noun/Concept Synonyms,
syrup,maze,muffin,silk,corn-y things,very_hard,Members of a Set/Entities,
crook,angle,elbow,bend,corners,medium,Noun/Concept Synonyms,
sales,legal,it,finance,corporate departments,hard,Noun/Concept Synonyms,
oeuvre,body,works,canon,corpus,easy,Noun/Concept Synonyms,
suit,complement,match,fit,correspond well with,medium,Noun/Concept Synonyms,
interaction,exchange,contact,dealings,correspondence,easy,Noun/Concept Synonyms,
low,dirty,vile,base,corrupt,easy,Noun/Concept Synonyms,
figure,amount,value,price,cost,easy,Noun/Concept Synonyms,
referee,prisoner,mime,sailor,costumes with striped shirts,medium,Noun/Concept Synonyms,
bogus,sham,fake,phony,counterfeit,medium,Noun/Concept Synonyms,
jordan,togo,georgia,chad,countries,medium,Members of a Set/Entities,
wanda,inland,olivia,ran,countries minus first letter,very_hard,Word Structure/Play,
tong,chin,malt,cub,countries when “a” is added,very_hard,Members of a Set/Entities,
poland,japan,turkey,tunisia,countries with red and white flags,hard,Members of a Set/Entities,
action,suit,claim,case,court filing,medium,Noun/Concept Synonyms,
smear,plaster,cake,coat,cover with a thick layer,easy,Idioms & Slang,
cap,top,lid,cover,coverings,medium,Noun/Concept Synonyms,
sour,cross,sore,prickly,crabby,medium,Descriptor/Adjective Synonyms,
pack,jam,stuff,ram,cram,easy,Noun/Concept Synonyms,
wedge,jam,stuff,shoehorn,cram,hard,Noun/Concept Synonyms,
shoehorn,sandwich,wedge,squeeze,cram,medium,Noun/Concept Synonyms,
squeeze,stuff,jam,pack,cram into a tight space,medium,Idioms & Slang,
pit,cavity,hollow,hole,crater,easy,Noun/Concept Synonyms,
crimp,tease,feather,curl,create some volume/texture in hair,medium,Idioms & Slang,
produce,bear,yield,generate,"create, as results",medium,Noun/Concept Synonyms,
gnome,troll,ogre,goblin,creatures in folklore,easy,Members of a Set/Entities,
badge,ticket,pass,invite,credentials for entry,easy,Descriptor/Adjective Synonyms,
number,expiration,name,zip,credit card info,medium,Noun/Concept Synonyms,
moon,croissant,banana,sickle,crescent-shaped things,hard,Members of a Set/Entities,
ring,syndicate,crew,family,crime organization,hard,Noun/Concept Synonyms,
trash,knock,slam,blast,criticize,easy,Noun/Concept Synonyms,
roast,knock,pan,slam,criticize,easy,Noun/Concept Synonyms,
skewer,blast,flame,slam,criticize,medium,Noun/Concept Synonyms,
bash,slam,knock,pan,criticize,medium,Noun/Concept Synonyms,
flame,blast,roast,bash,criticize harshly,easy,Descriptor/Adjective Synonyms,
pepper,cucumber,corn,tomato,crops,easy,Noun/Concept Synonyms,
crumple,ball,wad,scrunch,crush into a compact shape,easy,Idioms & Slang,
ice,sugar,die,bouillon,cube-shaped,hard,Noun/Concept Synonyms,
draw close,nuzzle,spoon,hold tight,cuddle,easy,Noun/Concept Synonyms,
crank,grump,crab,grouch,curmudgeon,easy,Noun/Concept Synonyms,
condition,state,form,shape,current situation,easy,Noun/Concept Synonyms,
pox,jinx,hex,spell,curse,medium,Noun/Concept Synonyms,
profanity,swearing,four-letter words,expletives,curses,easy,Noun/Concept Synonyms,
chop,dice,mince,cube,cut into pieces,medium,Members of a Set/Entities,
deck,cord,cheese,mustard,cut the ___,very_hard,Fill-in-the-Blank,
round,flank,shank,loin,cuts of beef,hard,Noun/Concept Synonyms,
loin,chuck,round,flank,cuts of beef,medium,Noun/Concept Synonyms,
shoulder,belly,chop,hock,cuts of pork,medium,Noun/Concept Synonyms,
roll,scroll,bolt,reel,cylinder of material,hard,Noun/Concept Synonyms,
roller,silo,spool,can,cylinder-shaped things,very_hard,Members of a Set/Entities,
discog,promo,bally,raven,dance events plus a letter,very_hard,Word Structure/Play,
macarena,mashed potato,dougie,twist,dance fads,medium,Noun/Concept Synonyms,
cabbage patch,floss,moonwalk,robot,dance moves,hard,Noun/Concept Synonyms,
floss,vogue,worm,robot,dance moves,hard,Noun/Concept Synonyms,
modern,tap,jazz,swing,dance styles,easy,Noun/Concept Synonyms,
hustle,swing,tango,salsa,dances,medium,Noun/Concept Synonyms,
cha,can,go,nae,dances when doubled,very_hard,Noun/Concept Synonyms,
smart,sharp,tidy,neat,dapper,hard,Noun/Concept Synonyms,
matter,ages,chocolate,horse,dark ___,very_hard,Fill-in-the-Blank,
dear,boo,love,baby,darling,easy,Action/Verb Synonyms,
range,mode,median,mean,data set data,easy,Noun/Concept Synonyms,
block,match,message,swipe,dating app actions,medium,Action/Verb Synonyms,
match,tinder,bumble,hinge,dating apps,medium,Action/Verb Synonyms,
thursday,sunday,saturday,friday,days of the week,easy,Noun/Concept Synonyms,
lust,pride,envy,greed,deadly sins,medium,Noun/Concept Synonyms,
field,handle,tackle,manage,deal with,easy,Noun/Concept Synonyms,
address,field,answer,handle,deal with,medium,Noun/Concept Synonyms,
bluff,front,act,charade,deceit,medium,Noun/Concept Synonyms,
dupe,con,trick,fool,deceive,easy,Descriptor/Adjective Synonyms,
rout,romp,blowout,sweep,decisive victory,hard,Descriptor/Adjective Synonyms,
dip,ebb,fade,sink,decline,easy,Noun/Concept Synonyms,
fall,drop,wane,flag,decline,easy,Noun/Concept Synonyms,
drop,fall,sink,dip,decline,medium,Noun/Concept Synonyms,
frill,fringe,trim,border,decorative edge,easy,Descriptor/Adjective Synonyms,
ebb,drop,decline,dwindle,decrease,medium,Noun/Concept Synonyms,
judge,consider,regard,count,deem,medium,Noun/Concept Synonyms,
samosa,katsu,falafel,schnitzel,deep-fried food,hard,Noun/Concept Synonyms,
trash,rout,shellac,crush,defeat badly,hard,Descriptor/Adjective Synonyms,
cream,lick,smoke,paste,defeat soundly,medium,Descriptor/Adjective Synonyms,
delay,shelve,table,postpone,defer,easy,Noun/Concept Synonyms,
sorry,blue,hangdog,down,dejected,easy,Noun/Concept Synonyms,
roll,hero,wrap,bun,deli bread options,easy,Noun/Concept Synonyms,
reflection,thought,scrutiny,consideration,deliberation,easy,Noun/Concept Synonyms,
light,mild,faint,soft,delicate,easy,Noun/Concept Synonyms,
send,mail,post,ship,"deliver, as a package",easy,Noun/Concept Synonyms,
symbol,expression,token,gesture,"demonstration, as of appreciation",medium,Noun/Concept Synonyms,
filling,veneer,crown,bridge,dental additions,easy,Noun/Concept Synonyms,
crown,cavity,filling,plaque,dental terms,medium,Noun/Concept Synonyms,
degree,axe,old spice,secret,deodorants,hard,Noun/Concept Synonyms,
book,split,run,bounce,depart quickly,easy,Descriptor/Adjective Synonyms,
arm,wing,branch,chapter,department,medium,Noun/Concept Synonyms,
clock,branch,ant,melting,depicted in dalí’s “the persistence of memory”,very_hard,Idioms & Slang,
drain,sap,empty,exhaust,deplete,easy,Noun/Concept Synonyms,
lay,place,put,set,"deposit, with “down”",hard,Noun/Concept Synonyms,
tail,seat,backside,caboose,derriere,easy,Noun/Concept Synonyms,
martini,desert,humor,teetotaler,described as dry,hard,Noun/Concept Synonyms,
right,just,fair,due,deserved,medium,Noun/Concept Synonyms,
drive,itch,impulse,urge,desire,easy,Noun/Concept Synonyms,
abstain,cease,avoid,refrain,desist,easy,Noun/Concept Synonyms,
mousse,cobbler,tiramisu,pie,desserts,easy,Noun/Concept Synonyms,
flan,cake,tart,cheesecake,desserts,easy,Noun/Concept Synonyms,
particular,elaborate,thorough,minute,detailed,medium,Noun/Concept Synonyms,
drew,holmes,hardy,brown,detectives of kid-lit,hard,Noun/Concept Synonyms,
all,era,tide,gain,detergents,hard,Noun/Concept Synonyms,
brainstorm,workshop,spitball,ideate,"develop, as ideas",easy,Noun/Concept Synonyms,
concoct,engineer,hatch,mastermind,devise,medium,Noun/Concept Synonyms,
opposite,counter,reverse,polar,diametric,medium,Descriptor/Adjective Synonyms,
carat,clarity,cut,color,diamond qualities,hard,Noun/Concept Synonyms,
pip,bucket,scrooge,twist,dickens characters,hard,Trivia/Pop Culture,
lock,wisp,strand,head,different amounts of hair,hard,Noun/Concept Synonyms,
ding,chime,ping,ring,digital notification sounds,easy,Noun/Concept Synonyms,
alarm,date,light,stopwatch,digital watch features,medium,Noun/Concept Synonyms,
ranch,marinara,aioli,barbecue,dipping sauces,easy,Action/Verb Synonyms,
dozen,pool,martini,word,dirty ___,very_hard,Fill-in-the-Blank,
rice,laundry,joke,blonde,dirty ___,very_hard,Fill-in-the-Blank,
scrap,end,dissolve,sunset,discontinue,medium,Noun/Concept Synonyms,
promotion,sale,deal,special,discount,easy,Noun/Concept Synonyms,
normal,rinse,sanitize,quick,dishwasher cycles,very_hard,Noun/Concept Synonyms,
scary,flounders,belled,abut,disney animated characters plus a letter,very_hard,Word Structure/Play,
dale,daisy,dory,doc,disney characters,hard,Trivia/Pop Culture,
goofy,daisy,lady,happy,disney characters,medium,Trivia/Pop Culture,
scar,genie,stitch,beast,disney characters,very_hard,Trivia/Pop Culture,
scrooge,daisy,dewey,donald,disney ducks,hard,Trivia/Pop Culture,
ariel,aurora,merida,tiana,disney princesses,medium,Trivia/Pop Culture,
tomorrow,frontier,fantasy,adventure,disneyland lands,hard,Trivia/Pop Culture,
mess,pigpen,dump,sty,disorderly place,easy,Noun/Concept Synonyms,
array,matrix,grid,table,display of rows and columns,easy,Idioms & Slang,
tiff,clash,tangle,scrap,dispute,medium,Noun/Concept Synonyms,
forget,discount,ignore,overlook,disregard,medium,Noun/Concept Synonyms,
dive,dump,hole,joint,disreputable establishment,hard,Descriptor/Adjective Synonyms,
memory,trunk,ear,tusk,distinctive features of an elephant,hard,Idioms & Slang,
shiva,venus de milo,octopus,slot machine,distinctive number of arms (or lack thereof),very_hard,Idioms & Slang,
tattoo,scar,piercing,mole,distinguishing characteristics,easy,Action/Verb Synonyms,
song,number,air,strain,ditty,hard,Descriptor/Adjective Synonyms,
fork,branch,part,split,divide,medium,Noun/Concept Synonyms,
arm,chapter,branch,wing,division,easy,Noun/Concept Synonyms,
blab,dish,tell,spill,divulge,easy,Noun/Concept Synonyms,
dish,talk,spill,tell,"divulge, as private information",easy,Noun/Concept Synonyms,
slay,rock,eat,rule,do exceptionally well,hard,Action/Verb Synonyms,
shave,shower,dress,brush,do some grooming,medium,Action/Verb Synonyms,
push,pitch,promote,plug,do some marketing for,easy,Action/Verb Synonyms,
water,prune,plant,weed,do some tasks in the garden,medium,Idioms & Slang,
stray,fall,sin,err,do wrong,medium,Action/Verb Synonyms,
no,who,octopus,pepper,doctors in pop culture,very_hard,Noun/Concept Synonyms,
sleep,fresh air,exercise,diet,doctors’ orders,easy,Noun/Concept Synonyms,
record,tape,film,shoot,document with video,medium,Noun/Concept Synonyms,
deed,receipt,certificate,title,documents of ownership,easy,Noun/Concept Synonyms,
poodle,dalmatian,boxer,husky,dog breeds,easy,Noun/Concept Synonyms,
retrieve,point,box,set,dog breeds minus “er” sound,very_hard,Idioms & Slang,
pit,golden,bully,lab,"dog breeds, informally",hard,Idioms & Slang,
lab,pit,chow,golden,"dog breeds, informally",hard,Idioms & Slang,
pom,boston,lab,peke,"dog breeds, informally",hard,Idioms & Slang,
come,heel,stay,down,dog commands,easy,Noun/Concept Synonyms,
down,sit,stay,come,dog commands,hard,Noun/Concept Synonyms,
heel,down,shake,come,dog commands,medium,Noun/Concept Synonyms,
sit,heel,speak,stay,dog commands,medium,Noun/Concept Synonyms,
bark,whine,howl,growl,dog sounds,easy,Noun/Concept Synonyms,
days,paddle,tired,tag,dog ___,very_hard,Fill-in-the-Blank,
blue,toto,astro,hooch,dogs of the screen,hard,Noun/Concept Synonyms,
sap,clown,dweeb,turkey,doofus,hard,Noun/Concept Synonyms,
yo-yo,dope,dodo,bozo,doofus,medium,Noun/Concept Synonyms,
ringer,twin,clone,double,doppelgänger,medium,Noun/Concept Synonyms,
dribble,agent,jeopardy,jeopardy,double ___,very_hard,Fill-in-the-Blank,
standard,dutch,space,date,double ___,very_hard,Fill-in-the-Blank,
grinch,turtle,pop,cat,dr. seuss title figures,very_hard,Trivia/Pop Culture,
pepper,j,no,evil,dr. ___,very_hard,Fill-in-the-Blank,
wrap,shawl,scarf,stole,draped accessories,easy,Noun/Concept Synonyms,
rod,bracket,curtain,hook,drapery hanging items,medium,Members of a Set/Entities,
minus,ding,strike,con,drawback,hard,Noun/Concept Synonyms,
hobgoblin,bogeyman,phantom,bugbear,dread-inducing figures,easy,Trivia/Pop Culture,
conceive,picture,imagine,envision,dream up,easy,Noun/Concept Synonyms,
put on,wear,sport,don,dress in,medium,Noun/Concept Synonyms,
sword,cherry,umbrella,olive,drink garnishes,hard,Noun/Concept Synonyms,
stein,tumbler,snifter,goblet,drink vessels,easy,Noun/Concept Synonyms,
coffee,mate,cocoa,tea,drinks with caffeine,easy,Noun/Concept Synonyms,
signal,turn,brake,park,driving instructor directives,hard,Action/Verb Synonyms,
evil,pepper,dre,seuss,drs,hard,Noun/Concept Synonyms,
kick,snare,tom,cymbal,drum set components,hard,Noun/Concept Synonyms,
curl,press,row,fly,dumbbell exercises,hard,Noun/Concept Synonyms,
stretch,period,spell,time,duration,medium,Noun/Concept Synonyms,
bowl,bunny,devil,jacket,dust ___,very_hard,Fill-in-the-Blank,
tulip,clog,windmill,canal,dutch symbols,hard,Members of a Set/Entities,
pause,record,play,stop,dvr buttons,easy,Noun/Concept Synonyms,
anvil,hammer,stirrup,cochlea,ear parts,hard,Noun/Concept Synonyms,
rook,lobe,helix,conch,ear piercing sites,hard,Noun/Concept Synonyms,
sketch,outline,draft,plan,early iteration,easy,Noun/Concept Synonyms,
make,net,yield,gross,earn,medium,Noun/Concept Synonyms,
wig,drum,mark,wax,ear___,very_hard,Fill-in-the-Blank,
bunny,sunday,island,egg,easter ___,very_hard,Fill-in-the-Blank,
street,chair,money,listening,easy ___,very_hard,Fill-in-the-Blank,
graze,peck,nibble,snack,eat a little,easy,Noun/Concept Synonyms,
scarf,scarf,gulp,inhale,eat voraciously,easy,Descriptor/Adjective Synonyms,
wolf,gobble,down,wolf,eat voraciously,easy,Descriptor/Adjective Synonyms,
bolt,gobble,scarf,down,eat voraciously,hard,Descriptor/Adjective Synonyms,
gorge,scarf,gulp,wolf,eat voraciously,medium,Descriptor/Adjective Synonyms,
pope,bishop,prior,pastor,ecclesiastical titles,hard,Noun/Concept Synonyms,
prior,pastor,cardinal,bishop,ecclesiastical titles,medium,Noun/Concept Synonyms,
canyon,tunnel,zoom call,hallway,echoey places,hard,Noun/Concept Synonyms,
akeem,foley,donkey,dolittle,eddie murphy roles,hard,Noun/Concept Synonyms,
undo,copy,paste,cut,edit menu commands,medium,Noun/Concept Synonyms,
froth,fizz,bubbles,foam,effervescence,easy,Noun/Concept Synonyms,
smooth,graceful,fluid,natural,effortless,easy,Descriptor/Adjective Synonyms,
crook,scarab,eye,ankh,egyptian symbols,hard,Members of a Set/Entities,
greco,capitan,dorado,paso,el ___,very_hard,Fill-in-the-Blank,
blanket,guitar,slide,eel,electric ___,very_hard,Fill-in-the-Blank,
microwave,radio,visible,x-ray,electromagnetic spectrum,hard,Descriptor/Adjective Synonyms,
trance,ambient,jungle,house,electronic dance music genres,hard,Members of a Set/Entities,
ribbon,arrow,heart,mom,elements of a classic “mom” tattoo,medium,Idioms & Slang,
salt,acid,fat,heat,"elements of cooking,  per samin nosrat",medium,Idioms & Slang,
hubris,hero,chorus,tragedy,elements of greek drama,hard,Noun/Concept Synonyms,
sentence,word,phrase,letter,elements of writing,medium,Noun/Concept Synonyms,
banks,moss,taylor,warren,elizabeths (and one elisabeth),very_hard,Noun/Concept Synonyms,
forward,compose,send,reply all,email actions,medium,Noun/Concept Synonyms,
trash,sent,spam,drafts,email folders,medium,Noun/Concept Synonyms,
regards,best,thanks,cheers,email sign-offs,medium,Noun/Concept Synonyms,
spread,fan,branch,radiate,emanate,easy,Noun/Concept Synonyms,
wedge,lodge,stick,plant,embed,medium,Noun/Concept Synonyms,
seal,stamp,mark,label,emblem,easy,Noun/Concept Synonyms,
example,model,symbol,ideal,embodiment,easy,Noun/Concept Synonyms,
character,persona,figure,avatar,embodiment,medium,Noun/Concept Synonyms,
beam,radiate,glow,shine,emit light,medium,Noun/Concept Synonyms,
skull,heart,sparkles,fire,emoji,very_hard,Noun/Concept Synonyms,
affect,move,touch,impact,emotionally sway,hard,Descriptor/Adjective Synonyms,
engage,contract,retain,sign,employ,easy,Descriptor/Adjective Synonyms,
copy,mirror,parrot,echo,emulate,easy,Noun/Concept Synonyms,
goad,spur,egg,urge,"encourage, with ""on""",easy,Idioms & Slang,
not quite,almost,close,warm,encouraging responses in a guessing game,medium,Idioms & Slang,
ragout,rapport,parfait,bouquet,ending in a silent “t”,medium,Idioms & Slang,
herring,kingpin,cootie,baywatch,ending in accessories,very_hard,Action/Verb Synonyms,
cameroon,unread,cockatiel,whistleblew,ending in color homophones,very_hard,Word Structure/Play,
ultraviolet,marigold,stingray,infrared,ending in colors,very_hard,Action/Verb Synonyms,
compare,connecticut,parsnip,wallop,"ending in synonyms for ""clip""",very_hard,Idioms & Slang,
commonplace,sunspot,parasite,needlepoint,"ending in synonyms for ""location""",very_hard,Idioms & Slang,
rosebud,ketchum,primate,paypal,ending in synonyms for “friend”,very_hard,Idioms & Slang,
hedwig and the angry inch,my left foot,the longest yard,the green mile,ending in units of measurement,hard,Idioms & Slang,
funky chicken,jumbo shrimp,dark horse,sea monkey,ending with animals,very_hard,Members of a Set/Entities,
contrabass,autoharp,rosebud,pepperoni,ending with beer brands,very_hard,Members of a Set/Entities,
neuroplastic,kubrick,hourglass,hollywood,ending with building materials,very_hard,Action/Verb Synonyms,
latin,plead,jargon,environ,ending with chemical elements,very_hard,Action/Verb Synonyms,
marigold,evergreen,infrared,quicksilver,ending with colors,hard,Action/Verb Synonyms,
drum and bass,wu-tang,cape cod,camisole,ending with fish,very_hard,Action/Verb Synonyms,
feta,pepsi,biota,mochi,ending with greek letters,very_hard,Word Structure/Play,
prussian,disney,decaf,crypto,ending with homophones of parts of the leg,very_hard,Word Structure/Play,
icecaps,makeshift,cantab,cyberspace,ending with keyboard keys,very_hard,Action/Verb Synonyms,
snickerdoodle,shadowboxer,newshound,trendsetter,ending with kinds of dogs,very_hard,Members of a Set/Entities,
rainbow,semblance,crossword,grimace,ending with medieval weapons,very_hard,Action/Verb Synonyms,
classics,create,guthrie,therefore,ending with number homophones,very_hard,Word Structure/Play,
hawking,bojack,lovelace,mcqueen,ending with playing cards,very_hard,Action/Verb Synonyms,
rapport,debut,tarot,ballet,ending with silent “t”,medium,Action/Verb Synonyms,
golden fleece,comic con,american hustle,lucky stiff,"ending with synonyms for ""swindle""",very_hard,Idioms & Slang,
skydive,waterfall,gatecrash,raindrop,ending with synonyms for “plunge”,very_hard,Idioms & Slang,
dynasty,gimmick,engross,mildew,ending with synonyms for “yuck”,very_hard,Idioms & Slang,
witherspoon,boilerplate,jackknife,buttercup,ending with tableware,very_hard,Action/Verb Synonyms,
bigfoot,compound,thermometer,instagram,ending with units of measure,very_hard,Idioms & Slang,
support,back,champion,second,endorse,easy,Noun/Concept Synonyms,
spirit,vigor,juice,steam,energy,medium,Descriptor/Adjective Synonyms,
battery,charge,power,juice,energy for an electronic device,hard,Idioms & Slang,
wrestling,bowling,acupuncturing,sewing,engaging in an activity with pins or needles,hard,Idioms & Slang,
salt,season,flavor,spice,enhance the taste of,easy,Noun/Concept Synonyms,
appreciate,relish,love,savor,enjoy,easy,Descriptor/Adjective Synonyms,
dig,fancy,like,fancy,enjoy,easy,Descriptor/Adjective Synonyms,
feed,sup,feast,dine,enjoy a meal,medium,Noun/Concept Synonyms,
big,giant,great,huge,enormous,easy,Descriptor/Adjective Synonyms,
giant,mammoth,monster,titanic,enormous,easy,Descriptor/Adjective Synonyms,
bumper,giant,titanic,monster,enormous,medium,Descriptor/Adjective Synonyms,
lock,guarantee,cinch,ice,"ensure, as a victory",hard,Descriptor/Adjective Synonyms,
passion,relish,zest,gusto,enthusiasm,easy,Noun/Concept Synonyms,
buff,lover,fan,nut,enthusiast,hard,Noun/Concept Synonyms,
call,appeal,bid,petition,entreaty,easy,Descriptor/Adjective Synonyms,
gate,door,hatch,portal,entryway,easy,Descriptor/Adjective Synonyms,
outfit,furnish,provision,stock,equip,easy,Noun/Concept Synonyms,
stuff,gear,kit,tackle,equipment,easy,Members of a Set/Entities,
fair,even,just,equal,equitable,hard,Descriptor/Adjective Synonyms,
waver,hedge,yo-yo,see-saw,equivocate,hard,Noun/Concept Synonyms,
period,age,time,day,era,hard,Noun/Concept Synonyms,
stunt,exploit,caper,antic,escapade,easy,Noun/Concept Synonyms,
really,pretty,mighty,very,especially,easy,Descriptor/Adjective Synonyms,
launch,institute,found,start,establish,medium,Descriptor/Adjective Synonyms,
pioneers,launches,institutes,begins,establishes,medium,Noun/Concept Synonyms,
wind,gas,stinker,toot,euphemisms for flatulence,medium,Noun/Concept Synonyms,
sofa,roe,pars,mink,european capitals minus second-to-last letter,very_hard,Word Structure/Play,
poland,denmark,greece,portugal,european countries,easy,Members of a Set/Entities,
shake,dodge,shake,duck,evade,medium,Noun/Concept Synonyms,
lose,skirt,dodge,escape,evade,medium,Noun/Concept Synonyms,
grade,grade,judge,rate,evaluate,easy,Noun/Concept Synonyms,
score,rate,review,rank,evaluate,easy,Noun/Concept Synonyms,
hop,rave,formal,ball,event with dancing,medium,Noun/Concept Synonyms,
common,routine,regular,standard,everyday,medium,Descriptor/Adjective Synonyms,
hammy,dramatic,camp,overdone,"exaggerated, as a performance",medium,Noun/Concept Synonyms,
check,vet,review,screen,"examine, as an applicant",hard,Noun/Concept Synonyms,
fine,quality,sterling,prime,excellent,medium,Noun/Concept Synonyms,
neato,nifty,aces,keen,"excellent, in old slang",medium,Noun/Concept Synonyms,
singular,unique,special,remarkable,exceptional,easy,Noun/Concept Synonyms,
extract,quote,clip,passage,excerpt,medium,Noun/Concept Synonyms,
too,extra,over,beyond,excessively,medium,Descriptor/Adjective Synonyms,
pump,hype,fire,amp,"excite, with “up”",very_hard,Noun/Concept Synonyms,
bridge,crunch,dip,squat,exercises,easy,Noun/Concept Synonyms,
effort,work,labor,sweat,exertion,medium,Noun/Concept Synonyms,
pace,sweat,fidget,blush,exhibit nervousness,medium,Noun/Concept Synonyms,
kick,buzz,rush,thrill,exhilaration,medium,Noun/Concept Synonyms,
went,departed,left,split,exited,easy,Noun/Concept Synonyms,
journey,odyssey,quest,voyage,expedition,easy,Noun/Concept Synonyms,
rate,price,cost,charge,expenditure,easy,Noun/Concept Synonyms,
blank,forget,flake,space,experience a memory lapse,very_hard,Noun/Concept Synonyms,
pilot,trial,exploratory,preliminary,experimental,medium,Noun/Concept Synonyms,
thunder,roar,boom,crash,explosive sound,easy,Descriptor/Adjective Synonyms,
air,state,voice,speak,express,hard,Noun/Concept Synonyms,
imply,couch,suggest,intimate,express indirectly,hard,Descriptor/Adjective Synonyms,
inanimate,blank,wooden,flat,expressionless,easy,Idioms & Slang,
erm,um,uh,well,expressions of hesitation,very_hard,Idioms & Slang,
outside,face,front,surface,exterior,medium,Noun/Concept Synonyms,
mastodon,trilobite,dodo,mammoth,extinct animals,easy,Members of a Set/Entities,
awful,super,very,quite,extremely,medium,Descriptor/Adjective Synonyms,
real,bloody,way,awful,extremely,very_hard,Descriptor/Adjective Synonyms,
pupil,iris,lens,retina,eye parts,easy,Noun/Concept Synonyms,
fairy tale,fantasy,invention,fiction,fabrication,easy,Noun/Concept Synonyms,
corduroy,linen,tweed,denim,fabrics,easy,Noun/Concept Synonyms,
sham,bluff,show,front,facade,medium,Noun/Concept Synonyms,
nose,cheek,eye,mouth,facial features,easy,Noun/Concept Synonyms,
mustache,beard,stubble,goatee,facial hair,easy,Noun/Concept Synonyms,
miss,skip,cut,ditch,fail to attend,medium,Noun/Concept Synonyms,
lose,blow,miss,waste,"fail to take advantage of, as an opportunity",very_hard,Idioms & Slang,
bomb,dud,lemon,flop,failure,medium,Noun/Concept Synonyms,
turkeys,flops,busts,misses,failures,medium,Noun/Concept Synonyms,
wolf,princess,witch,giant,fairy tale figures,easy,Trivia/Pop Culture,
buckle,give,collapse,cave,fall in under pressure,medium,Noun/Concept Synonyms,
forge,fabricate,fake,fix,falsify,easy,Descriptor/Adjective Synonyms,
poppy,mum,grammy,dada,familial nicknames,hard,Members of a Set/Entities,
cuz,mummy,grammy,pop,familial nicknames,medium,Members of a Set/Entities,
dada,sisi,brow,moma,family member nickname plus a letter,very_hard,Word Structure/Play,
marx,warner,wright,jonas,famous brothers,medium,Trivia/Pop Culture,
page,king,berry,waters,famous guitarists,hard,Trivia/Pop Culture,
star,personality,figure,name,famous person,easy,Trivia/Pop Culture,
if,harlem,daddy,howl,famous poems,very_hard,Trivia/Pop Culture,
lorde,bishop,pope,burns,famous poets,hard,Trivia/Pop Culture,
bubbles,king kong,george,koko,famous primates,very_hard,Trivia/Pop Culture,
punch,triumph,lamb chop,oscar,famous puppets,hard,Trivia/Pop Culture,
bridge troll,riddler,mad hatter,sphinx,famous riddle-givers,very_hard,Trivia/Pop Culture,
mona lisa,joker,cheshire cat,comedy mask,famous smiles,medium,Trivia/Pop Culture,
rodeo,vine,sunset,mulholland,famous streets in los angeles,medium,Trivia/Pop Culture,
free,that,pants,feast,fancy ___,very_hard,Fill-in-the-Blank,
fancy,invention,figment,fiction,fantasy,easy,Descriptor/Adjective Synonyms,
troll,giant,pixie,dragon,fantasy creatures,easy,Members of a Set/Entities,
sty,stable,pen,coop,farm fixtures,medium,Noun/Concept Synonyms,
rake,plow,sickle,hoe,farm tools,easy,Members of a Set/Entities,
market,almanac,insurance,tan,farmers’ things,very_hard,Members of a Set/Entities,
line,brand,label,collection,fashion designer's output,easy,Idioms & Slang,
glamour,w,elle,allure,fashion magazines,medium,Noun/Concept Synonyms,
hip,in,hot,chic,fashionable,medium,Descriptor/Adjective Synonyms,
outback,subway,checkers,sonic,fast food chains,hard,Descriptor/Adjective Synonyms,
mermaid,king,colonel,clown,fast food mascots,very_hard,Descriptor/Adjective Synonyms,
food,forward,fashion,friends,fast ___,very_hard,Fill-in-the-Blank,
rapids,current,whirlpool,cataract,fast-moving water,easy,Action/Verb Synonyms,
cascade,wave,current,rapid,fast-moving water,hard,Action/Verb Synonyms,
snap,clip,hook,buckle,fasteners,medium,Noun/Concept Synonyms,
button,snap,buckle,zip,fastening verbs,easy,Action/Verb Synonyms,
cat,tuesday,chance,lip,fat ___,very_hard,Fill-in-the-Blank,
artificial,imitation,fake,mock,faux,easy,Noun/Concept Synonyms,
door,car,goat,host,featured in the monty hall problem,very_hard,Idioms & Slang,
bounty,saloon,duel,cowboy,featured in westerns,medium,Noun/Concept Synonyms,
eloise,plaza,pug,turtle,featured in “eloise”,very_hard,Noun/Concept Synonyms,
giant,jack,cow,beans,featured in “jack and the beanstalk”,hard,Idioms & Slang,
amber,dinosaur,mosquito,paleontologist,featured in “jurassic park”,hard,Descriptor/Adjective Synonyms,
queen,bashful,mirror,apple,featured in “snow white”,hard,Noun/Concept Synonyms,
strap,hole,loop,buckle,features of a belt,medium,Noun/Concept Synonyms,
radio,air conditioner,cup holder,shifter,features of a car's center console,medium,Idioms & Slang,
bow,wings,diaper,arrow,features of a cartoon cupid,very_hard,Idioms & Slang,
mogul,lift,lodge,slope,features of a ski resort,medium,Idioms & Slang,
blubber,fluke,melon,flipper,features of a toothed whale,hard,Idioms & Slang,
robe,blindfold,scales,sword,features of justice personified,very_hard,Noun/Concept Synonyms,
peg,neck,bridge,string,features of stringed instruments,medium,Members of a Set/Entities,
capitol,pool,obelisk,mall,features of the national mall in d.c.,hard,Idioms & Slang,
button,fly,rivet,pocket,features on a pair of jeans,easy,Idioms & Slang,
rummage,fish,fumble,root,feel around (for),hard,Action/Verb Synonyms,
bitter,salty,upset,sore,feeling some type of way,easy,Idioms & Slang,
cow,hen,doe,mare,female animals,easy,Members of a Set/Entities,
jenny,queen,nanny,vixen,female animals,hard,Members of a Set/Entities,
hen,doe,cow,ewe,female animals,medium,Members of a Set/Entities,
glove,jacket,mask,foil,fencing equipment,hard,Members of a Set/Entities,
masks,foils,jackets,gloves,fencing gear,very_hard,Action/Verb Synonyms,
port,stout,cider,sake,fermented alcoholic beverages,medium,Descriptor/Adjective Synonyms,
speculative,literary,young adult,historical,fiction categories,medium,Noun/Concept Synonyms,
romance,fantasy,mystery,horror,fiction genres,medium,Members of a Set/Entities,
ronald,joker,homey,pennywise,fictional clowns,hard,Noun/Concept Synonyms,
robot,big,toad,peanut,fictional misters,very_hard,Noun/Concept Synonyms,
porky,napoleon,piglet,babe,fictional pigs,very_hard,Noun/Concept Synonyms,
luffy,silver,sparrow,hook,fictional pirates,hard,Noun/Concept Synonyms,
sparrow,jones,silver,hook,fictional pirates,very_hard,Noun/Concept Synonyms,
powers,hunt,archer,smart,fictional spies,hard,Noun/Concept Synonyms,
bond,ryan,peel,hunt,fictional spies,hard,Noun/Concept Synonyms,
fawn,elephant,mouse,marionette,figures in classic disney animated films,very_hard,Trivia/Pop Culture,
atlas,echo,paris,nike,figures in greek myth,hard,Trivia/Pop Culture,
pan,helen,atlas,hermes,figures in greek myth,hard,Trivia/Pop Culture,
donkey,dragon,ogre,princess,figures in “shrek”,hard,Trivia/Pop Culture,
thread,strand,string,fiber,filament,easy,Noun/Concept Synonyms,
mid,tiff,zip,doc,file extensions,hard,Noun/Concept Synonyms,
gif,zip,tiff,pdf,file extensions,medium,Noun/Concept Synonyms,
save,print,new,open,file menu options,medium,Noun/Concept Synonyms,
stuff,jam,cram,pack,fill to excess,hard,Noun/Concept Synonyms,
well,like,um,literally,filler words,medium,Noun/Concept Synonyms,
makeup,props,wardrobe,hair,film departments,hard,Noun/Concept Synonyms,
action,lights,camera,cut,film set directives,easy,Noun/Concept Synonyms,
dolly,lens,tripod,boom,filmmaking equipment,hard,Members of a Set/Entities,
apr,ira,cfo,sec,financial abbreviations,hard,Noun/Concept Synonyms,
capital,equity,interest,stock,financial terms,hard,Noun/Concept Synonyms,
lather,froth,foam,head,fine bubbles,hard,Noun/Concept Synonyms,
strings,condition,catch,asterisk,fine print,easy,Noun/Concept Synonyms,
cream,best,select,elite,finest,easy,Noun/Concept Synonyms,
little,ring,middle,pointer,fingers,medium,Noun/Concept Synonyms,
through,complete,done,over,finished,easy,Noun/Concept Synonyms,
through,done,over,up,"finished, as time",medium,Noun/Concept Synonyms,
pottery,ceramics,ware,china,fired objects,easy,Noun/Concept Synonyms,
dressing,tape,bandage,scissors,first aid kit items,hard,Members of a Set/Entities,
speech,assembly,press,petition,first amendment freedoms,very_hard,Noun/Concept Synonyms,
introduction,premiere,debut,launch,first appearance,easy,Noun/Concept Synonyms,
laurel,fry,abbott,key,first in a comedy duo,very_hard,Idioms & Slang,
cab,duke,count,dizzy,first names in jazz,very_hard,Members of a Set/Entities,
yogi,lou,babe,mickey,first names of yankees legends,very_hard,Members of a Set/Entities,
casino,tomorrow,quantum,diamonds,first word in bond movie titles,very_hard,Idioms & Slang,
stairway,baba,hotel,bohemian,first words in '70s rock song titles,very_hard,Trivia/Pop Culture,
notorious,foxy,gucci,killer,first words in rappers’ names,very_hard,Members of a Set/Entities,
nova,northwest,british,prince,first words of canadian provinces/territories,very_hard,Idioms & Slang,
boardwalk,curb,silicon,game,first words of hbo shows,very_hard,Trivia/Pop Culture,
nations,lady,aid,responder,first ___,easy,Fill-in-the-Blank,
sole,mullet,tang,fluke,fish,easy,Descriptor/Adjective Synonyms,
char,pike,sole,tetra,fish,hard,Descriptor/Adjective Synonyms,
fluke,skate,bass,pike,fish,hard,Descriptor/Adjective Synonyms,
tang,perch,fluke,skate,fish,hard,Descriptor/Adjective Synonyms,
char,perch,pike,skate,fish,medium,Descriptor/Adjective Synonyms,
perch,eel,shark,sole,fish,medium,Descriptor/Adjective Synonyms,
smelt,carp,flounder,catfish,fish that are verbs,hard,Descriptor/Adjective Synonyms,
tackle,lure,reel,rod,fishing gear,hard,Action/Verb Synonyms,
sinker,hook,fly,line,fishing gear,medium,Action/Verb Synonyms,
fly,chum,sinker,bait,fishing terms,hard,Action/Verb Synonyms,
puncture,crack,leak,hole,fissure,easy,Noun/Concept Synonyms,
health,form,condition,shape,fitness,medium,Noun/Concept Synonyms,
right,fair,proper,just,fitting,easy,Action/Verb Synonyms,
stitch,patch,darn,mend,fix a hole in clothing,easy,Idioms & Slang,
shock,rock,surprise,floor,flabbergast,easy,Noun/Concept Synonyms,
shake,rock,floor,shock,flabbergast,medium,Noun/Concept Synonyms,
tasting,platter,flight,sampler,flavor assortment,hard,Noun/Concept Synonyms,
elastic,plastic,supple,limber,flexible,medium,Descriptor/Adjective Synonyms,
kiwi,ostrich,penguin,emu,flightless birds,hard,Descriptor/Adjective Synonyms,
jerk,startle,bolt,jump,flinch,medium,Noun/Concept Synonyms,
laminate,tile,carpet,wood,flooring options,easy,Action/Verb Synonyms,
lemon,turkey,bust,miss,flop,medium,Noun/Concept Synonyms,
stalk,bud,petal,leaf,flower parts,medium,Noun/Concept Synonyms,
daisy,tulip,rose,violet,flowers,easy,Noun/Concept Synonyms,
jasmine,petunia,daisy,poppy,flowers,medium,Noun/Concept Synonyms,
cloud,dandelion,sheep,cotton ball,fluffy white things,easy,Members of a Set/Entities,
faze,throw,rattle,ruffle,fluster,easy,Noun/Concept Synonyms,
stew,sweat,tizzy,lather,flustered state,easy,Noun/Concept Synonyms,
fire extinguisher,shaving cream,sea,beer,foamy things,medium,Members of a Set/Entities,
trash,desktop,pictures,music,folders on a mac,medium,Noun/Concept Synonyms,
chicken little,tom thumb,thumbelina,jack,folktale characters,hard,Trivia/Pop Culture,
tail,trail,track,shadow,follow,medium,Noun/Concept Synonyms,
wind,snake,weave,curve,follow a meandering course,medium,Noun/Concept Synonyms,
track,monitor,survey,watch,follow attentively,easy,Descriptor/Adjective Synonyms,
typewriter,gothic,roman,sans,font-modifying words,hard,Action/Verb Synonyms,
verdana,impact,arial,georgia,fonts,hard,Noun/Concept Synonyms,
papyrus,courier,impact,times,fonts,very_hard,Noun/Concept Synonyms,
chow,grub,fare,eats,food,easy,Noun/Concept Synonyms,
cheesesteak,wings,broil,sprouts,food named after cities,hard,Members of a Set/Entities,
cheese,corn,schmaltz,sap,food products associated with sentimentality,medium,Idioms & Slang,
melon,noodle,nut,bean,food slang for head,hard,Idioms & Slang,
🧀,🥓,🍞,🥬,food slang for money,easy,Idioms & Slang,
processor,fight,chain,pyramid,food ___,very_hard,Fill-in-the-Blank,
salad,scramble,hash,stew,food-related jumbles,easy,Noun/Concept Synonyms,
turnover,tart,pasty,pie,foods with crusts,easy,Noun/Concept Synonyms,
madness,nonsense,absurdity,folly,foolishness,easy,Noun/Concept Synonyms,
arch,sole,toe,ball,foot parts,easy,Noun/Concept Synonyms,
cleats,pads,jersey,helmet,football gear,medium,Noun/Concept Synonyms,
guard,quarterback,center,safety,football positions,easy,Noun/Concept Synonyms,
sneaker,boot,pump,loafer,footwear,easy,Noun/Concept Synonyms,
sneak,slip,wade,loaf,footwear minus “er” sound,very_hard,Noun/Concept Synonyms,
locker,ball,hills,print,foot___,very_hard,Fill-in-the-Blank,
everlasting,eternal,forever,permanent,for all time,easy,Noun/Concept Synonyms,
proscribed,verboten,taboo,off-limits,forbidden,medium,Noun/Concept Synonyms,
eject,boot,bounce,remove,force to leave,medium,Noun/Concept Synonyms,
bronco,mustang,pinto,fiesta,ford models,hard,Noun/Concept Synonyms,
initial,original,primary,first,foremost,easy,Noun/Concept Synonyms,
principal,supreme,premier,chief,foremost,easy,Noun/Concept Synonyms,
top,prime,head,lead,foremost,hard,Noun/Concept Synonyms,
main,supreme,prime,paramount,foremost,medium,Noun/Concept Synonyms,
nugget,coin,bar,leaf,formats of gold,medium,Noun/Concept Synonyms,
cube,powder,syrup,grain,forms of sugar,very_hard,Noun/Concept Synonyms,
open,direct,frank,straight,forthright,hard,Noun/Concept Synonyms,
marsala,port,sherry,vermouth,fortified wines,medium,Noun/Concept Synonyms,
courage,spirit,heart,backbone,fortitude,easy,Noun/Concept Synonyms,
spirit,will,resolve,grit,fortitude,medium,Noun/Concept Synonyms,
poker,flue,log,grate,found around a fireplace,medium,Noun/Concept Synonyms,
tea bag,tetherball,yo-yo,pendulum,found at the end of a string/cord,medium,Idioms & Slang,
counter,sink,mixer,range,found in a kitchen,medium,Noun/Concept Synonyms,
caramel,popcorn,prize,peanuts,found in cracker jacks,hard,Noun/Concept Synonyms,
keel,hatch,bridge,deck,found on a ship,hard,Noun/Concept Synonyms,
pot,pan,kettle,griddle,found on a stove top,easy,Idioms & Slang,
staff,clef,note,rest,found on sheet music,easy,Descriptor/Adjective Synonyms,
rest,staff,note,accidental,found on sheet music,hard,Descriptor/Adjective Synonyms,
hound,hole,trot,glove,fox___,very_hard,Fill-in-the-Blank,
sausage,banger,link,brat,frankfurter,easy,Noun/Concept Synonyms,
con,fake,quack,cheat,fraudster,medium,Noun/Concept Synonyms,
pain,pamplemousse,vinaigrette,cornichon,french food words,hard,Noun/Concept Synonyms,
pain,adieu,temps,belle,french words,very_hard,Noun/Concept Synonyms,
kiss,bulldog,fry,horn,french ___,very_hard,Fill-in-the-Blank,
ring,stick,wing,tender,"fried appetizer, informally",very_hard,Idioms & Slang,
bud,pal,chum,mate,friend,easy,Noun/Concept Synonyms,
date,kiwi,orange,lemon,fruit,easy,Noun/Concept Synonyms,
crisp,crumble,cobbler,tart,fruit desserts,easy,Noun/Concept Synonyms,
pair,lyme,bury,mellon,fruit homophones,very_hard,Word Structure/Play,
plumb,pair,leachy,current,fruit homophones,very_hard,Word Structure/Play,
apricot,grape,lime,fig,fruits,easy,Noun/Concept Synonyms,
dote,lumon,poach,ample,fruits with their second letters changed,very_hard,Word Structure/Play,
house,circle,monty,moon,full ___,very_hard,Fill-in-the-Blank,
blast,ball,kick,ball,fun time,medium,Noun/Concept Synonyms,
blast,thrill,kick,riot,fun time,medium,Noun/Concept Synonyms,
purse,pool,pot,kitty,fund,easy,Noun/Concept Synonyms,
staple,essential,principal,key,fundamental,medium,Noun/Concept Synonyms,
function,ball,benefit,gala,fundraising event,easy,Action/Verb Synonyms,
laugh,joker,card,clown,funny person,easy,Noun/Concept Synonyms,
riot,character,laugh,joker,funny person,easy,Noun/Concept Synonyms,
card,clown,cutup,joker,funny person,hard,Noun/Concept Synonyms,
business,girl,pages,bone,funny ___,very_hard,Fill-in-the-Blank,
equip,ready,outfit,prepare,furnish,medium,Descriptor/Adjective Synonyms,
wardrobe,chest,console,vanity,furniture,hard,Noun/Concept Synonyms,
forecast,outlook,prospect,chance,future likelihood,easy,Noun/Concept Synonyms,
remote,vague,faint,dim,"fuzzy, as a memory",medium,Descriptor/Adjective Synonyms,
beer,pizza,dip,wings,game day fare,medium,Noun/Concept Synonyms,
bingo,roulette,lottery,war,games of chance,hard,Noun/Concept Synonyms,
tag,bingo,uno,marco polo,games where you say the game’s name,very_hard,Idioms & Slang,
seed,weed,water,plant,gardening nouns/verbs,easy,Action/Verb Synonyms,
bread,garlic,butter,parsley,garlic bread ingredients,easy,Descriptor/Adjective Synonyms,
diesel,regular,premium,plus,gas pump options,hard,Noun/Concept Synonyms,
dirt,secrets,intelligence,information,gathered by spies,very_hard,Noun/Concept Synonyms,
deck,porch,yard,stoop,gathering spot outside a residence,easy,Idioms & Slang,
radiant,baguette,princess,emerald,gemstone cuts,very_hard,Noun/Concept Synonyms,
light,mellow,mild,soft,gentle,easy,Noun/Concept Synonyms,
volumetric,angular,areal,linear,geometry adjectives,very_hard,Noun/Concept Synonyms,
kinder,die,wurst,angst,german words,medium,Noun/Concept Synonyms,
mend,knit,recover,heal,"get better, as a broken bone",easy,Idioms & Slang,
fire,psych,amp,hype,"get excited, with ""up""",easy,Idioms & Slang,
squat,duck,stoop,crouch,get low,medium,Action/Verb Synonyms,
flush,glow,burn,blush,get red in the face,easy,Idioms & Slang,
shrink,contract,reduce,lessen,get smaller,easy,Action/Verb Synonyms,
spooning,snuggling,cuddling,hugging,getting cozy,easy,Action/Verb Synonyms,
card,wrapping,box,bow,gift-giving accessories,easy,Action/Verb Synonyms,
idea,message,point,drift,gist,hard,Noun/Concept Synonyms,
substance,meat,thrust,core,gist,medium,Noun/Concept Synonyms,
dub,call,name,label,give a title to,easy,Action/Verb Synonyms,
coast,float,coast,breeze,glide,easy,Noun/Concept Synonyms,
drift,float,skate,cruise,glide,easy,Noun/Concept Synonyms,
touch,hint,trace,suggestion,glimmer,easy,Noun/Concept Synonyms,
peep,glance,look,gander,glimpse,easy,Noun/Concept Synonyms,
dazzle,pomp,flash,ritz,glitziness,hard,Noun/Concept Synonyms,
sol,real,dollar,won,global currencies,hard,Noun/Concept Synonyms,
pound,pound,real,yen,global currencies,hard,Noun/Concept Synonyms,
yuan,won,pound,sterling,global currencies,hard,Noun/Concept Synonyms,
sour,spoil,turn,rot,go bad,medium,Action/Verb Synonyms,
see,woo,date,court,go out with,medium,Action/Verb Synonyms,
challenge,confront,oppose,face,go up against,medium,Action/Verb Synonyms,
figure,rogue,figure,commando,go ___,very_hard,Fill-in-the-Blank,
fish,steady,bananas,bananas,go ___,very_hard,Fill-in-the-Blank,
push,egg,urge,spur,"goad, with ""on""",easy,Idioms & Slang,
legend,icon,diva,queen,goddess,easy,Noun/Concept Synonyms,
mine,rush,bond,leaf,gold ___,very_hard,Fill-in-the-Blank,
parachute,girls,fleece,rule,golden ___,very_hard,Fill-in-the-Blank,
wood,iron,wedge,putter,golf clubs,medium,Noun/Concept Synonyms,
fairway,rough,green,bunker,golf course parts,easy,Noun/Concept Synonyms,
driver,eagle,stroke,hole,golf terms,medium,Noun/Concept Synonyms,
raise,promotion,bonus,equity,good things to get at work,easy,Members of a Set/Entities,
load,cargo,haul,freight,goods to be transported,easy,Noun/Concept Synonyms,
dirt,talk,dish,buzz,gossip,easy,Noun/Concept Synonyms,
dishing,whispering,buzzing,spilling,gossiping,medium,Action/Verb Synonyms,
hold,rivet,engross,absorb,grab one’s attention,easy,Noun/Concept Synonyms,
syringe,ruler,protractor,beaker,graduated instruments,medium,Members of a Set/Entities,
barley,spelt,oat,rye,grains,easy,Noun/Concept Synonyms,
present,future,past,perfect,grammar tense terms,easy,Noun/Concept Synonyms,
plain,meadow,prairie,savanna,grassland,medium,Noun/Concept Synonyms,
park,lawn,green,yard,grassy area,easy,Noun/Concept Synonyms,
field,green,lawn,grounds,grassy area,medium,Noun/Concept Synonyms,
skim,stroke,kiss,brush,graze,medium,Noun/Concept Synonyms,
witchcraft,summertime,autumn leaves,unforgettable,great american songbook songs,hard,Trivia/Pop Culture,
load,drove,score,host,great many,medium,Descriptor/Adjective Synonyms,
white,dane,lake,seal,great ___,very_hard,Fill-in-the-Blank,
pi,mu,xi,nu,greek letters,hard,Word Structure/Play,
beta,iota,delta,chi,greek letters,medium,Word Structure/Play,
hercule,aja,her,are,greek mythological figures minus a letter,very_hard,Word Structure/Play,
kilo,meta,hyper,neo,greek prefixes,medium,Word Structure/Play,
chimichurri,relish,salsa verde,pesto,green condiments,medium,Noun/Concept Synonyms,
beret,goblin,thumb,salad,green ___,medium,Fill-in-the-Blank,
hug,high five,wave,shake,greeting gestures,hard,Action/Verb Synonyms,
gas,wood,electric,charcoal,grill fuel sources,medium,Noun/Concept Synonyms,
produce,frozen,snack,dairy,grocery store aisles,hard,Noun/Concept Synonyms,
original,different,new,novel,groundbreaking,medium,Action/Verb Synonyms,
board,panel,cabinet,council,group of advisors,medium,Noun/Concept Synonyms,
compound,development,block,complex,group of buildings,very_hard,Noun/Concept Synonyms,
brood,clutch,litter,hatch,group of offspring,hard,Noun/Concept Synonyms,
side,wing,division,faction,group within a group,hard,Noun/Concept Synonyms,
camp,camp,wing,party,group within a group,hard,Noun/Concept Synonyms,
fingers,commandments,bowling pins,decade,groups of ten,easy,Noun/Concept Synonyms,
usher,pilot,shepherd,steer,guide,medium,Noun/Concept Synonyms,
bridge,neck,fret,body,guitar parts,very_hard,Noun/Concept Synonyms,
slide,strum,bend,pick,guitar playing techniques,hard,Noun/Concept Synonyms,
trident,orbit,extra,ice breakers,gum brands,hard,Members of a Set/Entities,
cinnamon,menthol,wintergreen,bubblegum,gum flavors,easy,Noun/Concept Synonyms,
curl,plank,press,lunge,gym exercises,hard,Noun/Concept Synonyms,
bars,vault,beam,rings,gymnastics apparatus,easy,Noun/Concept Synonyms,
rings,floor,horse,vault,gymnastics apparatus,hard,Noun/Concept Synonyms,
roundoff,aerial,arabesque,split,gymnastics moves,easy,Noun/Concept Synonyms,
tuck,split,straddle,pike,gymnastics positions,medium,Noun/Concept Synonyms,
grapefruit,marble,pea,baseball,hail size comparisons,hard,Noun/Concept Synonyms,
gel,wax,spray,mousse,hair products,easy,Noun/Concept Synonyms,
dryer,chair,mirror,sink,hair salon fixtures,hard,Noun/Concept Synonyms,
cut,trim,color,blowout,hair salon offerings,easy,Noun/Concept Synonyms,
dryer,iron,comb,brush,hair tools,medium,Members of a Set/Entities,
buzz,pixie,bowl,crew,"haircuts, with “cut”",easy,Noun/Concept Synonyms,
shag,bob,crop,fade,hairstyles,hard,Noun/Concept Synonyms,
bob,shag,pixie,crop,hairstyles,medium,Noun/Concept Synonyms,
tombstone,pumpkin,bat,cobweb,halloween decorations,easy,Noun/Concept Synonyms,
decorations,pumpkin,candy,costume,halloween purchases,easy,Noun/Concept Synonyms,
spider,bat,pumpkin,witch,halloween symbols,easy,Members of a Set/Entities,
staunch,stem,check,curb,halt,hard,Noun/Concept Synonyms,
digit,piggy,mitt,dog,hand- and foot-related slang,very_hard,Noun/Concept Synonyms,
settle,pay,take care of,foot,"handle, as a bill",medium,Noun/Concept Synonyms,
emperor,duckling,princess,mermaid,hans christian anderson figures,medium,Trivia/Pop Culture,
kiss,countdown,ball,fireworks,happy new year!,very_hard,Idioms & Slang,
returns,days,medium,meal,happy ___,very_hard,Fill-in-the-Blank,
hour,camper,trails,ending,happy ___,very_hard,Fill-in-the-Blank,
sock,lick,strike,blow,hard hit,medium,Noun/Concept Synonyms,
light,faint,pale,dim,hard to make out,medium,Noun/Concept Synonyms,
candy,copy,knocks,seltzer,hard ___,very_hard,Fill-in-the-Blank,
quiet,slow,sleepy,calm,hardly bustling,easy,Noun/Concept Synonyms,
nail,rivet,screw,bolt,hardware fasteners,medium,Noun/Concept Synonyms,
beret,fez,fedora,bowler,hats,easy,Noun/Concept Synonyms,
intend,aim,plan,mean,have in mind,medium,Noun/Concept Synonyms,
succession,entourage,insecure,euphoria,hbo shows,hard,Trivia/Pop Culture,
state,lettuce,steam,hair,head of ___,very_hard,Fill-in-the-Blank,
rumbling,speculation,whispers,talk,hearsay,easy,Descriptor/Adjective Synonyms,
sweet,tender,moving,touching,heartwarming,easy,Action/Verb Synonyms,
oven,forge,kiln,furnace,heat sources,medium,Noun/Concept Synonyms,
regard,mind,follow,observe,"heed, as rules",medium,Noun/Concept Synonyms,
dna,spring,corkscrew,fusilli,helical things,very_hard,Members of a Set/Entities,
direct,guide,lead,steer,helm,medium,Noun/Concept Synonyms,
plan,host,throw,cater,help put on a party,hard,Idioms & Slang,
kindness,favor,solid,service,helpful deed,hard,Descriptor/Adjective Synonyms,
coat,crest,shield,arms,heraldry terms,hard,Noun/Concept Synonyms,
mace,sage,dill,anise,herbs and spices,easy,Noun/Concept Synonyms,
bond,wick,ocean,jones,heroes of action movie franchises,hard,Idioms & Slang,
bass,does,dove,bass,heteronyms,hard,Noun/Concept Synonyms,
wind,coordinate,axes,desert,heteronyms,hard,Noun/Concept Synonyms,
bug,tap,mike,wire,hidden listening devices,medium,Noun/Concept Synonyms,
block,shield,cover,screen,hide from view,medium,Noun/Concept Synonyms,
peak,crest,summit,vertex,highest point,easy,Noun/Concept Synonyms,
expert,hotshot,ace,crackerjack,highly skilled,easy,Noun/Concept Synonyms,
inhibit,curb,hamper,check,hinder,medium,Noun/Concept Synonyms,
slam,bang,pound,hammer,hit hard,easy,Noun/Concept Synonyms,
one week,too close,closing time,iris,hit songs of 1998,hard,Trivia/Pop Culture,
roof,jackpot,road,hay,hit the ___,very_hard,Fill-in-the-Blank,
rebecca,rope,notorious,birds,hitchcock movies,medium,Trivia/Pop Culture,
treasure,value,esteem,prize,hold dear,medium,Noun/Concept Synonyms,
pipe,hose,straw,tube,hollow cylinders,medium,Noun/Concept Synonyms,
buy,yew,bye,tue,homophones,easy,Word Structure/Play,
ewe,you,bi,too,homophones,easy,Word Structure/Play,
two,to,u,by,homophones,easy,Word Structure/Play,
holi,wholly,holy,holey,homophones,hard,Word Structure/Play,
new,wee,nu,u,homophones,very_hard,Word Structure/Play,
yew,wii,knew,oui,homophones,very_hard,Word Structure/Play,
peek,gnu,peak,ewe,homophones,very_hard,Word Structure/Play,
pique,we,you,peke,homophones,very_hard,Word Structure/Play,
straight,see,creak,bae,homophones of bodies of water,very_hard,Word Structure/Play,
naval,i,hare,mussel,homophones of body features,very_hard,Word Structure/Play,
sew,fore,butt,oar,homophones of coordinating conjunctions,very_hard,Word Structure/Play,
quarts,choral,opel,purl,homophones of gemstones,very_hard,Word Structure/Play,
eave,able,noaa,cane,homophones of genesis figures,very_hard,Word Structure/Play,
pie,row,moo,new,homophones of greek letters,hard,Word Structure/Play,
wrap,indy,mettle,seoul,homophones of music genres,very_hard,Word Structure/Play,
greece,katz,hare,maim,homophones of musicals,very_hard,Word Structure/Play,
bawl,soul,tow,heal,homophones of parts of the foot,very_hard,Word Structure/Play,
doe,lute,bred,cache,homophones of slang for money,very_hard,Word Structure/Play,
pedal,trayed,hock,cell,"homophones of synonyms for ""vend""",very_hard,Word Structure/Play,
fowl,vial,offal,mien,homophones of synonyms for “despicable”,very_hard,Word Structure/Play,
steel,knick,rabe,lute,homophones of synonyms for “nab”,very_hard,Word Structure/Play,
om,jewel,carrot,hurts,homophones of units of measure,very_hard,Word Structure/Play,
civic,passport,pilot,accord,hondas,hard,Noun/Concept Synonyms,
steaming,livid,fuming,boiling,hopping mad,easy,Action/Verb Synonyms,
carpenter,aster,craven,wan,horror directors,hard,Trivia/Pop Culture,
purge,saw,ring,scream,horror franchises,easy,Noun/Concept Synonyms,
🪚,😱,👽,🧛,horror movies,hard,Trivia/Pop Culture,
pearl,nope,scream,smile,horror movies from 2022,hard,Trivia/Pop Culture,
birds,ring,fog,omen,"horror movies, with “the”",hard,Trivia/Pop Culture,
exorcist,shining,birds,haunting,"horror movies, with “the”",medium,Trivia/Pop Culture,
radish,play,power,shoe,horse___,very_hard,Fill-in-the-Blank,
fly,shoe,feathers,power,horse___,very_hard,Fill-in-the-Blank,
tea,cocoa,coffee,chai,hot drinks,easy,Descriptor/Adjective Synonyms,
jet,heater,pump,filter,hot tub components,very_hard,Descriptor/Adjective Synonyms,
potato,water bottle,rod,dog,hot ___,very_hard,Fill-in-the-Blank,
parking,breakfast,wi-fi,pool,hotel amenities,hard,Noun/Concept Synonyms,
babe,fox,ten,snack,hottie,hard,Noun/Concept Synonyms,
cottage,ranch,prairie,craftsman,house styles,very_hard,Noun/Concept Synonyms,
rate,speed,clip,pace,how fast something is going,easy,Idioms & Slang,
henry,jennifer,kate,rock,hudsons,hard,Noun/Concept Synonyms,
sling,pitch,chuck,pelt,hurl,easy,Noun/Concept Synonyms,
sting,smart,ache,burn,hurt,easy,Noun/Concept Synonyms,
mum,private,secret,quiet,hush-hush,easy,Noun/Concept Synonyms,
you,lucy,rock 'n roll,new york,i love ___,very_hard,Fill-in-the-Blank,
cone,shake,cup,split,ice cream parlor orders,medium,Noun/Concept Synonyms,
float,split,sundae,sundae,ice cream treats,easy,Noun/Concept Synonyms,
float,shake,split,shake,ice cream treats,easy,Noun/Concept Synonyms,
cube,cream,machine,storm,ice ___,very_hard,Fill-in-the-Blank,
polo player,laurel,crocodile,swoosh,icon embroidered on a polo shirt,hard,Idioms & Slang,
flack,franklin,knight,baker,iconic soul singers,hard,Descriptor/Adjective Synonyms,
speech bubble,music notes,envelope,compass,icons on an iphone,very_hard,Noun/Concept Synonyms,
light,burn,torch,kindle,ignite,easy,Noun/Concept Synonyms,
sort,variety,kind,type,ilk,hard,Noun/Concept Synonyms,
type,kind,sort,like,ilk,medium,Noun/Concept Synonyms,
bowler,apple,cloud,pipe,imagery in magritte paintings,very_hard,Noun/Concept Synonyms,
guzzle,pound down,swill,knock back,imbibe,medium,Noun/Concept Synonyms,
mime,mirror,ape,parrot,imitate,very_hard,Noun/Concept Synonyms,
fake,dupe,dummy,copy,imitation,medium,Noun/Concept Synonyms,
inspire,spur,motivate,drive,impel,medium,Noun/Concept Synonyms,
bushel,peck,stone,ton,imperial units,medium,Noun/Concept Synonyms,
major,key,principal,critical,important,easy,Noun/Concept Synonyms,
fine,assess,levy,charge,"impose, as a penalty",easy,Descriptor/Adjective Synonyms,
levy,charge,assess,fine,"impose, as a penalty",hard,Descriptor/Adjective Synonyms,
quack,charlatan,sham,fraud,impostor,easy,Noun/Concept Synonyms,
stirring,christmas,mouse,house,"in ""a visit from st. nicholas""",medium,Idioms & Slang,
testy,surly,cross,short,in a bad mood,easy,Noun/Concept Synonyms,
current,happening,fresh,chic,in fashion,easy,Noun/Concept Synonyms,
original,unused,mint,new,in pristine condition,easy,Noun/Concept Synonyms,
aware,savvy,wise,hip,in the know,medium,Noun/Concept Synonyms,
romeo,tango,alfa,bravo,in the nato alphabet,hard,Noun/Concept Synonyms,
uniform,echo,kilo,victor,in the nato alphabet,very_hard,Noun/Concept Synonyms,
golf,delta,bravo,lima,in the nato phonetic alphabet,medium,Idioms & Slang,
only,simply,just,merely,in the slightest,medium,Noun/Concept Synonyms,
might,wish,may,tonight,"in “star light, star bright”",very_hard,Idioms & Slang,
initial,first,premier,maiden,inaugural,medium,Noun/Concept Synonyms,
episode,affair,matter,event,incident,medium,Noun/Concept Synonyms,
and,plus,also,with,including,medium,Action/Verb Synonyms,
mount,swell,grow,build,increase,easy,Noun/Concept Synonyms,
balloon,mount,mushroom,wax,increase,medium,Noun/Concept Synonyms,
wax,mount,swell,grow,"increase, in a way",medium,Noun/Concept Synonyms,
hike,crank,raise,jack,"increase, with ""up""",medium,Idioms & Slang,
flew,rose,thrust,shot,"increased, with “up”",medium,Noun/Concept Synonyms,
coarse,blue,bawdy,risque,indecent,hard,Noun/Concept Synonyms,
mean,spell,suggest,signify,indicate,medium,Noun/Concept Synonyms,
nod,prompt,signal,cue,indication,easy,Noun/Concept Synonyms,
sign,hint,flag,sign,indication,medium,Noun/Concept Synonyms,
trace,tell,evidence,giveaway,indication,medium,Noun/Concept Synonyms,
warning,sign,message,omen,indication of things to come,easy,Members of a Set/Entities,
word,cue,prompt,signal,indication to proceed,hard,Noun/Concept Synonyms,
being,ego,self,character,individuality,medium,Descriptor/Adjective Synonyms,
bell,diesel,singer,watt,industrial revolution inventors,very_hard,Noun/Concept Synonyms,
juice,pull,sway,weight,influence,easy,Noun/Concept Synonyms,
sway,sway,weight,pull,influence,medium,Noun/Concept Synonyms,
clout,weight,clout,pull,influence,medium,Noun/Concept Synonyms,
player,bio,stat,team,info on a baseball card,easy,Idioms & Slang,
medium,year,artist,title,info on a museum placard,hard,Idioms & Slang,
iron,protein,sodium,fat,info on a nutrition label,easy,Idioms & Slang,
label,artist,album,track,info on a record,hard,Noun/Concept Synonyms,
leak,rat,canary,source,informant,easy,Noun/Concept Synonyms,
intel,data,news,info,information,medium,Noun/Concept Synonyms,
diagram,map,graph,chart,information displays,easy,Noun/Concept Synonyms,
orange,bitters,sugar,rye,ingredients in an old fashioned,hard,Idioms & Slang,
sugar,boba,tea,milk,ingredients in bubble tea,hard,Noun/Concept Synonyms,
eggs,flour,butter,sugar,ingredients in classic pound cake,easy,Idioms & Slang,
stock,beans,vegetables,pasta,ingredients in minestrone,hard,Noun/Concept Synonyms,
puff,pull,drag,draw,inhalation,medium,Noun/Concept Synonyms,
soul,heart,essence,spirit,inherent nature,easy,Noun/Concept Synonyms,
beatle,flee,nat,aunt,insect homophones,very_hard,Word Structure/Play,
ant,beetle,termite,mantis,insects,very_hard,Noun/Concept Synonyms,
racks,bag,tiles,board,inside a scrabble box,very_hard,Noun/Concept Synonyms,
scoop,word,skinny,dope,inside info,medium,Noun/Concept Synonyms,
skinny,dirt,scoop,dish,inside info,very_hard,Noun/Concept Synonyms,
original,fresh,novel,creative,inspired,easy,Noun/Concept Synonyms,
outlet,sconce,baseboard,switch,installed on a wall,medium,Noun/Concept Synonyms,
coach,guide,train,direct,instruct,easy,Noun/Concept Synonyms,
symbol,liar,loot,base,instrument homophones,very_hard,Word Structure/Play,
recorder,jug,whistle,pipe,instruments you blow into,hard,Members of a Set/Entities,
low,short,wanting,shy,insufficient,very_hard,Noun/Concept Synonyms,
zing,knock,slight,burn,insult,easy,Noun/Concept Synonyms,
barb,diss,dig,jab,insult,medium,Noun/Concept Synonyms,
jab,slight,dig,burn,insult,medium,Noun/Concept Synonyms,
air,vibe,halo,aura,intangible quality,easy,Descriptor/Adjective Synonyms,
sleeper,asset,mole,agent,intelligence operative,easy,Descriptor/Adjective Synonyms,
bright,quick,sharp,clever,intelligent,easy,Noun/Concept Synonyms,
quick,smart,sharp,bright,intelligent,medium,Noun/Concept Synonyms,
wow,man,boy,goodness,interjections,easy,Noun/Concept Synonyms,
probe,examine,question,grill,interrogate,medium,Noun/Concept Synonyms,
spell,stretch,while,period,interval of time,hard,Noun/Concept Synonyms,
private,secret,personal,inner,intimate and undisclosed,medium,Noun/Concept Synonyms,
rattle,daunt,bully,cow,intimidate,hard,Noun/Concept Synonyms,
willing,game,eager,down,into it,easy,Noun/Concept Synonyms,
pluck,pluck,nerve,grit,intrepidity,easy,Descriptor/Adjective Synonyms,
grit,resolve,heart,fortitude,intrepidity,easy,Descriptor/Adjective Synonyms,
desire,drive,resolve,will,intrinsic motivators,easy,Descriptor/Adjective Synonyms,
outpouring,tidal wave,torrent,avalanche,inundation,easy,Noun/Concept Synonyms,
ad-lib,make up,improv,freestyle,invent as you go,easy,Noun/Concept Synonyms,
hold,trade,short,hedge,investment verbs,hard,Noun/Concept Synonyms,
bond,stock,option,cd,investments,easy,Noun/Concept Synonyms,
sink,toothbrush,drill,x-ray,involved in a dentist visit,hard,Idioms & Slang,
clock,mail,maps,notes,iphone apps,medium,Noun/Concept Synonyms,
exclamation points,thumbs up,heart,question mark,iphone message tapback responses,hard,Noun/Concept Synonyms,
rose,will,may,drew,irregular verbs,hard,Noun/Concept Synonyms,
bug,steam,nettle,ruffle,irritate,medium,Noun/Concept Synonyms,
japan,malta,cuba,palau,island countries,hard,Members of a Set/Entities,
parmesan,venetian,neapolitan,bolognese,italian demonyms,hard,Noun/Concept Synonyms,
record,coin,stamp,comic,item in a collection,hard,Noun/Concept Synonyms,
sock,earbud,ski,bookend,item sold in pairs,hard,Noun/Concept Synonyms,
sheet,towel,pillowcase,washcloth,items in a linen closet,easy,Members of a Set/Entities,
hotel,token,house,deed,items in a monopoly box,hard,Members of a Set/Entities,
thread,button,scissors,needle,items in a sewing kit,easy,Members of a Set/Entities,
key ring,figurine,postcard,magnet,items in a souvenir shop,medium,Members of a Set/Entities,
domino,marble,jack,stick,items in classic kids’ games,very_hard,Members of a Set/Entities,
pot,rabbit,ass,knife,jack ___,very_hard,Fill-in-the-Blank,
frost,black,sparrow,ma,jacks,hard,Noun/Concept Synonyms,
monk,parker,holiday,hancock,jazz legends,very_hard,Noun/Concept Synonyms,
pendant,brooch,bangle,anklet,jewelry,very_hard,Descriptor/Adjective Synonyms,
signs,her,gladiator,joker,joaquin phoenix movies,hard,Trivia/Pop Culture,
legend,candy,major,carpenter,johns,very_hard,Noun/Concept Synonyms,
bond,combine,wed,fuse,join,medium,Noun/Concept Synonyms,
hip,wrist,shoulder,knee,joints,hard,Noun/Concept Synonyms,
razz,tease,rib,kid,joke around with,easy,Noun/Concept Synonyms,
leap,spring,bound,vault,jump into the air,very_hard,Noun/Concept Synonyms,
cricket,frog,hare,kangaroo,jumping animals,easy,Members of a Set/Entities,
metamorphosis,castle,judgment,trial,"kafka works, with ""the""",hard,Idioms & Slang,
silo,cloister,separate,seclude,keep apart,medium,Action/Verb Synonyms,
insist,linger,harp,dwell,"keep going on about, with “on”",hard,Idioms & Slang,
clap,bob,snap,tap,keep rhythm with music,hard,Action/Verb Synonyms,
follow,track,watch,monitor,keep tabs on,easy,Action/Verb Synonyms,
recipe,ticket,secret,formula,"key to success, so to speak",very_hard,Idioms & Slang,
tab,option,return,shift,keyboard keys,hard,Noun/Concept Synonyms,
paste,quit,print,save,keyboard shortcut commands,easy,Noun/Concept Synonyms,
champ,tiger,sport,buddy,kiddo,easy,Noun/Concept Synonyms,
method,character,stage,film,kinds of actors,hard,Trivia/Pop Culture,
pharaoh,fire,carpenter,army,kinds of ants,hard,Members of a Set/Entities,
egg,everything,poppy,plain,kinds of bagels,medium,Members of a Set/Entities,
kidney,navy,mung,pinto,kinds of beans,easy,Members of a Set/Entities,
sun,brown,polar,black,kinds of bears,hard,Members of a Set/Entities,
sleigh,bunk,murphy,canopy,kinds of beds,hard,Members of a Set/Entities,
river,flower,nail,oyster,kinds of beds,very_hard,Members of a Set/Entities,
platinum,strawberry,honey,dirty,kinds of blond,hard,Members of a Set/Entities,
navy,tiffany,baby,sky,kinds of blue,hard,Members of a Set/Entities,
ankle,go-go,cowboy,thigh-high,kinds of boots,hard,Members of a Set/Entities,
friendship,charm,id,tennis,kinds of bracelets,hard,Members of a Set/Entities,
demi,push-up,sports,wireless,kinds of bras,hard,Members of a Set/Entities,
crypto,tech,pharma,finance,kinds of bros,hard,Members of a Set/Entities,
marble,crumb,pound,birthday,kinds of cake,hard,Members of a Set/Entities,
telephoto,macro,zoom,fisheye,kinds of camera lenses,hard,Members of a Set/Entities,
baseball,set,magic,tarot,kinds of cards,very_hard,Members of a Set/Entities,
bust,statue,relief,torso,kinds of carvings,easy,Members of a Set/Entities,
bubble,pie,bar,line,kinds of charts,hard,Members of a Set/Entities,
jack,blue,swiss,goat,kinds of cheeses,easy,Members of a Set/Entities,
camel,duffle,trench,pea,kinds of coats,medium,Members of a Set/Entities,
beauty,staring,talent,popularity,kinds of contests,hard,Members of a Set/Entities,
sugar,fortune,oatmeal,rainbow,kinds of cookies,very_hard,Members of a Set/Entities,
peanut,olive,corn,palm,kinds of cooking oil,hard,Members of a Set/Entities,
umbilical,spinal,bungee,extension,kinds of cords,hard,Members of a Set/Entities,
ritz,goldfish,ritz,animal,kinds of crackers,hard,Members of a Set/Entities,
animal,club,goldfish,oyster,kinds of crackers,hard,Members of a Set/Entities,
modern,tap,swing,salsa,kinds of dance,hard,Members of a Set/Entities,
disk,card,drive,cloud,kinds of digital storage,hard,Members of a Set/Entities,
hoop,chandelier,stud,drop,kinds of earrings,very_hard,Members of a Set/Entities,
bar,physical,final,oral,kinds of exams,medium,Members of a Set/Entities,
fan,historical,science,pulp,kinds of fiction,hard,Members of a Set/Entities,
iron,wood,driver,wedge,kinds of golf clubs,medium,Members of a Set/Entities,
thank you,congratulations,get well,birthday,kinds of greeting cards,medium,Members of a Set/Entities,
snapback,pillbox,beret,derby,kinds of hats,medium,Members of a Set/Entities,
kitten,stiletto,cuban,wedge,kinds of heels,hard,Members of a Set/Entities,
percussion,string,brass,wind,kinds of instruments,easy,Members of a Set/Entities,
flare,mom,skinny,boyfriend,kinds of jeans,easy,Members of a Set/Entities,
charm,ring,chain,bangle,kinds of jewelry,easy,Members of a Set/Entities,
practical,dad,inside,knock-knock,kinds of jokes,medium,Members of a Set/Entities,
butter,butcher,butterfly,bowie,kinds of knives,very_hard,Members of a Set/Entities,
sign,programming,body,spoken,kinds of language,hard,Members of a Set/Entities,
leaf,butter,iceberg,romaine,kinds of lettuce,medium,Members of a Set/Entities,
liner,balm,gloss,stain,kinds of lip makeup,medium,Members of a Set/Entities,
laundry,short,to-do,bucket,kinds of lists,very_hard,Members of a Set/Entities,
carry-on,hard-shell,roller,duffel,kinds of luggage,hard,Members of a Set/Entities,
sewing,enigma,vending,pinball,kinds of machines,medium,Members of a Set/Entities,
venison,beef,pork,poultry,kinds of meat,hard,Members of a Set/Entities,
oyster,trumpet,morel,button,kinds of mushrooms,hard,Members of a Set/Entities,
flat,natural,whole,quarter,kinds of notes,hard,Members of a Set/Entities,
whole,perfect,odd,prime,kinds of numbers,medium,Members of a Set/Entities,
cargo,stirrup,hammer,capri,kinds of pants,hard,Members of a Set/Entities,
capri,jogger,jean,slack,"kinds of pants minus ""s""",medium,Members of a Set/Entities,
construction,tissue,graph,wax,kinds of paper,hard,Members of a Set/Entities,
dinner,cocktail,surprise,birthday,kinds of parties,medium,Members of a Set/Entities,
macaroni,emperor,king,chinstrap,kinds of penguins,hard,Members of a Set/Entities,
electronic,player,grand,upright,kinds of pianos,easy,Members of a Set/Entities,
dill,kosher,sweet,sour,kinds of pickles,medium,Members of a Set/Entities,
veggie,plain,hawaiian,supreme,kinds of pizza,medium,Members of a Set/Entities,
vine,shrub,herb,tree,kinds of plants,easy,Members of a Set/Entities,
snowball,water balloon,pillow,food,kinds of play fights,medium,Members of a Set/Entities,
omaha,stud,strip,draw,kinds of poker,hard,Members of a Set/Entities,
blooper,demo,highlight,sizzle,kinds of reels,hard,Members of a Set/Entities,
slate,limestone,marble,flint,kinds of rocks,medium,Members of a Set/Entities,
greek,chef,garden,wedge,kinds of salad,hard,Members of a Set/Entities,
green,wedge,greek,caesar,kinds of salads,medium,Members of a Set/Entities,
oxford,polo,flannel,tee,kinds of shirts,easy,Members of a Set/Entities,
pump,slide,mule,flat,kinds of shoes,medium,Members of a Set/Entities,
boxer,bike,cargo,bermuda,kinds of shorts,medium,Members of a Set/Entities,
poodle,pencil,mini,wrap,kinds of skirts,hard,Members of a Set/Entities,
rattle,coral,king,garter,kinds of snakes,hard,Members of a Set/Entities,
adder,moccasin,boa,mamba,kinds of snakes,medium,Members of a Set/Entities,
dress,crew,compression,ankle,kinds of socks,medium,Members of a Set/Entities,
toilet,tissue,crepe,rolling,kinds of soft/lightweight paper,very_hard,Members of a Set/Entities,
folk,siren,love,swan,kinds of songs,hard,Trivia/Pop Culture,
chateaubriand,porterhouse,flatiron,tomahawk,kinds of steaks,medium,Members of a Set/Entities,
gaffer,electrical,duct,packing,kinds of tape,hard,Members of a Set/Entities,
clay,carpet,hard,grass,kinds of tennis courts,very_hard,Members of a Set/Entities,
roma,cherry,grape,plum,kinds of tomatoes,medium,Members of a Set/Entities,
monster,garbage,dump,pickup,kinds of trucks,hard,Members of a Set/Entities,
hipster,brief,boxer,thong,kinds of underwear,easy,Members of a Set/Entities,
bikini,g-string,thong,hipster,kinds of underwear,medium,Members of a Set/Entities,
still,spring,mineral,tap,kinds of water,medium,Members of a Set/Entities,
right,blue,gray,fin,kinds of whales,hard,Members of a Set/Entities,
crescent,socket,monkey,allen,kinds of wrenches,very_hard,Members of a Set/Entities,
cake,kong,tut,cobra,king ___,very_hard,Fill-in-the-Blank,
x,smooch,smack,peck,kiss,very_hard,Noun/Concept Synonyms,
ladle,grater,peeler,whisk,kitchen utensils,easy,Noun/Concept Synonyms,
trifle,trinket,thingamajig,tchotchke,knickknack,medium,Noun/Concept Synonyms,
copy,replica,bootleg,fake,knockoff,easy,Noun/Concept Synonyms,
ding-dong,yahoo,dodo,yo-yo,knucklehead,easy,Noun/Concept Synonyms,
praise,glory,credit,props,kudos,easy,Noun/Concept Synonyms,
dropper,beaker,goggles,microscope,lab equipment,easy,Members of a Set/Entities,
shy,low,short,light,lacking,medium,Action/Verb Synonyms,
bird,gaga,macbeth,luck,lady ___,very_hard,Fill-in-the-Blank,
canyon,mountain,valley,plateau,land formations,medium,Noun/Concept Synonyms,
atoll,bar,island,key,land surrounded by water,medium,Noun/Concept Synonyms,
bluff,basin,cape,plain,landforms,hard,Noun/Concept Synonyms,
cape,gorge,ridge,crater,landforms,medium,Noun/Concept Synonyms,
wall street,brooklyn bridge,city hall,bowling green,landmarks in downtown nyc,hard,Noun/Concept Synonyms,
fantasy,dream,never never,la-la,lands of the imagination,medium,Noun/Concept Synonyms,
check,tie,finish,bask,language homophones,very_hard,Word Structure/Play,
speed,resolution,storage,ram,laptop specs,hard,Noun/Concept Synonyms,
ton,mass,slew,sea,large amount,easy,Descriptor/Adjective Synonyms,
bundle,pile,fortune,mint,large amount of money,easy,Descriptor/Adjective Synonyms,
vessel,craft,ship,barge,large boat,easy,Descriptor/Adjective Synonyms,
flock,crowd,host,sea,large group,medium,Descriptor/Adjective Synonyms,
luxor,excalibur,encore,aria,las vegas casino hotels,hard,Noun/Concept Synonyms,
street,rainbow,kangaroo,neighborhood,last words in long-running children’s show titles,very_hard,Trivia/Pop Culture,
from,sea,to,shining,last words in “america the beautiful”,very_hard,Idioms & Slang,
butterfly,seville,flute,bess,last words of famous opera titles,hard,Trivia/Pop Culture,
supper,laugh,resort,straw,last ___,very_hard,Fill-in-the-Blank,
mamba,meringue,tangy,simba,latin dances with a vowel changed,very_hard,Word Structure/Play,
pro,ab,sub,sine,latin prepositions,very_hard,Noun/Concept Synonyms,
vox,quid,ergo,caveat,latin words,hard,Noun/Concept Synonyms,
lol,rofl,haha,dead,"laughter, in a text",easy,Noun/Concept Synonyms,
gush,flatter,praise,fawn,lay it on thick,easy,Noun/Concept Synonyms,
ferry,mercury,nicks,plant,lead singers of ’70s rock bands,very_hard,Trivia/Pop Culture,
moderate,anchor,host,present,"lead, as a tv program",medium,Trivia/Pop Culture,
king,gore,carter,tutu,leaders who received the nobel peace prize,hard,Idioms & Slang,
maroon,desert,strand,ditch,leave high and dry,medium,Action/Verb Synonyms,
dip,bounce,jet,split,leave quickly,medium,Action/Verb Synonyms,
blue,liberal,progressive,left,"left-leaning, politically",easy,Descriptor/Adjective Synonyms,
ankle,knee,thigh,shin,leg parts,easy,Noun/Concept Synonyms,
suits,goliath,damages,matlock,legal dramas,hard,Noun/Concept Synonyms,
trial,inquiry,hearing,proceeding,legal session,hard,Noun/Concept Synonyms,
lawsuit,action,claim,complaint,legal terms,medium,Noun/Concept Synonyms,
gable,dean,garland,temple,legends of classic hollywood,hard,Descriptor/Adjective Synonyms,
leader,speaker,chair,whip,legislative roles,hard,Descriptor/Adjective Synonyms,
short,jean,tight,pant,"legwear, in the singular",very_hard,Noun/Concept Synonyms,
loose,lax,slack,easy,lenient,easy,Noun/Concept Synonyms,
que,elle,are,queue,letter homophones,hard,Word Structure/Play,
queue,sea,why,🫖,letter homophones,very_hard,Word Structure/Play,
🐑,are,🐝,👁️,letter homophones,very_hard,Word Structure/Play,
sincerely,love,best,cheers,letter sign-offs,easy,Word Structure/Play,
gee,bee,jay,ex,letter spellings,hard,Word Structure/Play,
tissue,atom,cell,organ,levels of biological organization,hard,Noun/Concept Synonyms,
relations,fling,thing,affair,liaison,easy,Noun/Concept Synonyms,
tan,camel,fawn,khaki,light brown shades,medium,Noun/Concept Synonyms,
bulb,rail,year,beer,light ___,very_hard,Fill-in-the-Blank,
exit,applause,walk,recording,light-up signs,very_hard,Members of a Set/Entities,
rod,strike,bug,bolt,lightning ___,very_hard,Fill-in-the-Blank,
baby,wayne,jon,kim,lil ___ rappers,very_hard,Fill-in-the-Blank,
program,bill,schedule,slate,lineup,easy,Noun/Concept Synonyms,
teddy,garter,slip,hose,lingerie,hard,Noun/Concept Synonyms,
slip,garter,thong,teddy,lingerie,medium,Noun/Concept Synonyms,
oil,coolant,brake fluid,fuel,liquids you put into cars,easy,Idioms & Slang,
liter,fifth,pint,handle,liquor bottle sizes,very_hard,Noun/Concept Synonyms,
roster,slate,ticket,ballot,list of candidates,easy,Noun/Concept Synonyms,
charge,sue,move,serve,litigation verbs,hard,Noun/Concept Synonyms,
touch,drop,dab,splash,little bit,easy,Noun/Concept Synonyms,
splash,sprinkle,drop,spot,little bit of a beverage,medium,Idioms & Slang,
drop,pinch,dash,splash,"little bit, in a recipe",hard,Idioms & Slang,
legend,proof,large,room,living ___,very_hard,Fill-in-the-Blank,
chameleon,monitor,gecko,iguana,lizards,medium,Noun/Concept Synonyms,
dive,haunt,establishment,joint,local watering hole,easy,Noun/Concept Synonyms,
coach,mustang,godiva,polo,logos with horses,very_hard,Noun/Concept Synonyms,
sub,grinder,hero,hoagie,long sandwiches,easy,Noun/Concept Synonyms,
pin,lance,spit,skewer,"long, sharp objects",medium,Noun/Concept Synonyms,
staff,rod,pole,stick,"long, skinny objects",medium,Noun/Concept Synonyms,
alpaca,afghan,yak,angora,long-haired animals,easy,Members of a Set/Entities,
bow,legs,horn,fellow,long___,very_hard,Fill-in-the-Blank,
guard,watch,mind,tend,look after,medium,Noun/Concept Synonyms,
speed,tweet,bug,pork,looney tunes characters minus a letter,very_hard,Word Structure/Play,
duck,pig,martian,bunny,looney tunes figures,hard,Trivia/Pop Culture,
hoop,ring,circle,band,loop,easy,Noun/Concept Synonyms,
bug,flip,wig,freak,"lose it, with ""out""",hard,Idioms & Slang,
dear,peach,doll,angel,lovely person,medium,Noun/Concept Synonyms,
kind,sweet,warm,tender,loving,easy,Action/Verb Synonyms,
scoop,info,dish,dope,lowdown,medium,Noun/Concept Synonyms,
foot,bottom,foundation,base,lowest part,easy,Noun/Concept Synonyms,
foundation,foot,bottom,base,lowest point,medium,Noun/Concept Synonyms,
sense,mind,marbles,wits,lucidity,hard,Descriptor/Adjective Synonyms,
moon,rainbow,clover,horseshoe,lucky charms marshmallows,hard,Noun/Concept Synonyms,
duck,charm,strike,break,lucky ___,very_hard,Fill-in-the-Blank,
great,legend,icon,lion,luminary,medium,Descriptor/Adjective Synonyms,
melt,wrap,club,hero,lunch orders,easy,Noun/Concept Synonyms,
grand,lavish,opulent,deluxe,luxurious,medium,Descriptor/Adjective Synonyms,
satin,silk,chiffon,velvet,luxurious fabrics,easy,Descriptor/Adjective Synonyms,
old,signs,split,glass,m. night shyamalan movies,hard,Trivia/Pop Culture,
met,tiger,twin,cub,m.l.b. team member,hard,Members of a Set/Entities,
ray,national,red,angel,m.l.b. team member,hard,Members of a Set/Entities,
yanks,jays,nats,cards,"m.l.b. teams, for short",hard,Members of a Set/Entities,
shift,control,command,option,mac keyboard keys,hard,Noun/Concept Synonyms,
fury,mad,road,max,mad max fury road,very_hard,Noun/Concept Synonyms,
hoof,claw,horn,nail,made of keratin,easy,Noun/Concept Synonyms,
dash,hyphen,minus,underscore,made with horizontal lines,hard,Noun/Concept Synonyms,
cherish,holiday,music,frozen,madonna songs,hard,Trivia/Pop Culture,
wired,people,us,fortune,magazines,hard,Noun/Concept Synonyms,
rolling stone,time,star,billboard,magazines,hard,Noun/Concept Synonyms,
essence,time,vogue,people,magazines,hard,Noun/Concept Synonyms,
o,ok,o,us,magazines,medium,Noun/Concept Synonyms,
fortune,mad,nature,w,magazines,medium,Noun/Concept Synonyms,
abracadabra,please,thank you,presto,magic words,very_hard,Descriptor/Adjective Synonyms,
kingdom,marker,mushroom,carpet,magic ___,very_hard,Fill-in-the-Blank,
noble,great,grand,lofty,magnanimous,medium,Descriptor/Adjective Synonyms,
bamboo,dragon,wind,season,mahjong tiles,hard,Noun/Concept Synonyms,
music,downloads,documents,desktop,main folders in a computer,medium,Idioms & Slang,
backbone,anchor,pillar,cornerstone,mainstay,hard,Descriptor/Adjective Synonyms,
botch,spoil,blow,butcher,make a hash of,easy,Action/Verb Synonyms,
tie,square,draw,even,"make equal, as a score",easy,Idioms & Slang,
fulfill,honor,keep,uphold,"make good on, as a promise",easy,Idioms & Slang,
suit,tickle,please,delight,make happy,easy,Action/Verb Synonyms,
tickle,tickle,charm,please,make happy,hard,Action/Verb Synonyms,
delight,please,amuse,delight,make happy,hard,Action/Verb Synonyms,
grate,mince,slice,cube,make into smaller pieces while cooking,medium,Members of a Set/Entities,
present,exhibit,display,show,make public,medium,Action/Verb Synonyms,
clip,trim,cut,pare,make shorter,easy,Action/Verb Synonyms,
highlighter,blush,powder,foundation,makeup,easy,Noun/Concept Synonyms,
buck,billy,ram,buck,male animals,hard,Members of a Set/Entities,
jack,jack,bull,tom,male animals,hard,Members of a Set/Entities,
bull,boar,jack,buck,male animals,very_hard,Members of a Set/Entities,
trojan horse,virus,worm,backdoor,malicious software,medium,Descriptor/Adjective Synonyms,
fever,fad,bug,craze,mania,hard,Noun/Concept Synonyms,
clip,file,polish,buff,manicure steps,very_hard,Noun/Concept Synonyms,
shop,mill,plant,factory,manufacturing locations,easy,Action/Verb Synonyms,
destination,starting point,route,stops,map app options,medium,Noun/Concept Synonyms,
compass,key,inset,scale,map features,medium,Noun/Concept Synonyms,
ding,scratch,chip,nick,mar,hard,Noun/Concept Synonyms,
honey,hero,someday,fantasy,mariah carey number one hits,very_hard,Idioms & Slang,
gull,puffin,pelican,booby,marine birds,hard,Noun/Concept Synonyms,
star,coral,jelly,sponge,"marine invertebrates, familiarly",hard,Descriptor/Adjective Synonyms,
seal,otter,manatee,dolphin,marine mammals,easy,Noun/Concept Synonyms,
cross,check,tick,strike,mark as completed,hard,Noun/Concept Synonyms,
like,favorite,bookmark,save,mark online for later,easy,Noun/Concept Synonyms,
koala,wombat,kangaroo,wallaby,marsupials,easy,Noun/Concept Synonyms,
twist,gin,dry,dry,martini specifications,hard,Noun/Concept Synonyms,
perfect,dirty,shaken,wet,martini specifications,hard,Noun/Concept Synonyms,
dirty,dry,up,twist,martini specifications,very_hard,Noun/Concept Synonyms,
giant,monster,super,jumbo,massive,easy,Descriptor/Adjective Synonyms,
china,linen,crystal,silver,materials associated with fancy dining,easy,Idioms & Slang,
max,log,tan,mod,math abbreviations,very_hard,Noun/Concept Synonyms,
good shepherd,rainmaker,martian,departed,"matt damon movies, with ""the""",hard,Trivia/Pop Culture,
queen,full,king,king,mattress sizes,medium,Noun/Concept Synonyms,
twin,full,twin,queen,mattress sizes,medium,Noun/Concept Synonyms,
pole,flower,day,fly,may___,very_hard,Fill-in-the-Blank,
tool,medium,vehicle,mechanism,means,easy,Noun/Concept Synonyms,
organ,medium,instrument,vehicle,means,medium,Noun/Concept Synonyms,
plane,train,car,boat,means of transportation,easy,Noun/Concept Synonyms,
crime,temperature,angle,education,measured in degrees,very_hard,Noun/Concept Synonyms,
yard,sack,reception,attempt,measured in football stats,very_hard,Noun/Concept Synonyms,
scale,ruler,compass,watch,measuring instruments,medium,Members of a Set/Entities,
poke,pry,nose around,snoop,meddle,easy,Noun/Concept Synonyms,
publicity,coverage,exposure,press,media attention,medium,Noun/Concept Synonyms,
intern,attending,resident,fellow,medical roles,medium,Noun/Concept Synonyms,
spray,tablet,capsule,syrup,medicine formats,hard,Noun/Concept Synonyms,
cream,patch,tablet,cream,medicine formats,hard,Noun/Concept Synonyms,
club,spear,sword,mace,medieval weapons,very_hard,Noun/Concept Synonyms,
average,fair,so-so,ok,meh,easy,Noun/Concept Synonyms,
stitch,rocky,scratchy,chip,member of a cartoon duo,hard,Idioms & Slang,
banshee,heartbreaker,pip,wailer,member of a classic backing band,very_hard,Idioms & Slang,
wing,maverick,cowboy,star,member of a dallas pro sports team,hard,Members of a Set/Entities,
bangle,go-go,supreme,chick,member of a girl group,hard,Idioms & Slang,
animal,bacteria,fungus,plant,member of a kingdom in taxonomy,easy,Idioms & Slang,
sea,dwarf,wonder,sin,member of a septet,very_hard,Noun/Concept Synonyms,
celtic,packer,yankee,canadien,member of a team with the most championships in their respective sports,easy,Members of a Set/Entities,
monster,minion,car,incredible,member of a titular group in an animation franchise,hard,Idioms & Slang,
kink,animal,supreme,door,member of a ’60s band,very_hard,Idioms & Slang,
sin,wonder,sister,sea,members of a septet,very_hard,Members of a Set/Entities,
stooge,amigo,king,tenor,members of a trio,very_hard,Members of a Set/Entities,
glee,mirth,festivity,cheer,merriment,easy,Noun/Concept Synonyms,
thatch,mop,shock,tangle,mess of hair,medium,Noun/Concept Synonyms,
mane,tangle,mop,mat,mess of hair,medium,Noun/Concept Synonyms,
spoil,fluff,blow,bumble,mess up,medium,Noun/Concept Synonyms,
scrape,scratch,score,scar,mess up the surface of,medium,Idioms & Slang,
tin,lead,mercury,gold,metal elements,easy,Noun/Concept Synonyms,
iron,copper,gold,zinc,metal elements,medium,Noun/Concept Synonyms,
silver,nickel,lead,tin,metal elements,medium,Noun/Concept Synonyms,
bombshell,twist,wrench,curveball,metaphor for something unexpected,medium,Noun/Concept Synonyms,
whirlwind,circus,roller coaster,soap opera,metaphors for a dramatic and chaotic event,medium,Idioms & Slang,
picnic,breeze,pie,abc,metaphors for easy things,hard,Members of a Set/Entities,
hornet’s nest,can of worms,minefield,pandora’s box,metaphors for potentially volatile situations,easy,Idioms & Slang,
means,channel,vehicle,medium,method,medium,Noun/Concept Synonyms,
micro,mega,kilo,pico,metric prefixes,medium,Word Structure/Play,
spirit,grit,resolve,fight,mettle,medium,Noun/Concept Synonyms,
teams,edge,office,windows,microsoft products,hard,Noun/Concept Synonyms,
word,edge,bing,surface,microsoft products,very_hard,Noun/Concept Synonyms,
fudge,shoot,frick,shoot,mild oaths,medium,Noun/Concept Synonyms,
darn,heck,fie,frick,mild oaths,medium,Noun/Concept Synonyms,
fiddlesticks,sugar,fudge,fudge,mild oaths,medium,Noun/Concept Synonyms,
sphere,circle,scene,world,milieu,easy,Noun/Concept Synonyms,
fatigue,drab,camo,khaki,military clothing descriptors,medium,Noun/Concept Synonyms,
bug,cold,cough,chill,minor ailments,medium,Noun/Concept Synonyms,
hash,medley,jumble,stew,mishmash,easy,Noun/Concept Synonyms,
soften,dampen,temper,cushion,mitigate,medium,Noun/Concept Synonyms,
ray,royal,met,angel,mlb player,hard,Noun/Concept Synonyms,
can,will,must,might,modal verbs,hard,Noun/Concept Synonyms,
yardstick,benchmark,gauge,standard,model for reference,easy,Noun/Concept Synonyms,
podcast,smartwatch,crypto,vape,modern inventions,very_hard,Noun/Concept Synonyms,
train,car,boat,plane,modes of transportation,easy,Noun/Concept Synonyms,
baby,toy,mini,pocket,modifiers meaning “small”,hard,Noun/Concept Synonyms,
rum,lime,soda,mint,mojito ingredients,hard,Noun/Concept Synonyms,
cool,temper,moderate,settle,mollify,medium,Descriptor/Adjective Synonyms,
pamper,humor,indulge,baby,mollycoddle,easy,Noun/Concept Synonyms,
jail,boardwalk,chance,go,monopoly squares,easy,Noun/Concept Synonyms,
purr,buzz,drone,hum,monotonous sounds,easy,Descriptor/Adjective Synonyms,
gas,cable,electric,water,monthly bills,easy,Noun/Concept Synonyms,
gas,internet,rent,phone,monthly expenses,medium,Noun/Concept Synonyms,
goose,earth,may i,superior,mother ___,very_hard,Fill-in-the-Blank,
bus,car,motorcycle,truck,motor vehicles,medium,Noun/Concept Synonyms,
fuji,hood,olympus,whitney,mount ___,medium,Fill-in-the-Blank,
hover,scroll,click,drag,mouse actions,easy,Noun/Concept Synonyms,
bolt,barrel,hurtle,tear,move at breakneck speed,easy,Action/Verb Synonyms,
sway,swing,rock,wave,move back and forth,medium,Action/Verb Synonyms,
progress,advance,push,march,move forward,medium,Action/Verb Synonyms,
glide,sail,coast,breeze,move in an effortless way,hard,Idioms & Slang,
flap,wave,sway,blow,move in the wind,medium,Action/Verb Synonyms,
dash,bolt,fly,dart,move quickly,easy,Action/Verb Synonyms,
barrel,bolt,zip,zip,move quickly,medium,Action/Verb Synonyms,
race,fly,dart,dash,move quickly,medium,Action/Verb Synonyms,
steal,slip,tiptoe,creep,move stealthily,medium,Action/Verb Synonyms,
fly,soar,glide,float,move through the air,easy,Action/Verb Synonyms,
push,drive,prompt,propel,move to action,easy,Action/Verb Synonyms,
groove,bop,sway,bounce,move to the music,easy,Action/Verb Synonyms,
fly,race,blaze,tear,move with speed,medium,Action/Verb Synonyms,
picture,flick,feature,film,movie,easy,Noun/Concept Synonyms,
tilt,zoom,pan,dolly,movie camera verbs,hard,Noun/Concept Synonyms,
romance,musical,western,horror,movie genres,easy,Members of a Set/Entities,
alien,wicked,gladiator,venom,movie series with 2024 releases,hard,Trivia/Pop Culture,
cast,plot,genre,title,movie summary info,easy,Noun/Concept Synonyms,
munich,chicago,rio,philadelphia,movie title cities,easy,Members of a Set/Entities,
elf,saw,her,big,movies,hard,Trivia/Pop Culture,
ghost,casper,let me in,twilight,movies featuring supernatural romance,hard,Trivia/Pop Culture,
commando,brazil,clue,witness,movies from 1985,very_hard,Trivia/Pop Culture,
apollo,samurai,fantastic,candles,movies minus numbers,very_hard,Trivia/Pop Culture,
epic,film series,feature,short,movies of various lengths,hard,Trivia/Pop Culture,
mother,them,airplane,oklahoma,movies with “!”,very_hard,Trivia/Pop Culture,
goodfella,jaw,car,swinger,movies with “s” removed,hard,Trivia/Pop Culture,
peanut,bean,fox,clean,mr. ___,very_hard,Fill-in-the-Blank,
jackass,cribs,state,catfish,mtv shows,very_hard,Trivia/Pop Culture,
drove,pack,sea,host,multitude,hard,Noun/Concept Synonyms,
town,city,county,village,municipalities,easy,Noun/Concept Synonyms,
scooter,gonzo,beaker,animal,muppets,hard,Noun/Concept Synonyms,
mist,fog,haze,cloud,murky condition,easy,Noun/Concept Synonyms,
squad,shammy,spec,strap,muscle nicknames plus “s”,very_hard,Members of a Set/Entities,
tri,quad,pec,lat,"muscles, informally",easy,Idioms & Slang,
tri,pec,quad,ab,"muscles, informally",medium,Idioms & Slang,
jacked,built,ripped,swole,muscular,medium,Noun/Concept Synonyms,
pop,metal,emo,funk,music genres,easy,Members of a Set/Entities,
country,jazz,rock,blues,music genres,easy,Members of a Set/Entities,
pop,folk,punk,rap,music genres,easy,Members of a Set/Entities,
dub,pop,emo,trap,music genres,hard,Members of a Set/Entities,
blues,soul,funk,country,music genres,medium,Members of a Set/Entities,
rocky,skat,bluest,pope,music genres plus a letter,very_hard,Word Structure/Play,
stop,rewind,shuffle,skip,music player buttons,easy,Descriptor/Adjective Synonyms,
rolling stone,pitchfork,billboard,billboard,music publications,hard,Descriptor/Adjective Synonyms,
spin,pitchfork,spin,mojo,music publications,hard,Descriptor/Adjective Synonyms,
theremin,harp,bass,timpani,musical instruments,easy,Members of a Set/Entities,
bassoon,tambourine,trombone,recorder,musical instruments,easy,Members of a Set/Entities,
organ,harp,horn,triangle,musical instruments,hard,Members of a Set/Entities,
organ,bass,triangle,harp,musical instruments,medium,Members of a Set/Entities,
horn,recorder,horn,fiddle,musical instruments,medium,Members of a Set/Entities,
la,ti,fa,do,musical notes,medium,Noun/Concept Synonyms,
wind,rhythm,string,brass,musical sections,medium,Noun/Concept Synonyms,
hair,rent,grease,company,musicals,hard,Noun/Concept Synonyms,
carousel,chicago,cabaret,cats,musicals beginning with “c”,medium,Noun/Concept Synonyms,
fannie,scats,chair,brent,musicals plus starting letter,very_hard,Word Structure/Play,
horseshoe,handlebar,pencil,walrus,mustaches,very_hard,Noun/Concept Synonyms,
bird,jordan,james,curry,n.b.a. greats,very_hard,Noun/Concept Synonyms,
sun,net,spur,buck,n.b.a. player,hard,Noun/Concept Synonyms,
clipper,rocket,pacer,spur,n.b.a. team player,hard,Members of a Set/Entities,
spurs,bucks,hornets,bulls,n.b.a. teams,hard,Members of a Set/Entities,
horseshoe,lightning bolt,buffalo,fleur-de-lis,n.f.l. team logos,very_hard,Members of a Set/Entities,
cowboy,jet,raven,ram,n.f.l. team member,hard,Members of a Set/Entities,
flyer,duck,senator,star,n.h.l. team member,hard,Members of a Set/Entities,
stars,kraken,flames,wild,n.h.l. teams,hard,Members of a Set/Entities,
mole rat,gun,eye,truth,naked ___,very_hard,Fill-in-the-Blank,
mic,curt,kneel,dug,name homophones,very_hard,Word Structure/Play,
matte,hairy,wane,peat,name homophones,very_hard,Word Structure/Play,
rev,prof,ms,gen,name prefixes,medium,Word Structure/Play,
brand,game,drop,names,name ___,very_hard,Fill-in-the-Blank,
theater,greek/roman god,spacecraft,fictional boxer,"named ""apollo""",very_hard,Idioms & Slang,
frankincense,jackpot,nickname,markdown,names ending in “k” plus word,very_hard,Members of a Set/Entities,
jeopardy,pink,airplane,yahoo,"names featuring ""!""",very_hard,Members of a Set/Entities,
emmy,edie,cece,katie,names that sound like two letters,very_hard,Word Structure/Play,
viking,voyager,galileo,pioneer,nasa spacecraft,hard,Noun/Concept Synonyms,
anthem,motto,seal,flag,national symbols,hard,Members of a Set/Entities,
foxtrot,victor,hotel,yankee,nato phonetic alphabet,hard,Descriptor/Adjective Synonyms,
faculty,flair,talent,instinct,natural ability,hard,Descriptor/Adjective Synonyms,
savanna,cliff,brook,dale,natural features,medium,Noun/Concept Synonyms,
lightning,fire,volcano,sun,natural producers of heat,very_hard,Noun/Concept Synonyms,
kobe,bird,curry,magic,"nba legends, familiarly",hard,Descriptor/Adjective Synonyms,
sun,thunder,king,magic,nba players,medium,Members of a Set/Entities,
bucks,nets,jazz,heat,nba teams,medium,Members of a Set/Entities,
scoop,boat,v,crew,necklines,medium,Noun/Concept Synonyms,
ascot,tie,scarf,bolo,neckwear,easy,Noun/Concept Synonyms,
drop cloth,roller,paint,tape,needs for painting a room,medium,Idioms & Slang,
dice,scorecard,pencil,cup,needs for playing yahtzee,medium,Noun/Concept Synonyms,
envelope,name,stamp,address,needs for sending a letter,medium,Word Structure/Play,
rubber bands,basin,dye,shirt,needs for tie-dyeing a shirt,medium,Idioms & Slang,
jitter,butterfly,willy,nerve,"nervousness, in the singular",hard,Noun/Concept Synonyms,
though,however,still,yet,nevertheless,easy,Descriptor/Adjective Synonyms,
gooden,strawberry,piazza,seaver,new york mets legends,hard,Noun/Concept Synonyms,
net,met,ranger,jet,new york sports team members,hard,Members of a Set/Entities,
wire,flash,bulletin,report,news announcement,easy,Noun/Concept Synonyms,
lede,dateline,photo,caption,news article features,hard,Noun/Concept Synonyms,
copy,sports,city,culture,newspaper desks,hard,Noun/Concept Synonyms,
columnist,photographer,reporter,editor,newspaper jobs,easy,Noun/Concept Synonyms,
globe,mirror,post,sun,newspaper names,hard,Members of a Set/Entities,
chronicle,register,herald,sun,newspaper names,medium,Members of a Set/Entities,
arts,business,comics,sports,newspaper sections,easy,Noun/Concept Synonyms,
business,national,opinion,style,newspaper sections,medium,Noun/Concept Synonyms,
post,globe,sun,journal,newspapers,hard,Noun/Concept Synonyms,
heart,nucleus,hub,center,nexus,medium,Noun/Concept Synonyms,
packer,raven,cowboy,bronco,nfl players,easy,Members of a Set/Entities,
commander,bill,bear,brown,nfl players,very_hard,Members of a Set/Entities,
moniker,designation,handle,sobriquet,nickname,medium,Noun/Concept Synonyms,
drink,deep,briny,blue,"nicknames for the sea, with “the”",very_hard,Members of a Set/Entities,
sue,josh,chuck,rob,nicknames that are verbs,very_hard,Members of a Set/Entities,
bill,tom,pat,bob,nicknames that have other meanings,very_hard,Members of a Set/Entities,
club,lounge,bar,disco,nightspots,easy,Noun/Concept Synonyms,
owl,moth,wolf,bat,nocturnal animals,medium,Members of a Set/Entities,
row,racket,clatter,ruckus,noisy disturbance,medium,Noun/Concept Synonyms,
plastic,credit,charge,card,non-cash way to pay,hard,Noun/Concept Synonyms,
baloney,bull,rubbish,bunk,nonsense,easy,Noun/Concept Synonyms,
baloney,tripe,bull,bunk,nonsense,hard,Noun/Concept Synonyms,
bunk,crock,baloney,tripe,nonsense,medium,Noun/Concept Synonyms,
mean,par,average,standard,norm,easy,Noun/Concept Synonyms,
suck,stink,bite,blow,not be good,medium,Noun/Concept Synonyms,
but,besides,save,except,not including,medium,Noun/Concept Synonyms,
gone,mia,elsewhere,absent,not present,easy,Noun/Concept Synonyms,
uneven,rugged,rough,bumpy,"not smooth, as terrain",easy,Noun/Concept Synonyms,
buggy,spotty,erratic,glitchy,not working reliably,easy,Descriptor/Adjective Synonyms,
special,pilot,finale,premiere,notable tv episodes,very_hard,Trivia/Pop Culture,
ion,ship,ness,dom,noun suffixes,hard,Word Structure/Play,
liberty,life,happiness,pursuit,nouns from a famous line in the declaration of independence,medium,Trivia/Pop Culture,
plan,canal,panama,man,nouns in a famous palindrome,hard,Word Structure/Play,
handful,pest,pain,bother,nuisance,medium,Noun/Concept Synonyms,
tow,eon,ether,net,number anagrams,very_hard,Word Structure/Play,
won,ate,too,for,number homophones,very_hard,Word Structure/Play,
451,2001,"20,000",22,numbers in book titles,very_hard,Noun/Concept Synonyms,
sour,sight,sen,sine,numbers with first letters replaced by “s”,very_hard,Word Structure/Play,
audio,games,news,cooking,nyt offerings,medium,Noun/Concept Synonyms,
holder,rest,base,stand,object used for support,hard,Noun/Concept Synonyms,
aegis,pandora’s box,apple of discord,golden fleece,objects from greek myth,medium,Noun/Concept Synonyms,
point,line,solid,plane,"objects in 0-, 1-, 2- and 3-dimensional space",medium,Idioms & Slang,
line,plane,point,solid,"objects in 0-, 1-, 2- and 3-dimensional space",very_hard,Idioms & Slang,
washboard,saw,spoons,jug,objects played as instruments,hard,Members of a Set/Entities,
baseball glove,can opener,golf club,guitar,objects that may be right- or left-handed,very_hard,Idioms & Slang,
chip,phone,wave,scope,objects with the prefix “micro-”,very_hard,Word Structure/Play,
stop,block,clog,jam,obstruct,medium,Noun/Concept Synonyms,
bag,snag,land,secure,obtain,hard,Noun/Concept Synonyms,
win,get,score,land,obtain,hard,Noun/Concept Synonyms,
clear,pronounced,marked,striking,obvious,hard,Descriptor/Adjective Synonyms,
prayer,proposal,dubbing,apology,occasions when one might kneel,hard,Idioms & Slang,
smith,miller,mason,fisher,occupational surnames,medium,Members of a Set/Entities,
drift,current,wave,tide,ocean phenomena,medium,Members of a Set/Entities,
big,popular,hot,in,of-the-moment,easy,Noun/Concept Synonyms,
digression,tangent,detour,aside,off-topic remarks,easy,Descriptor/Adjective Synonyms,
vanilla,ivory,eggshell,cream,off-white shades,easy,Noun/Concept Synonyms,
approval,consent,support,blessing,official sanctioning,easy,Noun/Concept Synonyms,
maxim,chestnut,saw,adage,old saying,easy,Noun/Concept Synonyms,
numbers,judges,job,daniel,old testament books,hard,Noun/Concept Synonyms,
stuffy,traditional,straight,square,old-fashioned,hard,Noun/Concept Synonyms,
wall street,nixon,platoon,jfk,oliver stone movies,hard,Trivia/Pop Culture,
breaking,surfing,taekwondo,trampoline,olympic events since 2000,hard,Trivia/Pop Culture,
trampoline,hockey,breaking,skeleton,olympic sports,hard,Members of a Set/Entities,
box,plate,base,mound,on a baseball field,very_hard,Noun/Concept Synonyms,
level,flat,flush,even,on the same plane,hard,Noun/Concept Synonyms,
pawn,puppet,instrument,tool,one being manipulated,medium,Noun/Concept Synonyms,
buck,smacker,single,clam,one dollar,medium,Noun/Concept Synonyms,
aviator,flier,ace,pilot,one flying an airplane,medium,Noun/Concept Synonyms,
month,juror,donut,rose,one in a dozen,medium,Noun/Concept Synonyms,
egg,month,juror,rose,one in a dozen,very_hard,Noun/Concept Synonyms,
donut,month,juror,inch,one in a group of twelve,hard,Idioms & Slang,
volunteer,guinea pig,participant,subject,one in a research study,medium,Idioms & Slang,
sister,deadly sin,continent,wonder,one in a septet,medium,Noun/Concept Synonyms,
agent,plant,spy,mole,one involved in espionage,hard,Noun/Concept Synonyms,
train,chain,string,series,one thing after another,easy,Noun/Concept Synonyms,
hot dog,peacock,ham,showboat,one who likes showing off,hard,Trivia/Pop Culture,
principal,headliner,star,lead,one with top billing,easy,Noun/Concept Synonyms,
gusher,ocher,kenya,pelvis,one-named singer plus starting letter,very_hard,Word Structure/Play,
mother,president,saint patrick,saint valentine,ones celebrated with holidays,medium,Noun/Concept Synonyms,
boxer,monk,judge,wizard,ones wearing robes,hard,Noun/Concept Synonyms,
connoisseur,critic,expert,snob,ones with discerning tastes,hard,Noun/Concept Synonyms,
devil,elf,batman,vulcan,ones with pointy ears,hard,Noun/Concept Synonyms,
former,prior,past,late,onetime,medium,Noun/Concept Synonyms,
character,makeup,nature,fiber,one’s constitution,medium,Noun/Concept Synonyms,
influencer,ambassador,model,streamer,online personality,very_hard,Descriptor/Adjective Synonyms,
thud,plop,splash,bang,onomatopoeia,very_hard,Noun/Concept Synonyms,
birth,start,dawn,creation,onset,easy,Noun/Concept Synonyms,
juice,fire,zip,energy,oomph,hard,Noun/Concept Synonyms,
court,yard,square,plaza,open space,easy,Noun/Concept Synonyms,
working,active,functional,running,operating,easy,Action/Verb Synonyms,
break,time,shot,chance,opportunity,medium,Descriptor/Adjective Synonyms,
shot,turn,chance,opening,opportunity,medium,Descriptor/Adjective Synonyms,
trim,tidy,clean,neat,orderly,easy,Descriptor/Adjective Synonyms,
vanilla,plain,standard,normal,ordinary,easy,Descriptor/Adjective Synonyms,
tongue,tripe,heart,gizzard,organ meats,medium,Noun/Concept Synonyms,
hearth,lunge,skink,colony,organ plus a letter,very_hard,Word Structure/Play,
party,team,group,club,organization,easy,Noun/Concept Synonyms,
tree,chain,pyramid,ladder,"organizational structures, metaphorically",very_hard,Descriptor/Adjective Synonyms,
kidney,lung,heart,liver,organs,medium,Noun/Concept Synonyms,
n.f.l.,nasa,paramount,subaru,orgs with stars in their logos,hard,Idioms & Slang,
genesis,seed,germ,source,origin,easy,Noun/Concept Synonyms,
root,cradle,font,source,origin,hard,Noun/Concept Synonyms,
thimble,boot,iron,top hat,original monopoly tokens,hard,Noun/Concept Synonyms,
ruffle,trim,frill,fringe,ornamental border,medium,Noun/Concept Synonyms,
bridges,phoenix,washington,irons,oscar-winning actors,very_hard,Trivia/Pop Culture,
garish,bright,flashy,loud,"ostentatious, as an outfit",easy,Noun/Concept Synonyms,
mate,complement,match,partner,other half,medium,Noun/Concept Synonyms,
better,top,eclipse,surpass,outdo,easy,Noun/Concept Synonyms,
festival,tailgate,picnic,block party,outdoor events,medium,Noun/Concept Synonyms,
frank,vocal,loud,direct,outspoken,easy,Noun/Concept Synonyms,
timer,broil,bake,light,oven buttons,hard,Noun/Concept Synonyms,
corn,cheese,pap,mush,overly sentimental work,hard,Noun/Concept Synonyms,
bore,held,possessed,had,owned,easy,Noun/Concept Synonyms,
squirrel,store,stash,stow,pack (away) for future use,easy,Idioms & Slang,
dense,thick,tight,compact,packed,medium,Noun/Concept Synonyms,
contact,login,about,home,pages on a website,hard,Noun/Concept Synonyms,
pearl,matte,gloss,eggshell,paint finishes,hard,Noun/Concept Synonyms,
whistler,munch,bacon,close,painters,hard,Noun/Concept Synonyms,
palette,easel,canvas,brush,painting accessories,easy,Action/Verb Synonyms,
ski poles,knitting needles,chopsticks,claves,pairs of rods,medium,Noun/Concept Synonyms,
bib,eye,pop,gag,palindromes,hard,Word Structure/Play,
abba,kayak,nun,stats,palindromes,medium,Word Structure/Play,
kayak,otto,hannah,level,palindromes,very_hard,Word Structure/Play,
natan,eve,racecar,mom,palindromes,very_hard,Word Structure/Play,
refer,tenet,level,pep,palindromes featuring “e”,medium,Word Structure/Play,
tree,sunday,reader,beach,palm ___,very_hard,Fill-in-the-Blank,
sheet,page,leaf,folio,paper in a book,medium,Noun/Concept Synonyms,
clip,tiger,trail,towel,paper ___,very_hard,Fill-in-the-Blank,
classic,model,textbook,definitive,paradigmatic,hard,Descriptor/Adjective Synonyms,
bench,tree,statue,pigeon,park staples,hard,Noun/Concept Synonyms,
spin,angle,slant,bias,partiality,easy,Descriptor/Adjective Synonyms,
box,fence,dive,row,participate in summer olympic events,medium,Members of a Set/Entities,
shred,crumb,morsel,grain,particle,medium,Noun/Concept Synonyms,
backboard,net,rim,pole,parts of a basketball hoop,hard,Members of a Set/Entities,
trailer,axles,hitch,tractor,parts of a big rig,hard,Members of a Set/Entities,
saddle,pedal,chain,wheel,parts of a bike,medium,Members of a Set/Entities,
spine,cover,page,jacket,parts of a book,easy,Members of a Set/Entities,
spine,jacket,page,cover,parts of a book,hard,Members of a Set/Entities,
spine,leaves,cover,jacket,parts of a book,medium,Members of a Set/Entities,
tire,trunk,hood,bumper,parts of a car,easy,Members of a Set/Entities,
belt,wheel,mirror,horn,parts of a car,medium,Members of a Set/Entities,
wheel,shock,tank,dash,"parts of a car, informally",hard,Members of a Set/Entities,
beret,badge,sash,skirt,parts of a classic girl scout uniform,hard,Members of a Set/Entities,
library,cafeteria,dorm,quad,parts of a college campus,easy,Members of a Set/Entities,
insurance,vacation,salary,bonus,parts of a compensation package,easy,Members of a Set/Entities,
goatee,pitchfork,tail,horns,parts of a devil costume,hard,Members of a Set/Entities,
hinge,frame,handle,lock,parts of a door,very_hard,Members of a Set/Entities,
touchdown,takeoff,taxi,cruise,parts of a flight,medium,Members of a Set/Entities,
sole,arch,ball,heel,parts of a foot,easy,Members of a Set/Entities,
crag,ledge,cliff,ridge,parts of a mountain,hard,Members of a Set/Entities,
speaker,turntable,amp,preamp,parts of a record player setup,easy,Members of a Set/Entities,
delta,bank,mouth,bed,parts of a river,easy,Members of a Set/Entities,
shoulder,divider,lane,median,parts of a road,hard,Members of a Set/Entities,
deck,anchor,bridge,aft,parts of a ship,hard,Members of a Set/Entities,
bow,mast,deck,fore,parts of a ship,hard,Members of a Set/Entities,
sole,heel,upper,tongue,parts of a shoe,easy,Members of a Set/Entities,
bridge,chorus,hook,refrain,parts of a song,easy,Members of a Set/Entities,
fork,plate,napkin,glass,parts of a table setting,easy,Members of a Set/Entities,
chain,flapper,float,handle,parts of a toilet tank,hard,Members of a Set/Entities,
pulp,root,enamel,crown,parts of a tooth,hard,Members of a Set/Entities,
bracket,round,bye,seed,parts of a tournament setup,medium,Members of a Set/Entities,
root,trunk,leaf,branch,parts of a tree,easy,Members of a Set/Entities,
strap,hand,dial,crown,parts of a watch,medium,Members of a Set/Entities,
banner,menu,header,sidebar,parts of a website,medium,Members of a Set/Entities,
hub,spoke,rim,tire,parts of a wheel,easy,Members of a Set/Entities,
robe,staff,hat,beard,parts of a wizard costume,medium,Members of a Set/Entities,
nose,engine,wing,cabin,parts of an airplane,hard,Members of a Set/Entities,
hangar,runway,terminal,tarmac,parts of an airport,easy,Members of a Set/Entities,
halo,robe,wings,harp,parts of an angel costume,medium,Members of a Set/Entities,
pickup,fret,peg,string,parts of an electric guitar,hard,Members of a Set/Entities,
whip,fedora,satchel,bomber,parts of an indiana jones costume,hard,Members of a Set/Entities,
rind,stem,seed,core,parts of fruit you might not eat,hard,Members of a Set/Entities,
drum,hammer,canal,anvil,parts of the ear,medium,Members of a Set/Entities,
iris,cone,lens,pupil,parts of the eye,medium,Members of a Set/Entities,
dud,drip,bore,drag,party pooper,easy,Noun/Concept Synonyms,
bar,torch,time,buck,pass the ___,very_hard,Fill-in-the-Blank,
extreme,intense,deep,fierce,"passionate, as a feeling",easy,Noun/Concept Synonyms,
ribbon,elbow,wheel,ear,pasta shapes,hard,Noun/Concept Synonyms,
bowtie,spiral,shell,elbow,pasta shapes,medium,Noun/Concept Synonyms,
bowtie,wheel,elbow,tube,pasta shapes,very_hard,Noun/Concept Synonyms,
honeycomb,checkers,stripes,camo,patterns,hard,Noun/Concept Synonyms,
paisley,stripes,plaid,houndstooth,patterns,medium,Noun/Concept Synonyms,
pony,ante,settle,cough,"pay, with “up”",hard,Noun/Concept Synonyms,
masterpiece,nova,nature,frontline,pbs shows,hard,Trivia/Pop Culture,
coat,pod,green,soup,pea ___,very_hard,Fill-in-the-Blank,
swell,dandy,fine,ducky,peachy,easy,Descriptor/Adjective Synonyms,
nifty,super,neat,swell,peachy keen,easy,Noun/Concept Synonyms,
off,weird,curious,funny,peculiar,easy,Noun/Concept Synonyms,
levy,butler,bloom,guthrie,people whose first names are u.s. cities,very_hard,Members of a Set/Entities,
catch,clock,register,notice,perceive,easy,Descriptor/Adjective Synonyms,
observe,catch,notice,see,perceive,medium,Descriptor/Adjective Synonyms,
rattle,drum,triangle,bell,percussion instruments,easy,Members of a Set/Entities,
punch,poke,pierce,bore,perforate,medium,Noun/Concept Synonyms,
tank,flail,flounder,flop,perform poorly,medium,Action/Verb Synonyms,
ace,nail,rock,crush,perform well on,hard,Action/Verb Synonyms,
stand-up,singer,dancer,actor,performing artists,easy,Action/Verb Synonyms,
age,day,time,era,period,hard,Noun/Concept Synonyms,
as,k,be,i,periodic table symbols,hard,Members of a Set/Entities,
fe,he,i,ni,periodic table symbols,very_hard,Members of a Set/Entities,
edge,border,fringe,skirt,periphery,easy,Descriptor/Adjective Synonyms,
hold,stay,last,stand,persist,easy,Noun/Concept Synonyms,
chair,director,chief,head,person in charge,easy,Noun/Concept Synonyms,
nail file,brush,tweezers,mirror,personal grooming items,easy,Members of a Set/Entities,
effect,good,belonging,possession,personal property minus “s”,very_hard,Noun/Concept Synonyms,
angle,bent,lens,point of view,perspective,easy,Descriptor/Adjective Synonyms,
nag,hound,bug,badger,pester,easy,Noun/Concept Synonyms,
ride,badger,bug,harry,pester,hard,Noun/Concept Synonyms,
nags,hounds,bugs,badgers,pesters,easy,Noun/Concept Synonyms,
pan,rabbit,piper,parker,peter ___,very_hard,Fill-in-the-Blank,
campaign,press,appeal,lobby,petition (for),hard,Noun/Concept Synonyms,
melting,condensation,vaporization,freezing,phase transitions for liquids,medium,Noun/Concept Synonyms,
rustle,marks,lock,pane,philosopher homophones,very_hard,Word Structure/Play,
service,signal,reception,bars,phone connectivity,medium,Descriptor/Adjective Synonyms,
stress,rhythm,intonation,loudness,phonetic elements of speech,very_hard,Descriptor/Adjective Synonyms,
snap,pic,shot,still,photo,easy,Noun/Concept Synonyms,
eyedropper,eraser,magic wand,lasso,photoshop tools,hard,Members of a Set/Entities,
catch,see,spot,note,pick up on,medium,Noun/Concept Synonyms,
cooler,utensils,basket,blanket,picnic accessories,medium,Descriptor/Adjective Synonyms,
icon,symbol,character,glyph,pictograph,medium,Noun/Concept Synonyms,
hanger,hammer,level,nail,picture hanging needs,hard,Noun/Concept Synonyms,
olive branch,arrows,eagle,shield,pictured on the u.s. great seal,medium,Idioms & Slang,
breast,wing,tender,drumstick,pieces of chicken,easy,Members of a Set/Entities,
chair,table,bed,couch,pieces of furniture,easy,Members of a Set/Entities,
puck,ball,stone,birdie,pieces of olympic sports equipment,hard,Members of a Set/Entities,
brace,support,prop,post,pillar,medium,Noun/Concept Synonyms,
steer,direct,guide,lead,pilot,medium,Noun/Concept Synonyms,
flipper,plunger,ball,bumper,pinball machine components,hard,Noun/Concept Synonyms,
filter,tamper,pipe cleaner,lighter,pipe-smoking accessories,hard,Action/Verb Synonyms,
zest,kick,punch,zing,piquancy,easy,Descriptor/Adjective Synonyms,
zip,bite,tang,kick,piquancy,hard,Descriptor/Adjective Synonyms,
brave,coco,up,cars,pixar movies,hard,Trivia/Pop Culture,
racecar,grumpy old man,talking doll,clownfish,pixar protagonists,hard,Noun/Concept Synonyms,
port,jack,outlet,socket,place to plug something in,medium,Idioms & Slang,
vault,chest,coffer,safe,place to store valuables,medium,Noun/Concept Synonyms,
put,laid,sat,placed,placed down,hard,Noun/Concept Synonyms,
temple,shrine,reliquary,altar,places for worship,easy,Noun/Concept Synonyms,
champagne,nice,tours,dijon,places in france,hard,Noun/Concept Synonyms,
nice,angers,reunion,champagne,places in france,very_hard,Noun/Concept Synonyms,
wall street,chinatown,dumbo,manhattan,places in new york city,easy,Members of a Set/Entities,
gulf,chevron,shell,7-eleven,places that sell gas,hard,Noun/Concept Synonyms,
wallet,atm,tip jar,cash register,places to find paper money,easy,Idioms & Slang,
red carpet,american flag,uber rating,galaxy,places to find stars,hard,Noun/Concept Synonyms,
web,net,snare,tangle,places to get trapped,easy,Noun/Concept Synonyms,
rocker,swing,hammock,cradle,places to lie/sit that move,hard,Idioms & Slang,
outlet,market,mall,outlet,places to shop,easy,Noun/Concept Synonyms,
store,bazaar,market,fair,places to shop,easy,Noun/Concept Synonyms,
land,world,city,town,places used in retail suffixes,medium,Word Structure/Play,
gym,courtroom,park,dugout,places with benches,very_hard,Noun/Concept Synonyms,
bowling alley,highway,supermarket,swimming pool,places with lanes,medium,Noun/Concept Synonyms,
genus,cars,darth,bluto,planets/dwarf planet with first letter changed,very_hard,Word Structure/Play,
sprout,bud,bloom,shoot,plant growths,medium,Noun/Concept Synonyms,
anise,fennel,licorice,tarragon,plants with similar flavors,medium,Noun/Concept Synonyms,
trick,fool,prank,punk,play a joke on,medium,Action/Verb Synonyms,
groove,rock,shred,jam,play music with passion,medium,Action/Verb Synonyms,
solo,jam,shred,noodle,play some electric guitar,medium,Action/Verb Synonyms,
date,doh,dirty,dead,play ___,very_hard,Fill-in-the-Blank,
kid,rib,tease,josh,playfully bother,easy,Noun/Concept Synonyms,
kid,tease,rib,needle,playfully poke fun at,easy,Noun/Concept Synonyms,
swings,slide,teeter-totter,monkey bars,playground equipment,easy,Members of a Set/Entities,
swing,sandbox,slide,seesaw,playground fixtures,easy,Noun/Concept Synonyms,
tag,hide,dodge,hop,playground verbs,medium,Noun/Concept Synonyms,
spade,heart,diamond,club,playing card suits,easy,Action/Verb Synonyms,
jack,kings,ace,queens,playing cards,easy,Action/Verb Synonyms,
king,jacks,aces,queen,playing cards,easy,Action/Verb Synonyms,
scent,fragrance,bouquet,aroma,pleasant smells,easy,Noun/Concept Synonyms,
snake,pipe,wrench,plunger,plumbing equipment,medium,Members of a Set/Entities,
sack,raid,rob,loot,plunder,easy,Noun/Concept Synonyms,
booty,loot,swag,spoils,plunder,very_hard,Noun/Concept Synonyms,
sheep,squid,deer,shrimp,plural animals identical to their singular forms,hard,Members of a Set/Entities,
dice,mice,lice,oxen,plural words that are very different from their singular forms,very_hard,Word Structure/Play,
up first,radiolab,wtf,serial,podcasts,hard,Noun/Concept Synonyms,
meter,verse,line,rhyme,poetry terms,hard,Noun/Concept Synonyms,
position,perspective,lens,angle,point of view,medium,Noun/Concept Synonyms,
call,check,raise,fold,poker actions,hard,Noun/Concept Synonyms,
fold,call,check,bet,poker actions,medium,Noun/Concept Synonyms,
bones,elementary,kojak,monk,police procedurals,hard,Noun/Concept Synonyms,
relations,congress,commerce,intimacy,polite terms for sex,medium,Noun/Concept Synonyms,
noodle,muse,reflect,deliberate,ponder,hard,Noun/Concept Synonyms,
grande,mars,styles,swift,pop megastars,easy,Noun/Concept Synonyms,
mar,key,style,spear,pop singers minus “s”,very_hard,Noun/Concept Synonyms,
kettle,stovetop,microwave,popper,popcorn-making methods,hard,Action/Verb Synonyms,
share,piece,take,cut,portion of profit,hard,Noun/Concept Synonyms,
for,pro,aye,yea,positions in favor,easy,Noun/Concept Synonyms,
boot,tow,ticket,points,possible results of a traffic violation,hard,Idioms & Slang,
stall,punt,hold,table,postpone,very_hard,Noun/Concept Synonyms,
sticker,belly,hole,luck,pot___,very_hard,Fill-in-the-Blank,
wing,breast,tender,thigh,poultry cuts,easy,Noun/Concept Synonyms,
tender,wing,breast,thigh,poultry cuts,medium,Noun/Concept Synonyms,
outage,short,surge,spike,power issues,medium,Noun/Concept Synonyms,
ranger,nap,plant,trip,power ___,very_hard,Fill-in-the-Blank,
feather,mushroom,flower,star,power-ups in super mario world,very_hard,Idioms & Slang,
toilet paper,moon,egg,streak,prank verbs,very_hard,Noun/Concept Synonyms,
jabber,chat,gab,blather,prattle on,medium,Noun/Concept Synonyms,
cusp,eve,brink,verge,precipice,easy,Noun/Concept Synonyms,
mess,fix,pickle,jam,predicament,easy,Noun/Concept Synonyms,
fix,hole,spot,corner,predicament,hard,Noun/Concept Synonyms,
binds,jams,spots,pickles,predicaments,hard,Noun/Concept Synonyms,
forecast,divine,read,call,predict,hard,Noun/Concept Synonyms,
hyper,over,super,extra,prefix meaning “very”,easy,Word Structure/Play,
pro,sub,super,retro,prefixes,hard,Word Structure/Play,
demo,auto,bureau,pluto,prefixes with -cracy,very_hard,Word Structure/Play,
cures,smokes,salts,cans,"preserves, as meat",medium,Noun/Concept Synonyms,
run,direct,lead,chair,preside over,medium,Noun/Concept Synonyms,
chester,harry,calvin,grover,presidential first names,hard,Members of a Set/Entities,
lincoln,ford,grant,wilson,presidents,easy,Noun/Concept Synonyms,
imagine,think,figure,suspect,presume,easy,Noun/Concept Synonyms,
affect,charade,front,airs,pretense,medium,Noun/Concept Synonyms,
good,penny,please,woman,pretty ___,very_hard,Fill-in-the-Blank,
poke,stick,jab,pierce,prick,easy,Noun/Concept Synonyms,
first,chief,principal,main,primary,medium,Descriptor/Adjective Synonyms,
gibbon,bonobo,gorilla,baboon,primates,medium,Noun/Concept Synonyms,
bulletin,announcement,notice,poster,printed notification,easy,Noun/Concept Synonyms,
team,number,college,position,pro athlete data,hard,Noun/Concept Synonyms,
undertaker,hitman,rock,snake,"pro wrestling icons, with “the”",hard,Idioms & Slang,
caravan,parade,train,fleet,procession,easy,Noun/Concept Synonyms,
reserve,secure,book,charter,procure in advance,medium,Noun/Concept Synonyms,
cone,pollen,acorn,sap,produced by trees,easy,Noun/Concept Synonyms,
line,trade,field,business,profession,hard,Noun/Concept Synonyms,
ruby,java,basic,python,programming languages,hard,Action/Verb Synonyms,
drag,inch,creep,crawl,progress slowly,easy,Descriptor/Adjective Synonyms,
deny,forbid,ban,block,prohibit,medium,Noun/Concept Synonyms,
deny,bar,refuse,block,"prohibit, as entry",easy,Descriptor/Adjective Synonyms,
cage,bacon,ford,cruise,prolific actors,hard,Trivia/Pop Culture,
sell,market,pitch,hype,promote,easy,Noun/Concept Synonyms,
here,wee,theme,use,pronoun plus “e”,very_hard,Noun/Concept Synonyms,
i,you,they,me,pronouns,medium,Noun/Concept Synonyms,
us,we,it,them,pronouns,medium,Noun/Concept Synonyms,
hop,leap,jump,spring,propel into the air,easy,Noun/Concept Synonyms,
jazzercise,paralympics,pokémon,wikipedia,proper noun portmanteaux,hard,Noun/Concept Synonyms,
john malkovich,las vegas,private ryan,amy,proper nouns after gerunds in '90s movie titles,very_hard,Trivia/Pop Culture,
yankees,kate,birdie,dolly,proper nouns in broadway musical titles that are spoken phrases,hard,Idioms & Slang,
donut,pacifier,skateboard,saxophone,props for characters on “the simpsons”,hard,Trivia/Pop Culture,
pad,buffer,shield,cushion,protective barrier,medium,Descriptor/Adjective Synonyms,
skin,shell,scales,bark,protective coverings in nature,medium,Descriptor/Adjective Synonyms,
milk,guts,beans,tea,proverbial things that are spilled,very_hard,Members of a Set/Entities,
hornets’ nest,can,tires,habit,proverbial things to kick,hard,Members of a Set/Entities,
explain,expand,specify,elaborate,provide more details,medium,Noun/Concept Synonyms,
character,image,reputation,name,public standing,medium,Descriptor/Adjective Synonyms,
exposure,press,attention,coverage,publicity,easy,Members of a Set/Entities,
copy,words,writing,text,published lines,medium,Noun/Concept Synonyms,
yank,jerk,wrench,tug,pull,medium,Noun/Concept Synonyms,
yank,tear,wrench,rip,pull using force,easy,Noun/Concept Synonyms,
sock,slug,blow,belt,punch,easy,Noun/Concept Synonyms,
pound,sock,pop,slug,punch,medium,Noun/Concept Synonyms,
hyphen,period,dash,colon,punctuation marks,medium,Noun/Concept Synonyms,
slash,colon,comma,period,punctuation marks,medium,Noun/Concept Synonyms,
crate,collar,bowl,bed,puppy purchases,medium,Noun/Concept Synonyms,
bottle,mobile,crib,rattle,purchases for a baby,medium,Descriptor/Adjective Synonyms,
rain,prose,haze,heart,purple ___,very_hard,Fill-in-the-Blank,
dog,tail,shadow,track,pursue,hard,Noun/Concept Synonyms,
chase,tail,track,follow,pursue,hard,Noun/Concept Synonyms,
trail,stalk,hunt,track,pursue,medium,Noun/Concept Synonyms,
hunt,chase,quest,search,pursuit,easy,Noun/Concept Synonyms,
shoulder,barge,jostle,muscle,push through a crowd,very_hard,Noun/Concept Synonyms,
hits,taps,clicks,presses,"pushes, as a button",medium,Noun/Concept Synonyms,
give,pronounce,present,deliver,"put forward, as an announcement",medium,Idioms & Slang,
bet,chance,gamble,risk,put on the line,easy,Action/Verb Synonyms,
crack,slight,dig,barb,putdown,easy,Noun/Concept Synonyms,
wet,cold,windy,gray,qualities of a rainy day,easy,Idioms & Slang,
stringy,dry,chewy,tough,qualities of overcooked meat,easy,Noun/Concept Synonyms,
lift,bounce,volume,body,qualities of thick hair,hard,Noun/Concept Synonyms,
count,total,number,amount,quantity,easy,Descriptor/Adjective Synonyms,
some,several,many,few,quantity words,hard,Noun/Concept Synonyms,
tiff,scrap,row,fight,quarrel,medium,Noun/Concept Synonyms,
bed,mary,bee,mother,queen ___,very_hard,Fill-in-the-Blank,
swim,dip,splash,dive,quick jump in the pool,medium,Idioms & Slang,
look,gander,glance,glimpse,quick peek,easy,Noun/Concept Synonyms,
blast,rave,bash,blowout,quite the party,easy,Descriptor/Adjective Synonyms,
chatterbox,blabbermouth,prattler,windbag,quite the talker,easy,Noun/Concept Synonyms,
gross,king,stern,glass,radio hall of fame members,very_hard,Members of a Set/Entities,
copy,out,roger,over,radio lingo,hard,Noun/Concept Synonyms,
roger,negative,over,copy,radio lingo,medium,Noun/Concept Synonyms,
channel,band,frequency,station,radio tuning options,medium,Noun/Concept Synonyms,
forest,coat,maker,bow,rain___,very_hard,Fill-in-the-Blank,
grime,bounce,drill,crunk,rap subgenres,hard,Members of a Set/Entities,
q-tip,ice cube,common,future,rappers,hard,Noun/Concept Synonyms,
tip,pain,40,cole,rappers minus first letter,very_hard,Word Structure/Play,
pac,savage,chainz,cent,rappers minus numbers,very_hard,Noun/Concept Synonyms,
rough,gruff,husky,hoarse,raspy,easy,Descriptor/Adjective Synonyms,
percentage,thumbs,stars,a-f,ratings systems,hard,Noun/Concept Synonyms,
basis,foundation,reason,grounds,rationale,easy,Noun/Concept Synonyms,
message,ping,text,contact,reach out to,medium,Noun/Concept Synonyms,
96,mow,noon,sis,reads the same rotated 180°,very_hard,Idioms & Slang,
estate,madrid,world,deal,real ___,very_hard,Fill-in-the-Blank,
catfish,chopped,survivor,alone,reality shows,medium,Trivia/Pop Culture,
domain,field,sphere,area,realm of expertise,easy,Noun/Concept Synonyms,
bounce,ricochet,carom,bank,rebound,medium,Noun/Concept Synonyms,
columbia,virgin,capitol,island,record labels,hard,Noun/Concept Synonyms,
shoebox,brick,fish tank,microwave,rectangular prisms,hard,Noun/Concept Synonyms,
glass,metal,plastic,paper,recycling categories,medium,Action/Verb Synonyms,
bull,carpet,meat,cross,red ___,very_hard,Fill-in-the-Blank,
velvet,herring,delicious,tape,red ___,very_hard,Fill-in-the-Blank,
elegance,grace,style,taste,refined sensibility,easy,Descriptor/Adjective Synonyms,
gleam,glitter,sparkle,flash,reflect light,easy,Noun/Concept Synonyms,
buy,trust,believe,accept,regard as true,easy,Noun/Concept Synonyms,
about,toward,on,concerning,regarding,hard,Action/Verb Synonyms,
limit,check,curb,contain,regulate,hard,Noun/Concept Synonyms,
parrot,echo,repeat,quote,reiterate,medium,Noun/Concept Synonyms,
insurance,escrow,appraisal,mortgage,related to buying a home,hard,Idioms & Slang,
acoustic,auditory,heard,sonic,related to sound/hearing,medium,Noun/Concept Synonyms,
conductor,car,track,station,related to trains,medium,Noun/Concept Synonyms,
mother,cousin,nephew,aunt,relatives,easy,Noun/Concept Synonyms,
hang,loaf,chill,lounge,relax,easy,Noun/Concept Synonyms,
lounge,loaf,chill,veg,relax,medium,Noun/Concept Synonyms,
pastor,lama,cardinal,monk,religious figures,easy,Trivia/Pop Culture,
power,menu,volume,channel,remote control buttons,easy,Noun/Concept Synonyms,
menu,back,select,home,remote control buttons,hard,Noun/Concept Synonyms,
stop,home,mute,volume,remote control functions,hard,Noun/Concept Synonyms,
country,woods,bush,sticks,remote rural area,medium,Noun/Concept Synonyms,
thread,wax,pluck,laser,"remove, as body hair",easy,Noun/Concept Synonyms,
wipe,flick,sweep,brush,"remove, as crumbs",hard,Noun/Concept Synonyms,
pares,shells,shucks,peels,removes the covering of,hard,Noun/Concept Synonyms,
work,upgrades,construction,repairs,renovations,medium,Noun/Concept Synonyms,
there,hear,tut,knock,repeated words in expressions,medium,Idioms & Slang,
copy,extra,spare,backup,replacement,easy,Noun/Concept Synonyms,
backup,substitute,cover,sub,replacement,medium,Noun/Concept Synonyms,
relief,alternate,cover,backup,replacement,medium,Noun/Concept Synonyms,
lyre,big bear,centaur,hunter,represented by constellations,medium,Noun/Concept Synonyms,
intro class,devil,james bond,cannabis,represented by three-digit numbers,very_hard,Noun/Concept Synonyms,
standing,face,image,regard,reputation,hard,Noun/Concept Synonyms,
bank,save,stash,store,reserve for later,easy,Noun/Concept Synonyms,
stay,live,dwell,inhabit,reside,easy,Noun/Concept Synonyms,
mat,band,dumbbell,bench,resistance training equipment,medium,Members of a Set/Entities,
right,correct,bingo,yes,response to a correct answer,medium,Idioms & Slang,
starter,dessert,side,main,restaurant courses,medium,Noun/Concept Synonyms,
dishwasher,cook,host,server,restaurant jobs,medium,Noun/Concept Synonyms,
booth,counter,table,bar,restaurant seating options,hard,Noun/Concept Synonyms,
tap,sparkling,bottled,still,restaurant water options,easy,Noun/Concept Synonyms,
chef,server,host,bartender,restaurant workers,easy,Noun/Concept Synonyms,
check,curb,limit,stem,restrain,hard,Noun/Concept Synonyms,
check,block,stop,dam,restrict,easy,Noun/Concept Synonyms,
check,curb,limit,cap,restrict,hard,Noun/Concept Synonyms,
fruit,product,return,yield,result,easy,Noun/Concept Synonyms,
product,sum,difference,quotient,results of some arithmetic,hard,Descriptor/Adjective Synonyms,
ditch,pit,hole,trench,results of some digging,medium,Noun/Concept Synonyms,
best boy,idea,stables,kroner,retail chains with a letter changed,very_hard,Word Structure/Play,
lime,pickle,mortar,jenny,rhyme with u.s. coins,very_hard,Word Structure/Play,
karen,aaron,darren,sharon,rhymes,easy,Word Structure/Play,
fryer,fire,choir,liar,rhymes,hard,Word Structure/Play,
hurdle,confections,grands,swelling sea,rhymes for new york times games,very_hard,Word Structure/Play,
widen,vixen,pagan,smarter,rhymes of u.s. president names,very_hard,Word Structure/Play,
hubbub,nitwit,backpack,ragtag,rhyming compound words,very_hard,Action/Verb Synonyms,
downtown,backpack,cookbook,bigwig,rhyming compound words,very_hard,Action/Verb Synonyms,
be kind rewind,fright night,e.t.,kill bill,rhyming titles,medium,Action/Verb Synonyms,
clear,drain,empty,flush,rid of contents,medium,Noun/Concept Synonyms,
stiff,rob,hose,fleece,rip off,easy,Noun/Concept Synonyms,
torn,cleft,split,rent,ripped,medium,Noun/Concept Synonyms,
spicy,blue,adult,suggestive,risqué,hard,Noun/Concept Synonyms,
avenue,drag,drive,artery,road,medium,Noun/Concept Synonyms,
alley,lane,drive,street,road names,easy,Members of a Set/Entities,
anvil,coyote,boulder,tnt,road runner cartoon staples,medium,Noun/Concept Synonyms,
casino,heat,taxi driver,joker,robert de niro films,hard,Noun/Concept Synonyms,
healthy,strong,fit,sound,robust,easy,Noun/Concept Synonyms,
heart,queen,madonna,prince,rock & roll hall of fame inductees,hard,Idioms & Slang,
glam,metal,goth,punk,rock genres,hard,Members of a Set/Entities,
arena,garage,alternative,classic,rock music subgenres,medium,Members of a Set/Entities,
paper,shoot,scissors,rock,rock paper scissors,hard,Noun/Concept Synonyms,
star,candy,bottom,garden,rock ___,very_hard,Fill-in-the-Blank,
picture,rocky,show,horror,rocky horror picture show,easy,Trivia/Pop Culture,
rat,hamster,vole,gerbil,rodents,medium,Noun/Concept Synonyms,
rocky,itchy,pinky,chip,rodents who are first in a cartoon duo,very_hard,Idioms & Slang,
stick,bat,club,staff,rods,easy,Noun/Concept Synonyms,
crochet hook,crowbar,crook,candy cane,rods that curve at one end,very_hard,Idioms & Slang,
v,l,m,d,roman numerals,hard,Noun/Concept Synonyms,
connection,spark,feelings,vibe,romantic beginnings,hard,Descriptor/Adjective Synonyms,
yours,always,kisses,love,romantic letter sign-offs,medium,Word Structure/Play,
lover,steady,sweetheart,flame,romantic partner,easy,Descriptor/Adjective Synonyms,
attraction,sparks,chemistry,fireworks,romantic rapport,easy,Descriptor/Adjective Synonyms,
thing,pair,couple,item,romantic twosome,medium,Descriptor/Adjective Synonyms,
spark,fireworks,connection,chemistry,romantic vibe,hard,Descriptor/Adjective Synonyms,
study,den,kitchen,bedroom,rooms in a house,easy,Noun/Concept Synonyms,
study,lounge,library,hall,rooms in the game clue,easy,Idioms & Slang,
handset,cradle,dial,cord,rotary phone parts,medium,Noun/Concept Synonyms,
crank,turn,wind,reel,rotate,medium,Noun/Concept Synonyms,
even,odd,black,red,roulette bets,medium,Noun/Concept Synonyms,
red,even,odd,black,roulette options,very_hard,Noun/Concept Synonyms,
pancake,record,coaster,frisbee,round flat things,easy,Members of a Set/Entities,
funding,golf,applause,drinks,round of ___,very_hard,Fill-in-the-Blank,
globe,ball,orb,sphere,round three-dimensional objects,easy,Noun/Concept Synonyms,
prince,baron,king,earl,royal and noble titles,medium,Noun/Concept Synonyms,
we,flush,family,jelly,royal ___,very_hard,Fill-in-the-Blank,
grate,gnash,grind,scrape,rub together,easy,Noun/Concept Synonyms,
urgent,void,approved,paid,rubber stamp words,hard,Noun/Concept Synonyms,
soul,cement,band,duckie,rubber ___,very_hard,Fill-in-the-Blank,
point,stare,whisper,snicker,rude things to do,hard,Members of a Set/Entities,
interrupt,point,stare,litter,rude things to do,medium,Members of a Set/Entities,
desert,jilt,ignore,ghost,rudely break off contact,hard,Noun/Concept Synonyms,
root,dig,sift,comb,rummage,easy,Noun/Concept Synonyms,
race,dash,sprint,bolt,run quickly,hard,Action/Verb Synonyms,
pedestrian,banal,everyday,humdrum,run-of-the-mill,medium,Noun/Concept Synonyms,
blew,burst,split,broke,ruptured,easy,Noun/Concept Synonyms,
draft,puff,blow,gust,rush of wind,easy,Noun/Concept Synonyms,
gust,blow,blast,gale,rush of wind,medium,Noun/Concept Synonyms,
tar,salty dog,swab,skipper,sailor,medium,Noun/Concept Synonyms,
ruffle,combo,goldfish,taki,salty snack unit,hard,Noun/Concept Synonyms,
praise,applaud,hail,honor,salute,easy,Noun/Concept Synonyms,
haven,retreat,port,shelter,sanctuary,easy,Descriptor/Adjective Synonyms,
melt,sub,club,cuban,sandwiches,medium,Noun/Concept Synonyms,
stone,paper,castle,piper,sand___,very_hard,Fill-in-the-Blank,
dasher,comet,vixen,cupid,santa’s reindeer,medium,Noun/Concept Synonyms,
cheek,mouth,attitude,lip,sassiness,easy,Noun/Concept Synonyms,
cute,smart,wise,fresh,sassy,easy,Descriptor/Adjective Synonyms,
lampoon,cracked,onion,mad,"satirical publications, familiarly",hard,Descriptor/Adjective Synonyms,
pay,clear,square,settle,"satisfy, as debts",medium,Noun/Concept Synonyms,
plum,soy,xo,oyster,sauces in chinese cuisine,hard,Noun/Concept Synonyms,
racket,fast one,hustle,con,scam,medium,Noun/Concept Synonyms,
aroma,note,nose,bouquet,scents of wine,medium,Noun/Concept Synonyms,
trick,ploy,con,sting,scheme,medium,Noun/Concept Synonyms,
plot,hustle,racket,ruse,scheme,medium,Noun/Concept Synonyms,
snoot,snout,beak,honker,schnozz,medium,Noun/Concept Synonyms,
lab,library,gym,auditorium,school facilities,easy,Noun/Concept Synonyms,
fish,hard knocks,thought,rock,school of ___,very_hard,Fill-in-the-Blank,
lunch,recess,homeroom,class,school periods,easy,Noun/Concept Synonyms,
pen,ruler,tape,scissors,school supplies,easy,Noun/Concept Synonyms,
dune,alien,avatar,tron,sci-fi franchises,very_hard,Noun/Concept Synonyms,
abyss,fly,thing,matrix,"sci-fi movies, with “the”",very_hard,Trivia/Pop Culture,
bunch,ruffle,pucker,gather,"scrunch, as fabric",medium,Descriptor/Adjective Synonyms,
tank,snorkel,fins,mask,scuba gear,easy,Noun/Concept Synonyms,
squid,ray,crab,sponge,sea creatures,easy,Members of a Set/Entities,
change,cucumber,lion,legs,sea ___,very_hard,Fill-in-the-Blank,
harp,monk,hooded,harbor,seals,very_hard,Noun/Concept Synonyms,
baltic,philippine,red,black,seas,hard,Noun/Concept Synonyms,
private,remote,hidden,secret,secluded,easy,Noun/Concept Synonyms,
clyde,cher,teller,hardy,second in a famous real-life duo,hard,Trivia/Pop Culture,
gamble,noble,young,johnson,second names in companies with ampersands,very_hard,Members of a Set/Entities,
peaks,velvet,highway,drive,second words in david lynch titles,hard,Idioms & Slang,
masque,cask,fall,pit,"second words in poe stories, after ""the""",hard,Idioms & Slang,
dogs,fiction,unchained,brown,second words in tarantino movies,very_hard,Trivia/Pop Culture,
mia,gimme,queen,trouper,second words in titles of abba hits,very_hard,Idioms & Slang,
russian,mule,mary,breeze,second words of vodka cocktails,very_hard,Idioms & Slang,
bell,darling,hook,pan,second words of “peter pan” characters,very_hard,Trivia/Pop Culture,
coming,nature,fiddle,guess,second ___,medium,Fill-in-the-Blank,
fiddle,guess,nature,wind,second ___,very_hard,Fill-in-the-Blank,
code,sauce,agent,santa,secret ___,very_hard,Fill-in-the-Blank,
latex,gum,sap,resin,secreted by trees,medium,Noun/Concept Synonyms,
division,wing,division,tier,section,easy,Noun/Concept Synonyms,
branch,rank,class,limb,section,easy,Noun/Concept Synonyms,
stage,chapter,phase,period,section of one’s life,medium,Noun/Concept Synonyms,
request,book,reserve,order,secure in advance,medium,Noun/Concept Synonyms,
register,scanner,conveyor belt,scale,seen at a grocery checkout counter,medium,Idioms & Slang,
jumbotron,skybox,scoreboard,astroturf,seen at a sports stadium,easy,Members of a Set/Entities,
cake,altar,bouquet,ring,seen at a wedding,medium,Noun/Concept Synonyms,
cone,little spoon,cup,scoop,seen at an ice cream shop,medium,Idioms & Slang,
trapeze,ring,clown,tent,seen at the circus,easy,Noun/Concept Synonyms,
jelly bean,egg,bunny,peep,seen during easter,hard,Noun/Concept Synonyms,
pitchfork,bale,horse,trough,seen in a barn,medium,Noun/Concept Synonyms,
counter,range,sink,fridge,seen in a kitchen,easy,Noun/Concept Synonyms,
hamper,washer,iron,dryer,seen in a laundry room,easy,Idioms & Slang,
mirror,scale,locker,bench,seen in a locker room,medium,Idioms & Slang,
photo,visa,name,stamp,seen in a passport,very_hard,Noun/Concept Synonyms,
clay,kiln,wheel,glaze,seen in a pottery studio,medium,Idioms & Slang,
cast,director,title,studio,seen in opening credits,hard,Noun/Concept Synonyms,
mushroom,puddle,earthworm,mud,seen in the aftermath of a rainstorm,very_hard,Idioms & Slang,
princess,parrot,genie,monkey,seen in “aladdin”,hard,Noun/Concept Synonyms,
prince,slipper,ball,pumpkin,seen in “cinderella”,hard,Noun/Concept Synonyms,
ladder,barrel,hammer,gorilla,seen in “donkey kong”,very_hard,Noun/Concept Synonyms,
rubble,bone,dinosaur,club,seen in “the flintstones”,very_hard,Noun/Concept Synonyms,
twins,hedge maze,typewriter,axe,seen in “the shining”,very_hard,Noun/Concept Synonyms,
chicken,tractor,farmer,barn,seen on a farm,medium,Noun/Concept Synonyms,
club,hole,cart,tee,seen on a golf course,hard,Idioms & Slang,
candlestick,placemat,plate,pitcher,seen on a table at a dinner party,medium,Idioms & Slang,
eagle,washington,seal,pyramid,seen on a u.s. dollar bill,hard,Idioms & Slang,
torch,shield,eagle,monticello,seen on backs of u.s. coins,very_hard,Idioms & Slang,
rose,card,heart,chocolate,seen on valentine’s day,hard,Noun/Concept Synonyms,
bin,metal detector,carry-on,x-ray,seen while going through airport security,hard,Idioms & Slang,
cycle,phase,stage,round,segment of a process,easy,Noun/Concept Synonyms,
mark,check,x,tick,"select, as a box on a form",hard,Idioms & Slang,
touch,smell,taste,sight,senses,easy,Noun/Concept Synonyms,
part,fork,split,divide,separate,hard,Noun/Concept Synonyms,
series,streak,run,string,sequence,easy,Noun/Concept Synonyms,
chain,string,train,series,sequence,medium,Noun/Concept Synonyms,
zodiac,psycho,monster,seven,serial killer movies,hard,Trivia/Pop Culture,
thread,chain,conversation,chat,series of messages,medium,Noun/Concept Synonyms,
solid,tangible,firm,concrete,"set, as plans",medium,Noun/Concept Synonyms,
med,off,lo,hi,settings on an appliance knob,very_hard,Idioms & Slang,
happy,bashful,grumpy,doc,seven dwarfs,easy,Noun/Concept Synonyms,
sleep,grump,dope,do,seven dwarfs minus last letter,very_hard,Word Structure/Play,
jet,sable,raven,ebony,shades of black,hard,Noun/Concept Synonyms,
raven,charcoal,jet,onyx,shades of black,hard,Noun/Concept Synonyms,
powder,baby,ice,sky,shades of blue,easy,Noun/Concept Synonyms,
royal,powder,baby,midnight,shades of blue,medium,Noun/Concept Synonyms,
olive,forest,kelly,emerald,shades of green,hard,Noun/Concept Synonyms,
lime,pea,hunter,olive,shades of green,medium,Noun/Concept Synonyms,
bottle,forest,mint,kelly,shades of green,medium,Noun/Concept Synonyms,
maroon,ruby,rose,brick,shades of red,easy,Noun/Concept Synonyms,
ruby,brick,cherry,cherry,shades of red,easy,Noun/Concept Synonyms,
gold,canary,mustard,lemon,shades of yellow,easy,Noun/Concept Synonyms,
viola,juliet,duncan,puck,shakespeare characters,hard,Trivia/Pop Culture,
wilt,art,anon,thou,shakespearean words,very_hard,Noun/Concept Synonyms,
nerve,gall,cheek,brass,shameless boldness,easy,Descriptor/Adjective Synonyms,
circle,horseshoe,triangle,pitchfork,shapes of capital greek letters,very_hard,Word Structure/Play,
collective,mutual,joint,common,shared,easy,Noun/Concept Synonyms,
tack,pin,brad,nail,sharp fasteners,hard,Noun/Concept Synonyms,
spine,barb,needle,bristle,sharp protrusion,easy,Noun/Concept Synonyms,
bite,spice,edge,punch,sharp quality,hard,Descriptor/Adjective Synonyms,
hairpin,dogleg,zag,switchback,sharp turns,medium,Noun/Concept Synonyms,
resolution,detail,definition,clarity,"sharpness, as of an image",medium,Idioms & Slang,
steer,direct,lead,guide,shepherd,medium,Noun/Concept Synonyms,
stern,port,starboard,bow,ship directions,medium,Noun/Concept Synonyms,
button,pocket,cuff,collar,shirt features,medium,Noun/Concept Synonyms,
tee,crop,polo,tank,shirts,easy,Noun/Concept Synonyms,
wave,value,jock,horror,shock ___,very_hard,Fill-in-the-Blank,
lace,heel,sole,tongue,shoe parts,easy,Noun/Concept Synonyms,
sole,eyelet,lace,tongue,shoe parts,hard,Noun/Concept Synonyms,
wedge,slide,clog,slide,shoes,hard,Noun/Concept Synonyms,
pump,mule,mary jane,flat,shoes,hard,Noun/Concept Synonyms,
jiff,flash,bit,sec,short period of time,easy,Noun/Concept Synonyms,
print,find,copy,save,shortcut commands,hard,Noun/Concept Synonyms,
strut,posture,peacock,grandstand,show off,easy,Trivia/Pop Culture,
redden,pant,cramp,sweat,show signs of physical exertion,hard,Trivia/Pop Culture,
usher,guide,lead,direct,show the way,easy,Trivia/Pop Culture,
er,scrubs,ratched,house,shows set in hospitals,hard,Trivia/Pop Culture,
education,occupation,spouse,born,sidebar info on a person’s wikipedia page,hard,Idioms & Slang,
goose,hobbes,watson,robin,sidekicks,hard,Noun/Concept Synonyms,
grate,gutter,manhole,curb,sidewalk sights,easy,Noun/Concept Synonyms,
whistle,hail,wave,flag,"signal down, as a taxi",medium,Idioms & Slang,
weight,gravity,import,substance,significance,medium,Noun/Concept Synonyms,
major,serious,important,big,significant,easy,Noun/Concept Synonyms,
mean,convey,express,spell,signify,easy,Descriptor/Adjective Synonyms,
hush,peace,still,calm,silence,easy,Noun/Concept Synonyms,
would,calf,colonel,chalk,"silent ""l""",hard,Idioms & Slang,
depot,poirot,apostle,mortgage,"silent ""t""",medium,Idioms & Slang,
gnaw,gnat,gnome,gnocchi,silent “g”,hard,Noun/Concept Synonyms,
doorknob,topknot,knife,unknown,silent “k”,hard,Noun/Concept Synonyms,
salmon,colonel,walk,yolk,silent “l”,very_hard,Noun/Concept Synonyms,
witch,castle,listen,hustle,silent “t”,very_hard,Noun/Concept Synonyms,
wreath,sword,wrap,playwright,silent “w”,medium,Noun/Concept Synonyms,
wrist,two,wrong,answer,silent “w”,very_hard,Noun/Concept Synonyms,
yahoo,goof,goose,dodo,silly person,medium,Noun/Concept Synonyms,
screen,fox,spoon,lining,silver ___,very_hard,Fill-in-the-Blank,
baggie,barge,pisa,comer,simpson family members with first letter changed,very_hard,Word Structure/Play,
wonder,king,keys,legend,singer-songwriter pianists,very_hard,Noun/Concept Synonyms,
gorilla,beetle,monkey,bird,single animal in a creatively spelled band name,very_hard,Word Structure/Play,
lap,cycle,turn,revolution,single rotation,hard,Noun/Concept Synonyms,
moose,buffalo,deer,fish,single/plural animals,hard,Members of a Set/Entities,
friend,countryman,roman,ear,singular noun in a famous “julius caesar” line,hard,Trivia/Pop Culture,
pant,goggle,tong,boxer,singular of things seen in pairs,very_hard,Members of a Set/Entities,
partridge,cleaver,tanner,bunker,sitcom families,very_hard,Noun/Concept Synonyms,
blossom,community,coach,full house,sitcoms,very_hard,Noun/Concept Synonyms,
placed,put,set,left,situated,hard,Noun/Concept Synonyms,
tidy,healthy,handsome,respectable,"sizable, as an amount",hard,Noun/Concept Synonyms,
thumb,leaf,flip,riffle,"skim through, as pages",hard,Noun/Concept Synonyms,
combination,dry,oily,normal,skin types,hard,Noun/Concept Synonyms,
subterfuge,chicanery,legerdemain,deceit,skulduggery,hard,Descriptor/Adjective Synonyms,
dive,scraper,rocket,lark,sky___,very_hard,Fill-in-the-Blank,
weed,grass,herb,mary jane,slang for cannabis,very_hard,Idioms & Slang,
outfit,threads,getup,duds,slang for clothes,hard,Idioms & Slang,
rocket fuel,java,brew,mud,slang for coffee,easy,Idioms & Slang,
mud,brew,joe,java,slang for coffee,medium,Idioms & Slang,
bud,chum,mate,pal,slang for friend,easy,Idioms & Slang,
coconut,crown,skull,dome,slang for head,easy,Idioms & Slang,
crown,noodle,dome,melon,slang for head,medium,Idioms & Slang,
digs,crib,joint,pad,slang for home,hard,Idioms & Slang,
paper,change,dough,green,slang for money,hard,Idioms & Slang,
cheddar,stacks,paper,scratch,slang for money,hard,Idioms & Slang,
kisser,trap,chops,yap,slang for mouth,medium,Idioms & Slang,
glossy,zine,rag,mag,slang for printed matter,hard,Idioms & Slang,
can,john,can,throne,slang for toilet,hard,Idioms & Slang,
head,john,head,throne,slang for toilet,hard,Idioms & Slang,
zip,jack,love,squat,slang for zero,hard,Idioms & Slang,
nothing,jack,nada,squat,slang for zero,medium,Idioms & Slang,
suit,copper,hack,shrink,slangy names for professions,hard,Members of a Set/Entities,
point,tip,prong,tine,slender projections,easy,Noun/Concept Synonyms,
jim,pickings,shady,fit,slim ___,very_hard,Fill-in-the-Blank,
earthworm,salamander,eel,slug,slimy animals,easy,Members of a Set/Entities,
cherry,7,bar,bell,slot machine symbols,hard,Members of a Set/Entities,
loris,snail,tortoise,sloth,slow animals,hard,Members of a Set/Entities,
dab,dollop,drop,dash,small amount,medium,Descriptor/Adjective Synonyms,
bite,sample,taste,mouthful,small amount of food to try,easy,Idioms & Slang,
scratch,mark,nick,chip,small imperfection,hard,Descriptor/Adjective Synonyms,
ding,dent,nick,scratch,small imperfection,medium,Descriptor/Adjective Synonyms,
blender,toaster,microwave,rice cooker,small kitchen appliances,easy,Descriptor/Adjective Synonyms,
doll,miniature,model,figure,small likeness,medium,Descriptor/Adjective Synonyms,
nook,recess,cranny,niche,small opening,medium,Descriptor/Adjective Synonyms,
pom-pom,pearl,mothball,pea,small spherical things,medium,Members of a Set/Entities,
glen,dell,hollow,valley,small wooded area,hard,Descriptor/Adjective Synonyms,
fry,world,wonder,talk,small ___,very_hard,Fill-in-the-Blank,
rinky-dink,mickey mouse,two-bit,trivial,small-time,easy,Noun/Concept Synonyms,
shred,trace,lick,ounce,smallest amount,medium,Noun/Concept Synonyms,
clock,calendar,camera,calculator,smartphone features beginning with “c”,easy,Idioms & Slang,
dash,pinch,touch,bit,smidgen,easy,Noun/Concept Synonyms,
file,buff,grind,sand,smooth using friction,medium,Noun/Concept Synonyms,
hoho,yodel,devil dog,ding dong,snack cakes,hard,Noun/Concept Synonyms,
python,viper,mamba,boa,snakes,easy,Noun/Concept Synonyms,
puma,nike,adidas,reebok,sneaker brands,easy,Members of a Set/Entities,
vans,jordan,converse,puma,sneaker brands,hard,Members of a Set/Entities,
impression,sense,hunch,feeling,sneaking suspicion,medium,Action/Verb Synonyms,
rostrum,beak,proboscis,muzzle,snouts,very_hard,Noun/Concept Synonyms,
bash,blowout,party,shindig,social gathering,easy,Noun/Concept Synonyms,
function,party,event,reception,social gathering,medium,Noun/Concept Synonyms,
like,share,subscribe,follow,social media actions,easy,Noun/Concept Synonyms,
in,tube,gram,book,social media app endings,very_hard,Noun/Concept Synonyms,
sprite,squirt,mug,crush,soda brands,medium,Members of a Set/Entities,
sundae,malt,float,shake,soda fountain orders,easy,Noun/Concept Synonyms,
light,radiation,flare,corona,solar emanations,very_hard,Noun/Concept Synonyms,
individual,party,person,character,somebody,hard,Descriptor/Adjective Synonyms,
party,individual,character,person,somebody,medium,Descriptor/Adjective Synonyms,
breeze,picnic,snap,cinch,something easy to do,medium,Action/Verb Synonyms,
pin,code,key,password,something entered for access,hard,Action/Verb Synonyms,
gem,beauty,marvel,peach,something exemplary,hard,Action/Verb Synonyms,
benefit,fruit,reward,return,something gained from hard work,easy,Idioms & Slang,
drag,yawn,snooze,bore,something tiresome,easy,Action/Verb Synonyms,
track,cut,single,number,song,hard,Noun/Concept Synonyms,
satisfaction,i ran,montero,istanbul,song titles with parentheses,very_hard,Noun/Concept Synonyms,
edelweiss,cabaret,mamma mia,memory,songs from musicals,hard,Trivia/Pop Culture,
alejandro,lola,stan,michelle,songs that are names,very_hard,Trivia/Pop Culture,
carmela,meadow,tony,junior,sopranos,easy,Noun/Concept Synonyms,
hex,charm,magic,spell,sorcerer’s output,easy,Noun/Concept Synonyms,
raw,sensitive,tender,delicate,sore to the touch,easy,Noun/Concept Synonyms,
home,brain,heart,courage,sought after in “the wizard of oz”,hard,Idioms & Slang,
snarl,bark,howl,bay,sound like a dog,easy,Descriptor/Adjective Synonyms,
wave,asleep,barrier,bite,sound ___,very_hard,Fill-in-the-Blank,
chime,tock,cuckoo,tick,sounds a cuckoo clock makes,hard,Idioms & Slang,
har-har,hoot,yuk,whoop,sounds of laughter,hard,Noun/Concept Synonyms,
peal,rumble,roll,clap,sounds of thunder,medium,Noun/Concept Synonyms,
tap,well,spring,rain,sources of drinking water,easy,Noun/Concept Synonyms,
sunshine,citrus,leafy greens,supplements,sources of vitamins,easy,Noun/Concept Synonyms,
bar,cadet,heater,station,space ___,very_hard,Fill-in-the-Blank,
railroad,chance,avenue,utility,spaces on a monopoly board,medium,Idioms & Slang,
sus,me,yo,ella,spanish pronouns/possessives,hard,Descriptor/Adjective Synonyms,
como,rojo,soy,poco,spanish words,very_hard,Descriptor/Adjective Synonyms,
ella,loco,mayo,gusto,spanish words,very_hard,Descriptor/Adjective Synonyms,
diamond,gold,glitter,sequin,sparkling things,easy,Members of a Set/Entities,
spare,light,thin,short,sparse/lacking,easy,Action/Verb Synonyms,
limited,collectible,exclusive,rare,special edition adjectives,medium,Noun/Concept Synonyms,
dry,neat,virgin,straight,specifications for a bartender,hard,Noun/Concept Synonyms,
measure,count,weight,volume,specs on consumer packaging,hard,Noun/Concept Synonyms,
bump,chess,dial,demon,speed ___,very_hard,Fill-in-the-Blank,
beginner,genius,amazing,solid,spelling bee ranks,hard,Word Structure/Play,
mazing,goo,genus,slid,spelling bee ranks minus a letter,very_hard,Word Structure/Play,
sleep,stay,crash,bunk,spend the night (at),medium,Noun/Concept Synonyms,
haunt,visit,frequent,patronize,spend time at,hard,Noun/Concept Synonyms,
bubble,tapioca,pearl,boba,spheres in milk tea,medium,Noun/Concept Synonyms,
jawbreaker,meatball,orange,mozzarella,spherical foods,medium,Noun/Concept Synonyms,
marble,globe,bubble,pearl,spherical things,very_hard,Members of a Set/Entities,
scary,ginger,baby,posh,spice girls,very_hard,Noun/Concept Synonyms,
anise,mace,clove,pepper,spices,easy,Noun/Concept Synonyms,
dill,nutmeg,nutmeg,sage,spices,easy,Noun/Concept Synonyms,
coriander,clove,cardamom,cumin,spices beginning with “c”,easy,Noun/Concept Synonyms,
hedgehog,cactus,mace,pineapple,spiky things,medium,Members of a Set/Entities,
snail,galaxy,sunflower,cyclone,spirals in nature,hard,Noun/Concept Synonyms,
cannonball,jackknife,backflip,bellyflop,splashy ways to enter a pool,easy,Idioms & Slang,
capital,brilliant,grand,fine,splendid,hard,Noun/Concept Synonyms,
speech,language,tongue,dialect,spoken communication,easy,Noun/Concept Synonyms,
talk,address,lecture,speech,spoken presentation,easy,Noun/Concept Synonyms,
fencing,sumo,squash,cricket,sports,easy,Members of a Set/Entities,
polo,golf,judo,polo,sports,easy,Members of a Set/Entities,
cricket,golf,squash,polo,sports,medium,Members of a Set/Entities,
viper,mustang,diablo,spider,sports cars,hard,Members of a Set/Entities,
spread,favorite,parlay,under,sports gambling terms,hard,Members of a Set/Entities,
coach,gm,scout,player,sports professionals,medium,Members of a Set/Entities,
court,dome,rink,bowl,sports venues,medium,Members of a Set/Entities,
arena,diamond,field,field,sports venues,medium,Members of a Set/Entities,
sheet,formula,cell,sort,spreadsheet terms,hard,Noun/Concept Synonyms,
onion,fling,chicken,equinox,spring ___,very_hard,Fill-in-the-Blank,
scatter,dust,shower,pepper,sprinkle,easy,Noun/Concept Synonyms,
plant,asset,agent,mole,spy,hard,Noun/Concept Synonyms,
fritter,fiddle,throw,trifle,"squander, with “away”",very_hard,Noun/Concept Synonyms,
one,dance,root,meal,square ___,very_hard,Fill-in-the-Blank,
dead,smack,right,exactly,squarely,medium,Descriptor/Adjective Synonyms,
coliseum,bowl,dome,arena,stadiums,easy,Noun/Concept Synonyms,
meet,brave,face,confront,"stand up to, as a challenge",medium,Idioms & Slang,
spark,catalyst,springboard,launchpad,starting point,medium,Action/Verb Synonyms,
octopussy,beetlejuice,foxy brown,dogma,starting with animals,very_hard,Members of a Set/Entities,
lunar,pufnstuf,cranium,cronut,starting with bird homophones,very_hard,Word Structure/Play,
draconian,library,leonardo,hydrant,starting with constellations,very_hard,Action/Verb Synonyms,
bernie,rigatoni,romeo,parish,starting with european capitals,very_hard,Members of a Set/Entities,
triangle,tetracycline,monorail,dioxide,starting with greek numerical prefixes,hard,Word Structure/Play,
newton,adderall,monitorship,toady,starting with herpetofauna,very_hard,Action/Verb Synonyms,
juniper,freshwater,sophocles,seneca,starting with high school/college abbreviations,very_hard,Idioms & Slang,
helonium,haiku,yeoman,haystack,starting with homophones of greetings,very_hard,Word Structure/Play,
eye contact,pea soup,tea leaves,sea change,starting with letter homophones,very_hard,Word Structure/Play,
calcium,triglyceride,biopic,chemise,"starting with math and science classes, for short",very_hard,Idioms & Slang,
leadership,tinder,ironic,goldilocks,starting with metals,very_hard,Action/Verb Synonyms,
carbon,shipshape,busboy,trainee,starting with methods of transportation,very_hard,Idioms & Slang,
glad-hand,happy meal,sunny-side up,merry-go-round,starting with optimistic words,very_hard,Action/Verb Synonyms,
wallet,soulmate,coconut,updo,starting with pixar movies,very_hard,Trivia/Pop Culture,
histamine,mystery,ouroboros,herring,starting with possessive determiners,very_hard,Action/Verb Synonyms,
hershey,minefield,histamine,itsy,starting with possessive pronouns,very_hard,Action/Verb Synonyms,
kisscam,creamsicle,journeyman,rushmore,starting with rock bands,very_hard,Trivia/Pop Culture,
mnemonic,knee,gnome,psyche,starting with silent letters,very_hard,Word Structure/Play,
wolf eel,scarf ring,bolt cutter,chow mein,"starting with synonyms for ""eat""",very_hard,Idioms & Slang,
shoo-in,scattergories,go-getter,leavening,"starting with synonyms for ""scram!""",very_hard,Idioms & Slang,
loofah,johnson,candle,toiletries,starting with synonyms for lavatory,very_hard,Idioms & Slang,
mockingbird,kidney,ribbon,razzmatazz,starting with synonyms for “tease”,very_hard,Idioms & Slang,
scimitar,simmer,cymbal,symphony,starting with the same sound,hard,Idioms & Slang,
doctoring,missing,lording,siring,starting with titles,very_hard,Action/Verb Synonyms,
kaleidoscope,peacock,beethoven,cornucopia,starting with vegetables,very_hard,Action/Verb Synonyms,
flywheel,rushmore,dashboard,dartmouth,starting with ways to move quickly,very_hard,Idioms & Slang,
rollerblade,android,rattlesnake,shakespeare,"starting with “shake, rattle and roll”",very_hard,Idioms & Slang,
ken,bots,came,tan,starts of african countries,very_hard,Members of a Set/Entities,
fiddler,merrily,jersey,kinky,starts of broadway musicals,hard,Noun/Concept Synonyms,
motor,app,sam,goo,starts of cell phone makers,very_hard,Idioms & Slang,
haze,pec,mac,cash,starts of culinary nuts,very_hard,Noun/Concept Synonyms,
sara,luxe,wars,cope,starts of european capitals,very_hard,Members of a Set/Entities,
germ,luxe,malt,port,starts of european countries,very_hard,Members of a Set/Entities,
bet,the,lamb,delt,starts of greek letters,very_hard,Word Structure/Play,
were,vamp,mum,frank,starts of monsters,very_hard,Noun/Concept Synonyms,
zit,penn,fett,torte,starts of pasta names,very_hard,Members of a Set/Entities,
ear,mar,sat,mer,starts of planet names,very_hard,Members of a Set/Entities,
butter,free,breast,back,starts of swimming strokes,very_hard,Noun/Concept Synonyms,
rap,don,leo,mic,starts of teenage mutant ninja turtles,very_hard,Idioms & Slang,
nick,quart,pen,dim,starts of u.s. coins,very_hard,Noun/Concept Synonyms,
cart,washing,bide,nix,starts of u.s. presidents,very_hard,Noun/Concept Synonyms,
wash,kent,mass,mary,starts of u.s. states,very_hard,Members of a Set/Entities,
aqua,capri,gem,sag,starts of zodiac signs,very_hard,Members of a Set/Entities,
board,struck,gate,fish,star___,very_hard,Fill-in-the-Blank,
ma,me,ok,la,state abbreviations,easy,Noun/Concept Synonyms,
ma,hi,co,pa,state abbreviations,easy,Noun/Concept Synonyms,
in,ma,ok,oh,state abbreviations,medium,Noun/Concept Synonyms,
status,deal,situation,story,state of affairs,medium,Noun/Concept Synonyms,
spoke,voiced,said,told,stated,easy,Noun/Concept Synonyms,
bliss,cloud nine,paradise,heaven,states of elation,easy,Members of a Set/Entities,
solid,plasma,liquid,plasma,states of matter,easy,Members of a Set/Entities,
solid,liquid,solid,gas,states of matter,easy,Members of a Set/Entities,
plasma,liquid,gas,gas,states of matter,easy,Members of a Set/Entities,
tablet,crown,torch,robe,statue of liberty features,hard,Noun/Concept Synonyms,
ranking,standing,position,station,status,medium,Noun/Concept Synonyms,
skirt,t-bone,hanger,filet,steak cuts,easy,Noun/Concept Synonyms,
pocket,swipe,nick,nick,steal,easy,Noun/Concept Synonyms,
pinch,pocket,pinch,palm,steal,easy,Noun/Concept Synonyms,
swipe,palm,pocket,lift,steal,medium,Noun/Concept Synonyms,
guide,guide,direct,shepherd,steer,easy,Noun/Concept Synonyms,
direct,lead,drive,pilot,steer,easy,Noun/Concept Synonyms,
lead,guide,shepherd,direct,steer,medium,Noun/Concept Synonyms,
bind,spot,pickle,scrape,sticky situation,very_hard,Noun/Concept Synonyms,
note,rice,fingers,wicket,sticky ___,very_hard,Fill-in-the-Blank,
cream,whip,whisk,beat,stir vigorously,easy,Descriptor/Adjective Synonyms,
solid,solid,squat,stout,stocky,easy,Descriptor/Adjective Synonyms,
thick,husky,squat,thick,stocky,easy,Descriptor/Adjective Synonyms,
high,lit,blazed,baked,stoned,medium,Noun/Concept Synonyms,
rat,fink,canary,snitch,stool pigeon,easy,Noun/Concept Synonyms,
plateau,settle,level,flatten,stop changing,hard,Action/Verb Synonyms,
drop,shake,break,kick,"stop, as a habit",medium,Noun/Concept Synonyms,
trunk,case,crate,chest,storage containers,easy,Noun/Concept Synonyms,
cyclone,squall,tornado,blizzard,storms,hard,Noun/Concept Synonyms,
peacock,prime,netflix,hulu,streaming services,easy,Action/Verb Synonyms,
court,way,alley,lane,street suffixes,hard,Word Structure/Play,
lane,alley,court,drive,street suffixes,medium,Word Structure/Play,
elm,sesame,fear,jump,streets on screen,very_hard,Noun/Concept Synonyms,
downing,main,wall,fleet,streets with symbolic importance,very_hard,Descriptor/Adjective Synonyms,
test,tax,try,strain,"stretch, as one’s patience",easy,Noun/Concept Synonyms,
pepper,sprinkle,scatter,litter,strew,medium,Noun/Concept Synonyms,
tough,stern,rigid,firm,strict,easy,Noun/Concept Synonyms,
hit,knock,bop,tap,strike,medium,Noun/Concept Synonyms,
pose,chord,deal,match,strike a ___,very_hard,Fill-in-the-Blank,
cheese,theory,bikini,bean,string ___,very_hard,Fill-in-the-Blank,
clownfish,tiger,zebra,honeybee,striped animals,medium,Members of a Set/Entities,
rugby shirt,ibm logo,barcode,zebra,stripy things,hard,Members of a Set/Entities,
funk,musk,tang,odor,strong smell,easy,Noun/Concept Synonyms,
wharf,dock,lighthouse,boardwalk,structures by the shore,easy,Noun/Concept Synonyms,
scruff,whiskers,shadow,fuzz,stubble,hard,Noun/Concept Synonyms,
firm,sound,solid,stable,sturdy,medium,Descriptor/Adjective Synonyms,
sour,bitter,bock,stout,styles of beer,medium,Noun/Concept Synonyms,
cash,brown,mercury,dylan,subjects of acclaimed musical biopics,medium,Idioms & Slang,
solid,filling,square,hearty,"substantial, as a meal",hard,Noun/Concept Synonyms,
tube,underground,subway,metro,subterranean transit,easy,Noun/Concept Synonyms,
fit,apt,proper,right,suitable,medium,Descriptor/Adjective Synonyms,
digest,digest,outline,brief,summary,hard,Descriptor/Adjective Synonyms,
brief,abstract,rundown,abstract,summary,hard,Descriptor/Adjective Synonyms,
review,outline,brief,digest,summary,medium,Descriptor/Adjective Synonyms,
tee,shorts,sunglasses,hat,summer gear,medium,Noun/Concept Synonyms,
cherry,sprinkles,fudge,nuts,sundae toppings,easy,Noun/Concept Synonyms,
wayfarer,aviator,wraparound,cat eye,sunglasses,hard,Noun/Concept Synonyms,
princess,mushroom,dinosaur,plumber,super mario-related,hard,Noun/Concept Synonyms,
pac,glue,mario world,power,super ___,hard,Fill-in-the-Blank,
glue,tuesday,8,bowl,super ___,very_hard,Fill-in-the-Blank,
shallow,external,surface,cosmetic,superficial,hard,Noun/Concept Synonyms,
banner,stark,prince,wayne,superhero last names,very_hard,Members of a Set/Entities,
storm,black widow,flash,blade,superheroes,hard,Noun/Concept Synonyms,
macaroni,glitter,glue,paper,supplies for macaroni art,hard,Noun/Concept Synonyms,
well,store,reserve,mine,supply,medium,Descriptor/Adjective Synonyms,
root,clap,cheer,whistle,support audibly,medium,Descriptor/Adjective Synonyms,
exponent,cheerleader,advocate,champion,supporter,medium,Noun/Concept Synonyms,
best,top,beat,better,surpass,hard,Noun/Concept Synonyms,
manage,get by,hack it,make do,survive,easy,Descriptor/Adjective Synonyms,
fish,massage,chef,meatball,swedish ___,very_hard,Fill-in-the-Blank,
sixteen,tooth,talk,potato,sweet ___,very_hard,Fill-in-the-Blank,
gulp,belt,shot,slug,swig,hard,Noun/Concept Synonyms,
shaft,hustle,hose,fleece,swindle,easy,Noun/Concept Synonyms,
crook,quack,cheat,shark,swindler,very_hard,Noun/Concept Synonyms,
baton,wand,staff,scepter,symbolic rods,easy,Descriptor/Adjective Synonyms,
percent,at,pound,dollar,symbols above numbers on a keyboard,hard,Members of a Set/Entities,
caret,star,brace,hash,symbols on a keyboard,very_hard,Members of a Set/Entities,
bullet,checkbox,hyphen,arrow,symbols used in making lists,hard,Members of a Set/Entities,
incensed,livid,irate,furious,synonyms for angry,easy,Descriptor/Adjective Synonyms,
spat,row,tiff,quarrel,synonyms for argument,very_hard,Noun/Concept Synonyms,
rib,needle,tease,poke,synonyms for bother,hard,Noun/Concept Synonyms,
moan,grouse,carp,gripe,synonyms for complain,very_hard,Noun/Concept Synonyms,
chow,scarf,wolf,gobble,synonyms for eat,medium,Noun/Concept Synonyms,
fiction,tale,fib,lie,synonyms for falsehood,hard,Noun/Concept Synonyms,
parrot,echo,mimic,copy,synonyms for imitate,medium,Noun/Concept Synonyms,
kooky,daffy,quirky,wacky,synonyms for offbeat,medium,Noun/Concept Synonyms,
but,rum,ars,boot,synonyms for rear end minus last letter,very_hard,Word Structure/Play,
low,blue,glum,down,synonyms for sad,hard,Noun/Concept Synonyms,
peddle,move,hawk,vend,synonyms for sell,hard,Noun/Concept Synonyms,
storm,bone,rex,shirt,t-___,very_hard,Fill-in-the-Blank,
table,ball,net,paddle,table tennis needs,hard,Descriptor/Adjective Synonyms,
bowl,dish,saucer,plate,tableware,easy,Noun/Concept Synonyms,
cilantro,salsa,lime,onion,taco toppings,easy,Noun/Concept Synonyms,
trip,slip,spill,fall,take a tumble,easy,Action/Verb Synonyms,
exploit,leverage,milk,use,take advantage of,easy,Action/Verb Synonyms,
net,make,earn,clear,"take home, as income",easy,Action/Verb Synonyms,
object,mind,protest,disapprove,take issue,hard,Action/Verb Synonyms,
question,dispute,challenge,contest,take issue with,hard,Action/Verb Synonyms,
bear,assume,handle,shoulder,"take on, as a responsibility",easy,Idioms & Slang,
indict,charge,sue,file,take to court,easy,Action/Verb Synonyms,
handles,tackles,does,addresses,takes on,medium,Noun/Concept Synonyms,
flair,faculty,gift,genius,talent,medium,Noun/Concept Synonyms,
solid,real,concrete,material,tangible,medium,Descriptor/Adjective Synonyms,
mark,chump,sucker,fool,target of a scheme,hard,Noun/Concept Synonyms,
devil,magician,star,lovers,"tarot cards, with ""the""",hard,Idioms & Slang,
lovers,tower,fool,magician,"tarot cards, with “the”",very_hard,Noun/Concept Synonyms,
cups,pentacles,wands,swords,tarot minor arcana suits,hard,Noun/Concept Synonyms,
lesson,exercise,assignment,drill,tasks for a student,easy,Noun/Concept Synonyms,
sing,squeal,snitch,rat,tattle,medium,Noun/Concept Synonyms,
raspberry,jeer,hiss,boo,taunts,easy,Noun/Concept Synonyms,
family,order,domain,class,taxonomy ranks,very_hard,Noun/Concept Synonyms,
coach,school,guide,train,teach,easy,Noun/Concept Synonyms,
bunch,crew,pack,group,team,hard,Members of a Set/Entities,
rag,rib,needle,bait,tease,medium,Noun/Concept Synonyms,
meta,alphabet,apple,amazon,tech companies,easy,Noun/Concept Synonyms,
intuit,amazon,apple,oracle,tech companies,hard,Noun/Concept Synonyms,
method,approach,school,philosophy,technique,easy,Noun/Concept Synonyms,
medicine,commute,vision,prompter,tele___,very_hard,Fill-in-the-Blank,
account,story,description,chronicle,telling of events,easy,Action/Verb Synonyms,
guide,model,blueprint,mold,template,easy,Noun/Concept Synonyms,
match,game,tournament,set,tennis competition units,medium,Noun/Concept Synonyms,
all,love,deuce,ad,tennis scoring terms,hard,Noun/Concept Synonyms,
sitting,session,meeting,period,term,medium,Noun/Concept Synonyms,
vinyl,lp,wax,platter,terms for records,medium,Noun/Concept Synonyms,
love,pumpkin,sugar,angel,terms of endearment,easy,Noun/Concept Synonyms,
treasure,darling,pumpkin,love,terms of endearment,easy,Noun/Concept Synonyms,
boo,sugar,honey,sweetie,terms of endearment,medium,Noun/Concept Synonyms,
soil,land,ground,earth,terra firma,medium,Noun/Concept Synonyms,
animal print,houndstooth,polka dot,herringbone,textile patterns,easy,Noun/Concept Synonyms,
gravy,stuffing,turkey,pie,thanksgiving food,hard,Action/Verb Synonyms,
tramp,prince,rascals,mermaid,the little ___,very_hard,Fill-in-the-Blank,
balcony,stage,box,orchestra,theater sections,very_hard,Noun/Concept Synonyms,
feynman,einstein,hawking,oppenheimer,theoretical physicists,easy,Noun/Concept Synonyms,
car,bugler,africa,unicorn,they have a horn,hard,Noun/Concept Synonyms,
tests,super,computer,piano,they have keys,hard,Noun/Concept Synonyms,
walls,musicians,pitchers,cornfield,they have literal/idiomatic ears,very_hard,Descriptor/Adjective Synonyms,
aquarium,geometry,tampa bay,sun,they have rays,very_hard,Noun/Concept Synonyms,
football,eddy,tornado,tasmanian devil,they move in a spiral,medium,Idioms & Slang,
lion,crowd,katy perry,engine,they roar,hard,Noun/Concept Synonyms,
pinwheel,flag,wind chime,vane,they're blowin' in the wind,easy,Idioms & Slang,
tape,toilet paper,ribbon,foil,they're on a roll!,medium,Idioms & Slang,
rob,pinch,swipe,steal,thieve,medium,Noun/Concept Synonyms,
skin,coat,layer,film,thin covering,medium,Noun/Concept Synonyms,
film,sheet,coat,leaf,thin layer,medium,Noun/Concept Synonyms,
mix,sample,spin,scratch,things a dj does,medium,Members of a Set/Entities,
frisbee,bone,ball,bone,things a dog can fetch,easy,Members of a Set/Entities,
ball,frisbee,stick,stick,things a dog can fetch,easy,Members of a Set/Entities,
ring,torch,beanbag,club,things a juggler juggles,hard,Members of a Set/Entities,
rattle,shed,slither,hiss,things a rattlesnake does,medium,Members of a Set/Entities,
crawl,coo,babble,nurse,things babies do,medium,Members of a Set/Entities,
pollinate,buzz,dance,sting,things bees do,hard,Members of a Set/Entities,
grouch,o,statuette,baloney,things called “oscar”,very_hard,Trivia/Pop Culture,
shed,knead,purr,scratch,things cats do,medium,Members of a Set/Entities,
abecedarium,computer keyboard,scrabble,ouija board,things featuring letters a through z,very_hard,Word Structure/Play,
comets,dress coat,coin toss,sonic the hedgehog,things featuring tails,very_hard,Members of a Set/Entities,
balloon animal,water wings,bouncy castle,whoopee cushion,things filled with air,medium,Members of a Set/Entities,
strap,lens,body,flash,things in a camera kit,hard,Members of a Set/Entities,
robe,washcloth,slippers,towel,things in a spa locker room,hard,Members of a Set/Entities,
coat rack,console,runner,bench,things in an entryway,hard,Members of a Set/Entities,
genie,message,ship,lightning,things in bottles,very_hard,Members of a Set/Entities,
mittens,kettles,raindrops,whiskers,things in “my favorite things”,very_hard,Members of a Set/Entities,
xylophone,whac-a-mole,croquet,carpentry,things involving mallets,medium,Members of a Set/Entities,
sunset,kaleidoscope,peacock,rainbow,things known for being colorful things,hard,Members of a Set/Entities,
fortune teller,fan,airplane,crane,things made by folding paper,hard,Members of a Set/Entities,
organism,honeycomb,solar panel,spreadsheet,things made of cells,hard,Members of a Set/Entities,
tire,eraser,galosh,balloon,things made of rubber,medium,Members of a Set/Entities,
crayon,candle,honeycomb,seal,things made of wax,medium,Members of a Set/Entities,
pillow,boa,headdress,shuttlecock,things made with feathers,medium,Members of a Set/Entities,
corn dog,lollipop,ball-in-cup,cotton swab,things on sticks,hard,Members of a Set/Entities,
clip,file,bite,paint,things people do to fingernails,medium,Members of a Set/Entities,
maraca,hands,snowglobe,polaroid,things people shake,very_hard,Members of a Set/Entities,
tea,aura,palm,tarot,things read in divination,very_hard,Members of a Set/Entities,
bill,letter,catalog,card,things received in the mail,hard,Members of a Set/Entities,
slots,chips,dice,cards,things seen at a casino,hard,Members of a Set/Entities,
gnome,shed,sprinkler,grill,things seen in a yard,easy,Members of a Set/Entities,
cookies,cache,history,data,things stored by a web browser,medium,Members of a Set/Entities,
bottle,graduate,mushroom,salary,things that are capped,very_hard,Members of a Set/Entities,
shadow,doubt,movie,vote,things that are cast,very_hard,Members of a Set/Entities,
corset,hourglass,diabolo,wasp,things that are cinched in the middle,hard,Members of a Set/Entities,
baby,blow,package,speech,things that are delivered,very_hard,Members of a Set/Entities,
zodiac,clock,year,foot,things that are divided into twelve segments,very_hard,Members of a Set/Entities,
caterpillar,peach,fleece,pipe cleaner,things that are fuzzy,easy,Members of a Set/Entities,
basketball,floatie,balloon,tire,things that are inflated,medium,Members of a Set/Entities,
hoagie,baton,torpedo,cigar,things that are long and cylindrical,very_hard,Members of a Set/Entities,
lotion,incense,soap,candle,things that are often scented,medium,Members of a Set/Entities,
goldfish,basketball,carrot,pumpkin,things that are orange,easy,Members of a Set/Entities,
flamingo,calamine lotion,bubble gum,carnation,things that are pink,medium,Members of a Set/Entities,
barbie dreamhouse,flamingo,eraser,cherry blossom,things that are pink,medium,Members of a Set/Entities,
eggplant,eggplant,lavender,grimace,things that are purple,very_hard,Members of a Set/Entities,
barney the dinosaur,people eater,amethyst,swing state,things that are purple,very_hard,Members of a Set/Entities,
devil,stop sign,rose,strawberry,things that are red,easy,Members of a Set/Entities,
maraschino cherry,fire engine,mars,clown nose,things that are red,easy,Members of a Set/Entities,
ruby,poppy,brick,fire truck,things that are red,hard,Members of a Set/Entities,
cardinal,beet,cherry,stop sign,things that are red,hard,Members of a Set/Entities,
elmo,rose,ketchup,cardinal,things that are red,medium,Members of a Set/Entities,
eel,banana peel,grease,ice,things that are slippery,hard,Members of a Set/Entities,
snow,polar bear,baby powder,milk,things that are white,easy,Members of a Set/Entities,
mustard,lemon,minion,canary,things that are yellow,easy,Members of a Set/Entities,
school bus,banana,sunflower,canary,things that are yellow,medium,Members of a Set/Entities,
gum,glue,tape,stick,things that are “sticky”,very_hard,Members of a Set/Entities,
table,book,tree,salad,things that can have leaves,very_hard,Members of a Set/Entities,
faucet,nose,candidate,mascara,things that can run,very_hard,Members of a Set/Entities,
nose,mascara,stockings,dye,"things that can run, annoyingly",hard,Members of a Set/Entities,
union,inspiration,cobra,lightning,things that can strike,very_hard,Members of a Set/Entities,
film,thread,wire,tape,things that come on spools,hard,Members of a Set/Entities,
tide,sun,elevator,yo-yo,things that go up and down,very_hard,Members of a Set/Entities,
aurora,radium,glowstick,firefly,things that luminesce,medium,Members of a Set/Entities,
pepper,smoke,pollen,dust,things that make you sneeze,hard,Members of a Set/Entities,
wasp,insult,nettle,jellyfish,things that might sting,hard,Members of a Set/Entities,
skunk,cheese,garbage,feet,things that might stink,hard,Members of a Set/Entities,
waffle iron,clam,laptop,compact,things that open like a clam,very_hard,Members of a Set/Entities,
cap,seal,plug,cover,things that prevent leaks,easy,Members of a Set/Entities,
bell,alarm,intercom,phone,things that ring,medium,Members of a Set/Entities,
carousel,barber pole,ceiling fan,lazy susan,things that rotate about a vertical axis,hard,Members of a Set/Entities,
top,globe,carousel,record,things that spin,hard,Members of a Set/Entities,
vacuum,vampire,straw,leech,things that suck,very_hard,Members of a Set/Entities,
pendulum,saloon doors,golfer,swing,things that swing,very_hard,Members of a Set/Entities,
instagram,coffee maker,cigarette,air purifier,things that use filters,hard,Members of a Set/Entities,
bird,kettle,train,referee,things that whistle,very_hard,Members of a Set/Entities,
dandelion,eyelash,candle,dice,things to blow on for wishes/luck,very_hard,Members of a Set/Entities,
hotel,flight,car,tour,things to book for a vacation,easy,Members of a Set/Entities,
remote,tongue,heels,mouse,things to click,very_hard,Members of a Set/Entities,
tree,mountain,ladder,rope,things to climb,hard,Members of a Set/Entities,
smile,window,egg,knuckles,things to crack,hard,Members of a Set/Entities,
circulate,mingle,network,converse,things to do at a work event,medium,Members of a Set/Entities,
cut,shuffle,fan,deal,things to do with a deck of cards,hard,Members of a Set/Entities,
bill,check,tab,invoice,things to pay,easy,Members of a Set/Entities,
fight,bone,afro,lock,things to pick,hard,Members of a Set/Entities,
hem,pleat,seam,dart,things to sew,easy,Members of a Set/Entities,
page view,hit,visit,click,things tracked by web analytics,hard,Members of a Set/Entities,
saddle,wallet,moccasins,football,things traditionally made of leather,hard,Members of a Set/Entities,
glove,tee,ball,driver,things used in golf,medium,Members of a Set/Entities,
lego set,pick-up sticks,jigsaw puzzle,lite-brite,things with a lot of pieces,hard,Members of a Set/Entities,
insect,satellite dish,radio tower,teletubby,things with antenna/e,hard,Members of a Set/Entities,
drill,comedian,bridle,byte,things with bits,very_hard,Members of a Set/Entities,
solar panel,spreadsheet,organism,honeycomb,things with cells,very_hard,Members of a Set/Entities,
reactor,apple,planet,computer,things with cores,very_hard,Members of a Set/Entities,
potato,hurricane,face,needle,things with eye(s),very_hard,Members of a Set/Entities,
biped,furniture,poem,yardstick,things with feet,very_hard,Members of a Set/Entities,
sponge,bowling ball,golf course,colander,things with holes,very_hard,Members of a Set/Entities,
inner tube,bagel,hula hoop,washer,things with holes in the middle,hard,Members of a Set/Entities,
squid,tattoo machine,printer,pen,things with ink,hard,Members of a Set/Entities,
florida,locksmith,cryptography,piano,things with keys,very_hard,Members of a Set/Entities,
checkers,nhl,deck of cards,monarchy,things with kings,very_hard,Members of a Set/Entities,
plywood,cake,earth,onion,things with layers,hard,Members of a Set/Entities,
henhouse,earth,photoshop,onion,things with layers,very_hard,Members of a Set/Entities,
tree,book,table,tea,things with leaves,very_hard,Members of a Set/Entities,
chain,golf course,sausage,website,things with links,very_hard,Members of a Set/Entities,
guitar,giraffe,lamp,bottle,things with necks,hard,Members of a Set/Entities,
turntable,sewing kit,compass,pine tree,things with needle/s,medium,Members of a Set/Entities,
tree,wedding,saturn,circus,things with rings,very_hard,Members of a Set/Entities,
turtle,hard taco,snail,clam,things with shells,medium,Members of a Set/Entities,
egg,egg,nut,m&m,things with shells,medium,Members of a Set/Entities,
schedule,atm,spatula,casino,things with slots,very_hard,Members of a Set/Entities,
book,skeleton,cactus,hedgehog,things with spines,very_hard,Members of a Set/Entities,
ladybug,dalmatian,die,domino,things with spots,hard,Members of a Set/Entities,
fountain,whale,teapot,gutter,things with spouts,very_hard,Members of a Set/Entities,
mattress,mousetrap,trampoline,clock,things with spring/s,very_hard,Members of a Set/Entities,
candy cane,referee,tiger,crosswalk,things with stripes,very_hard,Members of a Set/Entities,
keyboard,browser,soda can,folder,things with tabs,hard,Members of a Set/Entities,
comb,zipper,saw,gear,things with teeth,hard,Members of a Set/Entities,
trees,swimmers,elephants,cars,things with trunks,very_hard,Members of a Set/Entities,
wagon,rollerblade,skateboard,dolly,things with wheels,medium,Members of a Set/Entities,
bird,angel,pegasus,airplane,things with wings,hard,Members of a Set/Entities,
hospital,fly,airplane,fairy,things with wings,medium,Members of a Set/Entities,
lavalier,boutonnière,lapel pin,awareness ribbon,things worn on lapels,easy,Members of a Set/Entities,
ikea furniture,lego set,puzzle,model,things you assemble,hard,Members of a Set/Entities,
bubble,raspberry,fuse,kiss,things you can blow,very_hard,Members of a Set/Entities,
wiis,televisions,drones,garage doors,things you can control with remotes,very_hard,Members of a Set/Entities,
egg,code,whip,joke,things you can crack,hard,Members of a Set/Entities,
bold,underline,highlight,strikethrough,things you can do to text,medium,Members of a Set/Entities,
pick,thumb,hold,blow,things you can do to your nose,very_hard,Members of a Set/Entities,
spike,punt,snap,pass,things you can do with a football,medium,Members of a Set/Entities,
flutter,wink,bat,blink,things you can do with your eyelids,medium,Members of a Set/Entities,
smack,curl,pucker,purse,things you can do with your lips,very_hard,Members of a Set/Entities,
picture,card,bath,curtain,things you can draw,hard,Members of a Set/Entities,
table,image,text box,chart,things you can insert in a document,medium,Members of a Set/Entities,
column,cell,sheet,row,things you can insert into a spreadsheet,hard,Members of a Set/Entities,
nose,apple,card,banjo,things you can pick,hard,Members of a Set/Entities,
medicine,law,self-care,witchcraft,things you can practice,very_hard,Members of a Set/Entities,
iron,fist,brakes,gas,things you can pump,very_hard,Members of a Set/Entities,
bug bite,vinyl record,lottery ticket,your head,things you can scratch,hard,Members of a Set/Entities,
record,mood,volleyball,table,things you can set,very_hard,Members of a Set/Entities,
party,tantrum,curveball,wrench,"things you can throw, in metaphors",very_hard,Members of a Set/Entities,
ring,knock,buzz,shout,things you do at someone's front door,hard,Members of a Set/Entities,
doze,doodle,space,pass notes,things you might do during a boring class/meeting,hard,Members of a Set/Entities,
snore,dream,drool,talk,things you might do in your sleep,medium,Members of a Set/Entities,
hairspray,magic 8 ball,snowglobe,salad dressing,things you shake,medium,Members of a Set/Entities,
affiliate,relate,associate,equate,think of together,easy,Noun/Concept Synonyms,
party,rail,rock,eye,third ___,hard,Fill-in-the-Blank,
beat,pulse,pound,thump,throb,easy,Noun/Concept Synonyms,
hurl,fling,chuck,cast,throw,medium,Noun/Concept Synonyms,
pepper,scatter,strew,sprinkle,throw here and there,medium,Noun/Concept Synonyms,
eject,toss,boot,bounce,throw out,easy,Noun/Concept Synonyms,
dart,horseshoe,ring,axe,thrown in target games,hard,Noun/Concept Synonyms,
stick,poke,prod,jab,thrust,easy,Noun/Concept Synonyms,
concert,movie,play,game,ticketed events,medium,Noun/Concept Synonyms,
floor,level,deck,story,tier,medium,Noun/Concept Synonyms,
slope,cant,list,lean,tilt to one side,hard,Noun/Concept Synonyms,
soon,then,later,now,time adverbs,hard,Noun/Concept Synonyms,
leave,vacation,holiday,rest,time off,easy,Noun/Concept Synonyms,
break,recess,leave,break,time off,easy,Noun/Concept Synonyms,
decade,millennium,year,century,time periods,easy,Noun/Concept Synonyms,
clock,sundial,watch,hourglass,timekeeping devices,easy,Action/Verb Synonyms,
tone,shade,color,hue,tint,easy,Noun/Concept Synonyms,
tone,hue,shade,tinge,tint,easy,Noun/Concept Synonyms,
small,minute,slight,wee,tiny,hard,Descriptor/Adjective Synonyms,
mite,tad,little,bit,"tiny amount, with “a”",medium,Descriptor/Adjective Synonyms,
hydrate,breathe,stretch,rest,tips for working out safely,easy,Idioms & Slang,
pee-wee,indiana,ferris,heather,title characters in '80s movies,very_hard,Trivia/Pop Culture,
hedgehog,plumber,princess,gorilla,title figures in classic video games,very_hard,Trivia/Pop Culture,
willy,babe,beethoven,charlotte,title movie animals,very_hard,Members of a Set/Entities,
quinn,house,howser,grey,title tv doctors,hard,Trivia/Pop Culture,
babe,bolt,dumbo,ted,titular animals of film,hard,Members of a Set/Entities,
monk,tracy,magnum,shaft,titular fictional detectives,very_hard,Noun/Concept Synonyms,
tollbooth,towboat,tomboy,toolbox,to-bo- compound words,medium,Noun/Concept Synonyms,
stomach,swallow,stand,bear,tolerate,easy,Noun/Concept Synonyms,
bear,stomach,swallow,bear,tolerate,medium,Noun/Concept Synonyms,
stand,take,take,stand,tolerate,medium,Noun/Concept Synonyms,
sully,big,splash,philadelphia,tom hanks movies,very_hard,Trivia/Pop Culture,
waits,petty,cruise,holland,toms,hard,Noun/Concept Synonyms,
annie,company,cats,cabaret,tony winners for best musical,medium,Idioms & Slang,
hawk,stark,montana,soprano,tony ___,very_hard,Fill-in-the-Blank,
file,saw,level,hammer,tools,easy,Members of a Set/Entities,
banana,dog,hat,secret,top ___,very_hard,Fill-in-the-Blank,
issue,subject,matter,point,topic of discussion,easy,Descriptor/Adjective Synonyms,
fall,tumble,spill,wipeout,topple,easy,Noun/Concept Synonyms,
cami,tank,tee,halter,tops,medium,Noun/Concept Synonyms,
bagel,lifesaver,donut,cheerio,torus-shaped food,hard,Noun/Concept Synonyms,
tire,wreath,lifesaver,bagel,torus-shaped things,medium,Members of a Set/Entities,
graze,brush,skim,kiss,touch lightly,easy,Descriptor/Adjective Synonyms,
swipe,tap,scroll,pinch,touchscreen gestures,easy,Noun/Concept Synonyms,
tap,pinch,swipe,spread,touchscreen gestures,hard,Noun/Concept Synonyms,
semi,quarter,qualifier,final,tournament rounds,easy,Noun/Concept Synonyms,
hammer,hurdle,pole,pole,track and field equipment,medium,Members of a Set/Entities,
javelin,hurdle,hammer,baton,track and field equipment,medium,Members of a Set/Entities,
trait,hallmark,stamp,feature,trademark,medium,Noun/Concept Synonyms,
egg,bill,venom,fur,trademarks of a platypus,very_hard,Noun/Concept Synonyms,
zoom,photoshop,google,uber,trademarks that have become verbs,easy,Idioms & Slang,
yield,detour,slow,stop,traffic signs,hard,Members of a Set/Entities,
receipt,statement,bill,invoice,transaction record,hard,Noun/Concept Synonyms,
hand,send,pass,give,transfer,hard,Noun/Concept Synonyms,
pass,give,deliver,hand,transfer,medium,Noun/Concept Synonyms,
march,tramp,trek,hike,travel on foot,hard,Noun/Concept Synonyms,
pamper,baby,spoil,mother,treat with excessive care,easy,Descriptor/Adjective Synonyms,
bark,root,branch,trunk,tree features,hard,Noun/Concept Synonyms,
rings,bark,crown,roots,tree features,medium,Noun/Concept Synonyms,
you,beach,pair,fur,tree homophones,very_hard,Word Structure/Play,
walnut,almond,cashew,pecan,tree nuts,medium,Noun/Concept Synonyms,
cedar,ash,poplar,oak,trees,easy,Noun/Concept Synonyms,
ebony,ash,gum,cherry,trees,hard,Noun/Concept Synonyms,
beech,pine,palm,elder,trees,medium,Noun/Concept Synonyms,
pine,spruce,cedar,yew,trees,medium,Noun/Concept Synonyms,
tough,complex,delicate,sticky,tricky,easy,Descriptor/Adjective Synonyms,
tan,cot,sin,sec,trig functions,very_hard,Noun/Concept Synonyms,
hat trick,threepeat,trifecta,triple crown,trio of sports achievements,easy,Members of a Set/Entities,
coconut,mango,pineapple,banana,tropical fruits,very_hard,Noun/Concept Synonyms,
chayote,durian,bitter melon,soursop,tropical fruits/vegetables,hard,Noun/Concept Synonyms,
shellac,rout,crush,cream,trounce,hard,Noun/Concept Synonyms,
accept,believe,swallow,buy,trust as real,easy,Noun/Concept Synonyms,
withdraw,retreat,leave,flee,turn tail,easy,Noun/Concept Synonyms,
tables,corner,page,tide,turn the ___,very_hard,Fill-in-the-Blank,
munster,pickles,griffin,partridge,tv comedy families,hard,Trivia/Pop Culture,
color,brightness,contrast,tint,tv display settings,easy,Trivia/Pop Culture,
lasso,smart,rogers,mars,tv show title surnames,very_hard,Trivia/Pop Culture,
flipper,firefly,fleabag,fargo,tv shows,hard,Trivia/Pop Culture,
24,firefly,bones,weeds,tv shows,medium,Trivia/Pop Culture,
cheer,scrub,weed,friend,tv shows minus “s”,hard,Trivia/Pop Culture,
euphoria,cheers,glee,felicity,tv shows with happy-sounding names,hard,Trivia/Pop Culture,
nes,vhs,mtv,alf,tv-related abbreviations in the '80s,hard,Trivia/Pop Culture,
wind,spool,wrap,coil,twist around,medium,Noun/Concept Synonyms,
stone,often,freight,canine,two letters + number,very_hard,Word Structure/Play,
lecture,seminar,discussion,lab,types of academic courses,easy,Members of a Set/Entities,
tote,messenger,clutch,satchel,types of bags,easy,Members of a Set/Entities,
cinderella,david-and-goliath,rags-to-riches,underdog,types of come-from-behind stories,hard,Members of a Set/Entities,
curly,waffle,shoestring,wedge,types of french fries,medium,Members of a Set/Entities,
sheepshank,bowline,bend,hitch,types of knots,very_hard,Members of a Set/Entities,
tempera,watercolor,oil,acrylic,types of paint,medium,Members of a Set/Entities,
kidney,infinity,kiddie,olympic,types of pools,easy,Members of a Set/Entities,
am,satellite,walkie-talkie,ham,types of radio,easy,Members of a Set/Entities,
statement,command,question,exclamation,types of sentences,medium,Members of a Set/Entities,
ice,slush,crust,powder,types of snow,medium,Members of a Set/Entities,
tusk,fang,molar,canine,types of teeth,easy,Members of a Set/Entities,
helena,irving,billings,buffalo,u.s. cities,hard,Members of a Set/Entities,
mobile,buffalo,phoenix,phoenix,u.s. cities,hard,Members of a Set/Entities,
quarter,penny,nickel,dime,u.s. coins,easy,Noun/Concept Synonyms,
brown,smith,howard,duke,u.s. colleges/universities,hard,Noun/Concept Synonyms,
colorado,arizona,utah,nevada,u.s. mountain states,easy,Members of a Set/Entities,
dick,teddy,cal,abe,u.s. presidential nicknames,hard,Members of a Set/Entities,
grant,adams,washington,ford,u.s. presidents,easy,Noun/Concept Synonyms,
pa,or,hi,ma,u.s. state abbreviations,medium,Noun/Concept Synonyms,
ark,ala,miss,ore,"u.s. state abbreviations, per ap style guide",very_hard,Idioms & Slang,
frontier,american,spirit,united,u.s.-based airlines,hard,Noun/Concept Synonyms,
stable,steady,even,level,unchanging,easy,Action/Verb Synonyms,
project,enterprise,endeavor,venture,undertaking,easy,Action/Verb Synonyms,
boxer,drawer,short,brief,underwear in the singular,very_hard,Noun/Concept Synonyms,
dull,vanilla,boring,mundane,unexciting,medium,Action/Verb Synonyms,
constant,level,uniform,stable,unfluctuating,medium,Action/Verb Synonyms,
abandon,unrestraint,freedom,spontaneity,uninhibitedness,medium,Noun/Concept Synonyms,
cal,in,gal,oz,unit abbreviations,hard,Noun/Concept Synonyms,
roll,loaf,bun,baguette,unit of bread,easy,Noun/Concept Synonyms,
letter,paragraph,sentence,word,unit of language,easy,Noun/Concept Synonyms,
mole,lux,bar,bel,units,hard,Noun/Concept Synonyms,
volt,hertz,mole,second,units,medium,Noun/Concept Synonyms,
foot,verse,meter,line,units in poetry,medium,Descriptor/Adjective Synonyms,
six-pack,case,forty,growler,units of beer,hard,Noun/Concept Synonyms,
foot,mile,yard,inch,units of length,easy,Noun/Concept Synonyms,
fathom,foot,yard,league,units of length,hard,Noun/Concept Synonyms,
mile,foot,league,yard,units of length,medium,Noun/Concept Synonyms,
hertz,second,mole,newton,units of measure,hard,Noun/Concept Synonyms,
ear,head,bulb,stalk,units of vegetables,very_hard,Noun/Concept Synonyms,
pint,cup,gallon,quart,units of volume,easy,Noun/Concept Synonyms,
quartz,bounce,galleon,pinot,units of volume plus letter,very_hard,Word Structure/Play,
blanket,general,sweeping,broad,universal,hard,Noun/Concept Synonyms,
brown,howard,rice,duke,universities,hard,Noun/Concept Synonyms,
remote,slim,small,outside,"unlikely, as chances",hard,Noun/Concept Synonyms,
awkward,stilted,wooden,stiff,"unnatural, as mannerisms",easy,Noun/Concept Synonyms,
draw,wild,reverse,skip,uno cards,medium,Noun/Concept Synonyms,
several,na,few,handful,unspecified quantities,easy,Noun/Concept Synonyms,
easy,open,game,flexible,up for anything,hard,Noun/Concept Synonyms,
willing,amenable,game,down,up for it,medium,Noun/Concept Synonyms,
revise,amend,correct,fix,update for accuracy,easy,Descriptor/Adjective Synonyms,
pillar,post,pole,column,upright support,easy,Noun/Concept Synonyms,
surge,spike,rise,boom,upswing,easy,Action/Verb Synonyms,
milk,comp,orgo,neti,url endings plus a letter,very_hard,Word Structure/Play,
cube,dice,slice,julienne,use a kitchen knife,medium,Action/Verb Synonyms,
sew,darn,hem,seam,use a needle and thread,medium,Idioms & Slang,
laser pointer,projector,clicker,slides,used during a presentation,easy,Noun/Concept Synonyms,
water,cup,teabag,kettle,used for tea,medium,Noun/Concept Synonyms,
log,tinder,match,kindling,used in building a fire,easy,Idioms & Slang,
rollers,comb,dryer,hairspray,used in hair care,easy,Noun/Concept Synonyms,
magnifying glass,flint,matches,lighter,used in starting a fire,medium,Idioms & Slang,
exhaust,hose,pipe,duct,used in ventilation,hard,Noun/Concept Synonyms,
sticks,snow,carrot,coal,used to build a snowman,hard,Idioms & Slang,
sand,plow,salt,shovel,used to clear snow,hard,Noun/Concept Synonyms,
carrot,scarf,coal,pipe,used to decorate a snowman,hard,Idioms & Slang,
chock,tire,wrench,jack,used to fix a flat,medium,Idioms & Slang,
water,pot,seed,soil,used to grow a houseplant,easy,Idioms & Slang,
racket,mallet,bat,stick,used to hit a ball in sports,medium,Members of a Set/Entities,
filter,water,grinder,beans,used to make coffee,medium,Noun/Concept Synonyms,
cone,barrier,flare,flag,used to redirect traffic,hard,Descriptor/Adjective Synonyms,
stain,microscope,slide,specimen,used to view a biological sample,hard,Idioms & Slang,
ladle,pot,spoon,bowl,used when serving soup,medium,Noun/Concept Synonyms,
electric,gas,water,telephone,utilities,easy,Noun/Concept Synonyms,
trash,cable,water,gas,utilities,medium,Noun/Concept Synonyms,
seventh heaven,shangri-la,xanadu,paradise,utopia,easy,Noun/Concept Synonyms,
peep,sound,word,noise,utterance,medium,Noun/Concept Synonyms,
dell,dale,hollow,glen,valley,medium,Descriptor/Adjective Synonyms,
lost boys,twilight,blade,near dark,vampire movies,hard,Trivia/Pop Culture,
silver,garlic,cross,sun,vampire vulnerabilities,medium,Noun/Concept Synonyms,
departure,break,change,alternative,variation from the norm,easy,Noun/Concept Synonyms,
types,stripes,kinds,sorts,varieties,easy,Noun/Concept Synonyms,
sort,style,type,kind,variety,medium,Descriptor/Adjective Synonyms,
charred,beat,pee,leak,vegetable homophones,very_hard,Word Structure/Play,
spear,bulb,head,ear,vegetable units,hard,Descriptor/Adjective Synonyms,
spear,floret,stalk,clove,vegetable units,medium,Descriptor/Adjective Synonyms,
beet,onion,corn,carrot,vegetables,hard,Noun/Concept Synonyms,
pepper,tomato,eggplant,cucumber,vegetables that are also fruits,easy,Idioms & Slang,
hive,eek,ale,quash,vegetables with first letter removed,very_hard,Word Structure/Play,
booth,stall,table,stand,vendor’s spot at a market,easy,Idioms & Slang,
grand,august,regal,noble,venerable,medium,Descriptor/Adjective Synonyms,
could,might,can,may,verbs expressing possibility,easy,Descriptor/Adjective Synonyms,
code,hack,program,develop,verbs for a software engineer,very_hard,Idioms & Slang,
powder,glaze,sprinkle,frost,verbs for finishing donuts,hard,Noun/Concept Synonyms,
frost,beat,bake,preheat,verbs in a cake recipe,easy,Idioms & Slang,
proof,rise,ferment,rest,verbs in breadmaking,hard,Noun/Concept Synonyms,
fish,bird,mammal,reptile,vertebrates,medium,Noun/Concept Synonyms,
key,vital,central,critical,very important,easy,Descriptor/Adjective Synonyms,
shred,hint,trace,touch,very small amount,easy,Descriptor/Adjective Synonyms,
crash,sonic,mario,link,video game characters,very_hard,Trivia/Pop Culture,
dreamcast,genesis,switch,wii,video game consoles,medium,Noun/Concept Synonyms,
halo,metroid,madden,civilization,video game franchises,very_hard,Noun/Concept Synonyms,
pep,beans,energy,zip,vigor,hard,Noun/Concept Synonyms,
web,net,metaverse,cloud,virtual spaces,medium,Noun/Concept Synonyms,
monitor,terminal,display,screen,visual interface,easy,Noun/Concept Synonyms,
life,juice,energy,zip,vitality,easy,Descriptor/Adjective Synonyms,
doo-wop,a cappella,madrigal,barbershop,vocal music,easy,Descriptor/Adjective Synonyms,
craft,line,work,trade,vocation,hard,Noun/Concept Synonyms,
bump,set,serve,spike,volleyball moves,medium,Noun/Concept Synonyms,
way,whoa,wee,why,w + vowel sound,very_hard,Word Structure/Play,
storm,liberty,sparks,sun,w.n.b.a. teams,hard,Members of a Set/Entities,
wings,liberty,mercury,sky,w.n.b.a. teams,hard,Members of a Set/Entities,
risk,gamble,stake,bet,wager,medium,Noun/Concept Synonyms,
stride,tread,step,march,walk,hard,Noun/Concept Synonyms,
lumber,plod,trudge,stomp,walk heavily,easy,Descriptor/Adjective Synonyms,
clock,belt,deck,slug,wallop,hard,Noun/Concept Synonyms,
dwindle,peter,fade,taper,wane,easy,Noun/Concept Synonyms,
delicate,bulky,spin,cotton,washing machine cycles/settings,medium,Action/Verb Synonyms,
line,pipe,channel,main,water and gas conduits,hard,Noun/Concept Synonyms,
fountain,tap,spring,well,water sources,hard,Noun/Concept Synonyms,
tug,barge,junk,sub,watercraft,hard,Noun/Concept Synonyms,
paper,museum,seal,poetic,wax ___,very_hard,Fill-in-the-Blank,
fix,answer,solution,remedy,way of solving a problem,easy,Idioms & Slang,
fly,bait,chum,lure,ways to attract fish,medium,Descriptor/Adjective Synonyms,
parens,asterisk,number,dagger,ways to denote a citation,very_hard,Idioms & Slang,
thou,grand,m,k,"ways to express 1,000",hard,Noun/Concept Synonyms,
trap,fish,forage,hunt,ways to gather food,medium,Noun/Concept Synonyms,
shout,whistle,wave,snap,ways to get attention,hard,Noun/Concept Synonyms,
hunt,fish,gather,farm,ways to get food,easy,Noun/Concept Synonyms,
grille,bumper,spoiler,rim,ways to modify a car's exterior,hard,Idioms & Slang,
bottle,can,draft,tap,ways to order a beer,medium,Idioms & Slang,
train,study,practice,drill,ways to prepare,easy,Noun/Concept Synonyms,
slice,shred,melt,crumble,ways to prepare cheese,very_hard,Noun/Concept Synonyms,
poach,scramble,fry,boil,ways to prepare eggs,easy,Noun/Concept Synonyms,
dry,ferment,can,freeze,ways to preserve food,medium,Noun/Concept Synonyms,
can,pickle,cure,freeze,ways to preserve food,medium,Noun/Concept Synonyms,
plaque,medal,certificate,trophy,ways to recognize achievement,medium,Noun/Concept Synonyms,
tweeze,wax,thread,shave,ways to remove hair,medium,Noun/Concept Synonyms,
base,bracket,stand,mount,ways to secure a tv,hard,Trivia/Pop Culture,
kneel,stand,salute,bow,ways to show respect,easy,Trivia/Pop Culture,
organize,canvass,campaign,stump,ways to support a candidate,easy,Idioms & Slang,
crop,flip,scale,rotate,ways to transform an image,easy,Idioms & Slang,
password,fingerprint,pin,face,ways to unlock a device,medium,Idioms & Slang,
face,pin,fingerprint,password,ways to unlock a device,medium,Idioms & Slang,
bun,twist,pony,braid,ways to wear your hair up,hard,Idioms & Slang,
rope,wrench,candlestick,knife,weapons in the game clue,hard,Idioms & Slang,
wrench,knife,candlestick,rope,weapons in the game clue,medium,Idioms & Slang,
bore,tire,exhaust,drain,weary,very_hard,Descriptor/Adjective Synonyms,
dewpoint,beaufort scale,wind chill,heat index,weather terms,very_hard,Noun/Concept Synonyms,
extensions,forward,back,refresh,web browser buttons,medium,Noun/Concept Synonyms,
view,file,window,history,web browser menus,hard,Noun/Concept Synonyms,
window,history,tab,bookmark,web browser-related,easy,Noun/Concept Synonyms,
opera,chrome,edge,safari,web browsers,hard,Noun/Concept Synonyms,
opera,chrome,edge,safari,web browsers,medium,Noun/Concept Synonyms,
dinky,little,minute,slight,wee,hard,Noun/Concept Synonyms,
heavy,middle,light,feather,weights in boxing,very_hard,Noun/Concept Synonyms,
sheriff,cowboy,outlaw,drifter,western tropes,hard,Noun/Concept Synonyms,
hail,rain,sleet,snow,wet weather,easy,Noun/Concept Synonyms,
one hundred,see,cold,celsius,"what ""c"" might mean",very_hard,Idioms & Slang,
clergy member,n.f.l. player,bird,m.l.b. player,"what ""cardinal"" might refer to",very_hard,Idioms & Slang,
suit,gemstone,infield,rhombus,"what ""diamond"" can refer to",very_hard,Idioms & Slang,
guzzle,feathers,sad,willing,"what ""down"" might mean",very_hard,Idioms & Slang,
education,editor,edward,past tense,"what ""ed"" might indicate",very_hard,Idioms & Slang,
yes,why,year,yellow,"what ""y"" might mean",very_hard,Idioms & Slang,
quote,possessive,foot,contraction,what ' can indicate,very_hard,Idioms & Slang,
glass,garnish,straw,coaster,what a drink is served with,hard,Idioms & Slang,
pound,pump,race,throb,what a heart does when excited,medium,Idioms & Slang,
spy,animal,birthmark,unit,what a mole can be,very_hard,Idioms & Slang,
thing,place,person,idea,what a noun might be,medium,Idioms & Slang,
baby,pet,plant,house,what a sitter might sit,hard,Idioms & Slang,
contraction,possessive,foot,quotation,what an apostrophe might indicate,very_hard,Idioms & Slang,
resistance,current,voltage,charge,what an electrometer measures,hard,Noun/Concept Synonyms,
clock,beast,candelabra,teacup,what characters were transformed into in “beauty and the beast”,very_hard,Trivia/Pop Culture,
sing,dive,breach,spout,what humpback whales do,hard,Noun/Concept Synonyms,
allergy,relief,onion,melodrama,what might bring tears to your eyes,hard,Idioms & Slang,
victory,peace,scissors,two,what the outstretched index and middle fingers can represent,very_hard,Idioms & Slang,
string lights,angel,candy cane,tinsel,what you might see on a christmas tree,easy,Trivia/Pop Culture,
area,one,excellent,athletic,what “a” might mean,very_hard,Noun/Concept Synonyms,
defeat,assignment,tired,tempo,what “beat” may mean,very_hard,Noun/Concept Synonyms,
william,banknote,invoice,beak,what “bill” might refer to,very_hard,Idioms & Slang,
noble,democratic,erotic,sad,what “blue” might mean,hard,Noun/Concept Synonyms,
alloy,suntan,third,sculpture,what “bronze” might mean,very_hard,Noun/Concept Synonyms,
enthusiast,polish,muscular,nude,what “buff” might mean,very_hard,Noun/Concept Synonyms,
nebula,eyeliner,marble,glasses,what “cat’s eye” can be used to describe,very_hard,Idioms & Slang,
convention,drawback,swindle,criminal,what “con” might mean,hard,Noun/Concept Synonyms,
hybrid,betray,angry,crucifix,what “cross” might mean,very_hard,Noun/Concept Synonyms,
insults,likes,shovels,apartment,what “digs” might mean,very_hard,Noun/Concept Synonyms,
democrat,dimensional,defense,drive,what “d” might stand for,very_hard,Idioms & Slang,
car,director,president,actor,what “ford” might refer to,very_hard,Idioms & Slang,
lush,ecological,fresh,envious,what “green” might mean,very_hard,Noun/Concept Synonyms,
naive,nauseous,unwell,jealous,what “green” might mean,very_hard,Noun/Concept Synonyms,
freudian concept,driver license,recognize,idaho,what “id” might refer to,easy,Idioms & Slang,
inside,indiana,inch,trendy,what “in” might refer to,medium,Idioms & Slang,
one,iota,myself,iodine,what “i” might mean,hard,Noun/Concept Synonyms,
nfl player,black,airplane,hot tub nozzle,what “jet” might refer to,very_hard,Idioms & Slang,
thousand,okay,potassium,kelvin,what “k” might mean,very_hard,Noun/Concept Synonyms,
lanthanum,musical note,los angeles,louisiana,what “la” might refer to,hard,Idioms & Slang,
progressive,port,departed,remaining,what “left” might mean,very_hard,Noun/Concept Synonyms,
greenlight,oklahoma,british magazine,mediocre,what “ok” might refer to,very_hard,Idioms & Slang,
oxygen,hug,zero,of,what “o” might mean,very_hard,Noun/Concept Synonyms,
popular,burst,soda,mainstream,what “pop” might mean,very_hard,Noun/Concept Synonyms,
burst,soda,father,dad,what “pop” might mean,very_hard,Noun/Concept Synonyms,
bounce,coil,geyser,season,what “spring” might refer to,very_hard,Idioms & Slang,
cattle,broth,merchandise,ancestry,what “stock” might mean,very_hard,Noun/Concept Synonyms,
win,tungsten,watt,west,what “w” might stand for,hard,Idioms & Slang,
ten,kiss,times,adult,what “x” might mean,very_hard,Noun/Concept Synonyms,
remainder,difference,balance,rest,what’s leftover,easy,Noun/Concept Synonyms,
when,harry,sally,met,when harry met sally,hard,Descriptor/Adjective Synonyms,
bye,please,bills,gimme,"when tripled, hit song titles",very_hard,Idioms & Slang,
desert,beach,hourglass,playground,where you might find sand,medium,Idioms & Slang,
limousine,movie set,toolbox,golf bag,where you might find “a driver”,very_hard,Idioms & Slang,
who,rabbit,roger,framed,who framed roger rabbit,medium,Noun/Concept Synonyms,
teen,adults only,mature,everyone,"who video games are for, per esrb ratings",hard,Idioms & Slang,
sum,count,gross,total,whole amount,medium,Noun/Concept Synonyms,
gaucho,palazzo,harem,culotte,wide-legged pant styles,easy,Noun/Concept Synonyms,
slack,freedom,license,latitude,wiggle room,medium,Noun/Concept Synonyms,
robin,venus,hank,tennessee,williamses,hard,Noun/Concept Synonyms,
on board,game,down,in,willing to participate,medium,Action/Verb Synonyms,
borg,graf,king,sinner,wimbledon winners,very_hard,Noun/Concept Synonyms,
wind,wine,wing,wink,win + letter,medium,Word Structure/Play,
shutter,drape,shade,blind,window treatments in the singular,very_hard,Idioms & Slang,
grape,winery,region,vintage,wine bottle info,easy,Noun/Concept Synonyms,
chard,cab,bubbly,zin,wine nicknames,very_hard,Members of a Set/Entities,
balanced,full,sweet,dry,wine tasting descriptors,hard,Noun/Concept Synonyms,
carafe,bottle,decanter,glass,wine vessels,easy,Noun/Concept Synonyms,
moth,gnat,wasp,fly,winged insects,easy,Noun/Concept Synonyms,
prize,reward,purse,pot,winnings,easy,Noun/Concept Synonyms,
kitty,purse,pot,prize,winnings,medium,Noun/Concept Synonyms,
absent,minus,sans,wanting,without,medium,Noun/Concept Synonyms,
summer,keys,swift,nicks,women singers,very_hard,Noun/Concept Synonyms,
jan,deb,sue,kat,women’s nicknames,medium,Members of a Set/Entities,
shield,lasso,sword,tiara,wonder woman’s costume,hard,Noun/Concept Synonyms,
lighthouse,temple,gardens,pyramid,wonders of the world,hard,Noun/Concept Synonyms,
pursue,court,romance,charm,woo,medium,Noun/Concept Synonyms,
bassoon,flute,oboe,clarinet,woodwinds,easy,Noun/Concept Synonyms,
oboe,clarinet,flute,saxophone,woodwinds,medium,Noun/Concept Synonyms,
plane,chisel,rasp,saw,woodworking hand tools,hard,Members of a Set/Entities,
dovetail,mortise,mitre,dado,woodworking joint terms,hard,Action/Verb Synonyms,
drills,saws,routers,files,woodworking tools,hard,Members of a Set/Entities,
why,you,are,see,words abbreviated with letters,hard,Word Structure/Play,
tuberculosis,touchdown,trademark,television,words abbreviated with “t” + letter,very_hard,Word Structure/Play,
spy,beam,robot,ching,"words after ""i""",very_hard,Idioms & Slang,
good riddance,sayonara,about time,finally,words after a welcome departure,hard,Idioms & Slang,
degree,marvel,pac-man,paint,words after the letters “ms”,very_hard,Word Structure/Play,
cycle,pod,dent,angle,words after the prefix “tri-”,very_hard,Word Structure/Play,
tree,tray,wednesday,blond,words after “ash”,very_hard,Noun/Concept Synonyms,
paste,that,cat,editor,words after “copy”,very_hard,Noun/Concept Synonyms,
six,freeze,fake,cut,words after “deep”,very_hard,Noun/Concept Synonyms,
candy,witness,contact,shadow,words after “eye”,very_hard,Noun/Concept Synonyms,
goose,doodle,parachute,rod,words after “golden”,very_hard,Noun/Concept Synonyms,
all out,kart,steady,between,words after “go”,very_hard,Noun/Concept Synonyms,
hog,maze,trimmer,fund,words after “hedge”,very_hard,Noun/Concept Synonyms,
hawk,litter,corner,cat,words after “kitty”,very_hard,Noun/Concept Synonyms,
street,pop,mart,swiss,words after “k”,very_hard,Noun/Concept Synonyms,
worries,biggie,sweat,hard feelings,words after “no” to mean “it’s all good”,medium,Idioms & Slang,
pal,phone,check,dirt,words after “pay”,very_hard,Noun/Concept Synonyms,
pain,rex,mobile,shirt,words after “t-”,hard,Noun/Concept Synonyms,
files,ray,factor,games,words after “x”,very_hard,Noun/Concept Synonyms,
dodge,hand,racquet,pickle,"words before ""ball"" in sports",medium,Members of a Set/Entities,
primary,elementary,grammar,grade,"words before ""school""",hard,Idioms & Slang,
foot,step,toad,bar,"words before ""stool""",very_hard,Idioms & Slang,
pocket,wrist,digital,stop,"words before ""watch""",very_hard,Idioms & Slang,
for,dear,to,attention,words before an addressee,hard,Noun/Concept Synonyms,
fat,cyber,ash,black,words before days of the week,very_hard,Idioms & Slang,
murphy,canopy,day,water,words before “bed”,very_hard,Noun/Concept Synonyms,
tinker,liberty,bar,dinner,words before “bell”,very_hard,Noun/Concept Synonyms,
rhinestone,midnight,drugstore,space,words before “cowboy” in film and music,very_hard,Idioms & Slang,
solo,diva,world,butter,words before “cup”,very_hard,Noun/Concept Synonyms,
ear,kettle,steel,snare,words before “drum”,very_hard,Noun/Concept Synonyms,
ear,oil,kettle,oil,words before “drum”,very_hard,Noun/Concept Synonyms,
chicken,lady,butter,sticky,words before “fingers”,very_hard,Noun/Concept Synonyms,
sock,bunny,bar,hip,words before “hop”,very_hard,Noun/Concept Synonyms,
chest,hazel,coco,pea,words before “nut”,hard,Noun/Concept Synonyms,
brazil,butter,pine,dough,words before “nut”,very_hard,Noun/Concept Synonyms,
mister,roy,ginger,jolly,words before “roger/s”,hard,Noun/Concept Synonyms,
rest,powder,bath,throne,words before “room” to mean lavatory,very_hard,Idioms & Slang,
love,radio,shake,caddy,words before “shack”,very_hard,Noun/Concept Synonyms,
legend,hippo,handsome,lipid,words beginning with body parts,very_hard,Idioms & Slang,
heyday,hijinks,yogurt,supper,words beginning with greetings,very_hard,Noun/Concept Synonyms,
cellophane,harpoon,bassinet,organism,words beginning with instruments,very_hard,Members of a Set/Entities,
ginkgo,tycoon,karaoke,emoji,words derived from japanese,hard,Noun/Concept Synonyms,
foxglove,turncoat,windsock,gumshoe,words ending in clothing,very_hard,Noun/Concept Synonyms,
freight,ozone,canine,often,words ending in numbers,very_hard,Noun/Concept Synonyms,
tomato,vase,aunt,either,words famously pronounced different ways,very_hard,Word Structure/Play,
dog,brat,frank,link,words for sausage,very_hard,Idioms & Slang,
gross,score,pair,dozen,words for specific quantities,hard,Idioms & Slang,
bee,sting,butterfly,float,words in a famous muhammad ali quote,medium,Trivia/Pop Culture,
conquered,came,i,saw,words in a famous quote by caesar,hard,Trivia/Pop Culture,
woodchuck,chuck,wood,could,words in a famous tongue twister,medium,Trivia/Pop Culture,
once,twice,sold,going,words in an auction-ending phrase,medium,Idioms & Slang,
old man,bell,sun,farewell,words in hemingway titles,hard,Noun/Concept Synonyms,
woodchuck,peppers,seashells,fuzzy,words in tongue twisters,very_hard,Noun/Concept Synonyms,
tea,doe,sew,far,words in “do-re-mi”,very_hard,Noun/Concept Synonyms,
biscuit,lincoln,corn,stained,words misspelled in nu metal band names,very_hard,Word Structure/Play,
exit,welcome,open,push,words on a door,hard,Noun/Concept Synonyms,
control,command,option,return,words on a mac keyboard,medium,Idioms & Slang,
tip,tax,total,signature,words on a restaurant receipt,hard,Idioms & Slang,
tax,parking,railroad,avenue,words on monopoly squares,very_hard,Noun/Concept Synonyms,
reading,job,herb,nice,words pronounced differently as proper nouns,very_hard,Word Structure/Play,
expose,pate,resume,rose,words pronounced differently with accent marks,very_hard,Word Structure/Play,
sure,siobhan,sugar,sean,words pronounced “sh” without an “sh”,very_hard,Word Structure/Play,
black,buttons,back,mack,words repeated in “miss mary mack”,very_hard,Idioms & Slang,
radius,are,reverse,right,"words represented by the letter ""r""",very_hard,Word Structure/Play,
excellent,bogus,dude,totally,words said frequently in the “bill and ted” movies,hard,Trivia/Pop Culture,
gotcha,boo,guess who,surprise,words said to an unsuspecting person,hard,Idioms & Slang,
month,purple,silver,orange,words said to have no exact rhymes,hard,Word Structure/Play,
popular,emotional,progressive,alternative,words shortened in rock genres,hard,Members of a Set/Entities,
boob,eggshell,hello,giggle,words spelled with an upside-down calculator,very_hard,Word Structure/Play,
mix,livid,dill,mild,words spelled with roman numerals,very_hard,Word Structure/Play,
rocketry,rapture,soulmate,popcorn,words starting with music genres,very_hard,Members of a Set/Entities,
séance,sacrum,seitan,seychelles,words starting with the “say” sound,hard,Idioms & Slang,
funny,wish,herring,soup,words that go with “bone”,very_hard,Word Structure/Play,
heating,air,conditioning,ventilation,words that make up the acronym “hvac”,hard,Word Structure/Play,
pocket,stop,wrist,smart,words that modify “watch”,hard,Word Structure/Play,
bite,fun,pocket,travel,"words that precede ""-size"" to mean small",very_hard,Word Structure/Play,
bubblegum,k,euro,power,words that precede “pop” in music genres,very_hard,Word Structure/Play,
🧠,🚂,🌧️,✈️,words that rhyme,medium,Word Structure/Play,
worcestershire,colonel,wednesday,pharaoh,words that seem longer written than spoken,very_hard,Word Structure/Play,
ease,jays,bees,use,words that sound like plural letters,hard,Word Structure/Play,
ars,seize,owes,ease,words that sound like plural letters,very_hard,Word Structure/Play,
geez,ayes,wise,tease,words that sound like plural letters,very_hard,Word Structure/Play,
essay,decay,cutie,any,words that sound like two letters,very_hard,Word Structure/Play,
seedy,arty,envy,excel,words that sound like two letters,very_hard,Word Structure/Play,
geo,decay,easy,ziti,words that sounds like two letters,very_hard,Word Structure/Play,
nymph,sphynx,rhythm,myrrh,words whose only vowel is “y”,hard,Word Structure/Play,
id,were,shell,cant,words with apostrophes removed,very_hard,Noun/Concept Synonyms,
droplet,starling,kitchenette,doggy,words with diminutive suffixes,very_hard,Word Structure/Play,
trilogy,quadrant,uniform,bicycle,words with numerical prefixes,very_hard,Word Structure/Play,
trilobite,trillion,trident,triangle,words with the prefix meaning “three”,hard,Word Structure/Play,
baggage,giggle,eggnog,leggings,words with three g’s,medium,Noun/Concept Synonyms,
lima,job,polish,mobile,words with two pronunciations,very_hard,Noun/Concept Synonyms,
dragon,passion,jack,bread,words with “fruit”,very_hard,Noun/Concept Synonyms,
mole,capitol,faith,foot,words with “hill”,very_hard,Noun/Concept Synonyms,
phone,pad,pod,mac,words with “i”,hard,Noun/Concept Synonyms,
teams,meet,zoom,slack,work communication platforms,hard,Noun/Concept Synonyms,
saw,drill,grinder,router,workshop tools,hard,Members of a Set/Entities,
rand,won,real,sterling,world currencies,hard,Noun/Concept Synonyms,
pleather vest,earring,mesh shirt,necklace,worn by earring magic ken,hard,Idioms & Slang,
wind,spiral,coil,twist,wrap around in a circle,hard,Idioms & Slang,
gift,mummy,sprain,burrito,wrapped things,very_hard,Members of a Set/Entities,
yank,wrench,tug,jerk,wrest,easy,Noun/Concept Synonyms,
shar pei,prune,crepe paper,brain,wrinkly things,hard,Members of a Set/Entities,
walnut,pug,brain,prune,wrinkly things,very_hard,Members of a Set/Entities,
report,paper,essay,article,writing assignments,easy,Action/Verb Synonyms,
pine,yen,desire,long,yearn,easy,Noun/Concept Synonyms,
ache,thirst,pine,pine,yearn,hard,Noun/Concept Synonyms,
itch,burn,long,long,yearn,hard,Noun/Concept Synonyms,
journalism,cab,pages,jacket,yellow ___,easy,Fill-in-the-Blank,
beige,khaki,tan,camel,yellow-brown shades,easy,Noun/Concept Synonyms,
bolster,strap,mat,block,yoga accessories,hard,Noun/Concept Synonyms,
bridge,cobra,wheel,cow,yoga backbends,hard,Noun/Concept Synonyms,
mountain,cobra,triangle,warrior,yoga poses,hard,Noun/Concept Synonyms,
chair,tree,mountain,lotus,yoga poses,hard,Noun/Concept Synonyms,
tree,cow,cat,warrior,yoga poses,hard,Noun/Concept Synonyms,
ding,right,correct,bingo,you got it!,medium,Idioms & Slang,
lib,tau,gem,can,zodiac sign beginnings,very_hard,Noun/Concept Synonyms,
bull,ram,crab,lion,zodiac symbols,hard,Members of a Set/Entities,
bull,twins,crab,scales,zodiac symbols,medium,Members of a Set/Entities,
goat,fish,scales,twins,zodiac symbols,very_hard,Members of a Set/Entities,
cookie,apple,vendetta,effort,[letter] (is) for ___,hard,Fill-in-the-Blank,
pop-up,personal,attack,want,___ ad,very_hard,Fill-in-the-Blank,
half,again,so,neck,___ and ___,very_hard,Fill-in-the-Blank,
fire,adam,red,carpenter,___ ant,very_hard,Fill-in-the-Blank,
nepo,beanie,fur,santa,___ baby,very_hard,Fill-in-the-Blank,
doggy,go,mixed,swag,___ bag,very_hard,Fill-in-the-Blank,
gutter,foul,disco,crystal,___ ball,very_hard,Fill-in-the-Blank,
trial,speech,water,lead,___ balloon,very_hard,Fill-in-the-Blank,
wedding,boy,tribute,rubber,___ band,very_hard,Fill-in-the-Blank,
cricket,fruit,baseball,vampire,___ bat,very_hard,Fill-in-the-Blank,
bubble,bird,sponge,mud,___ bath,very_hard,Fill-in-the-Blank,
boo-boo,teddy,brown,honey,___ bear,very_hard,Fill-in-the-Blank,
spelling,honey,busy,queen,___ bee,very_hard,Fill-in-the-Blank,
early,sue,lady,big,___ bird,very_hard,Fill-in-the-Blank,
throw,wet,picnic,security,___ blanket,very_hard,Fill-in-the-Blank,
bad,beach,lost,beach,___ boys,very_hard,Fill-in-the-Blank,
beastie,hardy,pet shop,hardy,___ boys,very_hard,Fill-in-the-Blank,
marx,chemical,blues,blood,___ brothers,very_hard,Fill-in-the-Blank,
dust,honey,bad,bugs,___ bunny,very_hard,Fill-in-the-Blank,
nothing,good,warren,impossible,___ burger,very_hard,Fill-in-the-Blank,
hot,belly,snooze,panic,___ button,very_hard,Fill-in-the-Blank,
sponge,carrot,pound,coffee,___ cake,very_hard,Fill-in-the-Blank,
curtain,booty,close,cold,___ call,very_hard,Fill-in-the-Blank,
cotton,eye,rock,john,___ candy,very_hard,Fill-in-the-Blank,
bumper,clown,sports,getaway,___ car,very_hard,Fill-in-the-Blank,
cool,fat,jungle,copy,___ cat,very_hard,Fill-in-the-Blank,
house,alley,doja,lap,___ cat,very_hard,Fill-in-the-Blank,
supply,daisy,mountain,food,___ chain,very_hard,Fill-in-the-Blank,
high,lawn,first,folding,___ chair,very_hard,Fill-in-the-Blank,
chump,loose,climate,sea,___ change,very_hard,Fill-in-the-Blank,
cottage,cream,cream,cottage,___ cheese,very_hard,Fill-in-the-Blank,
string,goat,string,say,___ cheese,very_hard,Fill-in-the-Blank,
flower,only,problem,poster,___ child,very_hard,Fill-in-the-Blank,
poker,potato,blue,computer,___ chip,very_hard,Fill-in-the-Blank,
family,media,flea,flying,___ circus,very_hard,Fill-in-the-Blank,
magic,motor,windy,sin,___ city nicknames,very_hard,Fill-in-the-Blank,
pipe,dry,vacuum,bathroom,___ cleaner,very_hard,Fill-in-the-Blank,
video,hair,alligator,paper,___ clip,very_hard,Fill-in-the-Blank,
cuckoo,biological,alarm,grandfather,___ clock,very_hard,Fill-in-the-Blank,
secret,dress,health,zip,___ code,very_hard,Fill-in-the-Blank,
sketch,divine,black,prop,___ comedy,very_hard,Fill-in-the-Blank,
birth,remote,quality,cruise,___ control,very_hard,Fill-in-the-Blank,
food,tennis,supreme,kangaroo,___ court,very_hard,Fill-in-the-Blank,
spider,hermit,fiddler,horseshoe,___ crab,very_hard,Fill-in-the-Blank,
construction,paper,whooping,frasier,___ crane,very_hard,Fill-in-the-Blank,
dream,delivery,dinner,due,___ date,very_hard,Fill-in-the-Blank,
may,groundhog,earth,labor,___ day holidays,very_hard,Fill-in-the-Blank,
sweetheart,raw,big,plea,___ deal,very_hard,Fill-in-the-Blank,
demolition,soap box,kentucky,home run,___ derby,very_hard,Fill-in-the-Blank,
teapot,chrome,capitol,onion,___ dome,very_hard,Fill-in-the-Blank,
yankee,google,dipsy,cheese,___ doodle,very_hard,Fill-in-the-Blank,
fever,american,lucid,pipe,___ dream,very_hard,Fill-in-the-Blank,
jury,customs,heavy,civic,___ duty,very_hard,Fill-in-the-Blank,
domino,butterfly,placebo,butterfly,___ effect,very_hard,Fill-in-the-Blank,
halo,side,placebo,domino,___ effect,very_hard,Fill-in-the-Blank,
magic,naked,third,evil,___ eye,very_hard,Fill-in-the-Blank,
ballpark,go,stick,action,___ figure,very_hard,Fill-in-the-Blank,
jelly,star,cray,silver,___ fish that aren’t fish,very_hard,Fill-in-the-Blank,
finger,soul,fast,junk,___ food,very_hard,Fill-in-the-Blank,
connect,petit,fab,fantastic,___ four,very_hard,Fill-in-the-Blank,
mutual,hedge,slush,trust,___ fund,very_hard,Fill-in-the-Blank,
arcade,numbers,squid,blame,___ game,very_hard,Fill-in-the-Blank,
boy,by,saint,curious,___ george,very_hard,Fill-in-the-Blank,
shot,cocktail,old fashioned,collins,___ glass glassware,very_hard,Fill-in-the-Blank,
grey,golden,silly,mother,___ goose,very_hard,Fill-in-the-Blank,
air,rhythm,slide,electric,___ guitar,very_hard,Fill-in-the-Blank,
monty,bingo,study,city,___ hall,very_hard,Fill-in-the-Blank,
gift,charley,crazy,dark,___ horse,very_hard,Fill-in-the-Blank,
happy,eleventh,amateur,rush,___ hour,very_hard,Fill-in-the-Blank,
gingerbread,haunted,full,white,___ house,very_hard,Fill-in-the-Blank,
witch,job,egg,scavenger,___ hunt,very_hard,Fill-in-the-Blank,
waffle,steam,pump,tire,___ iron,very_hard,Fill-in-the-Blank,
enough,a rose,love,a deal,___ is ___ (is ___),very_hard,Fill-in-the-Blank,
sports,life,yellow,dust,___ jacket,very_hard,Fill-in-the-Blank,
pearl,traffic,paper,nba,___ jam,very_hard,Fill-in-the-Blank,
spike lee,hip,pizza,dovetail,___ joint,very_hard,Fill-in-the-Blank,
lion,prom,burger,california,___ king,very_hard,Fill-in-the-Blank,
rope,corporate,word,salmon,___ ladder,very_hard,Fill-in-the-Blank,
love,romance,sign,body,___ language,very_hard,Fill-in-the-Blank,
lemon,natural,harvard,criminal,___ law,very_hard,Fill-in-the-Blank,
ivy,premier,justice,little,___ league,very_hard,Fill-in-the-Blank,
love,cover,chain,scarlet,___ letter,very_hard,Fill-in-the-Blank,
wish,guest,bucket,top ten,___ list,very_hard,Fill-in-the-Blank,
chain,snail,electronic,junk,___ mail,very_hard,Fill-in-the-Blank,
super,bat,spider,iron,___ man superheroes,very_hard,Fill-in-the-Blank,
bull,meat,flea,stock,___ market,very_hard,Fill-in-the-Blank,
hail,virgin,proud,bloody,___ mary,very_hard,Fill-in-the-Blank,
sailor,harvest,blue,new,___ moon,very_hard,Fill-in-the-Blank,
silent,date,buddy,cult,___ movie,very_hard,Fill-in-the-Blank,
waste,nick,passage,sands,___ of time,very_hard,Fill-in-the-Blank,
post,oval,microsoft,box,___ office,very_hard,Fill-in-the-Blank,
comic,soap,rock,met,___ opera,very_hard,Fill-in-the-Blank,
maxi,lily,bachelor,mouse,___ pad,very_hard,Fill-in-the-Blank,
butcher,wax,scrap,toilet,___ paper,very_hard,Fill-in-the-Blank,
amusement,national,south,parallel,___ park,very_hard,Fill-in-the-Blank,
rough,soul,nicotine,cabbage,___ patch,very_hard,Fill-in-the-Blank,
black,dr,bell,ghost,___ pepper,very_hard,Fill-in-the-Blank,
humble,cutie,chess,whoopie,___ pie,very_hard,Fill-in-the-Blank,
bobby,hair,safety,push,___ pin,very_hard,Fill-in-the-Blank,
barbecue,snake,orchestra,tar,___ pit,very_hard,Fill-in-the-Blank,
fever,perfect,sales,elevator,___ pitch,very_hard,Fill-in-the-Blank,
match,selling,west,moot,___ point,very_hard,Fill-in-the-Blank,
sweet,hot,baked,couch,___ potato,very_hard,Fill-in-the-Blank,
booby,door,first,jury,___ prize,very_hard,Fill-in-the-Blank,
white,velveteen,roger,trix,___ rabbit,very_hard,Fill-in-the-Blank,
satellite,talk,pirate,ham,___ radio,very_hard,Fill-in-the-Blank,
pack,rug,gym,mall,___ rat,very_hard,Fill-in-the-Blank,
rocky,dirt,silk,high,___ road,very_hard,Fill-in-the-Blank,
abbey,high,silk,rocky,___ road,very_hard,Fill-in-the-Blank,
little,plymouth,the,classic,___ rock,hard,Fill-in-the-Blank,
california,honor,egg,drum,___ roll,very_hard,Fill-in-the-Blank,
sample,garage,clearance,bake,___ sale,very_hard,Fill-in-the-Blank,
great,navy,elephant,vacuum,___ seal,very_hard,Fill-in-the-Blank,
cheat,fitted,balance,cookie,___ sheet,very_hard,Fill-in-the-Blank,
sweat,ankle,crew,tube,___ socks,very_hard,Fill-in-the-Blank,
banana,7-10,lickety,stock,___ split,very_hard,Fill-in-the-Blank,
town,pocket,perfect,times,___ square,very_hard,Fill-in-the-Blank,
memory,selfie,fish,hockey,___ stick,very_hard,Fill-in-the-Blank,
comic,landing,bacon,sunset,___ strip,very_hard,Fill-in-the-Blank,
cough,simple,maple,corn,___ syrup,very_hard,Fill-in-the-Blank,
water,periodic,pool,coffee,___ table,very_hard,Fill-in-the-Blank,
dog,price,freeze,phone,___ tag,very_hard,Fill-in-the-Blank,
fairy,tall,fish,folk,___ tale,very_hard,Fill-in-the-Blank,
sweet,baby,pillow,small,___ talk,very_hard,Fill-in-the-Blank,
demo,red,scotch,ticker,___ tape,very_hard,Fill-in-the-Blank,
border,rat,boston,bull,___ terrier,very_hard,Fill-in-the-Blank,
eye,baby,wisdom,sweet,___ tooth,very_hard,Fill-in-the-Blank,
bear,sand,speed,tourist,___ trap,very_hard,Fill-in-the-Blank,
right,love,bermuda,acute,___ triangle,very_hard,Fill-in-the-Blank,
ego,guilt,head,power,___ trip,very_hard,Fill-in-the-Blank,
vacuum,fallopian,inner,test,___ tube,very_hard,Fill-in-the-Blank,
fat,taco,giving,super,___ tuesday,very_hard,Fill-in-the-Blank,
bottoms,lawyer,batter,chin,___ up,very_hard,Fill-in-the-Blank,
uncanny,silicon,hidden,death,___ valley,very_hard,Fill-in-the-Blank,
hamster,prayer,color,cheese,___ wheel,very_hard,Fill-in-the-Blank,
body,bubble,gift,shrink,___ wrap,very_hard,Fill-in-the-Blank,
gap,light,school,leap,___ year,very_hard,Fill-in-the-Blank,
twilight,comfort,time,buffer,___ zone,very_hard,Fill-in-the-Blank,
daddy,jackie,day,jell,___-o,very_hard,Fill-in-the-Blank,
boo,yo,pom,tom,___-___,very_hard,Fill-in-the-Blank,
fast,knuckle,curve,screw,___ball pitches,very_hard,Fill-in-the-Blank,
pickle,soft,dodge,kick,___ball recreational sports,very_hard,Fill-in-the-Blank,
elder,goose,caper,logan,___berry,very_hard,Fill-in-the-Blank,
goose,blue,straw,rasp,___berry,very_hard,Fill-in-the-Blank,
hover,key,dash,star,___board,very_hard,Fill-in-the-Blank,
mac,face,match,pocket,___book (that’s not a book),very_hard,Fill-in-the-Blank,
juke,chatter,soap,shadow,___box,very_hard,Fill-in-the-Blank,
pan,cup,short,cheese,___cake,very_hard,Fill-in-the-Blank,
night,mad,hub,knee,___cap,very_hard,Fill-in-the-Blank,
type,pod,broad,fore,___cast,very_hard,Fill-in-the-Blank,
capri,uni,a,pop,___corn,very_hard,Fill-in-the-Blank,
bull,watch,lap,under,___dog,very_hard,Fill-in-the-Blank,
sword,cat,blow,gold,___fish,very_hard,Fill-in-the-Blank,
sun,wild,wall,may,___flower,very_hard,Fill-in-the-Blank,
butter,fire,dragon,horse,___fly,very_hard,Fill-in-the-Blank,
fore,arrow,block,knuckle,___head,very_hard,Fill-in-the-Blank,
matter,bull,fog,shoe,___horn,very_hard,Fill-in-the-Blank,
rough,porter,power,wheel,___house (that aren’t houses),very_hard,Fill-in-the-Blank,
flap,lumber,apple,cracker,___jack,very_hard,Fill-in-the-Blank,
fin,ire,ice,green,___land,very_hard,Fill-in-the-Blank,
bogey,crafts,gentle,spokes,___man,very_hard,Fill-in-the-Blank,
bottle,break,turtle,goose,___neck,very_hard,Fill-in-the-Blank,
word,fore,horse,screen,___play,very_hard,Fill-in-the-Blank,
tad,flag,may,bean,___pole,very_hard,Fill-in-the-Blank,
liver,car,whirl,dead,___pool,very_hard,Fill-in-the-Blank,
chop,candle,yard,joy,___stick,very_hard,Fill-in-the-Blank,
fish,fiddle,chop,drum,___sticks,very_hard,Fill-in-the-Blank,
mile,key,birth,brim,___stone,very_hard,Fill-in-the-Blank,
yellow,lime,rhine,touch,___stone,very_hard,Fill-in-the-Blank,
heart,ham,shoe,draw,___string,very_hard,Fill-in-the-Blank,
cock,mock,pony,pig,___tail,very_hard,Fill-in-the-Blank,
holly,dog,sandal,drift,___wood,very_hard,Fill-in-the-Blank,
loan,cross,pass,buzz,___word,very_hard,Fill-in-the-Blank,
inch,earth,glow,book,___worm,very_hard,Fill-in-the-Blank,
king,carte,mode,plancha,à/a la ___,very_hard,Fill-in-the-Blank,
mercy,uncle,truce,stop,"“aah, enough!”",hard,Idioms & Slang,
same,ditto,second,likewise,“agree!”,hard,Idioms & Slang,
nice,cool,sweet,sick,“awesome!”,easy,Idioms & Slang,
lieutenant,boys,santa,taste,“bad ___” movies,very_hard,Fill-in-the-Blank,
bane,joker,penguin,scarecrow,“batman” villains,hard,Noun/Concept Synonyms,
intercoms,bees,caffeine,gossip,“buzzy” things,very_hard,Members of a Set/Entities,
easy,enough,chill,relax,“calm down”,medium,Noun/Concept Synonyms,
cell,contact,digits,number,“can i get your ___?” (phone info request),medium,Fill-in-the-Blank,
crunch,planet,kangaroo,obvious,“captains”,very_hard,Noun/Concept Synonyms,
chen,clark,cowl,craven,“c” + bird,very_hard,Noun/Concept Synonyms,
coat,crust,cake,cover,“c” words for “envelop”,medium,Idioms & Slang,
hurry,stat,now,pronto,“don’t delay!”,easy,Idioms & Slang,
sports,ticket,bike,cigarette,“e-” things,very_hard,Members of a Set/Entities,
oil,extra,olive,virgin,“extra virgin olive oil”,hard,Descriptor/Adjective Synonyms,
scooter,commerce,signature,mail,“e” things,very_hard,Members of a Set/Entities,
bird,willy,fallin’,solo,“free ___”,very_hard,Fill-in-the-Blank,
life,clue,room,grip,“get a ___!”,very_hard,Fill-in-the-Blank,
lord,heavens,mercy,goodness,“gracious me!”,medium,Idioms & Slang,
impressive,well done,nice,props,“great job!”,hard,Idioms & Slang,
ew,pu,ick,ugh,“gross!”,easy,Idioms & Slang,
perhaps,what if,say,suppose,“here’s a thought ...”,medium,Noun/Concept Synonyms,
enough,mercy,uncle,stop,“i give!”,medium,Idioms & Slang,
lover,sinner,joker,smoker,“i’m a ___” (lyrics in “the joker”),very_hard,Fill-in-the-Blank,
tigers,bears,oh my,lions,"“lions and tigers and bears, oh my!”",easy,Idioms & Slang,
meg,amy,jo,beth,“little women” sisters,hard,Noun/Concept Synonyms,
beaucoup,mucho,molto,multi,“many” in different languages,medium,Noun/Concept Synonyms,
apologies,pardon,sorry,oops,“my mistake!”,medium,Idioms & Slang,
piece of cake,easy,sure thing,no sweat,“nothing to it!”,easy,Idioms & Slang,
camera movement,satyr,cookware,bad review,“pan”,very_hard,Noun/Concept Synonyms,
peppermint patty,charlie,woodstock,pigpen,“peanuts” characters,hard,Trivia/Pop Culture,
peter,nana,hook,wendy,“peter pan” characters,hard,Trivia/Pop Culture,
rats,shoot,darn,curses,“phooey!”,hard,Idioms & Slang,
phish,philly,phew,phat,“ph” words that also work with “f”,hard,Word Structure/Play,
cricket,puppet,woodcarver,whale,“pinocchio” figures,hard,Trivia/Pop Culture,
arrow,dog,finger,hint,“pointers”,very_hard,Noun/Concept Synonyms,
shannon,fey,rudolph,strong,“s.n.l.” cast members,very_hard,Members of a Set/Entities,
snuffy,cookie,count,oscar,“sesame street” characters,hard,Trivia/Pop Culture,
grouch,count,monster,bird,“sesame street” figures,hard,Trivia/Pop Culture,
enough,relax,easy,quiet,“settle down!”,easy,Idioms & Slang,
leave,scram,get out,go,“skedaddle!”,easy,Idioms & Slang,
wednesday,lurch,thing,fester,“the addams family” characters,hard,Trivia/Pop Culture,
scarecrow,lion,witch,wizard,“the wizard of oz” figures,medium,Trivia/Pop Culture,
creator,stallion,rapper,dude,“the(e) ___” rappers,very_hard,Fill-in-the-Blank,
buzz,hamm,rex,slinky,"“toy story” characters, familiarly",hard,Trivia/Pop Culture,
shell,well,ill,hell,“will” contractions without the apostrophe,hard,Idioms & Slang,
ja,da,si,hai,“yes” in different languages,hard,Noun/Concept Synonyms,
love,fantasy,treasure,shutter,“___ island”,very_hard,Fill-in-the-Blank,
dough,bough,cough,tough,”-ough” words that don’t rhyme,very_hard,Word Structure/Play,
dot,point,period,tittle,•,easy,Noun/Concept Synonyms,
,,,,,,,