image_path,label,video_id
./dataset/frames\12322799_1920_1080_60fps_frame_0000.png,0,12322799_1920_1080_60fps
./dataset/frames\12322799_1920_1080_60fps_frame_0001.png,0,12322799_1920_1080_60fps
./dataset/frames\12322799_1920_1080_60fps_frame_0002.png,0,12322799_1920_1080_60fps
./dataset/frames\12322799_1920_1080_60fps_frame_0003.png,0,12322799_1920_1080_60fps
./dataset/frames\12322799_1920_1080_60fps_frame_0004.png,0,12322799_1920_1080_60fps
./dataset/frames\12322799_1920_1080_60fps_frame_0005.png,0,12322799_1920_1080_60fps
./dataset/frames\12322799_1920_1080_60fps_frame_0006.png,0,12322799_1920_1080_60fps
./dataset/frames\12322799_1920_1080_60fps_frame_0007.png,0,12322799_1920_1080_60fps
./dataset/frames\12322799_1920_1080_60fps_frame_0008.png,0,12322799_1920_1080_60fps
./dataset/frames\12322799_1920_1080_60fps_frame_0009.png,0,12322799_1920_1080_60fps
./dataset/frames\12322799_1920_1080_60fps_frame_0010.png,0,12322799_1920_1080_60fps
./dataset/frames\12322799_1920_1080_60fps_frame_0011.png,0,12322799_1920_1080_60fps
./dataset/frames\12322799_1920_1080_60fps_frame_0012.png,0,12322799_1920_1080_60fps
./dataset/frames\12322799_1920_1080_60fps_frame_0013.png,0,12322799_1920_1080_60fps
./dataset/frames\12322799_1920_1080_60fps_frame_0014.png,0,12322799_1920_1080_60fps
./dataset/frames\12322799_1920_1080_60fps_frame_0015.png,0,12322799_1920_1080_60fps
./dataset/frames\12322799_1920_1080_60fps_frame_0016.png,0,12322799_1920_1080_60fps
./dataset/frames\12322799_1920_1080_60fps_frame_0017.png,0,12322799_1920_1080_60fps
./dataset/frames\12322799_1920_1080_60fps_frame_0018.png,0,12322799_1920_1080_60fps
./dataset/frames\12322799_1920_1080_60fps_frame_0019.png,0,12322799_1920_1080_60fps
./dataset/frames\12322799_1920_1080_60fps_frame_0020.png,0,12322799_1920_1080_60fps
./dataset/frames\12322799_1920_1080_60fps_frame_0021.png,0,12322799_1920_1080_60fps
./dataset/frames\12322799_1920_1080_60fps_frame_0022.png,0,12322799_1920_1080_60fps
./dataset/frames\12322799_1920_1080_60fps_frame_0023.png,0,12322799_1920_1080_60fps
./dataset/frames\12322799_1920_1080_60fps_frame_0024.png,0,12322799_1920_1080_60fps
./dataset/frames\12322799_1920_1080_60fps_frame_0025.png,0,12322799_1920_1080_60fps
./dataset/frames\12322799_1920_1080_60fps_frame_0026.png,0,12322799_1920_1080_60fps
./dataset/frames\12322799_1920_1080_60fps_frame_0027.png,0,12322799_1920_1080_60fps
./dataset/frames\12322799_1920_1080_60fps_frame_0028.png,0,12322799_1920_1080_60fps
./dataset/frames\12322799_1920_1080_60fps_frame_0029.png,0,12322799_1920_1080_60fps
./dataset/frames\12322799_1920_1080_60fps_frame_0030.png,0,12322799_1920_1080_60fps
./dataset/frames\12322799_1920_1080_60fps_frame_0031.png,0,12322799_1920_1080_60fps
./dataset/frames\12322799_1920_1080_60fps_frame_0032.png,0,12322799_1920_1080_60fps
./dataset/frames\12322799_1920_1080_60fps_frame_0033.png,0,12322799_1920_1080_60fps
./dataset/frames\12322799_1920_1080_60fps_frame_0034.png,0,12322799_1920_1080_60fps
./dataset/frames\12322799_1920_1080_60fps_frame_0035.png,0,12322799_1920_1080_60fps
./dataset/frames\12322799_1920_1080_60fps_frame_0036.png,0,12322799_1920_1080_60fps
./dataset/frames\12322799_1920_1080_60fps_frame_0037.png,0,12322799_1920_1080_60fps
./dataset/frames\12322799_1920_1080_60fps_frame_0038.png,0,12322799_1920_1080_60fps
./dataset/frames\12322799_1920_1080_60fps_frame_0039.png,0,12322799_1920_1080_60fps
./dataset/frames\12322799_1920_1080_60fps_frame_0040.png,0,12322799_1920_1080_60fps
./dataset/frames\12322799_1920_1080_60fps_frame_0041.png,0,12322799_1920_1080_60fps
./dataset/frames\12322799_1920_1080_60fps_frame_0042.png,0,12322799_1920_1080_60fps
./dataset/frames\12322799_1920_1080_60fps_frame_0043.png,0,12322799_1920_1080_60fps
./dataset/frames\12322799_1920_1080_60fps_frame_0044.png,0,12322799_1920_1080_60fps
./dataset/frames\12322799_1920_1080_60fps_frame_0045.png,0,12322799_1920_1080_60fps
./dataset/frames\12322799_1920_1080_60fps_frame_0046.png,0,12322799_1920_1080_60fps
./dataset/frames\12322799_1920_1080_60fps_frame_0047.png,0,12322799_1920_1080_60fps
./dataset/frames\12322799_1920_1080_60fps_frame_0048.png,0,12322799_1920_1080_60fps
./dataset/frames\12322799_1920_1080_60fps_frame_0049.png,0,12322799_1920_1080_60fps
./dataset/frames\12596188_3840_2160_60fps_frame_0000.png,0,12596188_3840_2160_60fps
./dataset/frames\12596188_3840_2160_60fps_frame_0001.png,0,12596188_3840_2160_60fps
./dataset/frames\12596188_3840_2160_60fps_frame_0002.png,0,12596188_3840_2160_60fps
./dataset/frames\12596188_3840_2160_60fps_frame_0003.png,0,12596188_3840_2160_60fps
./dataset/frames\12596188_3840_2160_60fps_frame_0004.png,0,12596188_3840_2160_60fps
./dataset/frames\12596188_3840_2160_60fps_frame_0005.png,0,12596188_3840_2160_60fps
./dataset/frames\12596188_3840_2160_60fps_frame_0006.png,0,12596188_3840_2160_60fps
./dataset/frames\12596188_3840_2160_60fps_frame_0007.png,0,12596188_3840_2160_60fps
./dataset/frames\12596188_3840_2160_60fps_frame_0008.png,0,12596188_3840_2160_60fps
./dataset/frames\12596188_3840_2160_60fps_frame_0009.png,0,12596188_3840_2160_60fps
./dataset/frames\12596188_3840_2160_60fps_frame_0010.png,0,12596188_3840_2160_60fps
./dataset/frames\12596188_3840_2160_60fps_frame_0011.png,0,12596188_3840_2160_60fps
./dataset/frames\12596188_3840_2160_60fps_frame_0012.png,0,12596188_3840_2160_60fps
./dataset/frames\12596188_3840_2160_60fps_frame_0013.png,0,12596188_3840_2160_60fps
./dataset/frames\12596188_3840_2160_60fps_frame_0014.png,0,12596188_3840_2160_60fps
./dataset/frames\12596188_3840_2160_60fps_frame_0015.png,0,12596188_3840_2160_60fps
./dataset/frames\12596188_3840_2160_60fps_frame_0016.png,0,12596188_3840_2160_60fps
./dataset/frames\12596188_3840_2160_60fps_frame_0017.png,0,12596188_3840_2160_60fps
./dataset/frames\12596188_3840_2160_60fps_frame_0018.png,0,12596188_3840_2160_60fps
./dataset/frames\12596188_3840_2160_60fps_frame_0019.png,0,12596188_3840_2160_60fps
./dataset/frames\12596188_3840_2160_60fps_frame_0020.png,0,12596188_3840_2160_60fps
./dataset/frames\12596188_3840_2160_60fps_frame_0021.png,0,12596188_3840_2160_60fps
./dataset/frames\12596188_3840_2160_60fps_frame_0022.png,0,12596188_3840_2160_60fps
./dataset/frames\12596188_3840_2160_60fps_frame_0023.png,0,12596188_3840_2160_60fps
./dataset/frames\12596188_3840_2160_60fps_frame_0024.png,0,12596188_3840_2160_60fps
./dataset/frames\12596188_3840_2160_60fps_frame_0025.png,0,12596188_3840_2160_60fps
./dataset/frames\12596188_3840_2160_60fps_frame_0026.png,0,12596188_3840_2160_60fps
./dataset/frames\12596188_3840_2160_60fps_frame_0027.png,0,12596188_3840_2160_60fps
./dataset/frames\12596188_3840_2160_60fps_frame_0028.png,0,12596188_3840_2160_60fps
./dataset/frames\12596188_3840_2160_60fps_frame_0029.png,0,12596188_3840_2160_60fps
./dataset/frames\12940828_3840_2160_30fps_frame_0000.png,0,12940828_3840_2160_30fps
./dataset/frames\12940828_3840_2160_30fps_frame_0001.png,0,12940828_3840_2160_30fps
./dataset/frames\12940828_3840_2160_30fps_frame_0002.png,0,12940828_3840_2160_30fps
./dataset/frames\12940828_3840_2160_30fps_frame_0003.png,0,12940828_3840_2160_30fps
./dataset/frames\12940828_3840_2160_30fps_frame_0004.png,0,12940828_3840_2160_30fps
./dataset/frames\12940828_3840_2160_30fps_frame_0005.png,0,12940828_3840_2160_30fps
./dataset/frames\12940828_3840_2160_30fps_frame_0006.png,0,12940828_3840_2160_30fps
./dataset/frames\12940828_3840_2160_30fps_frame_0007.png,0,12940828_3840_2160_30fps
./dataset/frames\12940828_3840_2160_30fps_frame_0008.png,0,12940828_3840_2160_30fps
./dataset/frames\12940828_3840_2160_30fps_frame_0009.png,0,12940828_3840_2160_30fps
./dataset/frames\12940828_3840_2160_30fps_frame_0010.png,0,12940828_3840_2160_30fps
./dataset/frames\12940828_3840_2160_30fps_frame_0011.png,0,12940828_3840_2160_30fps
./dataset/frames\12940828_3840_2160_30fps_frame_0012.png,0,12940828_3840_2160_30fps
./dataset/frames\12940828_3840_2160_30fps_frame_0013.png,0,12940828_3840_2160_30fps
./dataset/frames\12940828_3840_2160_30fps_frame_0014.png,0,12940828_3840_2160_30fps
./dataset/frames\12940828_3840_2160_30fps_frame_0015.png,0,12940828_3840_2160_30fps
./dataset/frames\12940828_3840_2160_30fps_frame_0016.png,0,12940828_3840_2160_30fps
./dataset/frames\12940828_3840_2160_30fps_frame_0017.png,0,12940828_3840_2160_30fps
./dataset/frames\12940828_3840_2160_30fps_frame_0018.png,0,12940828_3840_2160_30fps
./dataset/frames\12940828_3840_2160_30fps_frame_0019.png,0,12940828_3840_2160_30fps
./dataset/frames\12940828_3840_2160_30fps_frame_0020.png,0,12940828_3840_2160_30fps
./dataset/frames\12940828_3840_2160_30fps_frame_0021.png,0,12940828_3840_2160_30fps
./dataset/frames\12940828_3840_2160_30fps_frame_0022.png,0,12940828_3840_2160_30fps
./dataset/frames\12940828_3840_2160_30fps_frame_0023.png,0,12940828_3840_2160_30fps
./dataset/frames\12940828_3840_2160_30fps_frame_0024.png,0,12940828_3840_2160_30fps
./dataset/frames\12940828_3840_2160_30fps_frame_0025.png,0,12940828_3840_2160_30fps
./dataset/frames\12940828_3840_2160_30fps_frame_0026.png,0,12940828_3840_2160_30fps
./dataset/frames\12940828_3840_2160_30fps_frame_0027.png,0,12940828_3840_2160_30fps
./dataset/frames\12986236-hd_1080_1920_30fps_frame_0000.png,0,12986236-hd_1080_1920_30fps
./dataset/frames\12986236-hd_1080_1920_30fps_frame_0001.png,0,12986236-hd_1080_1920_30fps
./dataset/frames\12986236-hd_1080_1920_30fps_frame_0002.png,0,12986236-hd_1080_1920_30fps
./dataset/frames\12986236-hd_1080_1920_30fps_frame_0003.png,0,12986236-hd_1080_1920_30fps
./dataset/frames\12986236-hd_1080_1920_30fps_frame_0004.png,0,12986236-hd_1080_1920_30fps
./dataset/frames\12986236-hd_1080_1920_30fps_frame_0005.png,0,12986236-hd_1080_1920_30fps
./dataset/frames\12986236-hd_1080_1920_30fps_frame_0006.png,0,12986236-hd_1080_1920_30fps
./dataset/frames\12986236-hd_1080_1920_30fps_frame_0007.png,0,12986236-hd_1080_1920_30fps
./dataset/frames\12986236-hd_1080_1920_30fps_frame_0008.png,0,12986236-hd_1080_1920_30fps
./dataset/frames\12986236-hd_1080_1920_30fps_frame_0009.png,0,12986236-hd_1080_1920_30fps
./dataset/frames\12986236-hd_1080_1920_30fps_frame_0010.png,0,12986236-hd_1080_1920_30fps
./dataset/frames\12986236-hd_1080_1920_30fps_frame_0011.png,0,12986236-hd_1080_1920_30fps
./dataset/frames\12986236-hd_1080_1920_30fps_frame_0012.png,0,12986236-hd_1080_1920_30fps
./dataset/frames\12986236-hd_1080_1920_30fps_frame_0013.png,0,12986236-hd_1080_1920_30fps
./dataset/frames\12986236-hd_1080_1920_30fps_frame_0014.png,0,12986236-hd_1080_1920_30fps
./dataset/frames\12986236-hd_1080_1920_30fps_frame_0015.png,0,12986236-hd_1080_1920_30fps
./dataset/frames\12986236-hd_1080_1920_30fps_frame_0016.png,0,12986236-hd_1080_1920_30fps
./dataset/frames\12986236-hd_1080_1920_30fps_frame_0017.png,0,12986236-hd_1080_1920_30fps
./dataset/frames\12986236-hd_1080_1920_30fps_frame_0018.png,0,12986236-hd_1080_1920_30fps
./dataset/frames\12986236-hd_1080_1920_30fps_frame_0019.png,0,12986236-hd_1080_1920_30fps
./dataset/frames\12986236-hd_1080_1920_30fps_frame_0020.png,0,12986236-hd_1080_1920_30fps
./dataset/frames\12986236-hd_1080_1920_30fps_frame_0021.png,0,12986236-hd_1080_1920_30fps
./dataset/frames\12986236-hd_1080_1920_30fps_frame_0022.png,0,12986236-hd_1080_1920_30fps
./dataset/frames\12986236-hd_1080_1920_30fps_frame_0023.png,0,12986236-hd_1080_1920_30fps
./dataset/frames\12986236-hd_1080_1920_30fps_frame_0024.png,0,12986236-hd_1080_1920_30fps
./dataset/frames\12986236-hd_1080_1920_30fps_frame_0025.png,0,12986236-hd_1080_1920_30fps
./dataset/frames\12986236-hd_1080_1920_30fps_frame_0026.png,0,12986236-hd_1080_1920_30fps
./dataset/frames\12986236-hd_1080_1920_30fps_frame_0027.png,0,12986236-hd_1080_1920_30fps
./dataset/frames\12986236-hd_1080_1920_30fps_frame_0028.png,0,12986236-hd_1080_1920_30fps
./dataset/frames\12986236-hd_1080_1920_30fps_frame_0029.png,0,12986236-hd_1080_1920_30fps
./dataset/frames\12986236-hd_1080_1920_30fps_frame_0030.png,0,12986236-hd_1080_1920_30fps
./dataset/frames\12986236-hd_1080_1920_30fps_frame_0031.png,0,12986236-hd_1080_1920_30fps
./dataset/frames\13446869_1080_1920_60fps_frame_0000.png,0,13446869_1080_1920_60fps
./dataset/frames\13446869_1080_1920_60fps_frame_0001.png,0,13446869_1080_1920_60fps
./dataset/frames\13446869_1080_1920_60fps_frame_0002.png,0,13446869_1080_1920_60fps
./dataset/frames\13446869_1080_1920_60fps_frame_0003.png,0,13446869_1080_1920_60fps
./dataset/frames\13446869_1080_1920_60fps_frame_0004.png,0,13446869_1080_1920_60fps
./dataset/frames\13446869_1080_1920_60fps_frame_0005.png,0,13446869_1080_1920_60fps
./dataset/frames\13446869_1080_1920_60fps_frame_0006.png,0,13446869_1080_1920_60fps
./dataset/frames\13446869_1080_1920_60fps_frame_0007.png,0,13446869_1080_1920_60fps
./dataset/frames\13446869_1080_1920_60fps_frame_0008.png,0,13446869_1080_1920_60fps
./dataset/frames\13446869_1080_1920_60fps_frame_0009.png,0,13446869_1080_1920_60fps
./dataset/frames\13446869_1080_1920_60fps_frame_0010.png,0,13446869_1080_1920_60fps
./dataset/frames\13446869_1080_1920_60fps_frame_0011.png,0,13446869_1080_1920_60fps
./dataset/frames\13446869_1080_1920_60fps_frame_0012.png,0,13446869_1080_1920_60fps
./dataset/frames\13446869_1080_1920_60fps_frame_0013.png,0,13446869_1080_1920_60fps
./dataset/frames\13446869_1080_1920_60fps_frame_0014.png,0,13446869_1080_1920_60fps
./dataset/frames\13446869_1080_1920_60fps_frame_0015.png,0,13446869_1080_1920_60fps
./dataset/frames\13446869_1080_1920_60fps_frame_0016.png,0,13446869_1080_1920_60fps
./dataset/frames\13446869_1080_1920_60fps_frame_0017.png,0,13446869_1080_1920_60fps
./dataset/frames\13446869_1080_1920_60fps_frame_0018.png,0,13446869_1080_1920_60fps
./dataset/frames\13446869_1080_1920_60fps_frame_0019.png,0,13446869_1080_1920_60fps
./dataset/frames\13446869_1080_1920_60fps_frame_0020.png,0,13446869_1080_1920_60fps
./dataset/frames\13446869_1080_1920_60fps_frame_0021.png,0,13446869_1080_1920_60fps
./dataset/frames\13446869_1080_1920_60fps_frame_0022.png,0,13446869_1080_1920_60fps
./dataset/frames\13446869_1080_1920_60fps_frame_0023.png,0,13446869_1080_1920_60fps
./dataset/frames\13446869_1080_1920_60fps_frame_0024.png,0,13446869_1080_1920_60fps
./dataset/frames\13446869_1080_1920_60fps_frame_0025.png,0,13446869_1080_1920_60fps
./dataset/frames\13446869_1080_1920_60fps_frame_0026.png,0,13446869_1080_1920_60fps
./dataset/frames\13446869_1080_1920_60fps_frame_0027.png,0,13446869_1080_1920_60fps
./dataset/frames\13446869_1080_1920_60fps_frame_0028.png,0,13446869_1080_1920_60fps
./dataset/frames\13446869_1080_1920_60fps_frame_0029.png,0,13446869_1080_1920_60fps
./dataset/frames\13446869_1080_1920_60fps_frame_0030.png,0,13446869_1080_1920_60fps
./dataset/frames\13446869_1080_1920_60fps_frame_0031.png,0,13446869_1080_1920_60fps
./dataset/frames\14590079_3840_2160_50fps_frame_0000.png,0,14590079_3840_2160_50fps
./dataset/frames\14590079_3840_2160_50fps_frame_0001.png,0,14590079_3840_2160_50fps
./dataset/frames\14590079_3840_2160_50fps_frame_0002.png,0,14590079_3840_2160_50fps
./dataset/frames\14590079_3840_2160_50fps_frame_0003.png,0,14590079_3840_2160_50fps
./dataset/frames\14590079_3840_2160_50fps_frame_0004.png,0,14590079_3840_2160_50fps
./dataset/frames\14590079_3840_2160_50fps_frame_0005.png,0,14590079_3840_2160_50fps
./dataset/frames\14590079_3840_2160_50fps_frame_0006.png,0,14590079_3840_2160_50fps
./dataset/frames\14590079_3840_2160_50fps_frame_0007.png,0,14590079_3840_2160_50fps
./dataset/frames\14590079_3840_2160_50fps_frame_0008.png,0,14590079_3840_2160_50fps
./dataset/frames\14590079_3840_2160_50fps_frame_0009.png,0,14590079_3840_2160_50fps
./dataset/frames\14590079_3840_2160_50fps_frame_0010.png,0,14590079_3840_2160_50fps
./dataset/frames\14667614_3840_2160_30fps_frame_0000.png,0,14667614_3840_2160_30fps
./dataset/frames\14667614_3840_2160_30fps_frame_0001.png,0,14667614_3840_2160_30fps
./dataset/frames\14667614_3840_2160_30fps_frame_0002.png,0,14667614_3840_2160_30fps
./dataset/frames\14667614_3840_2160_30fps_frame_0003.png,0,14667614_3840_2160_30fps
./dataset/frames\14667614_3840_2160_30fps_frame_0004.png,0,14667614_3840_2160_30fps
./dataset/frames\14667614_3840_2160_30fps_frame_0005.png,0,14667614_3840_2160_30fps
./dataset/frames\14667614_3840_2160_30fps_frame_0006.png,0,14667614_3840_2160_30fps
./dataset/frames\14667614_3840_2160_30fps_frame_0007.png,0,14667614_3840_2160_30fps
./dataset/frames\14667614_3840_2160_30fps_frame_0008.png,0,14667614_3840_2160_30fps
./dataset/frames\14667614_3840_2160_30fps_frame_0009.png,0,14667614_3840_2160_30fps
./dataset/frames\14667614_3840_2160_30fps_frame_0010.png,0,14667614_3840_2160_30fps
./dataset/frames\14667614_3840_2160_30fps_frame_0011.png,0,14667614_3840_2160_30fps
./dataset/frames\15020038_1080_1920_30fps_frame_0000.png,0,15020038_1080_1920_30fps
./dataset/frames\15020038_1080_1920_30fps_frame_0001.png,0,15020038_1080_1920_30fps
./dataset/frames\15020038_1080_1920_30fps_frame_0002.png,0,15020038_1080_1920_30fps
./dataset/frames\15020038_1080_1920_30fps_frame_0003.png,0,15020038_1080_1920_30fps
./dataset/frames\15020038_1080_1920_30fps_frame_0004.png,0,15020038_1080_1920_30fps
./dataset/frames\15020038_1080_1920_30fps_frame_0005.png,0,15020038_1080_1920_30fps
./dataset/frames\15020038_1080_1920_30fps_frame_0006.png,0,15020038_1080_1920_30fps
./dataset/frames\15020038_1080_1920_30fps_frame_0007.png,0,15020038_1080_1920_30fps
./dataset/frames\15020038_1080_1920_30fps_frame_0008.png,0,15020038_1080_1920_30fps
./dataset/frames\15020038_1080_1920_30fps_frame_0009.png,0,15020038_1080_1920_30fps
./dataset/frames\15020038_1080_1920_30fps_frame_0010.png,0,15020038_1080_1920_30fps
./dataset/frames\15020038_1080_1920_30fps_frame_0011.png,0,15020038_1080_1920_30fps
./dataset/frames\15020038_1080_1920_30fps_frame_0012.png,0,15020038_1080_1920_30fps
./dataset/frames\15020038_1080_1920_30fps_frame_0013.png,0,15020038_1080_1920_30fps
./dataset/frames\15020038_1080_1920_30fps_frame_0014.png,0,15020038_1080_1920_30fps
./dataset/frames\15020038_1080_1920_30fps_frame_0015.png,0,15020038_1080_1920_30fps
./dataset/frames\15020038_1080_1920_30fps_frame_0016.png,0,15020038_1080_1920_30fps
./dataset/frames\15020038_1080_1920_30fps_frame_0017.png,0,15020038_1080_1920_30fps
./dataset/frames\15020038_1080_1920_30fps_frame_0018.png,0,15020038_1080_1920_30fps
./dataset/frames\15020038_1080_1920_30fps_frame_0019.png,0,15020038_1080_1920_30fps
./dataset/frames\15073904_3840_2160_24fps_frame_0000.png,0,15073904_3840_2160_24fps
./dataset/frames\15073904_3840_2160_24fps_frame_0001.png,0,15073904_3840_2160_24fps
./dataset/frames\15073904_3840_2160_24fps_frame_0002.png,0,15073904_3840_2160_24fps
./dataset/frames\15073904_3840_2160_24fps_frame_0003.png,0,15073904_3840_2160_24fps
./dataset/frames\15073904_3840_2160_24fps_frame_0004.png,0,15073904_3840_2160_24fps
./dataset/frames\15073904_3840_2160_24fps_frame_0005.png,0,15073904_3840_2160_24fps
./dataset/frames\15073904_3840_2160_24fps_frame_0006.png,0,15073904_3840_2160_24fps
./dataset/frames\15073904_3840_2160_24fps_frame_0007.png,0,15073904_3840_2160_24fps
./dataset/frames\15073904_3840_2160_24fps_frame_0008.png,0,15073904_3840_2160_24fps
./dataset/frames\15073904_3840_2160_24fps_frame_0009.png,0,15073904_3840_2160_24fps
./dataset/frames\15073904_3840_2160_24fps_frame_0010.png,0,15073904_3840_2160_24fps
./dataset/frames\15073904_3840_2160_24fps_frame_0011.png,0,15073904_3840_2160_24fps
./dataset/frames\15073904_3840_2160_24fps_frame_0012.png,0,15073904_3840_2160_24fps
./dataset/frames\15073904_3840_2160_24fps_frame_0013.png,0,15073904_3840_2160_24fps
./dataset/frames\15073904_3840_2160_24fps_frame_0014.png,0,15073904_3840_2160_24fps
./dataset/frames\15073904_3840_2160_24fps_frame_0015.png,0,15073904_3840_2160_24fps
./dataset/frames\15073904_3840_2160_24fps_frame_0016.png,0,15073904_3840_2160_24fps
./dataset/frames\15208635_1920_1080_30fps_frame_0000.png,0,15208635_1920_1080_30fps
./dataset/frames\15208635_1920_1080_30fps_frame_0001.png,0,15208635_1920_1080_30fps
./dataset/frames\15208635_1920_1080_30fps_frame_0002.png,0,15208635_1920_1080_30fps
./dataset/frames\15208635_1920_1080_30fps_frame_0003.png,0,15208635_1920_1080_30fps
./dataset/frames\15208635_1920_1080_30fps_frame_0004.png,0,15208635_1920_1080_30fps
./dataset/frames\15208635_1920_1080_30fps_frame_0005.png,0,15208635_1920_1080_30fps
./dataset/frames\15208635_1920_1080_30fps_frame_0006.png,0,15208635_1920_1080_30fps
./dataset/frames\15208635_1920_1080_30fps_frame_0007.png,0,15208635_1920_1080_30fps
./dataset/frames\15208635_1920_1080_30fps_frame_0008.png,0,15208635_1920_1080_30fps
./dataset/frames\15208635_1920_1080_30fps_frame_0009.png,0,15208635_1920_1080_30fps
./dataset/frames\15208635_1920_1080_30fps_frame_0010.png,0,15208635_1920_1080_30fps
./dataset/frames\15208635_1920_1080_30fps_frame_0011.png,0,15208635_1920_1080_30fps
./dataset/frames\15208635_1920_1080_30fps_frame_0012.png,0,15208635_1920_1080_30fps
./dataset/frames\15208635_1920_1080_30fps_frame_0013.png,0,15208635_1920_1080_30fps
./dataset/frames\15208635_1920_1080_30fps_frame_0014.png,0,15208635_1920_1080_30fps
./dataset/frames\15208635_1920_1080_30fps_frame_0015.png,0,15208635_1920_1080_30fps
./dataset/frames\15208635_1920_1080_30fps_frame_0016.png,0,15208635_1920_1080_30fps
./dataset/frames\15208635_1920_1080_30fps_frame_0017.png,0,15208635_1920_1080_30fps
./dataset/frames\15208635_1920_1080_30fps_frame_0018.png,0,15208635_1920_1080_30fps
./dataset/frames\15208635_1920_1080_30fps_frame_0019.png,0,15208635_1920_1080_30fps
./dataset/frames\15208635_1920_1080_30fps_frame_0020.png,0,15208635_1920_1080_30fps
./dataset/frames\15208635_1920_1080_30fps_frame_0021.png,0,15208635_1920_1080_30fps
./dataset/frames\15208635_1920_1080_30fps_frame_0022.png,0,15208635_1920_1080_30fps
./dataset/frames\15208635_1920_1080_30fps_frame_0023.png,0,15208635_1920_1080_30fps
./dataset/frames\15208635_1920_1080_30fps_frame_0024.png,0,15208635_1920_1080_30fps
./dataset/frames\15208635_1920_1080_30fps_frame_0025.png,0,15208635_1920_1080_30fps
./dataset/frames\15208635_1920_1080_30fps_frame_0026.png,0,15208635_1920_1080_30fps
./dataset/frames\15208635_1920_1080_30fps_frame_0027.png,0,15208635_1920_1080_30fps
./dataset/frames\15208635_1920_1080_30fps_frame_0028.png,0,15208635_1920_1080_30fps
./dataset/frames\15399966_1920_1080_30fps_frame_0000.png,0,15399966_1920_1080_30fps
./dataset/frames\15399966_1920_1080_30fps_frame_0001.png,0,15399966_1920_1080_30fps
./dataset/frames\15399966_1920_1080_30fps_frame_0002.png,0,15399966_1920_1080_30fps
./dataset/frames\15399966_1920_1080_30fps_frame_0003.png,0,15399966_1920_1080_30fps
./dataset/frames\15399966_1920_1080_30fps_frame_0004.png,0,15399966_1920_1080_30fps
./dataset/frames\15399966_1920_1080_30fps_frame_0005.png,0,15399966_1920_1080_30fps
./dataset/frames\15399966_1920_1080_30fps_frame_0006.png,0,15399966_1920_1080_30fps
./dataset/frames\15399966_1920_1080_30fps_frame_0007.png,0,15399966_1920_1080_30fps
./dataset/frames\15399966_1920_1080_30fps_frame_0008.png,0,15399966_1920_1080_30fps
./dataset/frames\15399966_1920_1080_30fps_frame_0009.png,0,15399966_1920_1080_30fps
./dataset/frames\15399966_1920_1080_30fps_frame_0010.png,0,15399966_1920_1080_30fps
./dataset/frames\15399966_1920_1080_30fps_frame_0011.png,0,15399966_1920_1080_30fps
./dataset/frames\15399966_1920_1080_30fps_frame_0012.png,0,15399966_1920_1080_30fps
./dataset/frames\15399966_1920_1080_30fps_frame_0013.png,0,15399966_1920_1080_30fps
./dataset/frames\15399966_1920_1080_30fps_frame_0014.png,0,15399966_1920_1080_30fps
./dataset/frames\15399966_1920_1080_30fps_frame_0015.png,0,15399966_1920_1080_30fps
./dataset/frames\15399966_1920_1080_30fps_frame_0016.png,0,15399966_1920_1080_30fps
./dataset/frames\15399966_1920_1080_30fps_frame_0017.png,0,15399966_1920_1080_30fps
./dataset/frames\15399966_1920_1080_30fps_frame_0018.png,0,15399966_1920_1080_30fps
./dataset/frames\15399966_1920_1080_30fps_frame_0019.png,0,15399966_1920_1080_30fps
./dataset/frames\15399966_1920_1080_30fps_frame_0020.png,0,15399966_1920_1080_30fps
./dataset/frames\15399966_1920_1080_30fps_frame_0021.png,0,15399966_1920_1080_30fps
./dataset/frames\15399966_1920_1080_30fps_frame_0022.png,0,15399966_1920_1080_30fps
./dataset/frames\15399966_1920_1080_30fps_frame_0023.png,0,15399966_1920_1080_30fps
./dataset/frames\15399966_1920_1080_30fps_frame_0024.png,0,15399966_1920_1080_30fps
./dataset/frames\15399966_1920_1080_30fps_frame_0025.png,0,15399966_1920_1080_30fps
./dataset/frames\15399966_1920_1080_30fps_frame_0026.png,0,15399966_1920_1080_30fps
./dataset/frames\15399966_1920_1080_30fps_frame_0027.png,0,15399966_1920_1080_30fps
./dataset/frames\15399966_1920_1080_30fps_frame_0028.png,0,15399966_1920_1080_30fps
./dataset/frames\15399966_1920_1080_30fps_frame_0029.png,0,15399966_1920_1080_30fps
./dataset/frames\15399966_1920_1080_30fps_frame_0030.png,0,15399966_1920_1080_30fps
./dataset/frames\15399966_1920_1080_30fps_frame_0031.png,0,15399966_1920_1080_30fps
./dataset/frames\15427335_1080_1920_50fps_frame_0000.png,0,15427335_1080_1920_50fps
./dataset/frames\15427335_1080_1920_50fps_frame_0001.png,0,15427335_1080_1920_50fps
./dataset/frames\15427335_1080_1920_50fps_frame_0002.png,0,15427335_1080_1920_50fps
./dataset/frames\15427335_1080_1920_50fps_frame_0003.png,0,15427335_1080_1920_50fps
./dataset/frames\15427335_1080_1920_50fps_frame_0004.png,0,15427335_1080_1920_50fps
./dataset/frames\15427335_1080_1920_50fps_frame_0005.png,0,15427335_1080_1920_50fps
./dataset/frames\15427335_1080_1920_50fps_frame_0006.png,0,15427335_1080_1920_50fps
./dataset/frames\15427335_1080_1920_50fps_frame_0007.png,0,15427335_1080_1920_50fps
./dataset/frames\15427335_1080_1920_50fps_frame_0008.png,0,15427335_1080_1920_50fps
./dataset/frames\15427335_1080_1920_50fps_frame_0009.png,0,15427335_1080_1920_50fps
./dataset/frames\15427335_1080_1920_50fps_frame_0010.png,0,15427335_1080_1920_50fps
./dataset/frames\15427335_1080_1920_50fps_frame_0011.png,0,15427335_1080_1920_50fps
./dataset/frames\15447888_3840_2160_60fps_frame_0000.png,0,15447888_3840_2160_60fps
./dataset/frames\15447888_3840_2160_60fps_frame_0001.png,0,15447888_3840_2160_60fps
./dataset/frames\15447888_3840_2160_60fps_frame_0002.png,0,15447888_3840_2160_60fps
./dataset/frames\15447888_3840_2160_60fps_frame_0003.png,0,15447888_3840_2160_60fps
./dataset/frames\15447888_3840_2160_60fps_frame_0004.png,0,15447888_3840_2160_60fps
./dataset/frames\15447888_3840_2160_60fps_frame_0005.png,0,15447888_3840_2160_60fps
./dataset/frames\15447888_3840_2160_60fps_frame_0006.png,0,15447888_3840_2160_60fps
./dataset/frames\15447888_3840_2160_60fps_frame_0007.png,0,15447888_3840_2160_60fps
./dataset/frames\15447888_3840_2160_60fps_frame_0008.png,0,15447888_3840_2160_60fps
./dataset/frames\15447888_3840_2160_60fps_frame_0009.png,0,15447888_3840_2160_60fps
./dataset/frames\15447888_3840_2160_60fps_frame_0010.png,0,15447888_3840_2160_60fps
./dataset/frames\15447888_3840_2160_60fps_frame_0011.png,0,15447888_3840_2160_60fps
./dataset/frames\15447888_3840_2160_60fps_frame_0012.png,0,15447888_3840_2160_60fps
./dataset/frames\15447888_3840_2160_60fps_frame_0013.png,0,15447888_3840_2160_60fps
./dataset/frames\15447888_3840_2160_60fps_frame_0014.png,0,15447888_3840_2160_60fps
./dataset/frames\15447888_3840_2160_60fps_frame_0015.png,0,15447888_3840_2160_60fps
./dataset/frames\15447888_3840_2160_60fps_frame_0016.png,0,15447888_3840_2160_60fps
./dataset/frames\15447888_3840_2160_60fps_frame_0017.png,0,15447888_3840_2160_60fps
./dataset/frames\15447888_3840_2160_60fps_frame_0018.png,0,15447888_3840_2160_60fps
./dataset/frames\15447888_3840_2160_60fps_frame_0019.png,0,15447888_3840_2160_60fps
./dataset/frames\15447888_3840_2160_60fps_frame_0020.png,0,15447888_3840_2160_60fps
./dataset/frames\15447888_3840_2160_60fps_frame_0021.png,0,15447888_3840_2160_60fps
./dataset/frames\15447888_3840_2160_60fps_frame_0022.png,0,15447888_3840_2160_60fps
./dataset/frames\15447888_3840_2160_60fps_frame_0023.png,0,15447888_3840_2160_60fps
./dataset/frames\15447888_3840_2160_60fps_frame_0024.png,0,15447888_3840_2160_60fps
./dataset/frames\15447888_3840_2160_60fps_frame_0025.png,0,15447888_3840_2160_60fps
./dataset/frames\15447888_3840_2160_60fps_frame_0026.png,0,15447888_3840_2160_60fps
./dataset/frames\15447888_3840_2160_60fps_frame_0027.png,0,15447888_3840_2160_60fps
./dataset/frames\15447888_3840_2160_60fps_frame_0028.png,0,15447888_3840_2160_60fps
./dataset/frames\15447888_3840_2160_60fps_frame_0029.png,0,15447888_3840_2160_60fps
./dataset/frames\15447888_3840_2160_60fps_frame_0030.png,0,15447888_3840_2160_60fps
./dataset/frames\15447888_3840_2160_60fps_frame_0031.png,0,15447888_3840_2160_60fps
./dataset/frames\15447888_3840_2160_60fps_frame_0032.png,0,15447888_3840_2160_60fps
./dataset/frames\15456424-uhd_3840_2160_30fps_frame_0000.png,0,15456424-uhd_3840_2160_30fps
./dataset/frames\15456424-uhd_3840_2160_30fps_frame_0001.png,0,15456424-uhd_3840_2160_30fps
./dataset/frames\15456424-uhd_3840_2160_30fps_frame_0002.png,0,15456424-uhd_3840_2160_30fps
./dataset/frames\15456424-uhd_3840_2160_30fps_frame_0003.png,0,15456424-uhd_3840_2160_30fps
./dataset/frames\15456424-uhd_3840_2160_30fps_frame_0004.png,0,15456424-uhd_3840_2160_30fps
./dataset/frames\15456424-uhd_3840_2160_30fps_frame_0005.png,0,15456424-uhd_3840_2160_30fps
./dataset/frames\15456424-uhd_3840_2160_30fps_frame_0006.png,0,15456424-uhd_3840_2160_30fps
./dataset/frames\15510985_2160_3840_30fps_frame_0000.png,0,15510985_2160_3840_30fps
./dataset/frames\15510985_2160_3840_30fps_frame_0001.png,0,15510985_2160_3840_30fps
./dataset/frames\15510985_2160_3840_30fps_frame_0002.png,0,15510985_2160_3840_30fps
./dataset/frames\15510985_2160_3840_30fps_frame_0003.png,0,15510985_2160_3840_30fps
./dataset/frames\15510985_2160_3840_30fps_frame_0004.png,0,15510985_2160_3840_30fps
./dataset/frames\15510985_2160_3840_30fps_frame_0005.png,0,15510985_2160_3840_30fps
./dataset/frames\15510985_2160_3840_30fps_frame_0006.png,0,15510985_2160_3840_30fps
./dataset/frames\15510985_2160_3840_30fps_frame_0007.png,0,15510985_2160_3840_30fps
./dataset/frames\15510985_2160_3840_30fps_frame_0008.png,0,15510985_2160_3840_30fps
./dataset/frames\15510985_2160_3840_30fps_frame_0009.png,0,15510985_2160_3840_30fps
./dataset/frames\15510985_2160_3840_30fps_frame_0010.png,0,15510985_2160_3840_30fps
./dataset/frames\15510985_2160_3840_30fps_frame_0011.png,0,15510985_2160_3840_30fps
./dataset/frames\15510985_2160_3840_30fps_frame_0012.png,0,15510985_2160_3840_30fps
./dataset/frames\15510985_2160_3840_30fps_frame_0013.png,0,15510985_2160_3840_30fps
./dataset/frames\15510985_2160_3840_30fps_frame_0014.png,0,15510985_2160_3840_30fps
./dataset/frames\15510985_2160_3840_30fps_frame_0015.png,0,15510985_2160_3840_30fps
./dataset/frames\15510985_2160_3840_30fps_frame_0016.png,0,15510985_2160_3840_30fps
./dataset/frames\15510985_2160_3840_30fps_frame_0017.png,0,15510985_2160_3840_30fps
./dataset/frames\15510985_2160_3840_30fps_frame_0018.png,0,15510985_2160_3840_30fps
./dataset/frames\15510985_2160_3840_30fps_frame_0019.png,0,15510985_2160_3840_30fps
./dataset/frames\15510985_2160_3840_30fps_frame_0020.png,0,15510985_2160_3840_30fps
./dataset/frames\15510985_2160_3840_30fps_frame_0021.png,0,15510985_2160_3840_30fps
./dataset/frames\15510985_2160_3840_30fps_frame_0022.png,0,15510985_2160_3840_30fps
./dataset/frames\15510985_2160_3840_30fps_frame_0023.png,0,15510985_2160_3840_30fps
./dataset/frames\15510985_2160_3840_30fps_frame_0024.png,0,15510985_2160_3840_30fps
./dataset/frames\15510985_2160_3840_30fps_frame_0025.png,0,15510985_2160_3840_30fps
./dataset/frames\15510985_2160_3840_30fps_frame_0026.png,0,15510985_2160_3840_30fps
./dataset/frames\15510985_2160_3840_30fps_frame_0027.png,0,15510985_2160_3840_30fps
./dataset/frames\15510985_2160_3840_30fps_frame_0028.png,0,15510985_2160_3840_30fps
./dataset/frames\15510985_2160_3840_30fps_frame_0029.png,0,15510985_2160_3840_30fps
./dataset/frames\15510985_2160_3840_30fps_frame_0030.png,0,15510985_2160_3840_30fps
./dataset/frames\15510985_2160_3840_30fps_frame_0031.png,0,15510985_2160_3840_30fps
./dataset/frames\15510985_2160_3840_30fps_frame_0032.png,0,15510985_2160_3840_30fps
./dataset/frames\15510985_2160_3840_30fps_frame_0033.png,0,15510985_2160_3840_30fps
./dataset/frames\15510985_2160_3840_30fps_frame_0034.png,0,15510985_2160_3840_30fps
./dataset/frames\15510985_2160_3840_30fps_frame_0035.png,0,15510985_2160_3840_30fps
./dataset/frames\15510985_2160_3840_30fps_frame_0036.png,0,15510985_2160_3840_30fps
./dataset/frames\15517392_1920_1080_60fps_frame_0000.png,0,15517392_1920_1080_60fps
./dataset/frames\15517392_1920_1080_60fps_frame_0001.png,0,15517392_1920_1080_60fps
./dataset/frames\15517392_1920_1080_60fps_frame_0002.png,0,15517392_1920_1080_60fps
./dataset/frames\15517392_1920_1080_60fps_frame_0003.png,0,15517392_1920_1080_60fps
./dataset/frames\15517392_1920_1080_60fps_frame_0004.png,0,15517392_1920_1080_60fps
./dataset/frames\15517392_1920_1080_60fps_frame_0005.png,0,15517392_1920_1080_60fps
./dataset/frames\15517392_1920_1080_60fps_frame_0006.png,0,15517392_1920_1080_60fps
./dataset/frames\15517392_1920_1080_60fps_frame_0007.png,0,15517392_1920_1080_60fps
./dataset/frames\15517392_1920_1080_60fps_frame_0008.png,0,15517392_1920_1080_60fps
./dataset/frames\15517392_1920_1080_60fps_frame_0009.png,0,15517392_1920_1080_60fps
./dataset/frames\15517392_1920_1080_60fps_frame_0010.png,0,15517392_1920_1080_60fps
./dataset/frames\15517392_1920_1080_60fps_frame_0011.png,0,15517392_1920_1080_60fps
./dataset/frames\15517392_1920_1080_60fps_frame_0012.png,0,15517392_1920_1080_60fps
./dataset/frames\15517392_1920_1080_60fps_frame_0013.png,0,15517392_1920_1080_60fps
./dataset/frames\15517392_1920_1080_60fps_frame_0014.png,0,15517392_1920_1080_60fps
./dataset/frames\15517392_1920_1080_60fps_frame_0015.png,0,15517392_1920_1080_60fps
./dataset/frames\15517392_1920_1080_60fps_frame_0016.png,0,15517392_1920_1080_60fps
./dataset/frames\15517392_1920_1080_60fps_frame_0017.png,0,15517392_1920_1080_60fps
./dataset/frames\15517392_1920_1080_60fps_frame_0018.png,0,15517392_1920_1080_60fps
./dataset/frames\15517392_1920_1080_60fps_frame_0019.png,0,15517392_1920_1080_60fps
./dataset/frames\15517392_1920_1080_60fps_frame_0020.png,0,15517392_1920_1080_60fps
./dataset/frames\15528130_2160_3840_60fps_frame_0000.png,0,15528130_2160_3840_60fps
./dataset/frames\15528130_2160_3840_60fps_frame_0001.png,0,15528130_2160_3840_60fps
./dataset/frames\15528130_2160_3840_60fps_frame_0002.png,0,15528130_2160_3840_60fps
./dataset/frames\15528130_2160_3840_60fps_frame_0003.png,0,15528130_2160_3840_60fps
./dataset/frames\15528130_2160_3840_60fps_frame_0004.png,0,15528130_2160_3840_60fps
./dataset/frames\15528130_2160_3840_60fps_frame_0005.png,0,15528130_2160_3840_60fps
./dataset/frames\15528130_2160_3840_60fps_frame_0006.png,0,15528130_2160_3840_60fps
./dataset/frames\15528130_2160_3840_60fps_frame_0007.png,0,15528130_2160_3840_60fps
./dataset/frames\15528130_2160_3840_60fps_frame_0008.png,0,15528130_2160_3840_60fps
./dataset/frames\15528130_2160_3840_60fps_frame_0009.png,0,15528130_2160_3840_60fps
./dataset/frames\15528130_2160_3840_60fps_frame_0010.png,0,15528130_2160_3840_60fps
./dataset/frames\15528130_2160_3840_60fps_frame_0011.png,0,15528130_2160_3840_60fps
./dataset/frames\15528130_2160_3840_60fps_frame_0012.png,0,15528130_2160_3840_60fps
./dataset/frames\15528130_2160_3840_60fps_frame_0013.png,0,15528130_2160_3840_60fps
./dataset/frames\15528130_2160_3840_60fps_frame_0014.png,0,15528130_2160_3840_60fps
./dataset/frames\15528130_2160_3840_60fps_frame_0015.png,0,15528130_2160_3840_60fps
./dataset/frames\15528130_2160_3840_60fps_frame_0016.png,0,15528130_2160_3840_60fps
./dataset/frames\15528130_2160_3840_60fps_frame_0017.png,0,15528130_2160_3840_60fps
./dataset/frames\15528130_2160_3840_60fps_frame_0018.png,0,15528130_2160_3840_60fps
./dataset/frames\15528130_2160_3840_60fps_frame_0019.png,0,15528130_2160_3840_60fps
./dataset/frames\15528130_2160_3840_60fps_frame_0020.png,0,15528130_2160_3840_60fps
./dataset/frames\15528130_2160_3840_60fps_frame_0021.png,0,15528130_2160_3840_60fps
./dataset/frames\15528130_2160_3840_60fps_frame_0022.png,0,15528130_2160_3840_60fps
./dataset/frames\15528130_2160_3840_60fps_frame_0023.png,0,15528130_2160_3840_60fps
./dataset/frames\15528130_2160_3840_60fps_frame_0024.png,0,15528130_2160_3840_60fps
./dataset/frames\15528130_2160_3840_60fps_frame_0025.png,0,15528130_2160_3840_60fps
./dataset/frames\15533073_1920_1080_50fps_frame_0000.png,0,15533073_1920_1080_50fps
./dataset/frames\15533073_1920_1080_50fps_frame_0001.png,0,15533073_1920_1080_50fps
./dataset/frames\15533073_1920_1080_50fps_frame_0002.png,0,15533073_1920_1080_50fps
./dataset/frames\15533073_1920_1080_50fps_frame_0003.png,0,15533073_1920_1080_50fps
./dataset/frames\15533073_1920_1080_50fps_frame_0004.png,0,15533073_1920_1080_50fps
./dataset/frames\15533073_1920_1080_50fps_frame_0005.png,0,15533073_1920_1080_50fps
./dataset/frames\15533073_1920_1080_50fps_frame_0006.png,0,15533073_1920_1080_50fps
./dataset/frames\15533073_1920_1080_50fps_frame_0007.png,0,15533073_1920_1080_50fps
./dataset/frames\15533073_1920_1080_50fps_frame_0008.png,0,15533073_1920_1080_50fps
./dataset/frames\15533073_1920_1080_50fps_frame_0009.png,0,15533073_1920_1080_50fps
./dataset/frames\15533073_1920_1080_50fps_frame_0010.png,0,15533073_1920_1080_50fps
./dataset/frames\15533073_1920_1080_50fps_frame_0011.png,0,15533073_1920_1080_50fps
./dataset/frames\15533073_1920_1080_50fps_frame_0012.png,0,15533073_1920_1080_50fps
./dataset/frames\15533073_1920_1080_50fps_frame_0013.png,0,15533073_1920_1080_50fps
./dataset/frames\15533073_1920_1080_50fps_frame_0014.png,0,15533073_1920_1080_50fps
./dataset/frames\15533073_1920_1080_50fps_frame_0015.png,0,15533073_1920_1080_50fps
./dataset/frames\15533073_1920_1080_50fps_frame_0016.png,0,15533073_1920_1080_50fps
./dataset/frames\15533073_1920_1080_50fps_frame_0017.png,0,15533073_1920_1080_50fps
./dataset/frames\15533073_1920_1080_50fps_frame_0018.png,0,15533073_1920_1080_50fps
./dataset/frames\15533073_1920_1080_50fps_frame_0019.png,0,15533073_1920_1080_50fps
./dataset/frames\15533073_1920_1080_50fps_frame_0020.png,0,15533073_1920_1080_50fps
./dataset/frames\15533073_1920_1080_50fps_frame_0021.png,0,15533073_1920_1080_50fps
./dataset/frames\15533073_1920_1080_50fps_frame_0022.png,0,15533073_1920_1080_50fps
./dataset/frames\15533073_1920_1080_50fps_frame_0023.png,0,15533073_1920_1080_50fps
./dataset/frames\15533073_1920_1080_50fps_frame_0024.png,0,15533073_1920_1080_50fps
./dataset/frames\15533073_1920_1080_50fps_frame_0025.png,0,15533073_1920_1080_50fps
./dataset/frames\15533073_1920_1080_50fps_frame_0026.png,0,15533073_1920_1080_50fps
./dataset/frames\15533073_1920_1080_50fps_frame_0027.png,0,15533073_1920_1080_50fps
./dataset/frames\15533073_1920_1080_50fps_frame_0028.png,0,15533073_1920_1080_50fps
./dataset/frames\15533073_1920_1080_50fps_frame_0029.png,0,15533073_1920_1080_50fps
./dataset/frames\15540646_3840_2160_30fps_frame_0000.png,0,15540646_3840_2160_30fps
./dataset/frames\15540646_3840_2160_30fps_frame_0001.png,0,15540646_3840_2160_30fps
./dataset/frames\15540646_3840_2160_30fps_frame_0002.png,0,15540646_3840_2160_30fps
./dataset/frames\15540646_3840_2160_30fps_frame_0003.png,0,15540646_3840_2160_30fps
./dataset/frames\15540646_3840_2160_30fps_frame_0004.png,0,15540646_3840_2160_30fps
./dataset/frames\15540646_3840_2160_30fps_frame_0005.png,0,15540646_3840_2160_30fps
./dataset/frames\15540646_3840_2160_30fps_frame_0006.png,0,15540646_3840_2160_30fps
./dataset/frames\15540646_3840_2160_30fps_frame_0007.png,0,15540646_3840_2160_30fps
./dataset/frames\15540646_3840_2160_30fps_frame_0008.png,0,15540646_3840_2160_30fps
./dataset/frames\15540646_3840_2160_30fps_frame_0009.png,0,15540646_3840_2160_30fps
./dataset/frames\15540646_3840_2160_30fps_frame_0010.png,0,15540646_3840_2160_30fps
./dataset/frames\15540646_3840_2160_30fps_frame_0011.png,0,15540646_3840_2160_30fps
./dataset/frames\15540646_3840_2160_30fps_frame_0012.png,0,15540646_3840_2160_30fps
./dataset/frames\15540646_3840_2160_30fps_frame_0013.png,0,15540646_3840_2160_30fps
./dataset/frames\15540646_3840_2160_30fps_frame_0014.png,0,15540646_3840_2160_30fps
./dataset/frames\15540646_3840_2160_30fps_frame_0015.png,0,15540646_3840_2160_30fps
./dataset/frames\15540646_3840_2160_30fps_frame_0016.png,0,15540646_3840_2160_30fps
./dataset/frames\15540646_3840_2160_30fps_frame_0017.png,0,15540646_3840_2160_30fps
./dataset/frames\15540646_3840_2160_30fps_frame_0018.png,0,15540646_3840_2160_30fps
./dataset/frames\15540646_3840_2160_30fps_frame_0019.png,0,15540646_3840_2160_30fps
./dataset/frames\15540646_3840_2160_30fps_frame_0020.png,0,15540646_3840_2160_30fps
./dataset/frames\15540646_3840_2160_30fps_frame_0021.png,0,15540646_3840_2160_30fps
./dataset/frames\15540646_3840_2160_30fps_frame_0022.png,0,15540646_3840_2160_30fps
./dataset/frames\15540646_3840_2160_30fps_frame_0023.png,0,15540646_3840_2160_30fps
./dataset/frames\15540646_3840_2160_30fps_frame_0024.png,0,15540646_3840_2160_30fps
./dataset/frames\15540646_3840_2160_30fps_frame_0025.png,0,15540646_3840_2160_30fps
./dataset/frames\15540646_3840_2160_30fps_frame_0026.png,0,15540646_3840_2160_30fps
./dataset/frames\15565649_3840_2160_60fps_frame_0000.png,0,15565649_3840_2160_60fps
./dataset/frames\15565649_3840_2160_60fps_frame_0001.png,0,15565649_3840_2160_60fps
./dataset/frames\15565649_3840_2160_60fps_frame_0002.png,0,15565649_3840_2160_60fps
./dataset/frames\15565649_3840_2160_60fps_frame_0003.png,0,15565649_3840_2160_60fps
./dataset/frames\15565649_3840_2160_60fps_frame_0004.png,0,15565649_3840_2160_60fps
./dataset/frames\15565649_3840_2160_60fps_frame_0005.png,0,15565649_3840_2160_60fps
./dataset/frames\15565649_3840_2160_60fps_frame_0006.png,0,15565649_3840_2160_60fps
./dataset/frames\15565649_3840_2160_60fps_frame_0007.png,0,15565649_3840_2160_60fps
./dataset/frames\15565649_3840_2160_60fps_frame_0008.png,0,15565649_3840_2160_60fps
./dataset/frames\15565649_3840_2160_60fps_frame_0009.png,0,15565649_3840_2160_60fps
./dataset/frames\15565649_3840_2160_60fps_frame_0010.png,0,15565649_3840_2160_60fps
./dataset/frames\15565649_3840_2160_60fps_frame_0011.png,0,15565649_3840_2160_60fps
./dataset/frames\15565649_3840_2160_60fps_frame_0012.png,0,15565649_3840_2160_60fps
./dataset/frames\15565649_3840_2160_60fps_frame_0013.png,0,15565649_3840_2160_60fps
./dataset/frames\15565649_3840_2160_60fps_frame_0014.png,0,15565649_3840_2160_60fps
./dataset/frames\15578137_1920_1080_60fps_frame_0000.png,0,15578137_1920_1080_60fps
./dataset/frames\15578137_1920_1080_60fps_frame_0001.png,0,15578137_1920_1080_60fps
./dataset/frames\15578137_1920_1080_60fps_frame_0002.png,0,15578137_1920_1080_60fps
./dataset/frames\15578137_1920_1080_60fps_frame_0003.png,0,15578137_1920_1080_60fps
./dataset/frames\15578137_1920_1080_60fps_frame_0004.png,0,15578137_1920_1080_60fps
./dataset/frames\15578137_1920_1080_60fps_frame_0005.png,0,15578137_1920_1080_60fps
./dataset/frames\15578137_1920_1080_60fps_frame_0006.png,0,15578137_1920_1080_60fps
./dataset/frames\15578137_1920_1080_60fps_frame_0007.png,0,15578137_1920_1080_60fps
./dataset/frames\15578137_1920_1080_60fps_frame_0008.png,0,15578137_1920_1080_60fps
./dataset/frames\15578137_1920_1080_60fps_frame_0009.png,0,15578137_1920_1080_60fps
./dataset/frames\15578137_1920_1080_60fps_frame_0010.png,0,15578137_1920_1080_60fps
./dataset/frames\15578137_1920_1080_60fps_frame_0011.png,0,15578137_1920_1080_60fps
./dataset/frames\15578137_1920_1080_60fps_frame_0012.png,0,15578137_1920_1080_60fps
./dataset/frames\15578137_1920_1080_60fps_frame_0013.png,0,15578137_1920_1080_60fps
./dataset/frames\15578137_1920_1080_60fps_frame_0014.png,0,15578137_1920_1080_60fps
./dataset/frames\15578137_1920_1080_60fps_frame_0015.png,0,15578137_1920_1080_60fps
./dataset/frames\15578137_1920_1080_60fps_frame_0016.png,0,15578137_1920_1080_60fps
./dataset/frames\15582499_3840_2160_60fps_frame_0000.png,0,15582499_3840_2160_60fps
./dataset/frames\15582499_3840_2160_60fps_frame_0001.png,0,15582499_3840_2160_60fps
./dataset/frames\15582499_3840_2160_60fps_frame_0002.png,0,15582499_3840_2160_60fps
./dataset/frames\15582499_3840_2160_60fps_frame_0003.png,0,15582499_3840_2160_60fps
./dataset/frames\15582499_3840_2160_60fps_frame_0004.png,0,15582499_3840_2160_60fps
./dataset/frames\15582499_3840_2160_60fps_frame_0005.png,0,15582499_3840_2160_60fps
./dataset/frames\15582499_3840_2160_60fps_frame_0006.png,0,15582499_3840_2160_60fps
./dataset/frames\15582499_3840_2160_60fps_frame_0007.png,0,15582499_3840_2160_60fps
./dataset/frames\15582499_3840_2160_60fps_frame_0008.png,0,15582499_3840_2160_60fps
./dataset/frames\15582499_3840_2160_60fps_frame_0009.png,0,15582499_3840_2160_60fps
./dataset/frames\15582499_3840_2160_60fps_frame_0010.png,0,15582499_3840_2160_60fps
./dataset/frames\15582499_3840_2160_60fps_frame_0011.png,0,15582499_3840_2160_60fps
./dataset/frames\15582499_3840_2160_60fps_frame_0012.png,0,15582499_3840_2160_60fps
./dataset/frames\15582499_3840_2160_60fps_frame_0013.png,0,15582499_3840_2160_60fps
./dataset/frames\15582499_3840_2160_60fps_frame_0014.png,0,15582499_3840_2160_60fps
./dataset/frames\15582499_3840_2160_60fps_frame_0015.png,0,15582499_3840_2160_60fps
./dataset/frames\15582499_3840_2160_60fps_frame_0016.png,0,15582499_3840_2160_60fps
./dataset/frames\15582499_3840_2160_60fps_frame_0017.png,0,15582499_3840_2160_60fps
./dataset/frames\15582499_3840_2160_60fps_frame_0018.png,0,15582499_3840_2160_60fps
./dataset/frames\15582499_3840_2160_60fps_frame_0019.png,0,15582499_3840_2160_60fps
./dataset/frames\15582499_3840_2160_60fps_frame_0020.png,0,15582499_3840_2160_60fps
./dataset/frames\15582499_3840_2160_60fps_frame_0021.png,0,15582499_3840_2160_60fps
./dataset/frames\15582499_3840_2160_60fps_frame_0022.png,0,15582499_3840_2160_60fps
./dataset/frames\15614001_3840_2160_30fps_frame_0000.png,0,15614001_3840_2160_30fps
./dataset/frames\15614001_3840_2160_30fps_frame_0001.png,0,15614001_3840_2160_30fps
./dataset/frames\15614001_3840_2160_30fps_frame_0002.png,0,15614001_3840_2160_30fps
./dataset/frames\15614001_3840_2160_30fps_frame_0003.png,0,15614001_3840_2160_30fps
./dataset/frames\15614001_3840_2160_30fps_frame_0004.png,0,15614001_3840_2160_30fps
./dataset/frames\15614001_3840_2160_30fps_frame_0005.png,0,15614001_3840_2160_30fps
./dataset/frames\15614001_3840_2160_30fps_frame_0006.png,0,15614001_3840_2160_30fps
./dataset/frames\15614001_3840_2160_30fps_frame_0007.png,0,15614001_3840_2160_30fps
./dataset/frames\15614001_3840_2160_30fps_frame_0008.png,0,15614001_3840_2160_30fps
./dataset/frames\15614001_3840_2160_30fps_frame_0009.png,0,15614001_3840_2160_30fps
./dataset/frames\15614001_3840_2160_30fps_frame_0010.png,0,15614001_3840_2160_30fps
./dataset/frames\15614001_3840_2160_30fps_frame_0011.png,0,15614001_3840_2160_30fps
./dataset/frames\15614001_3840_2160_30fps_frame_0012.png,0,15614001_3840_2160_30fps
./dataset/frames\15614001_3840_2160_30fps_frame_0013.png,0,15614001_3840_2160_30fps
./dataset/frames\15614001_3840_2160_30fps_frame_0014.png,0,15614001_3840_2160_30fps
./dataset/frames\15614001_3840_2160_30fps_frame_0015.png,0,15614001_3840_2160_30fps
./dataset/frames\15614001_3840_2160_30fps_frame_0016.png,0,15614001_3840_2160_30fps
./dataset/frames\15614001_3840_2160_30fps_frame_0017.png,0,15614001_3840_2160_30fps
./dataset/frames\15614001_3840_2160_30fps_frame_0018.png,0,15614001_3840_2160_30fps
./dataset/frames\15614001_3840_2160_30fps_frame_0019.png,0,15614001_3840_2160_30fps
./dataset/frames\15614001_3840_2160_30fps_frame_0020.png,0,15614001_3840_2160_30fps
./dataset/frames\15614001_3840_2160_30fps_frame_0021.png,0,15614001_3840_2160_30fps
./dataset/frames\15614001_3840_2160_30fps_frame_0022.png,0,15614001_3840_2160_30fps
./dataset/frames\15614001_3840_2160_30fps_frame_0023.png,0,15614001_3840_2160_30fps
./dataset/frames\15614001_3840_2160_30fps_frame_0024.png,0,15614001_3840_2160_30fps
./dataset/frames\15614001_3840_2160_30fps_frame_0025.png,0,15614001_3840_2160_30fps
./dataset/frames\15614001_3840_2160_30fps_frame_0026.png,0,15614001_3840_2160_30fps
./dataset/frames\15614001_3840_2160_30fps_frame_0027.png,0,15614001_3840_2160_30fps
./dataset/frames\15614001_3840_2160_30fps_frame_0028.png,0,15614001_3840_2160_30fps
./dataset/frames\15614001_3840_2160_30fps_frame_0029.png,0,15614001_3840_2160_30fps
./dataset/frames\15614001_3840_2160_30fps_frame_0030.png,0,15614001_3840_2160_30fps
./dataset/frames\15614001_3840_2160_30fps_frame_0031.png,0,15614001_3840_2160_30fps
./dataset/frames\15614001_3840_2160_30fps_frame_0032.png,0,15614001_3840_2160_30fps
./dataset/frames\15614001_3840_2160_30fps_frame_0033.png,0,15614001_3840_2160_30fps
./dataset/frames\15614001_3840_2160_30fps_frame_0034.png,0,15614001_3840_2160_30fps
./dataset/frames\15614001_3840_2160_30fps_frame_0035.png,0,15614001_3840_2160_30fps
./dataset/frames\15614001_3840_2160_30fps_frame_0036.png,0,15614001_3840_2160_30fps
./dataset/frames\15614001_3840_2160_30fps_frame_0037.png,0,15614001_3840_2160_30fps
./dataset/frames\15614001_3840_2160_30fps_frame_0038.png,0,15614001_3840_2160_30fps
./dataset/frames\15614001_3840_2160_30fps_frame_0039.png,0,15614001_3840_2160_30fps
./dataset/frames\15615639_3840_2160_60fps_frame_0000.png,0,15615639_3840_2160_60fps
./dataset/frames\15615639_3840_2160_60fps_frame_0001.png,0,15615639_3840_2160_60fps
./dataset/frames\15615639_3840_2160_60fps_frame_0002.png,0,15615639_3840_2160_60fps
./dataset/frames\15615639_3840_2160_60fps_frame_0003.png,0,15615639_3840_2160_60fps
./dataset/frames\15615639_3840_2160_60fps_frame_0004.png,0,15615639_3840_2160_60fps
./dataset/frames\15615639_3840_2160_60fps_frame_0005.png,0,15615639_3840_2160_60fps
./dataset/frames\15615639_3840_2160_60fps_frame_0006.png,0,15615639_3840_2160_60fps
./dataset/frames\15615639_3840_2160_60fps_frame_0007.png,0,15615639_3840_2160_60fps
./dataset/frames\15615639_3840_2160_60fps_frame_0008.png,0,15615639_3840_2160_60fps
./dataset/frames\15615639_3840_2160_60fps_frame_0009.png,0,15615639_3840_2160_60fps
./dataset/frames\15615639_3840_2160_60fps_frame_0010.png,0,15615639_3840_2160_60fps
./dataset/frames\15615639_3840_2160_60fps_frame_0011.png,0,15615639_3840_2160_60fps
./dataset/frames\15615639_3840_2160_60fps_frame_0012.png,0,15615639_3840_2160_60fps
./dataset/frames\15615639_3840_2160_60fps_frame_0013.png,0,15615639_3840_2160_60fps
./dataset/frames\15615639_3840_2160_60fps_frame_0014.png,0,15615639_3840_2160_60fps
./dataset/frames\15615639_3840_2160_60fps_frame_0015.png,0,15615639_3840_2160_60fps
./dataset/frames\15615639_3840_2160_60fps_frame_0016.png,0,15615639_3840_2160_60fps
./dataset/frames\15615639_3840_2160_60fps_frame_0017.png,0,15615639_3840_2160_60fps
./dataset/frames\15615639_3840_2160_60fps_frame_0018.png,0,15615639_3840_2160_60fps
./dataset/frames\15615639_3840_2160_60fps_frame_0019.png,0,15615639_3840_2160_60fps
./dataset/frames\15615639_3840_2160_60fps_frame_0020.png,0,15615639_3840_2160_60fps
./dataset/frames\15615639_3840_2160_60fps_frame_0021.png,0,15615639_3840_2160_60fps
./dataset/frames\15615639_3840_2160_60fps_frame_0022.png,0,15615639_3840_2160_60fps
./dataset/frames\15615639_3840_2160_60fps_frame_0023.png,0,15615639_3840_2160_60fps
./dataset/frames\15615639_3840_2160_60fps_frame_0024.png,0,15615639_3840_2160_60fps
./dataset/frames\15615639_3840_2160_60fps_frame_0025.png,0,15615639_3840_2160_60fps
./dataset/frames\15615639_3840_2160_60fps_frame_0026.png,0,15615639_3840_2160_60fps
./dataset/frames\15615639_3840_2160_60fps_frame_0027.png,0,15615639_3840_2160_60fps
./dataset/frames\15615639_3840_2160_60fps_frame_0028.png,0,15615639_3840_2160_60fps
./dataset/frames\18990796-uhd_3840_2160_60fps_frame_0000.png,0,18990796-uhd_3840_2160_60fps
./dataset/frames\18990796-uhd_3840_2160_60fps_frame_0001.png,0,18990796-uhd_3840_2160_60fps
./dataset/frames\18990796-uhd_3840_2160_60fps_frame_0002.png,0,18990796-uhd_3840_2160_60fps
./dataset/frames\18990796-uhd_3840_2160_60fps_frame_0003.png,0,18990796-uhd_3840_2160_60fps
./dataset/frames\18990796-uhd_3840_2160_60fps_frame_0004.png,0,18990796-uhd_3840_2160_60fps
./dataset/frames\18990796-uhd_3840_2160_60fps_frame_0005.png,0,18990796-uhd_3840_2160_60fps
./dataset/frames\18990796-uhd_3840_2160_60fps_frame_0006.png,0,18990796-uhd_3840_2160_60fps
./dataset/frames\18990796-uhd_3840_2160_60fps_frame_0007.png,0,18990796-uhd_3840_2160_60fps
./dataset/frames\18990796-uhd_3840_2160_60fps_frame_0008.png,0,18990796-uhd_3840_2160_60fps
./dataset/frames\18990796-uhd_3840_2160_60fps_frame_0009.png,0,18990796-uhd_3840_2160_60fps
./dataset/frames\18990796-uhd_3840_2160_60fps_frame_0010.png,0,18990796-uhd_3840_2160_60fps
./dataset/frames\18990796-uhd_3840_2160_60fps_frame_0011.png,0,18990796-uhd_3840_2160_60fps
./dataset/frames\18990796-uhd_3840_2160_60fps_frame_0012.png,0,18990796-uhd_3840_2160_60fps
./dataset/frames\18990796-uhd_3840_2160_60fps_frame_0013.png,0,18990796-uhd_3840_2160_60fps
./dataset/frames\18990796-uhd_3840_2160_60fps_frame_0014.png,0,18990796-uhd_3840_2160_60fps
./dataset/frames\18990796-uhd_3840_2160_60fps_frame_0015.png,0,18990796-uhd_3840_2160_60fps
./dataset/frames\18990796-uhd_3840_2160_60fps_frame_0016.png,0,18990796-uhd_3840_2160_60fps
./dataset/frames\18990796-uhd_3840_2160_60fps_frame_0017.png,0,18990796-uhd_3840_2160_60fps
./dataset/frames\18990796-uhd_3840_2160_60fps_frame_0018.png,0,18990796-uhd_3840_2160_60fps
./dataset/frames\18990796-uhd_3840_2160_60fps_frame_0019.png,0,18990796-uhd_3840_2160_60fps
./dataset/frames\18990796-uhd_3840_2160_60fps_frame_0020.png,0,18990796-uhd_3840_2160_60fps
./dataset/frames\18990796-uhd_3840_2160_60fps_frame_0021.png,0,18990796-uhd_3840_2160_60fps
./dataset/frames\18990796-uhd_3840_2160_60fps_frame_0022.png,0,18990796-uhd_3840_2160_60fps
./dataset/frames\18990796-uhd_3840_2160_60fps_frame_0023.png,0,18990796-uhd_3840_2160_60fps
./dataset/frames\18990796-uhd_3840_2160_60fps_frame_0024.png,0,18990796-uhd_3840_2160_60fps
./dataset/frames\18990796-uhd_3840_2160_60fps_frame_0025.png,0,18990796-uhd_3840_2160_60fps
./dataset/frames\18990796-uhd_3840_2160_60fps_frame_0026.png,0,18990796-uhd_3840_2160_60fps
./dataset/frames\18990796-uhd_3840_2160_60fps_frame_0027.png,0,18990796-uhd_3840_2160_60fps
./dataset/frames\18990796-uhd_3840_2160_60fps_frame_0028.png,0,18990796-uhd_3840_2160_60fps
./dataset/frames\18990796-uhd_3840_2160_60fps_frame_0029.png,0,18990796-uhd_3840_2160_60fps
./dataset/frames\18990796-uhd_3840_2160_60fps_frame_0030.png,0,18990796-uhd_3840_2160_60fps
./dataset/frames\18990796-uhd_3840_2160_60fps_frame_0031.png,0,18990796-uhd_3840_2160_60fps
./dataset/frames\18990796-uhd_3840_2160_60fps_frame_0032.png,0,18990796-uhd_3840_2160_60fps
./dataset/frames\18990796-uhd_3840_2160_60fps_frame_0033.png,0,18990796-uhd_3840_2160_60fps
./dataset/frames\18990796-uhd_3840_2160_60fps_frame_0034.png,0,18990796-uhd_3840_2160_60fps
./dataset/frames\18990796-uhd_3840_2160_60fps_frame_0035.png,0,18990796-uhd_3840_2160_60fps
./dataset/frames\5146631-hd_1920_1080_25fps_frame_0000.png,0,5146631-hd_1920_1080_25fps
./dataset/frames\5146631-hd_1920_1080_25fps_frame_0001.png,0,5146631-hd_1920_1080_25fps
./dataset/frames\5146631-hd_1920_1080_25fps_frame_0002.png,0,5146631-hd_1920_1080_25fps
./dataset/frames\5146631-hd_1920_1080_25fps_frame_0003.png,0,5146631-hd_1920_1080_25fps
./dataset/frames\5146631-hd_1920_1080_25fps_frame_0004.png,0,5146631-hd_1920_1080_25fps
./dataset/frames\5146631-hd_1920_1080_25fps_frame_0005.png,0,5146631-hd_1920_1080_25fps
./dataset/frames\5146631-hd_1920_1080_25fps_frame_0006.png,0,5146631-hd_1920_1080_25fps
./dataset/frames\5146631-hd_1920_1080_25fps_frame_0007.png,0,5146631-hd_1920_1080_25fps
./dataset/frames\5146631-hd_1920_1080_25fps_frame_0008.png,0,5146631-hd_1920_1080_25fps
./dataset/frames\5146631-hd_1920_1080_25fps_frame_0009.png,0,5146631-hd_1920_1080_25fps
./dataset/frames\5146631-hd_1920_1080_25fps_frame_0010.png,0,5146631-hd_1920_1080_25fps
./dataset/frames\5146631-hd_1920_1080_25fps_frame_0011.png,0,5146631-hd_1920_1080_25fps
./dataset/frames\5146631-hd_1920_1080_25fps_frame_0012.png,0,5146631-hd_1920_1080_25fps
./dataset/frames\5146631-hd_1920_1080_25fps_frame_0013.png,0,5146631-hd_1920_1080_25fps
./dataset/frames\5146631-hd_1920_1080_25fps_frame_0014.png,0,5146631-hd_1920_1080_25fps
./dataset/frames\5146631-hd_1920_1080_25fps_frame_0015.png,0,5146631-hd_1920_1080_25fps
./dataset/frames\5146631-hd_1920_1080_25fps_frame_0016.png,0,5146631-hd_1920_1080_25fps
./dataset/frames\5146631-hd_1920_1080_25fps_frame_0017.png,0,5146631-hd_1920_1080_25fps
./dataset/frames\5146631-hd_1920_1080_25fps_frame_0018.png,0,5146631-hd_1920_1080_25fps
./dataset/frames\5146631-hd_1920_1080_25fps_frame_0019.png,0,5146631-hd_1920_1080_25fps
./dataset/frames\5146631-hd_1920_1080_25fps_frame_0020.png,0,5146631-hd_1920_1080_25fps
./dataset/frames\5146631-hd_1920_1080_25fps_frame_0021.png,0,5146631-hd_1920_1080_25fps
./dataset/frames\5146631-hd_1920_1080_25fps_frame_0022.png,0,5146631-hd_1920_1080_25fps
./dataset/frames\5146631-hd_1920_1080_25fps_frame_0023.png,0,5146631-hd_1920_1080_25fps
./dataset/frames\5146631-hd_1920_1080_25fps_frame_0024.png,0,5146631-hd_1920_1080_25fps
./dataset/frames\5146631-hd_1920_1080_25fps_frame_0025.png,0,5146631-hd_1920_1080_25fps
./dataset/frames\5146631-hd_1920_1080_25fps_frame_0026.png,0,5146631-hd_1920_1080_25fps
./dataset/frames\5146631-hd_1920_1080_25fps_frame_0027.png,0,5146631-hd_1920_1080_25fps
./dataset/frames\5146631-hd_1920_1080_25fps_frame_0028.png,0,5146631-hd_1920_1080_25fps
./dataset/frames\5146631-hd_1920_1080_25fps_frame_0029.png,0,5146631-hd_1920_1080_25fps
./dataset/frames\5146631-hd_1920_1080_25fps_frame_0030.png,0,5146631-hd_1920_1080_25fps
./dataset/frames\5146631-hd_1920_1080_25fps_frame_0031.png,0,5146631-hd_1920_1080_25fps
./dataset/frames\5146631-hd_1920_1080_25fps_frame_0032.png,0,5146631-hd_1920_1080_25fps
./dataset/frames\5146631-hd_1920_1080_25fps_frame_0033.png,0,5146631-hd_1920_1080_25fps
./dataset/frames\5146631-hd_1920_1080_25fps_frame_0034.png,0,5146631-hd_1920_1080_25fps
./dataset/frames\5146631-hd_1920_1080_25fps_frame_0035.png,0,5146631-hd_1920_1080_25fps
./dataset/frames\5146631-hd_1920_1080_25fps_frame_0036.png,0,5146631-hd_1920_1080_25fps
./dataset/frames\5146631-hd_1920_1080_25fps_frame_0037.png,0,5146631-hd_1920_1080_25fps
./dataset/frames\5146631-hd_1920_1080_25fps_frame_0038.png,0,5146631-hd_1920_1080_25fps
./dataset/frames\5146631-hd_1920_1080_25fps_frame_0039.png,0,5146631-hd_1920_1080_25fps
./dataset/frames\5146631-hd_1920_1080_25fps_frame_0040.png,0,5146631-hd_1920_1080_25fps
./dataset/frames\5146631-hd_1920_1080_25fps_frame_0041.png,0,5146631-hd_1920_1080_25fps
./dataset/frames\5146631-hd_1920_1080_25fps_frame_0042.png,0,5146631-hd_1920_1080_25fps
./dataset/frames\5146631-hd_1920_1080_25fps_frame_0043.png,0,5146631-hd_1920_1080_25fps
./dataset/frames\5146631-hd_1920_1080_25fps_frame_0044.png,0,5146631-hd_1920_1080_25fps
./dataset/frames\5146631-hd_1920_1080_25fps_frame_0045.png,0,5146631-hd_1920_1080_25fps
./dataset/frames\5146631-hd_1920_1080_25fps_frame_0046.png,0,5146631-hd_1920_1080_25fps
./dataset/frames\5146631-hd_1920_1080_25fps_frame_0047.png,0,5146631-hd_1920_1080_25fps
./dataset/frames\5146631-hd_1920_1080_25fps_frame_0048.png,0,5146631-hd_1920_1080_25fps
./dataset/frames\5146631-hd_1920_1080_25fps_frame_0049.png,0,5146631-hd_1920_1080_25fps
./dataset/frames\5146631-hd_1920_1080_25fps_frame_0050.png,0,5146631-hd_1920_1080_25fps
./dataset/frames\5146631-hd_1920_1080_25fps_frame_0051.png,0,5146631-hd_1920_1080_25fps
./dataset/frames\5146631-hd_1920_1080_25fps_frame_0052.png,0,5146631-hd_1920_1080_25fps
./dataset/frames\5146631-hd_1920_1080_25fps_frame_0053.png,0,5146631-hd_1920_1080_25fps
./dataset/frames\5146631-hd_1920_1080_25fps_frame_0054.png,0,5146631-hd_1920_1080_25fps
./dataset/frames\5146631-hd_1920_1080_25fps_frame_0055.png,0,5146631-hd_1920_1080_25fps
./dataset/frames\5146631-hd_1920_1080_25fps_frame_0056.png,0,5146631-hd_1920_1080_25fps
./dataset/frames\5146631-hd_1920_1080_25fps_frame_0057.png,0,5146631-hd_1920_1080_25fps
./dataset/frames\5146631-hd_1920_1080_25fps_frame_0058.png,0,5146631-hd_1920_1080_25fps
./dataset/frames\5146631-hd_1920_1080_25fps_frame_0059.png,0,5146631-hd_1920_1080_25fps
./dataset/frames\5146631-hd_1920_1080_25fps_frame_0060.png,0,5146631-hd_1920_1080_25fps
./dataset/frames\5146631-hd_1920_1080_25fps_frame_0061.png,0,5146631-hd_1920_1080_25fps
./dataset/frames\5146631-hd_1920_1080_25fps_frame_0062.png,0,5146631-hd_1920_1080_25fps
./dataset/frames\5146631-hd_1920_1080_25fps_frame_0063.png,0,5146631-hd_1920_1080_25fps
./dataset/frames\5146631-hd_1920_1080_25fps_frame_0064.png,0,5146631-hd_1920_1080_25fps
./dataset/frames\5146631-hd_1920_1080_25fps_frame_0065.png,0,5146631-hd_1920_1080_25fps
./dataset/frames\5146631-hd_1920_1080_25fps_frame_0066.png,0,5146631-hd_1920_1080_25fps
./dataset/frames\5146631-hd_1920_1080_25fps_frame_0067.png,0,5146631-hd_1920_1080_25fps
./dataset/frames\5146631-hd_1920_1080_25fps_frame_0068.png,0,5146631-hd_1920_1080_25fps
./dataset/frames\5146631-hd_1920_1080_25fps_frame_0069.png,0,5146631-hd_1920_1080_25fps
./dataset/frames\5146631-hd_1920_1080_25fps_frame_0070.png,0,5146631-hd_1920_1080_25fps
./dataset/frames\5146631-hd_1920_1080_25fps_frame_0071.png,0,5146631-hd_1920_1080_25fps
./dataset/frames\5146631-hd_1920_1080_25fps_frame_0072.png,0,5146631-hd_1920_1080_25fps
./dataset/frames\5146631-hd_1920_1080_25fps_frame_0073.png,0,5146631-hd_1920_1080_25fps
./dataset/frames\5146631-hd_1920_1080_25fps_frame_0074.png,0,5146631-hd_1920_1080_25fps
./dataset/frames\5146631-hd_1920_1080_25fps_frame_0075.png,0,5146631-hd_1920_1080_25fps
./dataset/frames\5146631-hd_1920_1080_25fps_frame_0076.png,0,5146631-hd_1920_1080_25fps
./dataset/frames\5146631-hd_1920_1080_25fps_frame_0077.png,0,5146631-hd_1920_1080_25fps
./dataset/frames\5146631-hd_1920_1080_25fps_frame_0078.png,0,5146631-hd_1920_1080_25fps
./dataset/frames\5146631-hd_1920_1080_25fps_frame_0079.png,0,5146631-hd_1920_1080_25fps
./dataset/frames\5146631-hd_1920_1080_25fps_frame_0080.png,0,5146631-hd_1920_1080_25fps
./dataset/frames\5146631-hd_1920_1080_25fps_frame_0081.png,0,5146631-hd_1920_1080_25fps
./dataset/frames\5146631-hd_1920_1080_25fps_frame_0082.png,0,5146631-hd_1920_1080_25fps
./dataset/frames\5146631-hd_1920_1080_25fps_frame_0083.png,0,5146631-hd_1920_1080_25fps
./dataset/frames\5146631-hd_1920_1080_25fps_frame_0084.png,0,5146631-hd_1920_1080_25fps
./dataset/frames\5146631-hd_1920_1080_25fps_frame_0085.png,0,5146631-hd_1920_1080_25fps
./dataset/frames\5146631-hd_1920_1080_25fps_frame_0086.png,0,5146631-hd_1920_1080_25fps
./dataset/frames\5146631-hd_1920_1080_25fps_frame_0087.png,0,5146631-hd_1920_1080_25fps
./dataset/frames\5146631-hd_1920_1080_25fps_frame_0088.png,0,5146631-hd_1920_1080_25fps
./dataset/frames\5146631-hd_1920_1080_25fps_frame_0089.png,0,5146631-hd_1920_1080_25fps
./dataset/frames\5146631-hd_1920_1080_25fps_frame_0090.png,0,5146631-hd_1920_1080_25fps
./dataset/frames\5146631-hd_1920_1080_25fps_frame_0091.png,0,5146631-hd_1920_1080_25fps
./dataset/frames\5146631-hd_1920_1080_25fps_frame_0092.png,0,5146631-hd_1920_1080_25fps
./dataset/frames\5146631-hd_1920_1080_25fps_frame_0093.png,0,5146631-hd_1920_1080_25fps
./dataset/frames\5146631-hd_1920_1080_25fps_frame_0094.png,0,5146631-hd_1920_1080_25fps
./dataset/frames\5146631-hd_1920_1080_25fps_frame_0095.png,0,5146631-hd_1920_1080_25fps
./dataset/frames\6975994-uhd_2880_2160_25fps_frame_0000.png,0,6975994-uhd_2880_2160_25fps
./dataset/frames\6975994-uhd_2880_2160_25fps_frame_0001.png,0,6975994-uhd_2880_2160_25fps
./dataset/frames\6975994-uhd_2880_2160_25fps_frame_0002.png,0,6975994-uhd_2880_2160_25fps
./dataset/frames\6975994-uhd_2880_2160_25fps_frame_0003.png,0,6975994-uhd_2880_2160_25fps
./dataset/frames\6975994-uhd_2880_2160_25fps_frame_0004.png,0,6975994-uhd_2880_2160_25fps
./dataset/frames\6975994-uhd_2880_2160_25fps_frame_0005.png,0,6975994-uhd_2880_2160_25fps
./dataset/frames\6975994-uhd_2880_2160_25fps_frame_0006.png,0,6975994-uhd_2880_2160_25fps
./dataset/frames\6975994-uhd_2880_2160_25fps_frame_0007.png,0,6975994-uhd_2880_2160_25fps
./dataset/frames\6975994-uhd_2880_2160_25fps_frame_0008.png,0,6975994-uhd_2880_2160_25fps
./dataset/frames\6975994-uhd_2880_2160_25fps_frame_0009.png,0,6975994-uhd_2880_2160_25fps
./dataset/frames\6975994-uhd_2880_2160_25fps_frame_0010.png,0,6975994-uhd_2880_2160_25fps
./dataset/frames\6975994-uhd_2880_2160_25fps_frame_0011.png,0,6975994-uhd_2880_2160_25fps
./dataset/frames\6975994-uhd_2880_2160_25fps_frame_0012.png,0,6975994-uhd_2880_2160_25fps
./dataset/frames\6975994-uhd_2880_2160_25fps_frame_0013.png,0,6975994-uhd_2880_2160_25fps
./dataset/frames\6975994-uhd_2880_2160_25fps_frame_0014.png,0,6975994-uhd_2880_2160_25fps
./dataset/frames\6975994-uhd_2880_2160_25fps_frame_0015.png,0,6975994-uhd_2880_2160_25fps
./dataset/frames\6975994-uhd_2880_2160_25fps_frame_0016.png,0,6975994-uhd_2880_2160_25fps
./dataset/frames\6975994-uhd_2880_2160_25fps_frame_0017.png,0,6975994-uhd_2880_2160_25fps
./dataset/frames\6975994-uhd_2880_2160_25fps_frame_0018.png,0,6975994-uhd_2880_2160_25fps
./dataset/frames\6975994-uhd_2880_2160_25fps_frame_0019.png,0,6975994-uhd_2880_2160_25fps
./dataset/frames\6975994-uhd_2880_2160_25fps_frame_0020.png,0,6975994-uhd_2880_2160_25fps
./dataset/frames\6975994-uhd_2880_2160_25fps_frame_0021.png,0,6975994-uhd_2880_2160_25fps
./dataset/frames\6975994-uhd_2880_2160_25fps_frame_0022.png,0,6975994-uhd_2880_2160_25fps
./dataset/frames\6975994-uhd_2880_2160_25fps_frame_0023.png,0,6975994-uhd_2880_2160_25fps
./dataset/frames\6975994-uhd_2880_2160_25fps_frame_0024.png,0,6975994-uhd_2880_2160_25fps
./dataset/frames\6975994-uhd_2880_2160_25fps_frame_0025.png,0,6975994-uhd_2880_2160_25fps
./dataset/frames\6975994-uhd_2880_2160_25fps_frame_0026.png,0,6975994-uhd_2880_2160_25fps
./dataset/frames\6975994-uhd_2880_2160_25fps_frame_0027.png,0,6975994-uhd_2880_2160_25fps
./dataset/frames\6975994-uhd_2880_2160_25fps_frame_0028.png,0,6975994-uhd_2880_2160_25fps
./dataset/frames\6975994-uhd_2880_2160_25fps_frame_0029.png,0,6975994-uhd_2880_2160_25fps
./dataset/frames\6975994-uhd_2880_2160_25fps_frame_0030.png,0,6975994-uhd_2880_2160_25fps
./dataset/frames\6975994-uhd_2880_2160_25fps_frame_0031.png,0,6975994-uhd_2880_2160_25fps
./dataset/frames\6975994-uhd_2880_2160_25fps_frame_0032.png,0,6975994-uhd_2880_2160_25fps
./dataset/frames\6975994-uhd_2880_2160_25fps_frame_0033.png,0,6975994-uhd_2880_2160_25fps
./dataset/frames\6975994-uhd_2880_2160_25fps_frame_0034.png,0,6975994-uhd_2880_2160_25fps
./dataset/frames\6975994-uhd_2880_2160_25fps_frame_0035.png,0,6975994-uhd_2880_2160_25fps
./dataset/frames\6975994-uhd_2880_2160_25fps_frame_0036.png,0,6975994-uhd_2880_2160_25fps
./dataset/frames\6975994-uhd_2880_2160_25fps_frame_0037.png,0,6975994-uhd_2880_2160_25fps
./dataset/frames\6975994-uhd_2880_2160_25fps_frame_0038.png,0,6975994-uhd_2880_2160_25fps
./dataset/frames\7657447-hd_1080_1920_25fps_frame_0000.png,0,7657447-hd_1080_1920_25fps
./dataset/frames\7657447-hd_1080_1920_25fps_frame_0001.png,0,7657447-hd_1080_1920_25fps
./dataset/frames\7657447-hd_1080_1920_25fps_frame_0002.png,0,7657447-hd_1080_1920_25fps
./dataset/frames\7657447-hd_1080_1920_25fps_frame_0003.png,0,7657447-hd_1080_1920_25fps
./dataset/frames\7657447-hd_1080_1920_25fps_frame_0004.png,0,7657447-hd_1080_1920_25fps
./dataset/frames\7657447-hd_1080_1920_25fps_frame_0005.png,0,7657447-hd_1080_1920_25fps
./dataset/frames\7657447-hd_1080_1920_25fps_frame_0006.png,0,7657447-hd_1080_1920_25fps
./dataset/frames\7657447-hd_1080_1920_25fps_frame_0007.png,0,7657447-hd_1080_1920_25fps
./dataset/frames\7657447-hd_1080_1920_25fps_frame_0008.png,0,7657447-hd_1080_1920_25fps
./dataset/frames\7657447-hd_1080_1920_25fps_frame_0009.png,0,7657447-hd_1080_1920_25fps
./dataset/frames\7657447-hd_1080_1920_25fps_frame_0010.png,0,7657447-hd_1080_1920_25fps
./dataset/frames\7657447-hd_1080_1920_25fps_frame_0011.png,0,7657447-hd_1080_1920_25fps
./dataset/frames\7657447-hd_1080_1920_25fps_frame_0012.png,0,7657447-hd_1080_1920_25fps
./dataset/frames\7657447-hd_1080_1920_25fps_frame_0013.png,0,7657447-hd_1080_1920_25fps
./dataset/frames\7657447-hd_1080_1920_25fps_frame_0014.png,0,7657447-hd_1080_1920_25fps
./dataset/frames\7657447-hd_1080_1920_25fps_frame_0015.png,0,7657447-hd_1080_1920_25fps
./dataset/frames\7657447-hd_1080_1920_25fps_frame_0016.png,0,7657447-hd_1080_1920_25fps
./dataset/frames\7657447-hd_1080_1920_25fps_frame_0017.png,0,7657447-hd_1080_1920_25fps
./dataset/frames\8292384-uhd_3840_2160_24fps_frame_0000.png,0,8292384-uhd_3840_2160_24fps
./dataset/frames\8292384-uhd_3840_2160_24fps_frame_0001.png,0,8292384-uhd_3840_2160_24fps
./dataset/frames\8292384-uhd_3840_2160_24fps_frame_0002.png,0,8292384-uhd_3840_2160_24fps
./dataset/frames\8292384-uhd_3840_2160_24fps_frame_0003.png,0,8292384-uhd_3840_2160_24fps
./dataset/frames\8292384-uhd_3840_2160_24fps_frame_0004.png,0,8292384-uhd_3840_2160_24fps
./dataset/frames\8292384-uhd_3840_2160_24fps_frame_0005.png,0,8292384-uhd_3840_2160_24fps
./dataset/frames\8292384-uhd_3840_2160_24fps_frame_0006.png,0,8292384-uhd_3840_2160_24fps
./dataset/frames\8292384-uhd_3840_2160_24fps_frame_0007.png,0,8292384-uhd_3840_2160_24fps
./dataset/frames\8292384-uhd_3840_2160_24fps_frame_0008.png,0,8292384-uhd_3840_2160_24fps
./dataset/frames\8292384-uhd_3840_2160_24fps_frame_0009.png,0,8292384-uhd_3840_2160_24fps
./dataset/frames\8292384-uhd_3840_2160_24fps_frame_0010.png,0,8292384-uhd_3840_2160_24fps
./dataset/frames\8292384-uhd_3840_2160_24fps_frame_0011.png,0,8292384-uhd_3840_2160_24fps
./dataset/frames\8292384-uhd_3840_2160_24fps_frame_0012.png,0,8292384-uhd_3840_2160_24fps
./dataset/frames\8292384-uhd_3840_2160_24fps_frame_0013.png,0,8292384-uhd_3840_2160_24fps
./dataset/frames\8292384-uhd_3840_2160_24fps_frame_0014.png,0,8292384-uhd_3840_2160_24fps
./dataset/frames\8292384-uhd_3840_2160_24fps_frame_0015.png,0,8292384-uhd_3840_2160_24fps
./dataset/frames\8292384-uhd_3840_2160_24fps_frame_0016.png,0,8292384-uhd_3840_2160_24fps
./dataset/frames\8659385-hd_1920_1080_30fps_frame_0000.png,0,8659385-hd_1920_1080_30fps
./dataset/frames\8659385-hd_1920_1080_30fps_frame_0001.png,0,8659385-hd_1920_1080_30fps
./dataset/frames\8659385-hd_1920_1080_30fps_frame_0002.png,0,8659385-hd_1920_1080_30fps
./dataset/frames\8659385-hd_1920_1080_30fps_frame_0003.png,0,8659385-hd_1920_1080_30fps
./dataset/frames\8659385-hd_1920_1080_30fps_frame_0004.png,0,8659385-hd_1920_1080_30fps
./dataset/frames\8659385-hd_1920_1080_30fps_frame_0005.png,0,8659385-hd_1920_1080_30fps
./dataset/frames\8659385-hd_1920_1080_30fps_frame_0006.png,0,8659385-hd_1920_1080_30fps
./dataset/frames\8659385-hd_1920_1080_30fps_frame_0007.png,0,8659385-hd_1920_1080_30fps
./dataset/frames\8659385-hd_1920_1080_30fps_frame_0008.png,0,8659385-hd_1920_1080_30fps
./dataset/frames\8659385-hd_1920_1080_30fps_frame_0009.png,0,8659385-hd_1920_1080_30fps
./dataset/frames\8659385-hd_1920_1080_30fps_frame_0010.png,0,8659385-hd_1920_1080_30fps
./dataset/frames\8659385-hd_1920_1080_30fps_frame_0011.png,0,8659385-hd_1920_1080_30fps
./dataset/frames\8659385-hd_1920_1080_30fps_frame_0012.png,0,8659385-hd_1920_1080_30fps
./dataset/frames\8659385-hd_1920_1080_30fps_frame_0013.png,0,8659385-hd_1920_1080_30fps
./dataset/frames\8659385-hd_1920_1080_30fps_frame_0014.png,0,8659385-hd_1920_1080_30fps
./dataset/frames\8659385-hd_1920_1080_30fps_frame_0015.png,0,8659385-hd_1920_1080_30fps
./dataset/frames\8659385-hd_1920_1080_30fps_frame_0016.png,0,8659385-hd_1920_1080_30fps
./dataset/frames\8659385-hd_1920_1080_30fps_frame_0017.png,0,8659385-hd_1920_1080_30fps
./dataset/frames\9109426-hd_1920_1080_25fps_frame_0000.png,0,9109426-hd_1920_1080_25fps
./dataset/frames\9109426-hd_1920_1080_25fps_frame_0001.png,0,9109426-hd_1920_1080_25fps
./dataset/frames\9109426-hd_1920_1080_25fps_frame_0002.png,0,9109426-hd_1920_1080_25fps
./dataset/frames\9109426-hd_1920_1080_25fps_frame_0003.png,0,9109426-hd_1920_1080_25fps
./dataset/frames\9109426-hd_1920_1080_25fps_frame_0004.png,0,9109426-hd_1920_1080_25fps
./dataset/frames\9109426-hd_1920_1080_25fps_frame_0005.png,0,9109426-hd_1920_1080_25fps
./dataset/frames\9109426-hd_1920_1080_25fps_frame_0006.png,0,9109426-hd_1920_1080_25fps
./dataset/frames\9109426-hd_1920_1080_25fps_frame_0007.png,0,9109426-hd_1920_1080_25fps
./dataset/frames\9109426-hd_1920_1080_25fps_frame_0008.png,0,9109426-hd_1920_1080_25fps
./dataset/frames\9109426-hd_1920_1080_25fps_frame_0009.png,0,9109426-hd_1920_1080_25fps
./dataset/frames\9109426-hd_1920_1080_25fps_frame_0010.png,0,9109426-hd_1920_1080_25fps
./dataset/frames\9109426-hd_1920_1080_25fps_frame_0011.png,0,9109426-hd_1920_1080_25fps
./dataset/frames\9109426-hd_1920_1080_25fps_frame_0012.png,0,9109426-hd_1920_1080_25fps
./dataset/frames\9109426-hd_1920_1080_25fps_frame_0013.png,0,9109426-hd_1920_1080_25fps
./dataset/frames\barbershop_frame_0000.png,0,barbershop
./dataset/frames\barbershop_frame_0001.png,0,barbershop
./dataset/frames\barbershop_frame_0002.png,0,barbershop
./dataset/frames\barbershop_frame_0003.png,0,barbershop
./dataset/frames\barbershop_frame_0004.png,0,barbershop
./dataset/frames\barbershop_frame_0005.png,0,barbershop
./dataset/frames\barbershop_frame_0006.png,0,barbershop
./dataset/frames\barbershop_frame_0007.png,0,barbershop
./dataset/frames\barbershop_frame_0008.png,0,barbershop
./dataset/frames\barbershop_frame_0009.png,0,barbershop
./dataset/frames\barbershop_frame_0010.png,0,barbershop
./dataset/frames\barbershop_frame_0011.png,0,barbershop
./dataset/frames\barbershop_frame_0012.png,0,barbershop
./dataset/frames\barbershop_frame_0013.png,0,barbershop
./dataset/frames\barbershop_frame_0014.png,0,barbershop
./dataset/frames\barbershop_frame_0015.png,0,barbershop
./dataset/frames\beyonce_frame_0000.png,0,beyonce
./dataset/frames\beyonce_frame_0001.png,0,beyonce
./dataset/frames\beyonce_frame_0002.png,0,beyonce
./dataset/frames\beyonce_frame_0003.png,0,beyonce
./dataset/frames\beyonce_frame_0004.png,0,beyonce
./dataset/frames\beyonce_frame_0005.png,0,beyonce
./dataset/frames\beyonce_frame_0006.png,0,beyonce
./dataset/frames\beyonce_frame_0007.png,0,beyonce
./dataset/frames\beyonce_frame_0008.png,0,beyonce
./dataset/frames\beyonce_frame_0009.png,0,beyonce
./dataset/frames\beyonce_frame_0010.png,0,beyonce
./dataset/frames\beyonce_frame_0011.png,0,beyonce
./dataset/frames\beyonce_frame_0012.png,0,beyonce
./dataset/frames\beyonce_frame_0013.png,0,beyonce
./dataset/frames\beyonce_frame_0014.png,0,beyonce
./dataset/frames\beyonce_frame_0015.png,0,beyonce
./dataset/frames\beyonce_frame_0016.png,0,beyonce
./dataset/frames\beyonce_frame_0017.png,0,beyonce
./dataset/frames\beyonce_frame_0018.png,0,beyonce
./dataset/frames\boat engine_frame_0000.png,0,boat engine
./dataset/frames\boat engine_frame_0001.png,0,boat engine
./dataset/frames\boat engine_frame_0002.png,0,boat engine
./dataset/frames\boat engine_frame_0003.png,0,boat engine
./dataset/frames\boat engine_frame_0004.png,0,boat engine
./dataset/frames\boat engine_frame_0005.png,0,boat engine
./dataset/frames\boat engine_frame_0006.png,0,boat engine
./dataset/frames\boat engine_frame_0007.png,0,boat engine
./dataset/frames\boat engine_frame_0008.png,0,boat engine
./dataset/frames\boat engine_frame_0009.png,0,boat engine
./dataset/frames\boat engine_frame_0010.png,0,boat engine
./dataset/frames\boat engine_frame_0011.png,0,boat engine
./dataset/frames\boat engine_frame_0012.png,0,boat engine
./dataset/frames\boat engine_frame_0013.png,0,boat engine
./dataset/frames\boat engine_frame_0014.png,0,boat engine
./dataset/frames\boat engine_frame_0015.png,0,boat engine
./dataset/frames\book in the wind_frame_0000.png,0,book in the wind
./dataset/frames\book in the wind_frame_0001.png,0,book in the wind
./dataset/frames\book in the wind_frame_0002.png,0,book in the wind
./dataset/frames\book in the wind_frame_0003.png,0,book in the wind
./dataset/frames\book in the wind_frame_0004.png,0,book in the wind
./dataset/frames\book in the wind_frame_0005.png,0,book in the wind
./dataset/frames\book in the wind_frame_0006.png,0,book in the wind
./dataset/frames\book in the wind_frame_0007.png,0,book in the wind
./dataset/frames\book in the wind_frame_0008.png,0,book in the wind
./dataset/frames\book in the wind_frame_0009.png,0,book in the wind
./dataset/frames\book in the wind_frame_0010.png,0,book in the wind
./dataset/frames\book in the wind_frame_0011.png,0,book in the wind
./dataset/frames\book in the wind_frame_0012.png,0,book in the wind
./dataset/frames\book in the wind_frame_0013.png,0,book in the wind
./dataset/frames\boxer_frame_0000.png,0,boxer
./dataset/frames\boxer_frame_0001.png,0,boxer
./dataset/frames\boxer_frame_0002.png,0,boxer
./dataset/frames\boxer_frame_0003.png,0,boxer
./dataset/frames\boxer_frame_0004.png,0,boxer
./dataset/frames\boxer_frame_0005.png,0,boxer
./dataset/frames\boxer_frame_0006.png,0,boxer
./dataset/frames\boxer_frame_0007.png,0,boxer
./dataset/frames\boxer_frame_0008.png,0,boxer
./dataset/frames\boxer_frame_0009.png,0,boxer
./dataset/frames\boxer_frame_0010.png,0,boxer
./dataset/frames\building pan_frame_0000.png,0,building pan
./dataset/frames\building pan_frame_0001.png,0,building pan
./dataset/frames\building pan_frame_0002.png,0,building pan
./dataset/frames\building pan_frame_0003.png,0,building pan
./dataset/frames\building pan_frame_0004.png,0,building pan
./dataset/frames\building pan_frame_0005.png,0,building pan
./dataset/frames\building pan_frame_0006.png,0,building pan
./dataset/frames\building pan_frame_0007.png,0,building pan
./dataset/frames\building pan_frame_0008.png,0,building pan
./dataset/frames\building pan_frame_0009.png,0,building pan
./dataset/frames\building pan_frame_0010.png,0,building pan
./dataset/frames\building pan_frame_0011.png,0,building pan
./dataset/frames\building pan_frame_0012.png,0,building pan
./dataset/frames\building pan_frame_0013.png,0,building pan
./dataset/frames\building pan_frame_0014.png,0,building pan
./dataset/frames\building pan_frame_0015.png,0,building pan
./dataset/frames\building pan_frame_0016.png,0,building pan
./dataset/frames\building pan_frame_0017.png,0,building pan
./dataset/frames\building pan_frame_0018.png,0,building pan
./dataset/frames\building pan_frame_0019.png,0,building pan
./dataset/frames\car washing itself_frame_0000.png,0,car washing itself
./dataset/frames\car washing itself_frame_0001.png,0,car washing itself
./dataset/frames\car washing itself_frame_0002.png,0,car washing itself
./dataset/frames\car washing itself_frame_0003.png,0,car washing itself
./dataset/frames\car washing itself_frame_0004.png,0,car washing itself
./dataset/frames\car washing itself_frame_0005.png,0,car washing itself
./dataset/frames\car washing itself_frame_0006.png,0,car washing itself
./dataset/frames\car washing itself_frame_0007.png,0,car washing itself
./dataset/frames\car washing itself_frame_0008.png,0,car washing itself
./dataset/frames\car washing itself_frame_0009.png,0,car washing itself
./dataset/frames\car washing itself_frame_0010.png,0,car washing itself
./dataset/frames\car washing itself_frame_0011.png,0,car washing itself
./dataset/frames\chopping food_frame_0000.png,0,chopping food
./dataset/frames\chopping food_frame_0001.png,0,chopping food
./dataset/frames\chopping food_frame_0002.png,0,chopping food
./dataset/frames\chopping food_frame_0003.png,0,chopping food
./dataset/frames\chopping food_frame_0004.png,0,chopping food
./dataset/frames\chopping food_frame_0005.png,0,chopping food
./dataset/frames\chopping food_frame_0006.png,0,chopping food
./dataset/frames\chopping food_frame_0007.png,0,chopping food
./dataset/frames\chopping food_frame_0008.png,0,chopping food
./dataset/frames\chopping food_frame_0009.png,0,chopping food
./dataset/frames\chopping food_frame_0010.png,0,chopping food
./dataset/frames\chopping food_frame_0011.png,0,chopping food
./dataset/frames\chopping food_frame_0012.png,0,chopping food
./dataset/frames\chopping food_frame_0013.png,0,chopping food
./dataset/frames\chopping food_frame_0014.png,0,chopping food
./dataset/frames\cows_frame_0000.png,0,cows
./dataset/frames\cows_frame_0001.png,0,cows
./dataset/frames\cows_frame_0002.png,0,cows
./dataset/frames\cows_frame_0003.png,0,cows
./dataset/frames\cows_frame_0004.png,0,cows
./dataset/frames\cows_frame_0005.png,0,cows
./dataset/frames\cows_frame_0006.png,0,cows
./dataset/frames\cows_frame_0007.png,0,cows
./dataset/frames\cows_frame_0008.png,0,cows
./dataset/frames\cows_frame_0009.png,0,cows
./dataset/frames\cows_frame_0010.png,0,cows
./dataset/frames\creek_frame_0000.png,0,creek
./dataset/frames\creek_frame_0001.png,0,creek
./dataset/frames\creek_frame_0002.png,0,creek
./dataset/frames\creek_frame_0003.png,0,creek
./dataset/frames\creek_frame_0004.png,0,creek
./dataset/frames\creek_frame_0005.png,0,creek
./dataset/frames\creek_frame_0006.png,0,creek
./dataset/frames\creek_frame_0007.png,0,creek
./dataset/frames\creek_frame_0008.png,0,creek
./dataset/frames\creek_frame_0009.png,0,creek
./dataset/frames\creek_frame_0010.png,0,creek
./dataset/frames\creek_frame_0011.png,0,creek
./dataset/frames\distant tornado_frame_0000.png,0,distant tornado
./dataset/frames\distant tornado_frame_0001.png,0,distant tornado
./dataset/frames\distant tornado_frame_0002.png,0,distant tornado
./dataset/frames\distant tornado_frame_0003.png,0,distant tornado
./dataset/frames\distant tornado_frame_0004.png,0,distant tornado
./dataset/frames\distant tornado_frame_0005.png,0,distant tornado
./dataset/frames\distant tornado_frame_0006.png,0,distant tornado
./dataset/frames\distant tornado_frame_0007.png,0,distant tornado
./dataset/frames\distant tornado_frame_0008.png,0,distant tornado
./dataset/frames\distant tornado_frame_0009.png,0,distant tornado
./dataset/frames\distant tornado_frame_0010.png,0,distant tornado
./dataset/frames\distant tornado_frame_0011.png,0,distant tornado
./dataset/frames\distant tornado_frame_0012.png,0,distant tornado
./dataset/frames\dog in the snow_frame_0000.png,0,dog in the snow
./dataset/frames\dog in the snow_frame_0001.png,0,dog in the snow
./dataset/frames\dog in the snow_frame_0002.png,0,dog in the snow
./dataset/frames\dog in the snow_frame_0003.png,0,dog in the snow
./dataset/frames\dog in the snow_frame_0004.png,0,dog in the snow
./dataset/frames\dog in the snow_frame_0005.png,0,dog in the snow
./dataset/frames\dog in the snow_frame_0006.png,0,dog in the snow
./dataset/frames\dog in the snow_frame_0007.png,0,dog in the snow
./dataset/frames\dog in the snow_frame_0008.png,0,dog in the snow
./dataset/frames\dog in the snow_frame_0009.png,0,dog in the snow
./dataset/frames\dog in the snow_frame_0010.png,0,dog in the snow
./dataset/frames\drone city_frame_0000.png,0,drone city
./dataset/frames\drone city_frame_0001.png,0,drone city
./dataset/frames\drone city_frame_0002.png,0,drone city
./dataset/frames\drone city_frame_0003.png,0,drone city
./dataset/frames\drone city_frame_0004.png,0,drone city
./dataset/frames\drone city_frame_0005.png,0,drone city
./dataset/frames\drone city_frame_0006.png,0,drone city
./dataset/frames\drone city_frame_0007.png,0,drone city
./dataset/frames\drone city_frame_0008.png,0,drone city
./dataset/frames\drone city_frame_0009.png,0,drone city
./dataset/frames\drone city_frame_0010.png,0,drone city
./dataset/frames\drone city_frame_0011.png,0,drone city
./dataset/frames\drone city_frame_0012.png,0,drone city
./dataset/frames\drone city_frame_0013.png,0,drone city
./dataset/frames\drone city_frame_0014.png,0,drone city
./dataset/frames\drone city_frame_0015.png,0,drone city
./dataset/frames\drone city_frame_0016.png,0,drone city
./dataset/frames\drone city_frame_0017.png,0,drone city
./dataset/frames\drone city_frame_0018.png,0,drone city
./dataset/frames\drone city_frame_0019.png,0,drone city
./dataset/frames\drone city_frame_0020.png,0,drone city
./dataset/frames\drone city_frame_0021.png,0,drone city
./dataset/frames\drone city_frame_0022.png,0,drone city
./dataset/frames\drone city_frame_0023.png,0,drone city
./dataset/frames\drone city_frame_0024.png,0,drone city
./dataset/frames\drone city_frame_0025.png,0,drone city
./dataset/frames\drone city_frame_0026.png,0,drone city
./dataset/frames\drone city_frame_0027.png,0,drone city
./dataset/frames\drone city_frame_0028.png,0,drone city
./dataset/frames\drone city_frame_0029.png,0,drone city
./dataset/frames\drone city_frame_0030.png,0,drone city
./dataset/frames\drone city_frame_0031.png,0,drone city
./dataset/frames\drone city_frame_0032.png,0,drone city
./dataset/frames\drone city_frame_0033.png,0,drone city
./dataset/frames\drone city_frame_0034.png,0,drone city
./dataset/frames\drone city_frame_0035.png,0,drone city
./dataset/frames\drone city_frame_0036.png,0,drone city
./dataset/frames\drone city_frame_0037.png,0,drone city
./dataset/frames\drone city_frame_0038.png,0,drone city
./dataset/frames\drone city_frame_0039.png,0,drone city
./dataset/frames\drone city_frame_0040.png,0,drone city
./dataset/frames\drone city_frame_0041.png,0,drone city
./dataset/frames\drone city_frame_0042.png,0,drone city
./dataset/frames\drone city_frame_0043.png,0,drone city
./dataset/frames\drone city_frame_0044.png,0,drone city
./dataset/frames\drone city_frame_0045.png,0,drone city
./dataset/frames\drone city_frame_0046.png,0,drone city
./dataset/frames\drone city_frame_0047.png,0,drone city
./dataset/frames\field of flowers_frame_0000.png,0,field of flowers
./dataset/frames\field of flowers_frame_0001.png,0,field of flowers
./dataset/frames\field of flowers_frame_0002.png,0,field of flowers
./dataset/frames\field of flowers_frame_0003.png,0,field of flowers
./dataset/frames\field of flowers_frame_0004.png,0,field of flowers
./dataset/frames\field of flowers_frame_0005.png,0,field of flowers
./dataset/frames\field of flowers_frame_0006.png,0,field of flowers
./dataset/frames\field of flowers_frame_0007.png,0,field of flowers
./dataset/frames\field of flowers_frame_0008.png,0,field of flowers
./dataset/frames\field of flowers_frame_0009.png,0,field of flowers
./dataset/frames\field of flowers_frame_0010.png,0,field of flowers
./dataset/frames\flock of birds_frame_0000.png,0,flock of birds
./dataset/frames\flock of birds_frame_0001.png,0,flock of birds
./dataset/frames\flock of birds_frame_0002.png,0,flock of birds
./dataset/frames\flock of birds_frame_0003.png,0,flock of birds
./dataset/frames\flock of birds_frame_0004.png,0,flock of birds
./dataset/frames\flock of birds_frame_0005.png,0,flock of birds
./dataset/frames\flock of birds_frame_0006.png,0,flock of birds
./dataset/frames\flock of birds_frame_0007.png,0,flock of birds
./dataset/frames\flock of birds_frame_0008.png,0,flock of birds
./dataset/frames\flock of birds_frame_0009.png,0,flock of birds
./dataset/frames\flock of birds_frame_0010.png,0,flock of birds
./dataset/frames\flock of birds_frame_0011.png,0,flock of birds
./dataset/frames\flock of birds_frame_0012.png,0,flock of birds
./dataset/frames\flock of birds_frame_0013.png,0,flock of birds
./dataset/frames\flowers blooming_frame_0000.png,0,flowers blooming
./dataset/frames\flowers blooming_frame_0001.png,0,flowers blooming
./dataset/frames\flowers blooming_frame_0002.png,0,flowers blooming
./dataset/frames\flowers blooming_frame_0003.png,0,flowers blooming
./dataset/frames\flowers blooming_frame_0004.png,0,flowers blooming
./dataset/frames\flowers blooming_frame_0005.png,0,flowers blooming
./dataset/frames\flowers blooming_frame_0006.png,0,flowers blooming
./dataset/frames\flowers blooming_frame_0007.png,0,flowers blooming
./dataset/frames\flowers blooming_frame_0008.png,0,flowers blooming
./dataset/frames\flowers blooming_frame_0009.png,0,flowers blooming
./dataset/frames\flowers blooming_frame_0010.png,0,flowers blooming
./dataset/frames\flowers blooming_frame_0011.png,0,flowers blooming
./dataset/frames\food chopping_frame_0000.png,0,food chopping
./dataset/frames\food chopping_frame_0001.png,0,food chopping
./dataset/frames\food chopping_frame_0002.png,0,food chopping
./dataset/frames\food chopping_frame_0003.png,0,food chopping
./dataset/frames\food chopping_frame_0004.png,0,food chopping
./dataset/frames\food chopping_frame_0005.png,0,food chopping
./dataset/frames\food chopping_frame_0006.png,0,food chopping
./dataset/frames\food chopping_frame_0007.png,0,food chopping
./dataset/frames\food chopping_frame_0008.png,0,food chopping
./dataset/frames\food chopping_frame_0009.png,0,food chopping
./dataset/frames\food chopping_frame_0010.png,0,food chopping
./dataset/frames\food chopping_frame_0011.png,0,food chopping
./dataset/frames\high five_frame_0000.png,0,high five
./dataset/frames\high five_frame_0001.png,0,high five
./dataset/frames\high five_frame_0002.png,0,high five
./dataset/frames\high five_frame_0003.png,0,high five
./dataset/frames\high five_frame_0004.png,0,high five
./dataset/frames\high five_frame_0005.png,0,high five
./dataset/frames\high five_frame_0006.png,0,high five
./dataset/frames\high five_frame_0007.png,0,high five
./dataset/frames\high five_frame_0008.png,0,high five
./dataset/frames\high five_frame_0009.png,0,high five
./dataset/frames\high five_frame_0010.png,0,high five
./dataset/frames\highway_frame_0000.png,0,highway
./dataset/frames\highway_frame_0001.png,0,highway
./dataset/frames\highway_frame_0002.png,0,highway
./dataset/frames\highway_frame_0003.png,0,highway
./dataset/frames\highway_frame_0004.png,0,highway
./dataset/frames\highway_frame_0005.png,0,highway
./dataset/frames\highway_frame_0006.png,0,highway
./dataset/frames\highway_frame_0007.png,0,highway
./dataset/frames\highway_frame_0008.png,0,highway
./dataset/frames\highway_frame_0009.png,0,highway
./dataset/frames\highway_frame_0010.png,0,highway
./dataset/frames\highway_frame_0011.png,0,highway
./dataset/frames\Hka-elon_frame_0000.png,0,Hka-elon
./dataset/frames\Hka-elon_frame_0001.png,0,Hka-elon
./dataset/frames\Hka-elon_frame_0002.png,0,Hka-elon
./dataset/frames\Hka-elon_frame_0003.png,0,Hka-elon
./dataset/frames\Hka-elon_frame_0004.png,0,Hka-elon
./dataset/frames\Hka-elon_frame_0005.png,0,Hka-elon
./dataset/frames\Hka-elon_frame_0006.png,0,Hka-elon
./dataset/frames\Hka-elon_frame_0007.png,0,Hka-elon
./dataset/frames\Hka-elon_frame_0008.png,0,Hka-elon
./dataset/frames\Hka-elon_frame_0009.png,0,Hka-elon
./dataset/frames\Hka-elon_frame_0010.png,0,Hka-elon
./dataset/frames\Hka-elon_frame_0011.png,0,Hka-elon
./dataset/frames\Hka-elon_frame_0012.png,0,Hka-elon
./dataset/frames\Hka-elon_frame_0013.png,0,Hka-elon
./dataset/frames\Hka-elon_frame_0014.png,0,Hka-elon
./dataset/frames\Hka-elon_frame_0015.png,0,Hka-elon
./dataset/frames\ipF-will1_frame_0000.png,0,ipF-will1
./dataset/frames\ipF-will1_frame_0001.png,0,ipF-will1
./dataset/frames\ipF-will1_frame_0002.png,0,ipF-will1
./dataset/frames\ipF-will1_frame_0003.png,0,ipF-will1
./dataset/frames\ipF-will1_frame_0004.png,0,ipF-will1
./dataset/frames\ipF-will1_frame_0005.png,0,ipF-will1
./dataset/frames\ipF-will1_frame_0006.png,0,ipF-will1
./dataset/frames\ipF-will1_frame_0007.png,0,ipF-will1
./dataset/frames\ipF-will1_frame_0008.png,0,ipF-will1
./dataset/frames\ipF-will1_frame_0009.png,0,ipF-will1
./dataset/frames\ipF-will1_frame_0010.png,0,ipF-will1
./dataset/frames\ipF-will1_frame_0011.png,0,ipF-will1
./dataset/frames\ipF-will1_frame_0012.png,0,ipF-will1
./dataset/frames\ipF-will1_frame_0013.png,0,ipF-will1
./dataset/frames\ipF-will1_frame_0014.png,0,ipF-will1
./dataset/frames\ipF-will1_frame_0015.png,0,ipF-will1
./dataset/frames\ipF-will1_frame_0016.png,0,ipF-will1
./dataset/frames\ipF-will1_frame_0017.png,0,ipF-will1
./dataset/frames\ipF-will1_frame_0018.png,0,ipF-will1
./dataset/frames\ipF-will1_frame_0019.png,0,ipF-will1
./dataset/frames\ipF-will1_frame_0020.png,0,ipF-will1
./dataset/frames\kid and grandparent_frame_0000.png,0,kid and grandparent
./dataset/frames\kid and grandparent_frame_0001.png,0,kid and grandparent
./dataset/frames\kid and grandparent_frame_0002.png,0,kid and grandparent
./dataset/frames\kid and grandparent_frame_0003.png,0,kid and grandparent
./dataset/frames\kid and grandparent_frame_0004.png,0,kid and grandparent
./dataset/frames\kid and grandparent_frame_0005.png,0,kid and grandparent
./dataset/frames\kid and grandparent_frame_0006.png,0,kid and grandparent
./dataset/frames\kid and grandparent_frame_0007.png,0,kid and grandparent
./dataset/frames\kid and grandparent_frame_0008.png,0,kid and grandparent
./dataset/frames\kid and grandparent_frame_0009.png,0,kid and grandparent
./dataset/frames\kid and grandparent_frame_0010.png,0,kid and grandparent
./dataset/frames\kid and grandparent_frame_0011.png,0,kid and grandparent
./dataset/frames\kid and grandparent_frame_0012.png,0,kid and grandparent
./dataset/frames\kid and grandparent_frame_0013.png,0,kid and grandparent
./dataset/frames\kid and grandparent_frame_0014.png,0,kid and grandparent
./dataset/frames\landscape_frame_0000.png,0,landscape
./dataset/frames\landscape_frame_0001.png,0,landscape
./dataset/frames\landscape_frame_0002.png,0,landscape
./dataset/frames\landscape_frame_0003.png,0,landscape
./dataset/frames\landscape_frame_0004.png,0,landscape
./dataset/frames\landscape_frame_0005.png,0,landscape
./dataset/frames\landscape_frame_0006.png,0,landscape
./dataset/frames\landscape_frame_0007.png,0,landscape
./dataset/frames\landscape_frame_0008.png,0,landscape
./dataset/frames\landscape_frame_0009.png,0,landscape
./dataset/frames\landscape_frame_0010.png,0,landscape
./dataset/frames\landscape_frame_0011.png,0,landscape
./dataset/frames\landscape_frame_0012.png,0,landscape
./dataset/frames\landscape_frame_0013.png,0,landscape
./dataset/frames\landscape_frame_0014.png,0,landscape
./dataset/frames\landscape_frame_0015.png,0,landscape
./dataset/frames\landscape_frame_0016.png,0,landscape
./dataset/frames\landscape_frame_0017.png,0,landscape
./dataset/frames\lizard_frame_0000.png,0,lizard
./dataset/frames\lizard_frame_0001.png,0,lizard
./dataset/frames\lizard_frame_0002.png,0,lizard
./dataset/frames\lizard_frame_0003.png,0,lizard
./dataset/frames\lizard_frame_0004.png,0,lizard
./dataset/frames\lizard_frame_0005.png,0,lizard
./dataset/frames\lizard_frame_0006.png,0,lizard
./dataset/frames\lizard_frame_0007.png,0,lizard
./dataset/frames\lizard_frame_0008.png,0,lizard
./dataset/frames\lizard_frame_0009.png,0,lizard
./dataset/frames\lizard_frame_0010.png,0,lizard
./dataset/frames\lizard_frame_0011.png,0,lizard
./dataset/frames\lizard_frame_0012.png,0,lizard
./dataset/frames\lizard_frame_0013.png,0,lizard
./dataset/frames\lizard_frame_0014.png,0,lizard
./dataset/frames\medical training dummy_frame_0000.png,0,medical training dummy
./dataset/frames\medical training dummy_frame_0001.png,0,medical training dummy
./dataset/frames\medical training dummy_frame_0002.png,0,medical training dummy
./dataset/frames\medical training dummy_frame_0003.png,0,medical training dummy
./dataset/frames\medical training dummy_frame_0004.png,0,medical training dummy
./dataset/frames\medical training dummy_frame_0005.png,0,medical training dummy
./dataset/frames\medical training dummy_frame_0006.png,0,medical training dummy
./dataset/frames\medical training dummy_frame_0007.png,0,medical training dummy
./dataset/frames\medical training dummy_frame_0008.png,0,medical training dummy
./dataset/frames\medical training dummy_frame_0009.png,0,medical training dummy
./dataset/frames\medical training dummy_frame_0010.png,0,medical training dummy
./dataset/frames\medical training dummy_frame_0011.png,0,medical training dummy
./dataset/frames\owl_frame_0000.png,0,owl
./dataset/frames\owl_frame_0001.png,0,owl
./dataset/frames\owl_frame_0002.png,0,owl
./dataset/frames\owl_frame_0003.png,0,owl
./dataset/frames\owl_frame_0004.png,0,owl
./dataset/frames\owl_frame_0005.png,0,owl
./dataset/frames\owl_frame_0006.png,0,owl
./dataset/frames\owl_frame_0007.png,0,owl
./dataset/frames\owl_frame_0008.png,0,owl
./dataset/frames\owl_frame_0009.png,0,owl
./dataset/frames\owl_frame_0010.png,0,owl
./dataset/frames\owl_frame_0011.png,0,owl
./dataset/frames\owl_frame_0012.png,0,owl
./dataset/frames\owl_frame_0013.png,0,owl
./dataset/frames\parachuting_frame_0000.png,0,parachuting
./dataset/frames\parachuting_frame_0001.png,0,parachuting
./dataset/frames\parachuting_frame_0002.png,0,parachuting
./dataset/frames\parachuting_frame_0003.png,0,parachuting
./dataset/frames\parachuting_frame_0004.png,0,parachuting
./dataset/frames\parachuting_frame_0005.png,0,parachuting
./dataset/frames\parachuting_frame_0006.png,0,parachuting
./dataset/frames\parachuting_frame_0007.png,0,parachuting
./dataset/frames\parachuting_frame_0008.png,0,parachuting
./dataset/frames\parachuting_frame_0009.png,0,parachuting
./dataset/frames\parachuting_frame_0010.png,0,parachuting
./dataset/frames\parachuting_frame_0011.png,0,parachuting
./dataset/frames\parachuting_frame_0012.png,0,parachuting
./dataset/frames\parachuting_frame_0013.png,0,parachuting
./dataset/frames\parachuting_frame_0014.png,0,parachuting
./dataset/frames\partying_frame_0000.png,0,partying
./dataset/frames\partying_frame_0001.png,0,partying
./dataset/frames\partying_frame_0002.png,0,partying
./dataset/frames\partying_frame_0003.png,0,partying
./dataset/frames\partying_frame_0004.png,0,partying
./dataset/frames\partying_frame_0005.png,0,partying
./dataset/frames\partying_frame_0006.png,0,partying
./dataset/frames\partying_frame_0007.png,0,partying
./dataset/frames\partying_frame_0008.png,0,partying
./dataset/frames\partying_frame_0009.png,0,partying
./dataset/frames\partying_frame_0010.png,0,partying
./dataset/frames\partying_frame_0011.png,0,partying
./dataset/frames\partying_frame_0012.png,0,partying
./dataset/frames\pasta maker_frame_0000.png,0,pasta maker
./dataset/frames\pasta maker_frame_0001.png,0,pasta maker
./dataset/frames\pasta maker_frame_0002.png,0,pasta maker
./dataset/frames\pasta maker_frame_0003.png,0,pasta maker
./dataset/frames\pasta maker_frame_0004.png,0,pasta maker
./dataset/frames\pasta maker_frame_0005.png,0,pasta maker
./dataset/frames\pasta maker_frame_0006.png,0,pasta maker
./dataset/frames\pasta maker_frame_0007.png,0,pasta maker
./dataset/frames\pasta maker_frame_0008.png,0,pasta maker
./dataset/frames\pasta maker_frame_0009.png,0,pasta maker
./dataset/frames\pasta maker_frame_0010.png,0,pasta maker
./dataset/frames\pasta maker_frame_0011.png,0,pasta maker
./dataset/frames\pasta maker_frame_0012.png,0,pasta maker
./dataset/frames\pasta maker_frame_0013.png,0,pasta maker
./dataset/frames\pasta maker_frame_0014.png,0,pasta maker
./dataset/frames\pasta maker_frame_0015.png,0,pasta maker
./dataset/frames\pasta maker_frame_0016.png,0,pasta maker
./dataset/frames\people on beach_frame_0000.png,0,people on beach
./dataset/frames\people on beach_frame_0001.png,0,people on beach
./dataset/frames\people on beach_frame_0002.png,0,people on beach
./dataset/frames\people on beach_frame_0003.png,0,people on beach
./dataset/frames\people on beach_frame_0004.png,0,people on beach
./dataset/frames\people on beach_frame_0005.png,0,people on beach
./dataset/frames\people on beach_frame_0006.png,0,people on beach
./dataset/frames\people on beach_frame_0007.png,0,people on beach
./dataset/frames\people on beach_frame_0008.png,0,people on beach
./dataset/frames\people on beach_frame_0009.png,0,people on beach
./dataset/frames\people on beach_frame_0010.png,0,people on beach
./dataset/frames\people studying_frame_0000.png,0,people studying
./dataset/frames\people studying_frame_0001.png,0,people studying
./dataset/frames\people studying_frame_0002.png,0,people studying
./dataset/frames\people studying_frame_0003.png,0,people studying
./dataset/frames\people studying_frame_0004.png,0,people studying
./dataset/frames\people studying_frame_0005.png,0,people studying
./dataset/frames\people studying_frame_0006.png,0,people studying
./dataset/frames\people studying_frame_0007.png,0,people studying
./dataset/frames\people studying_frame_0008.png,0,people studying
./dataset/frames\people studying_frame_0009.png,0,people studying
./dataset/frames\people studying_frame_0010.png,0,people studying
./dataset/frames\people walking_frame_0000.png,0,people walking
./dataset/frames\people walking_frame_0001.png,0,people walking
./dataset/frames\people walking_frame_0002.png,0,people walking
./dataset/frames\people walking_frame_0003.png,0,people walking
./dataset/frames\people walking_frame_0004.png,0,people walking
./dataset/frames\people walking_frame_0005.png,0,people walking
./dataset/frames\people walking_frame_0006.png,0,people walking
./dataset/frames\people walking_frame_0007.png,0,people walking
./dataset/frames\people walking_frame_0008.png,0,people walking
./dataset/frames\people walking_frame_0009.png,0,people walking
./dataset/frames\people walking_frame_0010.png,0,people walking
./dataset/frames\people walking_frame_0011.png,0,people walking
./dataset/frames\people walking_frame_0012.png,0,people walking
./dataset/frames\people walking_frame_0013.png,0,people walking
./dataset/frames\person on phone_frame_0000.png,0,person on phone
./dataset/frames\person on phone_frame_0001.png,0,person on phone
./dataset/frames\person on phone_frame_0002.png,0,person on phone
./dataset/frames\person on phone_frame_0003.png,0,person on phone
./dataset/frames\person on phone_frame_0004.png,0,person on phone
./dataset/frames\person on phone_frame_0005.png,0,person on phone
./dataset/frames\person on phone_frame_0006.png,0,person on phone
./dataset/frames\person on phone_frame_0007.png,0,person on phone
./dataset/frames\person on phone_frame_0008.png,0,person on phone
./dataset/frames\person on phone_frame_0009.png,0,person on phone
./dataset/frames\person on phone_frame_0010.png,0,person on phone
./dataset/frames\person on phone_frame_0011.png,0,person on phone
./dataset/frames\person on phone_frame_0012.png,0,person on phone
./dataset/frames\person overlooking land_frame_0000.png,0,person overlooking land
./dataset/frames\person overlooking land_frame_0001.png,0,person overlooking land
./dataset/frames\person overlooking land_frame_0002.png,0,person overlooking land
./dataset/frames\person overlooking land_frame_0003.png,0,person overlooking land
./dataset/frames\person overlooking land_frame_0004.png,0,person overlooking land
./dataset/frames\person overlooking land_frame_0005.png,0,person overlooking land
./dataset/frames\person overlooking land_frame_0006.png,0,person overlooking land
./dataset/frames\person overlooking land_frame_0007.png,0,person overlooking land
./dataset/frames\person overlooking land_frame_0008.png,0,person overlooking land
./dataset/frames\person overlooking land_frame_0009.png,0,person overlooking land
./dataset/frames\person overlooking land_frame_0010.png,0,person overlooking land
./dataset/frames\person overlooking land_frame_0011.png,0,person overlooking land
./dataset/frames\person overlooking land_frame_0012.png,0,person overlooking land
./dataset/frames\person overlooking land_frame_0013.png,0,person overlooking land
./dataset/frames\person overlooking land_frame_0014.png,0,person overlooking land
./dataset/frames\person overlooking land_frame_0015.png,0,person overlooking land
./dataset/frames\sand dunes_frame_0000.png,0,sand dunes
./dataset/frames\sand dunes_frame_0001.png,0,sand dunes
./dataset/frames\sand dunes_frame_0002.png,0,sand dunes
./dataset/frames\sand dunes_frame_0003.png,0,sand dunes
./dataset/frames\sand dunes_frame_0004.png,0,sand dunes
./dataset/frames\sand dunes_frame_0005.png,0,sand dunes
./dataset/frames\sand dunes_frame_0006.png,0,sand dunes
./dataset/frames\sand dunes_frame_0007.png,0,sand dunes
./dataset/frames\sand dunes_frame_0008.png,0,sand dunes
./dataset/frames\sand dunes_frame_0009.png,0,sand dunes
./dataset/frames\sand dunes_frame_0010.png,0,sand dunes
./dataset/frames\sand falling_frame_0000.png,0,sand falling
./dataset/frames\sand falling_frame_0001.png,0,sand falling
./dataset/frames\sand falling_frame_0002.png,0,sand falling
./dataset/frames\sand falling_frame_0003.png,0,sand falling
./dataset/frames\sand falling_frame_0004.png,0,sand falling
./dataset/frames\sand falling_frame_0005.png,0,sand falling
./dataset/frames\sand falling_frame_0006.png,0,sand falling
./dataset/frames\sand falling_frame_0007.png,0,sand falling
./dataset/frames\sand falling_frame_0008.png,0,sand falling
./dataset/frames\sand falling_frame_0009.png,0,sand falling
./dataset/frames\sand falling_frame_0010.png,0,sand falling
./dataset/frames\sand falling_frame_0011.png,0,sand falling
./dataset/frames\sand falling_frame_0012.png,0,sand falling
./dataset/frames\sand falling_frame_0013.png,0,sand falling
./dataset/frames\sand falling_frame_0014.png,0,sand falling
./dataset/frames\sausage cutting_frame_0000.png,0,sausage cutting
./dataset/frames\sausage cutting_frame_0001.png,0,sausage cutting
./dataset/frames\sausage cutting_frame_0002.png,0,sausage cutting
./dataset/frames\sausage cutting_frame_0003.png,0,sausage cutting
./dataset/frames\sausage cutting_frame_0004.png,0,sausage cutting
./dataset/frames\sausage cutting_frame_0005.png,0,sausage cutting
./dataset/frames\sausage cutting_frame_0006.png,0,sausage cutting
./dataset/frames\sausage cutting_frame_0007.png,0,sausage cutting
./dataset/frames\sausage cutting_frame_0008.png,0,sausage cutting
./dataset/frames\sausage cutting_frame_0009.png,0,sausage cutting
./dataset/frames\sausage cutting_frame_0010.png,0,sausage cutting
./dataset/frames\sausage cutting_frame_0011.png,0,sausage cutting
./dataset/frames\sausage cutting_frame_0012.png,0,sausage cutting
./dataset/frames\sausage cutting_frame_0013.png,0,sausage cutting
./dataset/frames\school of fish_frame_0000.png,0,school of fish
./dataset/frames\school of fish_frame_0001.png,0,school of fish
./dataset/frames\school of fish_frame_0002.png,0,school of fish
./dataset/frames\school of fish_frame_0003.png,0,school of fish
./dataset/frames\school of fish_frame_0004.png,0,school of fish
./dataset/frames\school of fish_frame_0005.png,0,school of fish
./dataset/frames\school of fish_frame_0006.png,0,school of fish
./dataset/frames\school of fish_frame_0007.png,0,school of fish
./dataset/frames\school of fish_frame_0008.png,0,school of fish
./dataset/frames\school of fish_frame_0009.png,0,school of fish
./dataset/frames\school of fish_frame_0010.png,0,school of fish
./dataset/frames\school of fish_frame_0011.png,0,school of fish
./dataset/frames\sea turtle_frame_0000.png,0,sea turtle
./dataset/frames\sea turtle_frame_0001.png,0,sea turtle
./dataset/frames\sea turtle_frame_0002.png,0,sea turtle
./dataset/frames\sea turtle_frame_0003.png,0,sea turtle
./dataset/frames\sea turtle_frame_0004.png,0,sea turtle
./dataset/frames\sea turtle_frame_0005.png,0,sea turtle
./dataset/frames\sea turtle_frame_0006.png,0,sea turtle
./dataset/frames\sea turtle_frame_0007.png,0,sea turtle
./dataset/frames\sea turtle_frame_0008.png,0,sea turtle
./dataset/frames\sea turtle_frame_0009.png,0,sea turtle
./dataset/frames\sea turtle_frame_0010.png,0,sea turtle
./dataset/frames\slowmo hand olding_frame_0000.png,0,slowmo hand olding
./dataset/frames\slowmo hand olding_frame_0001.png,0,slowmo hand olding
./dataset/frames\slowmo hand olding_frame_0002.png,0,slowmo hand olding
./dataset/frames\slowmo hand olding_frame_0003.png,0,slowmo hand olding
./dataset/frames\slowmo hand olding_frame_0004.png,0,slowmo hand olding
./dataset/frames\slowmo hand olding_frame_0005.png,0,slowmo hand olding
./dataset/frames\slowmo hand olding_frame_0006.png,0,slowmo hand olding
./dataset/frames\slowmo hand olding_frame_0007.png,0,slowmo hand olding
./dataset/frames\slowmo hand olding_frame_0008.png,0,slowmo hand olding
./dataset/frames\slowmo hand olding_frame_0009.png,0,slowmo hand olding
./dataset/frames\slowmo hand olding_frame_0010.png,0,slowmo hand olding
./dataset/frames\slowmo hand olding_frame_0011.png,0,slowmo hand olding
./dataset/frames\slowmo hand olding_frame_0012.png,0,slowmo hand olding
./dataset/frames\slowmo hand olding_frame_0013.png,0,slowmo hand olding
./dataset/frames\slowmo hand olding_frame_0014.png,0,slowmo hand olding
./dataset/frames\slowmo hand olding_frame_0015.png,0,slowmo hand olding
./dataset/frames\slowmo hand olding_frame_0016.png,0,slowmo hand olding
./dataset/frames\sppeedbump_frame_0000.png,0,sppeedbump
./dataset/frames\sppeedbump_frame_0001.png,0,sppeedbump
./dataset/frames\sppeedbump_frame_0002.png,0,sppeedbump
./dataset/frames\sppeedbump_frame_0003.png,0,sppeedbump
./dataset/frames\sppeedbump_frame_0004.png,0,sppeedbump
./dataset/frames\sppeedbump_frame_0005.png,0,sppeedbump
./dataset/frames\sppeedbump_frame_0006.png,0,sppeedbump
./dataset/frames\sppeedbump_frame_0007.png,0,sppeedbump
./dataset/frames\sppeedbump_frame_0008.png,0,sppeedbump
./dataset/frames\sppeedbump_frame_0009.png,0,sppeedbump
./dataset/frames\sppeedbump_frame_0010.png,0,sppeedbump
./dataset/frames\sppeedbump_frame_0011.png,0,sppeedbump
./dataset/frames\sppeedbump_frame_0012.png,0,sppeedbump
./dataset/frames\sppeedbump_frame_0013.png,0,sppeedbump
./dataset/frames\sppeedbump_frame_0014.png,0,sppeedbump
./dataset/frames\timelapse flowers_frame_0000.png,0,timelapse flowers
./dataset/frames\timelapse flowers_frame_0001.png,0,timelapse flowers
./dataset/frames\timelapse flowers_frame_0002.png,0,timelapse flowers
./dataset/frames\timelapse flowers_frame_0003.png,0,timelapse flowers
./dataset/frames\timelapse flowers_frame_0004.png,0,timelapse flowers
./dataset/frames\timelapse flowers_frame_0005.png,0,timelapse flowers
./dataset/frames\timelapse flowers_frame_0006.png,0,timelapse flowers
./dataset/frames\timelapse flowers_frame_0007.png,0,timelapse flowers
./dataset/frames\timelapse flowers_frame_0008.png,0,timelapse flowers
./dataset/frames\timelapse flowers_frame_0009.png,0,timelapse flowers
./dataset/frames\timelapse flowers_frame_0010.png,0,timelapse flowers
./dataset/frames\timelapse flowers_frame_0011.png,0,timelapse flowers
./dataset/frames\timelapse flowers_frame_0012.png,0,timelapse flowers
./dataset/frames\Transit ticketing_frame_0000.png,0,Transit ticketing
./dataset/frames\Transit ticketing_frame_0001.png,0,Transit ticketing
./dataset/frames\Transit ticketing_frame_0002.png,0,Transit ticketing
./dataset/frames\Transit ticketing_frame_0003.png,0,Transit ticketing
./dataset/frames\Transit ticketing_frame_0004.png,0,Transit ticketing
./dataset/frames\Transit ticketing_frame_0005.png,0,Transit ticketing
./dataset/frames\Transit ticketing_frame_0006.png,0,Transit ticketing
./dataset/frames\Transit ticketing_frame_0007.png,0,Transit ticketing
./dataset/frames\Transit ticketing_frame_0008.png,0,Transit ticketing
./dataset/frames\Transit ticketing_frame_0009.png,0,Transit ticketing
./dataset/frames\Transit ticketing_frame_0010.png,0,Transit ticketing
./dataset/frames\Transit ticketing_frame_0011.png,0,Transit ticketing
./dataset/frames\Transit ticketing_frame_0012.png,0,Transit ticketing
./dataset/frames\Transit ticketing_frame_0013.png,0,Transit ticketing
./dataset/frames\Transit ticketing_frame_0014.png,0,Transit ticketing
./dataset/frames\trump_frame_0000.png,0,trump
./dataset/frames\trump_frame_0001.png,0,trump
./dataset/frames\trump_frame_0002.png,0,trump
./dataset/frames\trump_frame_0003.png,0,trump
./dataset/frames\trump_frame_0004.png,0,trump
./dataset/frames\trump_frame_0005.png,0,trump
./dataset/frames\trump_frame_0006.png,0,trump
./dataset/frames\trump_frame_0007.png,0,trump
./dataset/frames\trump_frame_0008.png,0,trump
./dataset/frames\trump_frame_0009.png,0,trump
./dataset/frames\trump_frame_0010.png,0,trump
./dataset/frames\trump_frame_0011.png,0,trump
./dataset/frames\trump_frame_0012.png,0,trump
./dataset/frames\trump_frame_0013.png,0,trump
./dataset/frames\trump_frame_0014.png,0,trump
./dataset/frames\trump_frame_0015.png,0,trump
./dataset/frames\trump_frame_0016.png,0,trump
./dataset/frames\trump_frame_0017.png,0,trump
./dataset/frames\trump_frame_0018.png,0,trump
./dataset/frames\trump_frame_0019.png,0,trump
./dataset/frames\trump_frame_0020.png,0,trump
./dataset/frames\trump_frame_0021.png,0,trump
./dataset/frames\water fountain_frame_0000.png,0,water fountain
./dataset/frames\water fountain_frame_0001.png,0,water fountain
./dataset/frames\water fountain_frame_0002.png,0,water fountain
./dataset/frames\water fountain_frame_0003.png,0,water fountain
./dataset/frames\water fountain_frame_0004.png,0,water fountain
./dataset/frames\water fountain_frame_0005.png,0,water fountain
./dataset/frames\water fountain_frame_0006.png,0,water fountain
./dataset/frames\water fountain_frame_0007.png,0,water fountain
./dataset/frames\water fountain_frame_0008.png,0,water fountain
./dataset/frames\water fountain_frame_0009.png,0,water fountain
./dataset/frames\water fountain_frame_0010.png,0,water fountain
./dataset/frames\water fountain_frame_0011.png,0,water fountain
./dataset/frames\waves_frame_0000.png,0,waves
./dataset/frames\waves_frame_0001.png,0,waves
./dataset/frames\waves_frame_0002.png,0,waves
./dataset/frames\waves_frame_0003.png,0,waves
./dataset/frames\waves_frame_0004.png,0,waves
./dataset/frames\waves_frame_0005.png,0,waves
./dataset/frames\waves_frame_0006.png,0,waves
./dataset/frames\waves_frame_0007.png,0,waves
./dataset/frames\waves_frame_0008.png,0,waves
./dataset/frames\waves_frame_0009.png,0,waves
./dataset/frames\waves_frame_0010.png,0,waves
./dataset/frames\waves_frame_0011.png,0,waves
./dataset/frames\waves_frame_0012.png,0,waves
./dataset/frames\waves_frame_0013.png,0,waves
./dataset/frames\waves_frame_0014.png,0,waves
./dataset/frames\waves_frame_0015.png,0,waves
./dataset/frames\waves_frame_0016.png,0,waves
./dataset/frames\waves_frame_0017.png,0,waves
./dataset/frames\waves_frame_0018.png,0,waves
./dataset/frames\waves_frame_0019.png,0,waves
./dataset/frames\waves_frame_0020.png,0,waves
./dataset/frames\waves_frame_0021.png,0,waves
./dataset/frames\waves_frame_0022.png,0,waves
./dataset/frames\waves_frame_0023.png,0,waves
./dataset/frames\waves_frame_0024.png,0,waves
./dataset/frames\waves_frame_0025.png,0,waves
./dataset/frames\whale underwater_frame_0000.png,0,whale underwater
./dataset/frames\whale underwater_frame_0001.png,0,whale underwater
./dataset/frames\whale underwater_frame_0002.png,0,whale underwater
./dataset/frames\whale underwater_frame_0003.png,0,whale underwater
./dataset/frames\whale underwater_frame_0004.png,0,whale underwater
./dataset/frames\whale underwater_frame_0005.png,0,whale underwater
./dataset/frames\whale underwater_frame_0006.png,0,whale underwater
./dataset/frames\whale underwater_frame_0007.png,0,whale underwater
./dataset/frames\whale underwater_frame_0008.png,0,whale underwater
./dataset/frames\whale underwater_frame_0009.png,0,whale underwater
./dataset/frames\whale underwater_frame_0010.png,0,whale underwater
./dataset/frames\whale underwater_frame_0011.png,0,whale underwater
./dataset/frames\whale underwater_frame_0012.png,0,whale underwater
./dataset/frames\whale underwater_frame_0013.png,0,whale underwater
./dataset/frames\whale underwater_frame_0014.png,0,whale underwater
./dataset/frames\whale underwater_frame_0015.png,0,whale underwater
./dataset/frames\whale underwater_frame_0016.png,0,whale underwater
./dataset/frames\whale underwater_frame_0017.png,0,whale underwater
./dataset/frames\whale underwater_frame_0018.png,0,whale underwater
./dataset/frames\whale underwater_frame_0019.png,0,whale underwater
./dataset/frames\whale underwater_frame_0020.png,0,whale underwater
./dataset/frames\whale underwater_frame_0021.png,0,whale underwater
./dataset/frames\whale underwater_frame_0022.png,0,whale underwater
./dataset/frames\whale underwater_frame_0023.png,0,whale underwater
./dataset/frames\whale underwater_frame_0024.png,0,whale underwater
./dataset/frames\whale underwater_frame_0025.png,0,whale underwater
./dataset/frames\whale underwater_frame_0026.png,0,whale underwater
./dataset/frames\whale underwater_frame_0027.png,0,whale underwater
./dataset/frames\whale underwater_frame_0028.png,0,whale underwater
./dataset/frames\whale underwater_frame_0029.png,0,whale underwater
./dataset/frames\whale underwater_frame_0030.png,0,whale underwater
./dataset/frames\whale underwater_frame_0031.png,0,whale underwater
./dataset/frames\whale underwater_frame_0032.png,0,whale underwater
./dataset/frames\whale underwater_frame_0033.png,0,whale underwater
./dataset/frames\whale underwater_frame_0034.png,0,whale underwater
./dataset/frames\whale underwater_frame_0035.png,0,whale underwater
./dataset/frames\whale underwater_frame_0036.png,0,whale underwater
./dataset/frames\whale underwater_frame_0037.png,0,whale underwater
./dataset/frames\whale underwater_frame_0038.png,0,whale underwater
./dataset/frames\whale underwater_frame_0039.png,0,whale underwater
./dataset/frames\whale underwater_frame_0040.png,0,whale underwater
./dataset/frames\whale underwater_frame_0041.png,0,whale underwater
./dataset/frames\whale underwater_frame_0042.png,0,whale underwater
./dataset/frames\whale underwater_frame_0043.png,0,whale underwater
./dataset/frames\whale underwater_frame_0044.png,0,whale underwater
./dataset/frames\whale underwater_frame_0045.png,0,whale underwater
./dataset/frames\whale underwater_frame_0046.png,0,whale underwater
./dataset/frames\whale underwater_frame_0047.png,0,whale underwater
./dataset/frames\whale underwater_frame_0048.png,0,whale underwater
./dataset/frames\whale underwater_frame_0049.png,0,whale underwater
./dataset/frames\whale underwater_frame_0050.png,0,whale underwater
./dataset/frames\whale underwater_frame_0051.png,0,whale underwater
./dataset/frames\whale underwater_frame_0052.png,0,whale underwater
./dataset/frames\whale underwater_frame_0053.png,0,whale underwater
./dataset/frames\whale underwater_frame_0054.png,0,whale underwater
./dataset/frames\whale underwater_frame_0055.png,0,whale underwater
./dataset/frames\whale underwater_frame_0056.png,0,whale underwater
./dataset/frames\whale underwater_frame_0057.png,0,whale underwater
./dataset/frames\whale underwater_frame_0058.png,0,whale underwater
./dataset/frames\whale underwater_frame_0059.png,0,whale underwater
./dataset/frames\whale underwater_frame_0060.png,0,whale underwater
./dataset/frames\whale underwater_frame_0061.png,0,whale underwater
./dataset/frames\whale underwater_frame_0062.png,0,whale underwater
./dataset/frames\whale underwater_frame_0063.png,0,whale underwater
./dataset/frames\whale underwater_frame_0064.png,0,whale underwater
./dataset/frames\wheat in the wind_frame_0000.png,0,wheat in the wind
./dataset/frames\wheat in the wind_frame_0001.png,0,wheat in the wind
./dataset/frames\wheat in the wind_frame_0002.png,0,wheat in the wind
./dataset/frames\wheat in the wind_frame_0003.png,0,wheat in the wind
./dataset/frames\wheat in the wind_frame_0004.png,0,wheat in the wind
./dataset/frames\wheat in the wind_frame_0005.png,0,wheat in the wind
./dataset/frames\wheat in the wind_frame_0006.png,0,wheat in the wind
./dataset/frames\wheat in the wind_frame_0007.png,0,wheat in the wind
./dataset/frames\wheat in the wind_frame_0008.png,0,wheat in the wind
./dataset/frames\wheat in the wind_frame_0009.png,0,wheat in the wind
./dataset/frames\wheat in the wind_frame_0010.png,0,wheat in the wind
./dataset/frames\wheat in the wind_frame_0011.png,0,wheat in the wind
./dataset/frames\wolf_frame_0000.png,0,wolf
./dataset/frames\wolf_frame_0001.png,0,wolf
./dataset/frames\wolf_frame_0002.png,0,wolf
./dataset/frames\wolf_frame_0003.png,0,wolf
./dataset/frames\wolf_frame_0004.png,0,wolf
./dataset/frames\wolf_frame_0005.png,0,wolf
./dataset/frames\wolf_frame_0006.png,0,wolf
./dataset/frames\wolf_frame_0007.png,0,wolf
./dataset/frames\wolf_frame_0008.png,0,wolf
./dataset/frames\wolf_frame_0009.png,0,wolf
./dataset/frames\wolf_frame_0010.png,0,wolf
./dataset/frames\wolf_frame_0011.png,0,wolf
./dataset/frames\7687815-uhd_4096_2160_24fps_frame_0000.png,1,7687815-uhd_4096_2160_24fps
./dataset/frames\7687815-uhd_4096_2160_24fps_frame_0001.png,1,7687815-uhd_4096_2160_24fps
./dataset/frames\7687815-uhd_4096_2160_24fps_frame_0002.png,1,7687815-uhd_4096_2160_24fps
./dataset/frames\7687815-uhd_4096_2160_24fps_frame_0003.png,1,7687815-uhd_4096_2160_24fps
./dataset/frames\7687815-uhd_4096_2160_24fps_frame_0004.png,1,7687815-uhd_4096_2160_24fps
./dataset/frames\7687815-uhd_4096_2160_24fps_frame_0005.png,1,7687815-uhd_4096_2160_24fps
./dataset/frames\7687815-uhd_4096_2160_24fps_frame_0006.png,1,7687815-uhd_4096_2160_24fps
./dataset/frames\7687815-uhd_4096_2160_24fps_frame_0007.png,1,7687815-uhd_4096_2160_24fps
./dataset/frames\7687815-uhd_4096_2160_24fps_frame_0008.png,1,7687815-uhd_4096_2160_24fps
./dataset/frames\7687815-uhd_4096_2160_24fps_frame_0009.png,1,7687815-uhd_4096_2160_24fps
./dataset/frames\7687815-uhd_4096_2160_24fps_frame_0010.png,1,7687815-uhd_4096_2160_24fps
./dataset/frames\7687815-uhd_4096_2160_24fps_frame_0011.png,1,7687815-uhd_4096_2160_24fps
./dataset/frames\7687815-uhd_4096_2160_24fps_frame_0012.png,1,7687815-uhd_4096_2160_24fps
./dataset/frames\7687815-uhd_4096_2160_24fps_frame_0013.png,1,7687815-uhd_4096_2160_24fps
./dataset/frames\7687815-uhd_4096_2160_24fps_frame_0014.png,1,7687815-uhd_4096_2160_24fps
./dataset/frames\7687815-uhd_4096_2160_24fps_frame_0015.png,1,7687815-uhd_4096_2160_24fps
./dataset/frames\7687815-uhd_4096_2160_24fps_frame_0016.png,1,7687815-uhd_4096_2160_24fps
./dataset/frames\7687815-uhd_4096_2160_24fps_frame_0017.png,1,7687815-uhd_4096_2160_24fps
./dataset/frames\7687815-uhd_4096_2160_24fps_frame_0018.png,1,7687815-uhd_4096_2160_24fps
./dataset/frames\7687815-uhd_4096_2160_24fps_frame_0019.png,1,7687815-uhd_4096_2160_24fps
./dataset/frames\7687815-uhd_4096_2160_24fps_frame_0020.png,1,7687815-uhd_4096_2160_24fps
./dataset/frames\7687815-uhd_4096_2160_24fps_frame_0021.png,1,7687815-uhd_4096_2160_24fps
./dataset/frames\7687815-uhd_4096_2160_24fps_frame_0022.png,1,7687815-uhd_4096_2160_24fps
./dataset/frames\7687815-uhd_4096_2160_24fps_frame_0023.png,1,7687815-uhd_4096_2160_24fps
./dataset/frames\7687815-uhd_4096_2160_24fps_frame_0024.png,1,7687815-uhd_4096_2160_24fps
./dataset/frames\7687815-uhd_4096_2160_24fps_frame_0025.png,1,7687815-uhd_4096_2160_24fps
./dataset/frames\7687815-uhd_4096_2160_24fps_frame_0026.png,1,7687815-uhd_4096_2160_24fps
./dataset/frames\7687815-uhd_4096_2160_24fps_frame_0027.png,1,7687815-uhd_4096_2160_24fps
./dataset/frames\7687815-uhd_4096_2160_24fps_frame_0028.png,1,7687815-uhd_4096_2160_24fps
./dataset/frames\7687815-uhd_4096_2160_24fps_frame_0029.png,1,7687815-uhd_4096_2160_24fps
./dataset/frames\7687815-uhd_4096_2160_24fps_frame_0030.png,1,7687815-uhd_4096_2160_24fps
./dataset/frames\7687815-uhd_4096_2160_24fps_frame_0031.png,1,7687815-uhd_4096_2160_24fps
./dataset/frames\7687815-uhd_4096_2160_24fps_frame_0032.png,1,7687815-uhd_4096_2160_24fps
./dataset/frames\7687815-uhd_4096_2160_24fps_frame_0033.png,1,7687815-uhd_4096_2160_24fps
./dataset/frames\7687815-uhd_4096_2160_24fps_frame_0034.png,1,7687815-uhd_4096_2160_24fps
./dataset/frames\7687815-uhd_4096_2160_24fps_frame_0035.png,1,7687815-uhd_4096_2160_24fps
./dataset/frames\7687815-uhd_4096_2160_24fps_frame_0036.png,1,7687815-uhd_4096_2160_24fps
./dataset/frames\7687815-uhd_4096_2160_24fps_frame_0037.png,1,7687815-uhd_4096_2160_24fps
./dataset/frames\7688849-uhd_4096_2160_24fps_frame_0000.png,1,7688849-uhd_4096_2160_24fps
./dataset/frames\7688849-uhd_4096_2160_24fps_frame_0001.png,1,7688849-uhd_4096_2160_24fps
./dataset/frames\7688849-uhd_4096_2160_24fps_frame_0002.png,1,7688849-uhd_4096_2160_24fps
./dataset/frames\7688849-uhd_4096_2160_24fps_frame_0003.png,1,7688849-uhd_4096_2160_24fps
./dataset/frames\7688849-uhd_4096_2160_24fps_frame_0004.png,1,7688849-uhd_4096_2160_24fps
./dataset/frames\7688849-uhd_4096_2160_24fps_frame_0005.png,1,7688849-uhd_4096_2160_24fps
./dataset/frames\7688849-uhd_4096_2160_24fps_frame_0006.png,1,7688849-uhd_4096_2160_24fps
./dataset/frames\7688849-uhd_4096_2160_24fps_frame_0007.png,1,7688849-uhd_4096_2160_24fps
./dataset/frames\7688849-uhd_4096_2160_24fps_frame_0008.png,1,7688849-uhd_4096_2160_24fps
./dataset/frames\7688849-uhd_4096_2160_24fps_frame_0009.png,1,7688849-uhd_4096_2160_24fps
./dataset/frames\7688849-uhd_4096_2160_24fps_frame_0010.png,1,7688849-uhd_4096_2160_24fps
./dataset/frames\7688849-uhd_4096_2160_24fps_frame_0011.png,1,7688849-uhd_4096_2160_24fps
./dataset/frames\7688849-uhd_4096_2160_24fps_frame_0012.png,1,7688849-uhd_4096_2160_24fps
./dataset/frames\7688849-uhd_4096_2160_24fps_frame_0013.png,1,7688849-uhd_4096_2160_24fps
./dataset/frames\7688849-uhd_4096_2160_24fps_frame_0014.png,1,7688849-uhd_4096_2160_24fps
./dataset/frames\7688849-uhd_4096_2160_24fps_frame_0015.png,1,7688849-uhd_4096_2160_24fps
./dataset/frames\7688849-uhd_4096_2160_24fps_frame_0016.png,1,7688849-uhd_4096_2160_24fps
./dataset/frames\7688849-uhd_4096_2160_24fps_frame_0017.png,1,7688849-uhd_4096_2160_24fps
./dataset/frames\7688849-uhd_4096_2160_24fps_frame_0018.png,1,7688849-uhd_4096_2160_24fps
./dataset/frames\7688849-uhd_4096_2160_24fps_frame_0019.png,1,7688849-uhd_4096_2160_24fps
./dataset/frames\7688849-uhd_4096_2160_24fps_frame_0020.png,1,7688849-uhd_4096_2160_24fps
./dataset/frames\7688849-uhd_4096_2160_24fps_frame_0021.png,1,7688849-uhd_4096_2160_24fps
./dataset/frames\7688849-uhd_4096_2160_24fps_frame_0022.png,1,7688849-uhd_4096_2160_24fps
./dataset/frames\7688849-uhd_4096_2160_24fps_frame_0023.png,1,7688849-uhd_4096_2160_24fps
./dataset/frames\7688849-uhd_4096_2160_24fps_frame_0024.png,1,7688849-uhd_4096_2160_24fps
./dataset/frames\7688849-uhd_4096_2160_24fps_frame_0025.png,1,7688849-uhd_4096_2160_24fps
./dataset/frames\7688849-uhd_4096_2160_24fps_frame_0026.png,1,7688849-uhd_4096_2160_24fps
./dataset/frames\7688849-uhd_4096_2160_24fps_frame_0027.png,1,7688849-uhd_4096_2160_24fps
./dataset/frames\7688849-uhd_4096_2160_24fps_frame_0028.png,1,7688849-uhd_4096_2160_24fps
./dataset/frames\7688849-uhd_4096_2160_24fps_frame_0029.png,1,7688849-uhd_4096_2160_24fps
./dataset/frames\8720761-uhd_2160_4096_25fps_frame_0000.png,1,8720761-uhd_2160_4096_25fps
./dataset/frames\8720761-uhd_2160_4096_25fps_frame_0001.png,1,8720761-uhd_2160_4096_25fps
./dataset/frames\8720761-uhd_2160_4096_25fps_frame_0002.png,1,8720761-uhd_2160_4096_25fps
./dataset/frames\8720761-uhd_2160_4096_25fps_frame_0003.png,1,8720761-uhd_2160_4096_25fps
./dataset/frames\8720761-uhd_2160_4096_25fps_frame_0004.png,1,8720761-uhd_2160_4096_25fps
./dataset/frames\8720761-uhd_2160_4096_25fps_frame_0005.png,1,8720761-uhd_2160_4096_25fps
./dataset/frames\8720761-uhd_2160_4096_25fps_frame_0006.png,1,8720761-uhd_2160_4096_25fps
./dataset/frames\8720761-uhd_2160_4096_25fps_frame_0007.png,1,8720761-uhd_2160_4096_25fps
./dataset/frames\8720761-uhd_2160_4096_25fps_frame_0008.png,1,8720761-uhd_2160_4096_25fps
./dataset/frames\8720761-uhd_2160_4096_25fps_frame_0009.png,1,8720761-uhd_2160_4096_25fps
./dataset/frames\8720761-uhd_2160_4096_25fps_frame_0010.png,1,8720761-uhd_2160_4096_25fps
./dataset/frames\8720761-uhd_2160_4096_25fps_frame_0011.png,1,8720761-uhd_2160_4096_25fps
./dataset/frames\8720761-uhd_2160_4096_25fps_frame_0012.png,1,8720761-uhd_2160_4096_25fps
./dataset/frames\8720761-uhd_2160_4096_25fps_frame_0013.png,1,8720761-uhd_2160_4096_25fps
./dataset/frames\8720761-uhd_2160_4096_25fps_frame_0014.png,1,8720761-uhd_2160_4096_25fps
./dataset/frames\8720761-uhd_2160_4096_25fps_frame_0015.png,1,8720761-uhd_2160_4096_25fps
./dataset/frames\8720761-uhd_2160_4096_25fps_frame_0016.png,1,8720761-uhd_2160_4096_25fps
./dataset/frames\8720761-uhd_2160_4096_25fps_frame_0017.png,1,8720761-uhd_2160_4096_25fps
./dataset/frames\8720761-uhd_2160_4096_25fps_frame_0018.png,1,8720761-uhd_2160_4096_25fps
./dataset/frames\8720761-uhd_2160_4096_25fps_frame_0019.png,1,8720761-uhd_2160_4096_25fps
./dataset/frames\8720761-uhd_2160_4096_25fps_frame_0020.png,1,8720761-uhd_2160_4096_25fps
./dataset/frames\8720761-uhd_2160_4096_25fps_frame_0021.png,1,8720761-uhd_2160_4096_25fps
./dataset/frames\8720761-uhd_2160_4096_25fps_frame_0022.png,1,8720761-uhd_2160_4096_25fps
./dataset/frames\8720761-uhd_2160_4096_25fps_frame_0023.png,1,8720761-uhd_2160_4096_25fps
./dataset/frames\8720761-uhd_2160_4096_25fps_frame_0024.png,1,8720761-uhd_2160_4096_25fps
./dataset/frames\8720761-uhd_2160_4096_25fps_frame_0025.png,1,8720761-uhd_2160_4096_25fps
./dataset/frames\8720761-uhd_2160_4096_25fps_frame_0026.png,1,8720761-uhd_2160_4096_25fps
./dataset/frames\8720761-uhd_2160_4096_25fps_frame_0027.png,1,8720761-uhd_2160_4096_25fps
./dataset/frames\8720761-uhd_2160_4096_25fps_frame_0028.png,1,8720761-uhd_2160_4096_25fps
./dataset/frames\8720761-uhd_2160_4096_25fps_frame_0029.png,1,8720761-uhd_2160_4096_25fps
./dataset/frames\8720761-uhd_2160_4096_25fps_frame_0030.png,1,8720761-uhd_2160_4096_25fps
./dataset/frames\8720761-uhd_2160_4096_25fps_frame_0031.png,1,8720761-uhd_2160_4096_25fps
./dataset/frames\8720761-uhd_2160_4096_25fps_frame_0032.png,1,8720761-uhd_2160_4096_25fps
./dataset/frames\8720761-uhd_2160_4096_25fps_frame_0033.png,1,8720761-uhd_2160_4096_25fps
./dataset/frames\8720761-uhd_2160_4096_25fps_frame_0034.png,1,8720761-uhd_2160_4096_25fps
./dataset/frames\8720761-uhd_2160_4096_25fps_frame_0035.png,1,8720761-uhd_2160_4096_25fps
./dataset/frames\8720761-uhd_2160_4096_25fps_frame_0036.png,1,8720761-uhd_2160_4096_25fps
./dataset/frames\8720761-uhd_2160_4096_25fps_frame_0037.png,1,8720761-uhd_2160_4096_25fps
./dataset/frames\8720761-uhd_2160_4096_25fps_frame_0038.png,1,8720761-uhd_2160_4096_25fps
./dataset/frames\8720761-uhd_2160_4096_25fps_frame_0039.png,1,8720761-uhd_2160_4096_25fps
./dataset/frames\8720761-uhd_2160_4096_25fps_frame_0040.png,1,8720761-uhd_2160_4096_25fps
./dataset/frames\8720761-uhd_2160_4096_25fps_frame_0041.png,1,8720761-uhd_2160_4096_25fps
./dataset/frames\8720761-uhd_2160_4096_25fps_frame_0042.png,1,8720761-uhd_2160_4096_25fps
./dataset/frames\8720761-uhd_2160_4096_25fps_frame_0043.png,1,8720761-uhd_2160_4096_25fps
./dataset/frames\8720761-uhd_2160_4096_25fps_frame_0044.png,1,8720761-uhd_2160_4096_25fps
./dataset/frames\8720761-uhd_2160_4096_25fps_frame_0045.png,1,8720761-uhd_2160_4096_25fps
./dataset/frames\8720761-uhd_2160_4096_25fps_frame_0046.png,1,8720761-uhd_2160_4096_25fps
./dataset/frames\8720761-uhd_2160_4096_25fps_frame_0047.png,1,8720761-uhd_2160_4096_25fps
./dataset/frames\8720761-uhd_2160_4096_25fps_frame_0048.png,1,8720761-uhd_2160_4096_25fps
./dataset/frames\8720761-uhd_2160_4096_25fps_frame_0049.png,1,8720761-uhd_2160_4096_25fps
./dataset/frames\8720761-uhd_2160_4096_25fps_frame_0050.png,1,8720761-uhd_2160_4096_25fps
./dataset/frames\8720761-uhd_2160_4096_25fps_frame_0051.png,1,8720761-uhd_2160_4096_25fps
./dataset/frames\8720761-uhd_2160_4096_25fps_frame_0052.png,1,8720761-uhd_2160_4096_25fps
./dataset/frames\8720761-uhd_2160_4096_25fps_frame_0053.png,1,8720761-uhd_2160_4096_25fps
./dataset/frames\8720761-uhd_2160_4096_25fps_frame_0054.png,1,8720761-uhd_2160_4096_25fps
./dataset/frames\8720761-uhd_2160_4096_25fps_frame_0055.png,1,8720761-uhd_2160_4096_25fps
./dataset/frames\8720761-uhd_2160_4096_25fps_frame_0056.png,1,8720761-uhd_2160_4096_25fps
./dataset/frames\8720761-uhd_2160_4096_25fps_frame_0057.png,1,8720761-uhd_2160_4096_25fps
./dataset/frames\8720761-uhd_2160_4096_25fps_frame_0058.png,1,8720761-uhd_2160_4096_25fps
./dataset/frames\8720761-uhd_2160_4096_25fps_frame_0059.png,1,8720761-uhd_2160_4096_25fps
./dataset/frames\8720761-uhd_2160_4096_25fps_frame_0060.png,1,8720761-uhd_2160_4096_25fps
./dataset/frames\8720761-uhd_2160_4096_25fps_frame_0061.png,1,8720761-uhd_2160_4096_25fps
./dataset/frames\8720761-uhd_2160_4096_25fps_frame_0062.png,1,8720761-uhd_2160_4096_25fps
./dataset/frames\8720761-uhd_2160_4096_25fps_frame_0063.png,1,8720761-uhd_2160_4096_25fps
./dataset/frames\8720761-uhd_2160_4096_25fps_frame_0064.png,1,8720761-uhd_2160_4096_25fps
./dataset/frames\8720761-uhd_2160_4096_25fps_frame_0065.png,1,8720761-uhd_2160_4096_25fps
./dataset/frames\8720761-uhd_2160_4096_25fps_frame_0066.png,1,8720761-uhd_2160_4096_25fps
./dataset/frames\8721651-uhd_4096_2160_25fps_frame_0000.png,1,8721651-uhd_4096_2160_25fps
./dataset/frames\8721651-uhd_4096_2160_25fps_frame_0001.png,1,8721651-uhd_4096_2160_25fps
./dataset/frames\8721651-uhd_4096_2160_25fps_frame_0002.png,1,8721651-uhd_4096_2160_25fps
./dataset/frames\8721651-uhd_4096_2160_25fps_frame_0003.png,1,8721651-uhd_4096_2160_25fps
./dataset/frames\8721651-uhd_4096_2160_25fps_frame_0004.png,1,8721651-uhd_4096_2160_25fps
./dataset/frames\8721651-uhd_4096_2160_25fps_frame_0005.png,1,8721651-uhd_4096_2160_25fps
./dataset/frames\8721651-uhd_4096_2160_25fps_frame_0006.png,1,8721651-uhd_4096_2160_25fps
./dataset/frames\8721651-uhd_4096_2160_25fps_frame_0007.png,1,8721651-uhd_4096_2160_25fps
./dataset/frames\8721651-uhd_4096_2160_25fps_frame_0008.png,1,8721651-uhd_4096_2160_25fps
./dataset/frames\8721651-uhd_4096_2160_25fps_frame_0009.png,1,8721651-uhd_4096_2160_25fps
./dataset/frames\8721651-uhd_4096_2160_25fps_frame_0010.png,1,8721651-uhd_4096_2160_25fps
./dataset/frames\8721651-uhd_4096_2160_25fps_frame_0011.png,1,8721651-uhd_4096_2160_25fps
./dataset/frames\8721651-uhd_4096_2160_25fps_frame_0012.png,1,8721651-uhd_4096_2160_25fps
./dataset/frames\8721651-uhd_4096_2160_25fps_frame_0013.png,1,8721651-uhd_4096_2160_25fps
./dataset/frames\8721651-uhd_4096_2160_25fps_frame_0014.png,1,8721651-uhd_4096_2160_25fps
./dataset/frames\8721651-uhd_4096_2160_25fps_frame_0015.png,1,8721651-uhd_4096_2160_25fps
./dataset/frames\8721651-uhd_4096_2160_25fps_frame_0016.png,1,8721651-uhd_4096_2160_25fps
./dataset/frames\8721651-uhd_4096_2160_25fps_frame_0017.png,1,8721651-uhd_4096_2160_25fps
./dataset/frames\8721651-uhd_4096_2160_25fps_frame_0018.png,1,8721651-uhd_4096_2160_25fps
./dataset/frames\8721651-uhd_4096_2160_25fps_frame_0019.png,1,8721651-uhd_4096_2160_25fps
./dataset/frames\8721651-uhd_4096_2160_25fps_frame_0020.png,1,8721651-uhd_4096_2160_25fps
./dataset/frames\8721651-uhd_4096_2160_25fps_frame_0021.png,1,8721651-uhd_4096_2160_25fps
./dataset/frames\8721651-uhd_4096_2160_25fps_frame_0022.png,1,8721651-uhd_4096_2160_25fps
./dataset/frames\8721651-uhd_4096_2160_25fps_frame_0023.png,1,8721651-uhd_4096_2160_25fps
./dataset/frames\8721651-uhd_4096_2160_25fps_frame_0024.png,1,8721651-uhd_4096_2160_25fps
./dataset/frames\8721651-uhd_4096_2160_25fps_frame_0025.png,1,8721651-uhd_4096_2160_25fps
./dataset/frames\8721651-uhd_4096_2160_25fps_frame_0026.png,1,8721651-uhd_4096_2160_25fps
./dataset/frames\8721651-uhd_4096_2160_25fps_frame_0027.png,1,8721651-uhd_4096_2160_25fps
./dataset/frames\8721651-uhd_4096_2160_25fps_frame_0028.png,1,8721651-uhd_4096_2160_25fps
./dataset/frames\8721651-uhd_4096_2160_25fps_frame_0029.png,1,8721651-uhd_4096_2160_25fps
./dataset/frames\8721651-uhd_4096_2160_25fps_frame_0030.png,1,8721651-uhd_4096_2160_25fps
./dataset/frames\8721651-uhd_4096_2160_25fps_frame_0031.png,1,8721651-uhd_4096_2160_25fps
./dataset/frames\8721651-uhd_4096_2160_25fps_frame_0032.png,1,8721651-uhd_4096_2160_25fps
./dataset/frames\8721651-uhd_4096_2160_25fps_frame_0033.png,1,8721651-uhd_4096_2160_25fps
./dataset/frames\8721651-uhd_4096_2160_25fps_frame_0034.png,1,8721651-uhd_4096_2160_25fps
./dataset/frames\8721651-uhd_4096_2160_25fps_frame_0035.png,1,8721651-uhd_4096_2160_25fps
./dataset/frames\8721651-uhd_4096_2160_25fps_frame_0036.png,1,8721651-uhd_4096_2160_25fps
./dataset/frames\8721651-uhd_4096_2160_25fps_frame_0037.png,1,8721651-uhd_4096_2160_25fps
./dataset/frames\8721651-uhd_4096_2160_25fps_frame_0038.png,1,8721651-uhd_4096_2160_25fps
./dataset/frames\8721651-uhd_4096_2160_25fps_frame_0039.png,1,8721651-uhd_4096_2160_25fps
./dataset/frames\8721651-uhd_4096_2160_25fps_frame_0040.png,1,8721651-uhd_4096_2160_25fps
./dataset/frames\8721651-uhd_4096_2160_25fps_frame_0041.png,1,8721651-uhd_4096_2160_25fps
./dataset/frames\8721651-uhd_4096_2160_25fps_frame_0042.png,1,8721651-uhd_4096_2160_25fps
./dataset/frames\8721651-uhd_4096_2160_25fps_frame_0043.png,1,8721651-uhd_4096_2160_25fps
./dataset/frames\8721651-uhd_4096_2160_25fps_frame_0044.png,1,8721651-uhd_4096_2160_25fps
./dataset/frames\8721651-uhd_4096_2160_25fps_frame_0045.png,1,8721651-uhd_4096_2160_25fps
./dataset/frames\8721651-uhd_4096_2160_25fps_frame_0046.png,1,8721651-uhd_4096_2160_25fps
./dataset/frames\8721651-uhd_4096_2160_25fps_frame_0047.png,1,8721651-uhd_4096_2160_25fps
./dataset/frames\8721651-uhd_4096_2160_25fps_frame_0048.png,1,8721651-uhd_4096_2160_25fps
./dataset/frames\8721651-uhd_4096_2160_25fps_frame_0049.png,1,8721651-uhd_4096_2160_25fps
./dataset/frames\8721651-uhd_4096_2160_25fps_frame_0050.png,1,8721651-uhd_4096_2160_25fps
./dataset/frames\8721651-uhd_4096_2160_25fps_frame_0051.png,1,8721651-uhd_4096_2160_25fps
./dataset/frames\8721651-uhd_4096_2160_25fps_frame_0052.png,1,8721651-uhd_4096_2160_25fps
./dataset/frames\8721651-uhd_4096_2160_25fps_frame_0053.png,1,8721651-uhd_4096_2160_25fps
./dataset/frames\8721651-uhd_4096_2160_25fps_frame_0054.png,1,8721651-uhd_4096_2160_25fps
./dataset/frames\8721651-uhd_4096_2160_25fps_frame_0055.png,1,8721651-uhd_4096_2160_25fps
./dataset/frames\8721651-uhd_4096_2160_25fps_frame_0056.png,1,8721651-uhd_4096_2160_25fps
./dataset/frames\8721651-uhd_4096_2160_25fps_frame_0057.png,1,8721651-uhd_4096_2160_25fps
./dataset/frames\8721651-uhd_4096_2160_25fps_frame_0058.png,1,8721651-uhd_4096_2160_25fps
./dataset/frames\8721651-uhd_4096_2160_25fps_frame_0059.png,1,8721651-uhd_4096_2160_25fps
./dataset/frames\8721651-uhd_4096_2160_25fps_frame_0060.png,1,8721651-uhd_4096_2160_25fps
./dataset/frames\8721651-uhd_4096_2160_25fps_frame_0061.png,1,8721651-uhd_4096_2160_25fps
./dataset/frames\8721651-uhd_4096_2160_25fps_frame_0062.png,1,8721651-uhd_4096_2160_25fps
./dataset/frames\8721651-uhd_4096_2160_25fps_frame_0063.png,1,8721651-uhd_4096_2160_25fps
./dataset/frames\8721651-uhd_4096_2160_25fps_frame_0064.png,1,8721651-uhd_4096_2160_25fps
./dataset/frames\8721651-uhd_4096_2160_25fps_frame_0065.png,1,8721651-uhd_4096_2160_25fps
./dataset/frames\8721651-uhd_4096_2160_25fps_frame_0066.png,1,8721651-uhd_4096_2160_25fps
./dataset/frames\8721651-uhd_4096_2160_25fps_frame_0067.png,1,8721651-uhd_4096_2160_25fps
./dataset/frames\8721651-uhd_4096_2160_25fps_frame_0068.png,1,8721651-uhd_4096_2160_25fps
./dataset/frames\8721651-uhd_4096_2160_25fps_frame_0069.png,1,8721651-uhd_4096_2160_25fps
./dataset/frames\8721651-uhd_4096_2160_25fps_frame_0070.png,1,8721651-uhd_4096_2160_25fps
./dataset/frames\8721651-uhd_4096_2160_25fps_frame_0071.png,1,8721651-uhd_4096_2160_25fps
./dataset/frames\8721651-uhd_4096_2160_25fps_frame_0072.png,1,8721651-uhd_4096_2160_25fps
./dataset/frames\8721651-uhd_4096_2160_25fps_frame_0073.png,1,8721651-uhd_4096_2160_25fps
./dataset/frames\8721651-uhd_4096_2160_25fps_frame_0074.png,1,8721651-uhd_4096_2160_25fps
./dataset/frames\8721651-uhd_4096_2160_25fps_frame_0075.png,1,8721651-uhd_4096_2160_25fps
./dataset/frames\8721651-uhd_4096_2160_25fps_frame_0076.png,1,8721651-uhd_4096_2160_25fps
./dataset/frames\8721923-uhd_4096_2160_25fps_frame_0000.png,1,8721923-uhd_4096_2160_25fps
./dataset/frames\8721923-uhd_4096_2160_25fps_frame_0001.png,1,8721923-uhd_4096_2160_25fps
./dataset/frames\8721923-uhd_4096_2160_25fps_frame_0002.png,1,8721923-uhd_4096_2160_25fps
./dataset/frames\8721923-uhd_4096_2160_25fps_frame_0003.png,1,8721923-uhd_4096_2160_25fps
./dataset/frames\8721923-uhd_4096_2160_25fps_frame_0004.png,1,8721923-uhd_4096_2160_25fps
./dataset/frames\8721923-uhd_4096_2160_25fps_frame_0005.png,1,8721923-uhd_4096_2160_25fps
./dataset/frames\8721923-uhd_4096_2160_25fps_frame_0006.png,1,8721923-uhd_4096_2160_25fps
./dataset/frames\8721923-uhd_4096_2160_25fps_frame_0007.png,1,8721923-uhd_4096_2160_25fps
./dataset/frames\8721923-uhd_4096_2160_25fps_frame_0008.png,1,8721923-uhd_4096_2160_25fps
./dataset/frames\8721923-uhd_4096_2160_25fps_frame_0009.png,1,8721923-uhd_4096_2160_25fps
./dataset/frames\8721923-uhd_4096_2160_25fps_frame_0010.png,1,8721923-uhd_4096_2160_25fps
./dataset/frames\8721923-uhd_4096_2160_25fps_frame_0011.png,1,8721923-uhd_4096_2160_25fps
./dataset/frames\8721923-uhd_4096_2160_25fps_frame_0012.png,1,8721923-uhd_4096_2160_25fps
./dataset/frames\8721923-uhd_4096_2160_25fps_frame_0013.png,1,8721923-uhd_4096_2160_25fps
./dataset/frames\8721923-uhd_4096_2160_25fps_frame_0014.png,1,8721923-uhd_4096_2160_25fps
./dataset/frames\8721923-uhd_4096_2160_25fps_frame_0015.png,1,8721923-uhd_4096_2160_25fps
./dataset/frames\8721923-uhd_4096_2160_25fps_frame_0016.png,1,8721923-uhd_4096_2160_25fps
./dataset/frames\8721923-uhd_4096_2160_25fps_frame_0017.png,1,8721923-uhd_4096_2160_25fps
./dataset/frames\8721923-uhd_4096_2160_25fps_frame_0018.png,1,8721923-uhd_4096_2160_25fps
./dataset/frames\8721923-uhd_4096_2160_25fps_frame_0019.png,1,8721923-uhd_4096_2160_25fps
./dataset/frames\8721923-uhd_4096_2160_25fps_frame_0020.png,1,8721923-uhd_4096_2160_25fps
./dataset/frames\8721923-uhd_4096_2160_25fps_frame_0021.png,1,8721923-uhd_4096_2160_25fps
./dataset/frames\8721923-uhd_4096_2160_25fps_frame_0022.png,1,8721923-uhd_4096_2160_25fps
./dataset/frames\8721923-uhd_4096_2160_25fps_frame_0023.png,1,8721923-uhd_4096_2160_25fps
./dataset/frames\8721923-uhd_4096_2160_25fps_frame_0024.png,1,8721923-uhd_4096_2160_25fps
./dataset/frames\8721923-uhd_4096_2160_25fps_frame_0025.png,1,8721923-uhd_4096_2160_25fps
./dataset/frames\8721923-uhd_4096_2160_25fps_frame_0026.png,1,8721923-uhd_4096_2160_25fps
./dataset/frames\8721923-uhd_4096_2160_25fps_frame_0027.png,1,8721923-uhd_4096_2160_25fps
./dataset/frames\8721923-uhd_4096_2160_25fps_frame_0028.png,1,8721923-uhd_4096_2160_25fps
./dataset/frames\8721923-uhd_4096_2160_25fps_frame_0029.png,1,8721923-uhd_4096_2160_25fps
./dataset/frames\8721923-uhd_4096_2160_25fps_frame_0030.png,1,8721923-uhd_4096_2160_25fps
./dataset/frames\8721923-uhd_4096_2160_25fps_frame_0031.png,1,8721923-uhd_4096_2160_25fps
./dataset/frames\8721923-uhd_4096_2160_25fps_frame_0032.png,1,8721923-uhd_4096_2160_25fps
./dataset/frames\8721923-uhd_4096_2160_25fps_frame_0033.png,1,8721923-uhd_4096_2160_25fps
./dataset/frames\8721923-uhd_4096_2160_25fps_frame_0034.png,1,8721923-uhd_4096_2160_25fps
./dataset/frames\8721923-uhd_4096_2160_25fps_frame_0035.png,1,8721923-uhd_4096_2160_25fps
./dataset/frames\8721923-uhd_4096_2160_25fps_frame_0036.png,1,8721923-uhd_4096_2160_25fps
./dataset/frames\8721923-uhd_4096_2160_25fps_frame_0037.png,1,8721923-uhd_4096_2160_25fps
./dataset/frames\8721923-uhd_4096_2160_25fps_frame_0038.png,1,8721923-uhd_4096_2160_25fps
./dataset/frames\8721923-uhd_4096_2160_25fps_frame_0039.png,1,8721923-uhd_4096_2160_25fps
./dataset/frames\8721923-uhd_4096_2160_25fps_frame_0040.png,1,8721923-uhd_4096_2160_25fps
./dataset/frames\8721923-uhd_4096_2160_25fps_frame_0041.png,1,8721923-uhd_4096_2160_25fps
./dataset/frames\8721923-uhd_4096_2160_25fps_frame_0042.png,1,8721923-uhd_4096_2160_25fps
./dataset/frames\8721923-uhd_4096_2160_25fps_frame_0043.png,1,8721923-uhd_4096_2160_25fps
./dataset/frames\8721923-uhd_4096_2160_25fps_frame_0044.png,1,8721923-uhd_4096_2160_25fps
./dataset/frames\8721923-uhd_4096_2160_25fps_frame_0045.png,1,8721923-uhd_4096_2160_25fps
./dataset/frames\8721923-uhd_4096_2160_25fps_frame_0046.png,1,8721923-uhd_4096_2160_25fps
./dataset/frames\8721923-uhd_4096_2160_25fps_frame_0047.png,1,8721923-uhd_4096_2160_25fps
./dataset/frames\8721923-uhd_4096_2160_25fps_frame_0048.png,1,8721923-uhd_4096_2160_25fps
./dataset/frames\8721923-uhd_4096_2160_25fps_frame_0049.png,1,8721923-uhd_4096_2160_25fps
./dataset/frames\8721923-uhd_4096_2160_25fps_frame_0050.png,1,8721923-uhd_4096_2160_25fps
./dataset/frames\8721923-uhd_4096_2160_25fps_frame_0051.png,1,8721923-uhd_4096_2160_25fps
./dataset/frames\8721923-uhd_4096_2160_25fps_frame_0052.png,1,8721923-uhd_4096_2160_25fps
./dataset/frames\8721923-uhd_4096_2160_25fps_frame_0053.png,1,8721923-uhd_4096_2160_25fps
./dataset/frames\8721923-uhd_4096_2160_25fps_frame_0054.png,1,8721923-uhd_4096_2160_25fps
./dataset/frames\8721923-uhd_4096_2160_25fps_frame_0055.png,1,8721923-uhd_4096_2160_25fps
./dataset/frames\8721923-uhd_4096_2160_25fps_frame_0056.png,1,8721923-uhd_4096_2160_25fps
./dataset/frames\8721923-uhd_4096_2160_25fps_frame_0057.png,1,8721923-uhd_4096_2160_25fps
./dataset/frames\8721923-uhd_4096_2160_25fps_frame_0058.png,1,8721923-uhd_4096_2160_25fps
./dataset/frames\8721923-uhd_4096_2160_25fps_frame_0059.png,1,8721923-uhd_4096_2160_25fps
./dataset/frames\8721923-uhd_4096_2160_25fps_frame_0060.png,1,8721923-uhd_4096_2160_25fps
./dataset/frames\8721923-uhd_4096_2160_25fps_frame_0061.png,1,8721923-uhd_4096_2160_25fps
./dataset/frames\8721923-uhd_4096_2160_25fps_frame_0062.png,1,8721923-uhd_4096_2160_25fps
./dataset/frames\8721923-uhd_4096_2160_25fps_frame_0063.png,1,8721923-uhd_4096_2160_25fps
./dataset/frames\8721923-uhd_4096_2160_25fps_frame_0064.png,1,8721923-uhd_4096_2160_25fps
./dataset/frames\8721923-uhd_4096_2160_25fps_frame_0065.png,1,8721923-uhd_4096_2160_25fps
./dataset/frames\8721923-uhd_4096_2160_25fps_frame_0066.png,1,8721923-uhd_4096_2160_25fps
./dataset/frames\8721923-uhd_4096_2160_25fps_frame_0067.png,1,8721923-uhd_4096_2160_25fps
./dataset/frames\8721923-uhd_4096_2160_25fps_frame_0068.png,1,8721923-uhd_4096_2160_25fps
./dataset/frames\8721923-uhd_4096_2160_25fps_frame_0069.png,1,8721923-uhd_4096_2160_25fps
./dataset/frames\8721923-uhd_4096_2160_25fps_frame_0070.png,1,8721923-uhd_4096_2160_25fps
./dataset/frames\8721923-uhd_4096_2160_25fps_frame_0071.png,1,8721923-uhd_4096_2160_25fps
./dataset/frames\8721923-uhd_4096_2160_25fps_frame_0072.png,1,8721923-uhd_4096_2160_25fps
./dataset/frames\8721923-uhd_4096_2160_25fps_frame_0073.png,1,8721923-uhd_4096_2160_25fps
./dataset/frames\8721923-uhd_4096_2160_25fps_frame_0074.png,1,8721923-uhd_4096_2160_25fps
./dataset/frames\8721923-uhd_4096_2160_25fps_frame_0075.png,1,8721923-uhd_4096_2160_25fps
./dataset/frames\8721923-uhd_4096_2160_25fps_frame_0076.png,1,8721923-uhd_4096_2160_25fps
./dataset/frames\8721923-uhd_4096_2160_25fps_frame_0077.png,1,8721923-uhd_4096_2160_25fps
./dataset/frames\8721923-uhd_4096_2160_25fps_frame_0078.png,1,8721923-uhd_4096_2160_25fps
./dataset/frames\8721923-uhd_4096_2160_25fps_frame_0079.png,1,8721923-uhd_4096_2160_25fps
./dataset/frames\8721923-uhd_4096_2160_25fps_frame_0080.png,1,8721923-uhd_4096_2160_25fps
./dataset/frames\8721923-uhd_4096_2160_25fps_frame_0081.png,1,8721923-uhd_4096_2160_25fps
./dataset/frames\8721923-uhd_4096_2160_25fps_frame_0082.png,1,8721923-uhd_4096_2160_25fps
./dataset/frames\8721923-uhd_4096_2160_25fps_frame_0083.png,1,8721923-uhd_4096_2160_25fps
./dataset/frames\8721923-uhd_4096_2160_25fps_frame_0084.png,1,8721923-uhd_4096_2160_25fps
./dataset/frames\8721923-uhd_4096_2160_25fps_frame_0085.png,1,8721923-uhd_4096_2160_25fps
./dataset/frames\8721923-uhd_4096_2160_25fps_frame_0086.png,1,8721923-uhd_4096_2160_25fps
./dataset/frames\8721923-uhd_4096_2160_25fps_frame_0087.png,1,8721923-uhd_4096_2160_25fps
./dataset/frames\8721923-uhd_4096_2160_25fps_frame_0088.png,1,8721923-uhd_4096_2160_25fps
./dataset/frames\8721923-uhd_4096_2160_25fps_frame_0089.png,1,8721923-uhd_4096_2160_25fps
./dataset/frames\8721923-uhd_4096_2160_25fps_frame_0090.png,1,8721923-uhd_4096_2160_25fps
./dataset/frames\8721923-uhd_4096_2160_25fps_frame_0091.png,1,8721923-uhd_4096_2160_25fps
./dataset/frames\8721923-uhd_4096_2160_25fps_frame_0092.png,1,8721923-uhd_4096_2160_25fps
./dataset/frames\8721923-uhd_4096_2160_25fps_frame_0093.png,1,8721923-uhd_4096_2160_25fps
./dataset/frames\8721923-uhd_4096_2160_25fps_frame_0094.png,1,8721923-uhd_4096_2160_25fps
./dataset/frames\8721923-uhd_4096_2160_25fps_frame_0095.png,1,8721923-uhd_4096_2160_25fps
./dataset/frames\8721923-uhd_4096_2160_25fps_frame_0096.png,1,8721923-uhd_4096_2160_25fps
./dataset/frames\8721923-uhd_4096_2160_25fps_frame_0097.png,1,8721923-uhd_4096_2160_25fps
./dataset/frames\8721923-uhd_4096_2160_25fps_frame_0098.png,1,8721923-uhd_4096_2160_25fps
./dataset/frames\8721923-uhd_4096_2160_25fps_frame_0099.png,1,8721923-uhd_4096_2160_25fps
./dataset/frames\8721923-uhd_4096_2160_25fps_frame_0100.png,1,8721923-uhd_4096_2160_25fps
./dataset/frames\8721923-uhd_4096_2160_25fps_frame_0101.png,1,8721923-uhd_4096_2160_25fps
./dataset/frames\8721923-uhd_4096_2160_25fps_frame_0102.png,1,8721923-uhd_4096_2160_25fps
./dataset/frames\8721923-uhd_4096_2160_25fps_frame_0103.png,1,8721923-uhd_4096_2160_25fps
./dataset/frames\9agiCjR-7rTy1jk3_frame_0000.png,1,9agiCjR-7rTy1jk3
./dataset/frames\9agiCjR-7rTy1jk3_frame_0001.png,1,9agiCjR-7rTy1jk3
./dataset/frames\9agiCjR-7rTy1jk3_frame_0002.png,1,9agiCjR-7rTy1jk3
./dataset/frames\9agiCjR-7rTy1jk3_frame_0003.png,1,9agiCjR-7rTy1jk3
./dataset/frames\9agiCjR-7rTy1jk3_frame_0004.png,1,9agiCjR-7rTy1jk3
./dataset/frames\9agiCjR-7rTy1jk3_frame_0005.png,1,9agiCjR-7rTy1jk3
./dataset/frames\9agiCjR-7rTy1jk3_frame_0006.png,1,9agiCjR-7rTy1jk3
./dataset/frames\9agiCjR-7rTy1jk3_frame_0007.png,1,9agiCjR-7rTy1jk3
./dataset/frames\9agiCjR-7rTy1jk3_frame_0008.png,1,9agiCjR-7rTy1jk3
./dataset/frames\9agiCjR-7rTy1jk3_frame_0009.png,1,9agiCjR-7rTy1jk3
./dataset/frames\9agiCjR-7rTy1jk3_frame_0010.png,1,9agiCjR-7rTy1jk3
./dataset/frames\9agiCjR-7rTy1jk3_frame_0011.png,1,9agiCjR-7rTy1jk3
./dataset/frames\9agiCjR-7rTy1jk3_frame_0012.png,1,9agiCjR-7rTy1jk3
./dataset/frames\9agiCjR-7rTy1jk3_frame_0013.png,1,9agiCjR-7rTy1jk3
./dataset/frames\9agiCjR-7rTy1jk3_frame_0014.png,1,9agiCjR-7rTy1jk3
./dataset/frames\9agiCjR-7rTy1jk3_frame_0015.png,1,9agiCjR-7rTy1jk3
./dataset/frames\9agiCjR-7rTy1jk3_frame_0016.png,1,9agiCjR-7rTy1jk3
./dataset/frames\9agiCjR-7rTy1jk3_frame_0017.png,1,9agiCjR-7rTy1jk3
./dataset/frames\9agiCjR-7rTy1jk3_frame_0018.png,1,9agiCjR-7rTy1jk3
./dataset/frames\9agiCjR-7rTy1jk3_frame_0019.png,1,9agiCjR-7rTy1jk3
./dataset/frames\9agiCjR-7rTy1jk3_frame_0020.png,1,9agiCjR-7rTy1jk3
./dataset/frames\9agiCjR-7rTy1jk3_frame_0021.png,1,9agiCjR-7rTy1jk3
./dataset/frames\9agiCjR-7rTy1jk3_frame_0022.png,1,9agiCjR-7rTy1jk3
./dataset/frames\9agiCjR-7rTy1jk3_frame_0023.png,1,9agiCjR-7rTy1jk3
./dataset/frames\9agiCjR-7rTy1jk3_frame_0024.png,1,9agiCjR-7rTy1jk3
./dataset/frames\9agiCjR-7rTy1jk3_frame_0025.png,1,9agiCjR-7rTy1jk3
./dataset/frames\9agiCjR-7rTy1jk3_frame_0026.png,1,9agiCjR-7rTy1jk3
./dataset/frames\9agiCjR-7rTy1jk3_frame_0027.png,1,9agiCjR-7rTy1jk3
./dataset/frames\9agiCjR-7rTy1jk3_frame_0028.png,1,9agiCjR-7rTy1jk3
./dataset/frames\9agiCjR-7rTy1jk3_frame_0029.png,1,9agiCjR-7rTy1jk3
./dataset/frames\9agiCjR-7rTy1jk3_frame_0030.png,1,9agiCjR-7rTy1jk3
./dataset/frames\9DEs0C3Pv5o-9Oyc_frame_0000.png,1,9DEs0C3Pv5o-9Oyc
./dataset/frames\9DEs0C3Pv5o-9Oyc_frame_0001.png,1,9DEs0C3Pv5o-9Oyc
./dataset/frames\9DEs0C3Pv5o-9Oyc_frame_0002.png,1,9DEs0C3Pv5o-9Oyc
./dataset/frames\9DEs0C3Pv5o-9Oyc_frame_0003.png,1,9DEs0C3Pv5o-9Oyc
./dataset/frames\9DEs0C3Pv5o-9Oyc_frame_0004.png,1,9DEs0C3Pv5o-9Oyc
./dataset/frames\9DEs0C3Pv5o-9Oyc_frame_0005.png,1,9DEs0C3Pv5o-9Oyc
./dataset/frames\9DEs0C3Pv5o-9Oyc_frame_0006.png,1,9DEs0C3Pv5o-9Oyc
./dataset/frames\9DEs0C3Pv5o-9Oyc_frame_0007.png,1,9DEs0C3Pv5o-9Oyc
./dataset/frames\9DEs0C3Pv5o-9Oyc_frame_0008.png,1,9DEs0C3Pv5o-9Oyc
./dataset/frames\9DEs0C3Pv5o-9Oyc_frame_0009.png,1,9DEs0C3Pv5o-9Oyc
./dataset/frames\9DEs0C3Pv5o-9Oyc_frame_0010.png,1,9DEs0C3Pv5o-9Oyc
./dataset/frames\9DEs0C3Pv5o-9Oyc_frame_0011.png,1,9DEs0C3Pv5o-9Oyc
./dataset/frames\9DEs0C3Pv5o-9Oyc_frame_0012.png,1,9DEs0C3Pv5o-9Oyc
./dataset/frames\9DEs0C3Pv5o-9Oyc_frame_0013.png,1,9DEs0C3Pv5o-9Oyc
./dataset/frames\9DEs0C3Pv5o-9Oyc_frame_0014.png,1,9DEs0C3Pv5o-9Oyc
./dataset/frames\9DEs0C3Pv5o-9Oyc_frame_0015.png,1,9DEs0C3Pv5o-9Oyc
./dataset/frames\9DEs0C3Pv5o-9Oyc_frame_0016.png,1,9DEs0C3Pv5o-9Oyc
./dataset/frames\9DEs0C3Pv5o-9Oyc_frame_0017.png,1,9DEs0C3Pv5o-9Oyc
./dataset/frames\9DEs0C3Pv5o-9Oyc_frame_0018.png,1,9DEs0C3Pv5o-9Oyc
./dataset/frames\9DEs0C3Pv5o-9Oyc_frame_0019.png,1,9DEs0C3Pv5o-9Oyc
./dataset/frames\9DEs0C3Pv5o-9Oyc_frame_0020.png,1,9DEs0C3Pv5o-9Oyc
./dataset/frames\9DEs0C3Pv5o-9Oyc_frame_0021.png,1,9DEs0C3Pv5o-9Oyc
./dataset/frames\9DEs0C3Pv5o-9Oyc_frame_0022.png,1,9DEs0C3Pv5o-9Oyc
./dataset/frames\9DEs0C3Pv5o-9Oyc_frame_0023.png,1,9DEs0C3Pv5o-9Oyc
./dataset/frames\9DEs0C3Pv5o-9Oyc_frame_0024.png,1,9DEs0C3Pv5o-9Oyc
./dataset/frames\9DEs0C3Pv5o-9Oyc_frame_0025.png,1,9DEs0C3Pv5o-9Oyc
./dataset/frames\9DEs0C3Pv5o-9Oyc_frame_0026.png,1,9DEs0C3Pv5o-9Oyc
./dataset/frames\9DEs0C3Pv5o-9Oyc_frame_0027.png,1,9DEs0C3Pv5o-9Oyc
./dataset/frames\9DEs0C3Pv5o-9Oyc_frame_0028.png,1,9DEs0C3Pv5o-9Oyc
./dataset/frames\9DEs0C3Pv5o-9Oyc_frame_0029.png,1,9DEs0C3Pv5o-9Oyc
./dataset/frames\9DEs0C3Pv5o-9Oyc_frame_0030.png,1,9DEs0C3Pv5o-9Oyc
./dataset/frames\ballet on a whale_frame_0000.png,1,ballet on a whale
./dataset/frames\ballet on a whale_frame_0001.png,1,ballet on a whale
./dataset/frames\ballet on a whale_frame_0002.png,1,ballet on a whale
./dataset/frames\ballet on a whale_frame_0003.png,1,ballet on a whale
./dataset/frames\ballet on a whale_frame_0004.png,1,ballet on a whale
./dataset/frames\ballet on a whale_frame_0005.png,1,ballet on a whale
./dataset/frames\ballet on a whale_frame_0006.png,1,ballet on a whale
./dataset/frames\ballet on a whale_frame_0007.png,1,ballet on a whale
./dataset/frames\ballet on a whale_frame_0008.png,1,ballet on a whale
./dataset/frames\ballet on a whale_frame_0009.png,1,ballet on a whale
./dataset/frames\ballet on a whale_frame_0010.png,1,ballet on a whale
./dataset/frames\ballet on a whale_frame_0011.png,1,ballet on a whale
./dataset/frames\ballet on a whale_frame_0012.png,1,ballet on a whale
./dataset/frames\ballet on a whale_frame_0013.png,1,ballet on a whale
./dataset/frames\ballet on a whale_frame_0014.png,1,ballet on a whale
./dataset/frames\ballet on a whale_frame_0015.png,1,ballet on a whale
./dataset/frames\ballet on a whale_frame_0016.png,1,ballet on a whale
./dataset/frames\ballet on a whale_frame_0017.png,1,ballet on a whale
./dataset/frames\ballet on a whale_frame_0018.png,1,ballet on a whale
./dataset/frames\ballet on a whale_frame_0019.png,1,ballet on a whale
./dataset/frames\ballet on a whale_frame_0020.png,1,ballet on a whale
./dataset/frames\bandaging_frame_0000.png,1,bandaging
./dataset/frames\bandaging_frame_0001.png,1,bandaging
./dataset/frames\bandaging_frame_0002.png,1,bandaging
./dataset/frames\bandaging_frame_0003.png,1,bandaging
./dataset/frames\bandaging_frame_0004.png,1,bandaging
./dataset/frames\bandaging_frame_0005.png,1,bandaging
./dataset/frames\bandaging_frame_0006.png,1,bandaging
./dataset/frames\bandaging_frame_0007.png,1,bandaging
./dataset/frames\bandaging_frame_0008.png,1,bandaging
./dataset/frames\bandaging_frame_0009.png,1,bandaging
./dataset/frames\bandaging_frame_0010.png,1,bandaging
./dataset/frames\bandaging_frame_0011.png,1,bandaging
./dataset/frames\bandaging_frame_0012.png,1,bandaging
./dataset/frames\bandaging_frame_0013.png,1,bandaging
./dataset/frames\beach cinematic_frame_0000.png,1,beach cinematic
./dataset/frames\beach cinematic_frame_0001.png,1,beach cinematic
./dataset/frames\beach cinematic_frame_0002.png,1,beach cinematic
./dataset/frames\beach cinematic_frame_0003.png,1,beach cinematic
./dataset/frames\beach cinematic_frame_0004.png,1,beach cinematic
./dataset/frames\beach cinematic_frame_0005.png,1,beach cinematic
./dataset/frames\beach cinematic_frame_0006.png,1,beach cinematic
./dataset/frames\beach cinematic_frame_0007.png,1,beach cinematic
./dataset/frames\beach cinematic_frame_0008.png,1,beach cinematic
./dataset/frames\beach cinematic_frame_0009.png,1,beach cinematic
./dataset/frames\beach cinematic_frame_0010.png,1,beach cinematic
./dataset/frames\beach cinematic_frame_0011.png,1,beach cinematic
./dataset/frames\blurry lanterns_frame_0000.png,1,blurry lanterns
./dataset/frames\blurry lanterns_frame_0001.png,1,blurry lanterns
./dataset/frames\blurry lanterns_frame_0002.png,1,blurry lanterns
./dataset/frames\blurry lanterns_frame_0003.png,1,blurry lanterns
./dataset/frames\blurry lanterns_frame_0004.png,1,blurry lanterns
./dataset/frames\blurry lanterns_frame_0005.png,1,blurry lanterns
./dataset/frames\blurry lanterns_frame_0006.png,1,blurry lanterns
./dataset/frames\blurry lanterns_frame_0007.png,1,blurry lanterns
./dataset/frames\blurry lanterns_frame_0008.png,1,blurry lanterns
./dataset/frames\blurry lanterns_frame_0009.png,1,blurry lanterns
./dataset/frames\blurry lanterns_frame_0010.png,1,blurry lanterns
./dataset/frames\blurry lanterns_frame_0011.png,1,blurry lanterns
./dataset/frames\blurry lanterns_frame_0012.png,1,blurry lanterns
./dataset/frames\blurry lanterns_frame_0013.png,1,blurry lanterns
./dataset/frames\boat_frame_0000.png,1,boat
./dataset/frames\boat_frame_0001.png,1,boat
./dataset/frames\boat_frame_0002.png,1,boat
./dataset/frames\boat_frame_0003.png,1,boat
./dataset/frames\boat_frame_0004.png,1,boat
./dataset/frames\boat_frame_0005.png,1,boat
./dataset/frames\boat_frame_0006.png,1,boat
./dataset/frames\boat_frame_0007.png,1,boat
./dataset/frames\boat_frame_0008.png,1,boat
./dataset/frames\boat_frame_0009.png,1,boat
./dataset/frames\boat_frame_0010.png,1,boat
./dataset/frames\collpasing ice_frame_0000.png,1,collpasing ice
./dataset/frames\collpasing ice_frame_0001.png,1,collpasing ice
./dataset/frames\collpasing ice_frame_0002.png,1,collpasing ice
./dataset/frames\collpasing ice_frame_0003.png,1,collpasing ice
./dataset/frames\collpasing ice_frame_0004.png,1,collpasing ice
./dataset/frames\collpasing ice_frame_0005.png,1,collpasing ice
./dataset/frames\collpasing ice_frame_0006.png,1,collpasing ice
./dataset/frames\collpasing ice_frame_0007.png,1,collpasing ice
./dataset/frames\collpasing ice_frame_0008.png,1,collpasing ice
./dataset/frames\collpasing ice_frame_0009.png,1,collpasing ice
./dataset/frames\collpasing ice_frame_0010.png,1,collpasing ice
./dataset/frames\collpasing ice_frame_0011.png,1,collpasing ice
./dataset/frames\collpasing ice_frame_0012.png,1,collpasing ice
./dataset/frames\collpasing ice_frame_0013.png,1,collpasing ice
./dataset/frames\collpasing ice_frame_0014.png,1,collpasing ice
./dataset/frames\collpasing ice_frame_0015.png,1,collpasing ice
./dataset/frames\collpasing ice_frame_0016.png,1,collpasing ice
./dataset/frames\collpasing ice_frame_0017.png,1,collpasing ice
./dataset/frames\collpasing ice_frame_0018.png,1,collpasing ice
./dataset/frames\collpasing ice_frame_0019.png,1,collpasing ice
./dataset/frames\collpasing ice_frame_0020.png,1,collpasing ice
./dataset/frames\collpasing ice_frame_0021.png,1,collpasing ice
./dataset/frames\collpasing ice_frame_0022.png,1,collpasing ice
./dataset/frames\collpasing ice_frame_0023.png,1,collpasing ice
./dataset/frames\collpasing ice_frame_0024.png,1,collpasing ice
./dataset/frames\collpasing ice_frame_0025.png,1,collpasing ice
./dataset/frames\collpasing ice_frame_0026.png,1,collpasing ice
./dataset/frames\collpasing ice_frame_0027.png,1,collpasing ice
./dataset/frames\collpasing ice_frame_0028.png,1,collpasing ice
./dataset/frames\collpasing ice_frame_0029.png,1,collpasing ice
./dataset/frames\collpasing ice_frame_0030.png,1,collpasing ice
./dataset/frames\conversing_frame_0000.png,1,conversing
./dataset/frames\conversing_frame_0001.png,1,conversing
./dataset/frames\conversing_frame_0002.png,1,conversing
./dataset/frames\conversing_frame_0003.png,1,conversing
./dataset/frames\conversing_frame_0004.png,1,conversing
./dataset/frames\conversing_frame_0005.png,1,conversing
./dataset/frames\conversing_frame_0006.png,1,conversing
./dataset/frames\conversing_frame_0007.png,1,conversing
./dataset/frames\conversing_frame_0008.png,1,conversing
./dataset/frames\conversing_frame_0009.png,1,conversing
./dataset/frames\conversing_frame_0010.png,1,conversing
./dataset/frames\coverr-temp-66wdwatermarkedvideo03af806d6a9d449f0916d28b0d8ab7a6dmp4-7553-1080p_frame_0000.png,1,coverr-temp-66wdwatermarkedvideo03af806d6a9d449f0916d28b0d8ab7a6dmp4-7553-1080p
./dataset/frames\coverr-temp-66wdwatermarkedvideo03af806d6a9d449f0916d28b0d8ab7a6dmp4-7553-1080p_frame_0001.png,1,coverr-temp-66wdwatermarkedvideo03af806d6a9d449f0916d28b0d8ab7a6dmp4-7553-1080p
./dataset/frames\coverr-temp-66wdwatermarkedvideo03af806d6a9d449f0916d28b0d8ab7a6dmp4-7553-1080p_frame_0002.png,1,coverr-temp-66wdwatermarkedvideo03af806d6a9d449f0916d28b0d8ab7a6dmp4-7553-1080p
./dataset/frames\coverr-temp-66wdwatermarkedvideo03af806d6a9d449f0916d28b0d8ab7a6dmp4-7553-1080p_frame_0003.png,1,coverr-temp-66wdwatermarkedvideo03af806d6a9d449f0916d28b0d8ab7a6dmp4-7553-1080p
./dataset/frames\coverr-temp-66wdwatermarkedvideo03af806d6a9d449f0916d28b0d8ab7a6dmp4-7553-1080p_frame_0004.png,1,coverr-temp-66wdwatermarkedvideo03af806d6a9d449f0916d28b0d8ab7a6dmp4-7553-1080p
./dataset/frames\coverr-temp-66wdwatermarkedvideo03af806d6a9d449f0916d28b0d8ab7a6dmp4-7553-1080p_frame_0005.png,1,coverr-temp-66wdwatermarkedvideo03af806d6a9d449f0916d28b0d8ab7a6dmp4-7553-1080p
./dataset/frames\coverr-temp-66wdwatermarkedvideo03af806d6a9d449f0916d28b0d8ab7a6dmp4-7553-1080p_frame_0006.png,1,coverr-temp-66wdwatermarkedvideo03af806d6a9d449f0916d28b0d8ab7a6dmp4-7553-1080p
./dataset/frames\coverr-temp-66wdwatermarkedvideo03af806d6a9d449f0916d28b0d8ab7a6dmp4-7553-1080p_frame_0007.png,1,coverr-temp-66wdwatermarkedvideo03af806d6a9d449f0916d28b0d8ab7a6dmp4-7553-1080p
./dataset/frames\coverr-temp-66wdwatermarkedvideo03af806d6a9d449f0916d28b0d8ab7a6dmp4-7553-1080p_frame_0008.png,1,coverr-temp-66wdwatermarkedvideo03af806d6a9d449f0916d28b0d8ab7a6dmp4-7553-1080p
./dataset/frames\coverr-temp-66wdwatermarkedvideo03af806d6a9d449f0916d28b0d8ab7a6dmp4-7553-1080p_frame_0009.png,1,coverr-temp-66wdwatermarkedvideo03af806d6a9d449f0916d28b0d8ab7a6dmp4-7553-1080p
./dataset/frames\coverr-temp-66wdwatermarkedvideo03af806d6a9d449f0916d28b0d8ab7a6dmp4-7553-1080p_frame_0010.png,1,coverr-temp-66wdwatermarkedvideo03af806d6a9d449f0916d28b0d8ab7a6dmp4-7553-1080p
./dataset/frames\coverr-temp-da2xinteriorboothat202505231700-mp4-4615-1080p_frame_0000.png,1,coverr-temp-da2xinteriorboothat202505231700-mp4-4615-1080p
./dataset/frames\coverr-temp-da2xinteriorboothat202505231700-mp4-4615-1080p_frame_0001.png,1,coverr-temp-da2xinteriorboothat202505231700-mp4-4615-1080p
./dataset/frames\coverr-temp-da2xinteriorboothat202505231700-mp4-4615-1080p_frame_0002.png,1,coverr-temp-da2xinteriorboothat202505231700-mp4-4615-1080p
./dataset/frames\coverr-temp-da2xinteriorboothat202505231700-mp4-4615-1080p_frame_0003.png,1,coverr-temp-da2xinteriorboothat202505231700-mp4-4615-1080p
./dataset/frames\coverr-temp-da2xinteriorboothat202505231700-mp4-4615-1080p_frame_0004.png,1,coverr-temp-da2xinteriorboothat202505231700-mp4-4615-1080p
./dataset/frames\coverr-temp-da2xinteriorboothat202505231700-mp4-4615-1080p_frame_0005.png,1,coverr-temp-da2xinteriorboothat202505231700-mp4-4615-1080p
./dataset/frames\coverr-temp-da2xinteriorboothat202505231700-mp4-4615-1080p_frame_0006.png,1,coverr-temp-da2xinteriorboothat202505231700-mp4-4615-1080p
./dataset/frames\coverr-temp-da2xinteriorboothat202505231700-mp4-4615-1080p_frame_0007.png,1,coverr-temp-da2xinteriorboothat202505231700-mp4-4615-1080p
./dataset/frames\coverr-temp-da2xinteriorboothat202505231700-mp4-4615-1080p_frame_0008.png,1,coverr-temp-da2xinteriorboothat202505231700-mp4-4615-1080p
./dataset/frames\coverr-temp-da2xinteriorboothat202505231700-mp4-4615-1080p_frame_0009.png,1,coverr-temp-da2xinteriorboothat202505231700-mp4-4615-1080p
./dataset/frames\coverr-temp-da2xinteriorboothat202505231700-mp4-4615-1080p_frame_0010.png,1,coverr-temp-da2xinteriorboothat202505231700-mp4-4615-1080p
./dataset/frames\coverr-temp-da2xinteriorboothat202505231700-mp4-4615-1080p_frame_0011.png,1,coverr-temp-da2xinteriorboothat202505231700-mp4-4615-1080p
./dataset/frames\coverr-temp-da2xinteriorboothat202505231700-mp4-4615-1080p_frame_0012.png,1,coverr-temp-da2xinteriorboothat202505231700-mp4-4615-1080p
./dataset/frames\coverr-temp-da2xinteriorboothat202505231700-mp4-4615-1080p_frame_0013.png,1,coverr-temp-da2xinteriorboothat202505231700-mp4-4615-1080p
./dataset/frames\coverr-temp-da2xinteriorboothat202505231700-mp4-4615-1080p_frame_0014.png,1,coverr-temp-da2xinteriorboothat202505231700-mp4-4615-1080p
./dataset/frames\coverr-temp-da2xinteriorboothat202505231700-mp4-4615-1080p_frame_0015.png,1,coverr-temp-da2xinteriorboothat202505231700-mp4-4615-1080p
./dataset/frames\coverr-temp-gen-3-alpha-turbo-4010599000-parisianstreetfash-m-5-mp4-4750-1080p_frame_0000.png,1,coverr-temp-gen-3-alpha-turbo-4010599000-parisianstreetfash-m-5-mp4-4750-1080p
./dataset/frames\coverr-temp-gen-3-alpha-turbo-4010599000-parisianstreetfash-m-5-mp4-4750-1080p_frame_0001.png,1,coverr-temp-gen-3-alpha-turbo-4010599000-parisianstreetfash-m-5-mp4-4750-1080p
./dataset/frames\coverr-temp-gen-3-alpha-turbo-4010599000-parisianstreetfash-m-5-mp4-4750-1080p_frame_0002.png,1,coverr-temp-gen-3-alpha-turbo-4010599000-parisianstreetfash-m-5-mp4-4750-1080p
./dataset/frames\coverr-temp-gen-3-alpha-turbo-4010599000-parisianstreetfash-m-5-mp4-4750-1080p_frame_0003.png,1,coverr-temp-gen-3-alpha-turbo-4010599000-parisianstreetfash-m-5-mp4-4750-1080p
./dataset/frames\coverr-temp-gen-3-alpha-turbo-4010599000-parisianstreetfash-m-5-mp4-4750-1080p_frame_0004.png,1,coverr-temp-gen-3-alpha-turbo-4010599000-parisianstreetfash-m-5-mp4-4750-1080p
./dataset/frames\coverr-temp-gen-3-alpha-turbo-4010599000-parisianstreetfash-m-5-mp4-4750-1080p_frame_0005.png,1,coverr-temp-gen-3-alpha-turbo-4010599000-parisianstreetfash-m-5-mp4-4750-1080p
./dataset/frames\coverr-temp-gen-3-alpha-turbo-4010599000-parisianstreetfash-m-5-mp4-4750-1080p_frame_0006.png,1,coverr-temp-gen-3-alpha-turbo-4010599000-parisianstreetfash-m-5-mp4-4750-1080p
./dataset/frames\coverr-temp-gen-3-alpha-turbo-4010599000-parisianstreetfash-m-5-mp4-4750-1080p_frame_0007.png,1,coverr-temp-gen-3-alpha-turbo-4010599000-parisianstreetfash-m-5-mp4-4750-1080p
./dataset/frames\coverr-temp-gen-3-alpha-turbo-4010599000-parisianstreetfash-m-5-mp4-4750-1080p_frame_0008.png,1,coverr-temp-gen-3-alpha-turbo-4010599000-parisianstreetfash-m-5-mp4-4750-1080p
./dataset/frames\coverr-temp-gen-3-alpha-turbo-4010599000-parisianstreetfash-m-5-mp4-4750-1080p_frame_0009.png,1,coverr-temp-gen-3-alpha-turbo-4010599000-parisianstreetfash-m-5-mp4-4750-1080p
./dataset/frames\coverr-temp-gen-3-alpha-turbo-4010599000-parisianstreetfash-m-5-mp4-4750-1080p_frame_0010.png,1,coverr-temp-gen-3-alpha-turbo-4010599000-parisianstreetfash-m-5-mp4-4750-1080p
./dataset/frames\coverr-temp-gen-3-alpha-turbo-4010599000-parisianstreetfash-m-5-mp4-4750-1080p_frame_0011.png,1,coverr-temp-gen-3-alpha-turbo-4010599000-parisianstreetfash-m-5-mp4-4750-1080p
./dataset/frames\coverr-temp-gen-3-alpha-turbo-4010599000-parisianstreetfash-m-5-mp4-4750-1080p_frame_0012.png,1,coverr-temp-gen-3-alpha-turbo-4010599000-parisianstreetfash-m-5-mp4-4750-1080p
./dataset/frames\coverr-temp-gen-3-alpha-turbo-4010599000-parisianstreetfash-m-5-mp4-4750-1080p_frame_0013.png,1,coverr-temp-gen-3-alpha-turbo-4010599000-parisianstreetfash-m-5-mp4-4750-1080p
./dataset/frames\coverr-temp-gen-3-alpha-turbo-4010599000-parisianstreetfash-m-5-mp4-4750-1080p_frame_0014.png,1,coverr-temp-gen-3-alpha-turbo-4010599000-parisianstreetfash-m-5-mp4-4750-1080p
./dataset/frames\coverr-temp-gen-3-alpha-turbo-4010599000-parisianstreetfash-m-5-mp4-4750-1080p_frame_0015.png,1,coverr-temp-gen-3-alpha-turbo-4010599000-parisianstreetfash-m-5-mp4-4750-1080p
./dataset/frames\coverr-temp-gen-3-alpha-turbo-4010599000-parisianstreetfash-m-5-mp4-4750-1080p_frame_0016.png,1,coverr-temp-gen-3-alpha-turbo-4010599000-parisianstreetfash-m-5-mp4-4750-1080p
./dataset/frames\coverr-temp-gen-3-alpha-turbo-4010599000-parisianstreetfash-m-5-mp4-4750-1080p_frame_0017.png,1,coverr-temp-gen-3-alpha-turbo-4010599000-parisianstreetfash-m-5-mp4-4750-1080p
./dataset/frames\coverr-temp-gen-3-alpha-turbo-4010599000-parisianstreetfash-m-5-mp4-4750-1080p_frame_0018.png,1,coverr-temp-gen-3-alpha-turbo-4010599000-parisianstreetfash-m-5-mp4-4750-1080p
./dataset/frames\coverr-temp-gen-3-alpha-turbo-4010599000-parisianstreetfash-m-5-mp4-4750-1080p_frame_0019.png,1,coverr-temp-gen-3-alpha-turbo-4010599000-parisianstreetfash-m-5-mp4-4750-1080p
./dataset/frames\coverr-temp-gen-3-alpha-turbo-4010599000-parisianstreetfash-m-5-mp4-4750-1080p_frame_0020.png,1,coverr-temp-gen-3-alpha-turbo-4010599000-parisianstreetfash-m-5-mp4-4750-1080p
./dataset/frames\coverr-temp-hwdewatermarkedvideo04d62384b415742b4b05ac97a5ad6234fmp4-8007-1080p_frame_0000.png,1,coverr-temp-hwdewatermarkedvideo04d62384b415742b4b05ac97a5ad6234fmp4-8007-1080p
./dataset/frames\coverr-temp-hwdewatermarkedvideo04d62384b415742b4b05ac97a5ad6234fmp4-8007-1080p_frame_0001.png,1,coverr-temp-hwdewatermarkedvideo04d62384b415742b4b05ac97a5ad6234fmp4-8007-1080p
./dataset/frames\coverr-temp-hwdewatermarkedvideo04d62384b415742b4b05ac97a5ad6234fmp4-8007-1080p_frame_0002.png,1,coverr-temp-hwdewatermarkedvideo04d62384b415742b4b05ac97a5ad6234fmp4-8007-1080p
./dataset/frames\coverr-temp-hwdewatermarkedvideo04d62384b415742b4b05ac97a5ad6234fmp4-8007-1080p_frame_0003.png,1,coverr-temp-hwdewatermarkedvideo04d62384b415742b4b05ac97a5ad6234fmp4-8007-1080p
./dataset/frames\coverr-temp-hwdewatermarkedvideo04d62384b415742b4b05ac97a5ad6234fmp4-8007-1080p_frame_0004.png,1,coverr-temp-hwdewatermarkedvideo04d62384b415742b4b05ac97a5ad6234fmp4-8007-1080p
./dataset/frames\coverr-temp-hwdewatermarkedvideo04d62384b415742b4b05ac97a5ad6234fmp4-8007-1080p_frame_0005.png,1,coverr-temp-hwdewatermarkedvideo04d62384b415742b4b05ac97a5ad6234fmp4-8007-1080p
./dataset/frames\coverr-temp-hwdewatermarkedvideo04d62384b415742b4b05ac97a5ad6234fmp4-8007-1080p_frame_0006.png,1,coverr-temp-hwdewatermarkedvideo04d62384b415742b4b05ac97a5ad6234fmp4-8007-1080p
./dataset/frames\coverr-temp-hwdewatermarkedvideo04d62384b415742b4b05ac97a5ad6234fmp4-8007-1080p_frame_0007.png,1,coverr-temp-hwdewatermarkedvideo04d62384b415742b4b05ac97a5ad6234fmp4-8007-1080p
./dataset/frames\coverr-temp-hwdewatermarkedvideo04d62384b415742b4b05ac97a5ad6234fmp4-8007-1080p_frame_0008.png,1,coverr-temp-hwdewatermarkedvideo04d62384b415742b4b05ac97a5ad6234fmp4-8007-1080p
./dataset/frames\coverr-temp-hwdewatermarkedvideo04d62384b415742b4b05ac97a5ad6234fmp4-8007-1080p_frame_0009.png,1,coverr-temp-hwdewatermarkedvideo04d62384b415742b4b05ac97a5ad6234fmp4-8007-1080p
./dataset/frames\coverr-temp-hwdewatermarkedvideo04d62384b415742b4b05ac97a5ad6234fmp4-8007-1080p_frame_0010.png,1,coverr-temp-hwdewatermarkedvideo04d62384b415742b4b05ac97a5ad6234fmp4-8007-1080p
./dataset/frames\coverr-temp-mu1iwatermarkedvideo0c3b5ea6426cc431a8e98e7d535e85ef8mp4-8549-1080p_frame_0000.png,1,coverr-temp-mu1iwatermarkedvideo0c3b5ea6426cc431a8e98e7d535e85ef8mp4-8549-1080p
./dataset/frames\coverr-temp-mu1iwatermarkedvideo0c3b5ea6426cc431a8e98e7d535e85ef8mp4-8549-1080p_frame_0001.png,1,coverr-temp-mu1iwatermarkedvideo0c3b5ea6426cc431a8e98e7d535e85ef8mp4-8549-1080p
./dataset/frames\coverr-temp-mu1iwatermarkedvideo0c3b5ea6426cc431a8e98e7d535e85ef8mp4-8549-1080p_frame_0002.png,1,coverr-temp-mu1iwatermarkedvideo0c3b5ea6426cc431a8e98e7d535e85ef8mp4-8549-1080p
./dataset/frames\coverr-temp-mu1iwatermarkedvideo0c3b5ea6426cc431a8e98e7d535e85ef8mp4-8549-1080p_frame_0003.png,1,coverr-temp-mu1iwatermarkedvideo0c3b5ea6426cc431a8e98e7d535e85ef8mp4-8549-1080p
./dataset/frames\coverr-temp-mu1iwatermarkedvideo0c3b5ea6426cc431a8e98e7d535e85ef8mp4-8549-1080p_frame_0004.png,1,coverr-temp-mu1iwatermarkedvideo0c3b5ea6426cc431a8e98e7d535e85ef8mp4-8549-1080p
./dataset/frames\coverr-temp-mu1iwatermarkedvideo0c3b5ea6426cc431a8e98e7d535e85ef8mp4-8549-1080p_frame_0005.png,1,coverr-temp-mu1iwatermarkedvideo0c3b5ea6426cc431a8e98e7d535e85ef8mp4-8549-1080p
./dataset/frames\coverr-temp-mu1iwatermarkedvideo0c3b5ea6426cc431a8e98e7d535e85ef8mp4-8549-1080p_frame_0006.png,1,coverr-temp-mu1iwatermarkedvideo0c3b5ea6426cc431a8e98e7d535e85ef8mp4-8549-1080p
./dataset/frames\coverr-temp-mu1iwatermarkedvideo0c3b5ea6426cc431a8e98e7d535e85ef8mp4-8549-1080p_frame_0007.png,1,coverr-temp-mu1iwatermarkedvideo0c3b5ea6426cc431a8e98e7d535e85ef8mp4-8549-1080p
./dataset/frames\coverr-temp-mu1iwatermarkedvideo0c3b5ea6426cc431a8e98e7d535e85ef8mp4-8549-1080p_frame_0008.png,1,coverr-temp-mu1iwatermarkedvideo0c3b5ea6426cc431a8e98e7d535e85ef8mp4-8549-1080p
./dataset/frames\coverr-temp-mu1iwatermarkedvideo0c3b5ea6426cc431a8e98e7d535e85ef8mp4-8549-1080p_frame_0009.png,1,coverr-temp-mu1iwatermarkedvideo0c3b5ea6426cc431a8e98e7d535e85ef8mp4-8549-1080p
./dataset/frames\coverr-temp-mu1iwatermarkedvideo0c3b5ea6426cc431a8e98e7d535e85ef8mp4-8549-1080p_frame_0010.png,1,coverr-temp-mu1iwatermarkedvideo0c3b5ea6426cc431a8e98e7d535e85ef8mp4-8549-1080p
./dataset/frames\coverr-temp-my-movie-1-mov-7779-1080p_frame_0000.png,1,coverr-temp-my-movie-1-mov-7779-1080p
./dataset/frames\coverr-temp-my-movie-1-mov-7779-1080p_frame_0001.png,1,coverr-temp-my-movie-1-mov-7779-1080p
./dataset/frames\coverr-temp-my-movie-1-mov-7779-1080p_frame_0002.png,1,coverr-temp-my-movie-1-mov-7779-1080p
./dataset/frames\coverr-temp-my-movie-1-mov-7779-1080p_frame_0003.png,1,coverr-temp-my-movie-1-mov-7779-1080p
./dataset/frames\coverr-temp-my-movie-1-mov-7779-1080p_frame_0004.png,1,coverr-temp-my-movie-1-mov-7779-1080p
./dataset/frames\coverr-temp-my-movie-1-mov-7779-1080p_frame_0005.png,1,coverr-temp-my-movie-1-mov-7779-1080p
./dataset/frames\coverr-temp-my-movie-1-mov-7779-1080p_frame_0006.png,1,coverr-temp-my-movie-1-mov-7779-1080p
./dataset/frames\coverr-temp-my-movie-1-mov-7779-1080p_frame_0007.png,1,coverr-temp-my-movie-1-mov-7779-1080p
./dataset/frames\coverr-temp-my-movie-1-mov-7779-1080p_frame_0008.png,1,coverr-temp-my-movie-1-mov-7779-1080p
./dataset/frames\coverr-temp-my-movie-1-mov-7779-1080p_frame_0009.png,1,coverr-temp-my-movie-1-mov-7779-1080p
./dataset/frames\coverr-temp-my-movie-1-mov-7779-1080p_frame_0010.png,1,coverr-temp-my-movie-1-mov-7779-1080p
./dataset/frames\coverr-temp-my-movie-1-mov-7779-1080p_frame_0011.png,1,coverr-temp-my-movie-1-mov-7779-1080p
./dataset/frames\coverr-temp-my-movie-1-mov-7779-1080p_frame_0012.png,1,coverr-temp-my-movie-1-mov-7779-1080p
./dataset/frames\coverr-temp-my-movie-1-mov-7779-1080p_frame_0013.png,1,coverr-temp-my-movie-1-mov-7779-1080p
./dataset/frames\coverr-temp-my-movie-1-mov-7779-1080p_frame_0014.png,1,coverr-temp-my-movie-1-mov-7779-1080p
./dataset/frames\coverr-temp-my-movie-1-mov-7779-1080p_frame_0015.png,1,coverr-temp-my-movie-1-mov-7779-1080p
./dataset/frames\coverr-temp-my-movie-1-mov-7779-1080p_frame_0016.png,1,coverr-temp-my-movie-1-mov-7779-1080p
./dataset/frames\coverr-temp-my-movie-1-mov-7779-1080p_frame_0017.png,1,coverr-temp-my-movie-1-mov-7779-1080p
./dataset/frames\coverr-temp-my-movie-1-mov-7779-1080p_frame_0018.png,1,coverr-temp-my-movie-1-mov-7779-1080p
./dataset/frames\coverr-temp-my-movie-1-mov-7779-1080p_frame_0019.png,1,coverr-temp-my-movie-1-mov-7779-1080p
./dataset/frames\coverr-temp-my-movie-1-mov-7779-1080p_frame_0020.png,1,coverr-temp-my-movie-1-mov-7779-1080p
./dataset/frames\coverr-temp-my-movie-1-mov-7779-1080p_frame_0021.png,1,coverr-temp-my-movie-1-mov-7779-1080p
./dataset/frames\coverr-temp-my-movie-1-mov-7779-1080p_frame_0022.png,1,coverr-temp-my-movie-1-mov-7779-1080p
./dataset/frames\coverr-temp-tsbkajeepdriving202505221647-mp4-3844-1080p_frame_0000.png,1,coverr-temp-tsbkajeepdriving202505221647-mp4-3844-1080p
./dataset/frames\coverr-temp-tsbkajeepdriving202505221647-mp4-3844-1080p_frame_0001.png,1,coverr-temp-tsbkajeepdriving202505221647-mp4-3844-1080p
./dataset/frames\coverr-temp-tsbkajeepdriving202505221647-mp4-3844-1080p_frame_0002.png,1,coverr-temp-tsbkajeepdriving202505221647-mp4-3844-1080p
./dataset/frames\coverr-temp-tsbkajeepdriving202505221647-mp4-3844-1080p_frame_0003.png,1,coverr-temp-tsbkajeepdriving202505221647-mp4-3844-1080p
./dataset/frames\coverr-temp-tsbkajeepdriving202505221647-mp4-3844-1080p_frame_0004.png,1,coverr-temp-tsbkajeepdriving202505221647-mp4-3844-1080p
./dataset/frames\coverr-temp-tsbkajeepdriving202505221647-mp4-3844-1080p_frame_0005.png,1,coverr-temp-tsbkajeepdriving202505221647-mp4-3844-1080p
./dataset/frames\coverr-temp-tsbkajeepdriving202505221647-mp4-3844-1080p_frame_0006.png,1,coverr-temp-tsbkajeepdriving202505221647-mp4-3844-1080p
./dataset/frames\coverr-temp-tsbkajeepdriving202505221647-mp4-3844-1080p_frame_0007.png,1,coverr-temp-tsbkajeepdriving202505221647-mp4-3844-1080p
./dataset/frames\coverr-temp-tsbkajeepdriving202505221647-mp4-3844-1080p_frame_0008.png,1,coverr-temp-tsbkajeepdriving202505221647-mp4-3844-1080p
./dataset/frames\coverr-temp-tsbkajeepdriving202505221647-mp4-3844-1080p_frame_0009.png,1,coverr-temp-tsbkajeepdriving202505221647-mp4-3844-1080p
./dataset/frames\coverr-temp-tsbkajeepdriving202505221647-mp4-3844-1080p_frame_0010.png,1,coverr-temp-tsbkajeepdriving202505221647-mp4-3844-1080p
./dataset/frames\coverr-temp-tsbkajeepdriving202505221647-mp4-3844-1080p_frame_0011.png,1,coverr-temp-tsbkajeepdriving202505221647-mp4-3844-1080p
./dataset/frames\coverr-temp-tsbkajeepdriving202505221647-mp4-3844-1080p_frame_0012.png,1,coverr-temp-tsbkajeepdriving202505221647-mp4-3844-1080p
./dataset/frames\coverr-temp-tsbkajeepdriving202505221647-mp4-3844-1080p_frame_0013.png,1,coverr-temp-tsbkajeepdriving202505221647-mp4-3844-1080p
./dataset/frames\coverr-temp-tsbkajeepdriving202505221647-mp4-3844-1080p_frame_0014.png,1,coverr-temp-tsbkajeepdriving202505221647-mp4-3844-1080p
./dataset/frames\coverr-temp-tsbkajeepdriving202505221647-mp4-3844-1080p_frame_0015.png,1,coverr-temp-tsbkajeepdriving202505221647-mp4-3844-1080p
./dataset/frames\coverr-temp-uwhq18adbd4aa7d429b8921b90f728687602smoothedmp4-5743-1080p_frame_0000.png,1,coverr-temp-uwhq18adbd4aa7d429b8921b90f728687602smoothedmp4-5743-1080p
./dataset/frames\coverr-temp-uwhq18adbd4aa7d429b8921b90f728687602smoothedmp4-5743-1080p_frame_0001.png,1,coverr-temp-uwhq18adbd4aa7d429b8921b90f728687602smoothedmp4-5743-1080p
./dataset/frames\coverr-temp-uwhq18adbd4aa7d429b8921b90f728687602smoothedmp4-5743-1080p_frame_0002.png,1,coverr-temp-uwhq18adbd4aa7d429b8921b90f728687602smoothedmp4-5743-1080p
./dataset/frames\coverr-temp-uwhq18adbd4aa7d429b8921b90f728687602smoothedmp4-5743-1080p_frame_0003.png,1,coverr-temp-uwhq18adbd4aa7d429b8921b90f728687602smoothedmp4-5743-1080p
./dataset/frames\coverr-temp-uwhq18adbd4aa7d429b8921b90f728687602smoothedmp4-5743-1080p_frame_0004.png,1,coverr-temp-uwhq18adbd4aa7d429b8921b90f728687602smoothedmp4-5743-1080p
./dataset/frames\coverr-temp-uwhq18adbd4aa7d429b8921b90f728687602smoothedmp4-5743-1080p_frame_0005.png,1,coverr-temp-uwhq18adbd4aa7d429b8921b90f728687602smoothedmp4-5743-1080p
./dataset/frames\coverr-temp-uwhq18adbd4aa7d429b8921b90f728687602smoothedmp4-5743-1080p_frame_0006.png,1,coverr-temp-uwhq18adbd4aa7d429b8921b90f728687602smoothedmp4-5743-1080p
./dataset/frames\coverr-temp-z5nzwatermarkedvideo09aa526eed99c4646959679a9c77411a4mp4-4342-1080p_frame_0000.png,1,coverr-temp-z5nzwatermarkedvideo09aa526eed99c4646959679a9c77411a4mp4-4342-1080p
./dataset/frames\coverr-temp-z5nzwatermarkedvideo09aa526eed99c4646959679a9c77411a4mp4-4342-1080p_frame_0001.png,1,coverr-temp-z5nzwatermarkedvideo09aa526eed99c4646959679a9c77411a4mp4-4342-1080p
./dataset/frames\coverr-temp-z5nzwatermarkedvideo09aa526eed99c4646959679a9c77411a4mp4-4342-1080p_frame_0002.png,1,coverr-temp-z5nzwatermarkedvideo09aa526eed99c4646959679a9c77411a4mp4-4342-1080p
./dataset/frames\coverr-temp-z5nzwatermarkedvideo09aa526eed99c4646959679a9c77411a4mp4-4342-1080p_frame_0003.png,1,coverr-temp-z5nzwatermarkedvideo09aa526eed99c4646959679a9c77411a4mp4-4342-1080p
./dataset/frames\coverr-temp-z5nzwatermarkedvideo09aa526eed99c4646959679a9c77411a4mp4-4342-1080p_frame_0004.png,1,coverr-temp-z5nzwatermarkedvideo09aa526eed99c4646959679a9c77411a4mp4-4342-1080p
./dataset/frames\coverr-temp-z5nzwatermarkedvideo09aa526eed99c4646959679a9c77411a4mp4-4342-1080p_frame_0005.png,1,coverr-temp-z5nzwatermarkedvideo09aa526eed99c4646959679a9c77411a4mp4-4342-1080p
./dataset/frames\coverr-temp-z5nzwatermarkedvideo09aa526eed99c4646959679a9c77411a4mp4-4342-1080p_frame_0006.png,1,coverr-temp-z5nzwatermarkedvideo09aa526eed99c4646959679a9c77411a4mp4-4342-1080p
./dataset/frames\coverr-temp-z5nzwatermarkedvideo09aa526eed99c4646959679a9c77411a4mp4-4342-1080p_frame_0007.png,1,coverr-temp-z5nzwatermarkedvideo09aa526eed99c4646959679a9c77411a4mp4-4342-1080p
./dataset/frames\coverr-temp-z5nzwatermarkedvideo09aa526eed99c4646959679a9c77411a4mp4-4342-1080p_frame_0008.png,1,coverr-temp-z5nzwatermarkedvideo09aa526eed99c4646959679a9c77411a4mp4-4342-1080p
./dataset/frames\coverr-temp-z5nzwatermarkedvideo09aa526eed99c4646959679a9c77411a4mp4-4342-1080p_frame_0009.png,1,coverr-temp-z5nzwatermarkedvideo09aa526eed99c4646959679a9c77411a4mp4-4342-1080p
./dataset/frames\coverr-temp-z5nzwatermarkedvideo09aa526eed99c4646959679a9c77411a4mp4-4342-1080p_frame_0010.png,1,coverr-temp-z5nzwatermarkedvideo09aa526eed99c4646959679a9c77411a4mp4-4342-1080p
./dataset/frames\dancer_frame_0000.png,1,dancer
./dataset/frames\dancer_frame_0001.png,1,dancer
./dataset/frames\dancer_frame_0002.png,1,dancer
./dataset/frames\dancer_frame_0003.png,1,dancer
./dataset/frames\dancer_frame_0004.png,1,dancer
./dataset/frames\dancer_frame_0005.png,1,dancer
./dataset/frames\dancer_frame_0006.png,1,dancer
./dataset/frames\dancer_frame_0007.png,1,dancer
./dataset/frames\dancer_frame_0008.png,1,dancer
./dataset/frames\dancer_frame_0009.png,1,dancer
./dataset/frames\dancer_frame_0010.png,1,dancer
./dataset/frames\dancer_frame_0011.png,1,dancer
./dataset/frames\dancer_frame_0012.png,1,dancer
./dataset/frames\dancer_frame_0013.png,1,dancer
./dataset/frames\dancer_frame_0014.png,1,dancer
./dataset/frames\dancer_frame_0015.png,1,dancer
./dataset/frames\dancer_frame_0016.png,1,dancer
./dataset/frames\dancer_frame_0017.png,1,dancer
./dataset/frames\dancer_frame_0018.png,1,dancer
./dataset/frames\dancer_frame_0019.png,1,dancer
./dataset/frames\dancer_frame_0020.png,1,dancer
./dataset/frames\dancer_frame_0021.png,1,dancer
./dataset/frames\dancer_frame_0022.png,1,dancer
./dataset/frames\dancer_frame_0023.png,1,dancer
./dataset/frames\dancer_frame_0024.png,1,dancer
./dataset/frames\dancer_frame_0025.png,1,dancer
./dataset/frames\dancer_frame_0026.png,1,dancer
./dataset/frames\dancer_frame_0027.png,1,dancer
./dataset/frames\dancer_frame_0028.png,1,dancer
./dataset/frames\dancer_frame_0029.png,1,dancer
./dataset/frames\dancer_frame_0030.png,1,dancer
./dataset/frames\dartboard_frame_0000.png,1,dartboard
./dataset/frames\dartboard_frame_0001.png,1,dartboard
./dataset/frames\dartboard_frame_0002.png,1,dartboard
./dataset/frames\dartboard_frame_0003.png,1,dartboard
./dataset/frames\dartboard_frame_0004.png,1,dartboard
./dataset/frames\dartboard_frame_0005.png,1,dartboard
./dataset/frames\dartboard_frame_0006.png,1,dartboard
./dataset/frames\dartboard_frame_0007.png,1,dartboard
./dataset/frames\dartboard_frame_0008.png,1,dartboard
./dataset/frames\dartboard_frame_0009.png,1,dartboard
./dataset/frames\dartboard_frame_0010.png,1,dartboard
./dataset/frames\dartboard_frame_0011.png,1,dartboard
./dataset/frames\dartboard_frame_0012.png,1,dartboard
./dataset/frames\dartboard_frame_0013.png,1,dartboard
./dataset/frames\dartboard_frame_0014.png,1,dartboard
./dataset/frames\deers_frame_0000.png,1,deers
./dataset/frames\deers_frame_0001.png,1,deers
./dataset/frames\deers_frame_0002.png,1,deers
./dataset/frames\deers_frame_0003.png,1,deers
./dataset/frames\deers_frame_0004.png,1,deers
./dataset/frames\deers_frame_0005.png,1,deers
./dataset/frames\deers_frame_0006.png,1,deers
./dataset/frames\deers_frame_0007.png,1,deers
./dataset/frames\deers_frame_0008.png,1,deers
./dataset/frames\deers_frame_0009.png,1,deers
./dataset/frames\deers_frame_0010.png,1,deers
./dataset/frames\deers_frame_0011.png,1,deers
./dataset/frames\diesel pointing a gun_frame_0000.png,1,diesel pointing a gun
./dataset/frames\diesel pointing a gun_frame_0001.png,1,diesel pointing a gun
./dataset/frames\diesel pointing a gun_frame_0002.png,1,diesel pointing a gun
./dataset/frames\diesel pointing a gun_frame_0003.png,1,diesel pointing a gun
./dataset/frames\diesel pointing a gun_frame_0004.png,1,diesel pointing a gun
./dataset/frames\diesel pointing a gun_frame_0005.png,1,diesel pointing a gun
./dataset/frames\diesel pointing a gun_frame_0006.png,1,diesel pointing a gun
./dataset/frames\diesel pointing a gun_frame_0007.png,1,diesel pointing a gun
./dataset/frames\diesel pointing a gun_frame_0008.png,1,diesel pointing a gun
./dataset/frames\diesel pointing a gun_frame_0009.png,1,diesel pointing a gun
./dataset/frames\diesel pointing a gun_frame_0010.png,1,diesel pointing a gun
./dataset/frames\dog eating melon_frame_0000.png,1,dog eating melon
./dataset/frames\dog eating melon_frame_0001.png,1,dog eating melon
./dataset/frames\dog eating melon_frame_0002.png,1,dog eating melon
./dataset/frames\dog eating melon_frame_0003.png,1,dog eating melon
./dataset/frames\dog eating melon_frame_0004.png,1,dog eating melon
./dataset/frames\dog eating melon_frame_0005.png,1,dog eating melon
./dataset/frames\dog eating melon_frame_0006.png,1,dog eating melon
./dataset/frames\dog eating melon_frame_0007.png,1,dog eating melon
./dataset/frames\dog eating melon_frame_0008.png,1,dog eating melon
./dataset/frames\dog eating melon_frame_0009.png,1,dog eating melon
./dataset/frames\dog eating melon_frame_0010.png,1,dog eating melon
./dataset/frames\dog eating melon_frame_0011.png,1,dog eating melon
./dataset/frames\dog eating melon_frame_0012.png,1,dog eating melon
./dataset/frames\DvD disk_frame_0000.png,1,DvD disk
./dataset/frames\DvD disk_frame_0001.png,1,DvD disk
./dataset/frames\DvD disk_frame_0002.png,1,DvD disk
./dataset/frames\DvD disk_frame_0003.png,1,DvD disk
./dataset/frames\DvD disk_frame_0004.png,1,DvD disk
./dataset/frames\DvD disk_frame_0005.png,1,DvD disk
./dataset/frames\DvD disk_frame_0006.png,1,DvD disk
./dataset/frames\DvD disk_frame_0007.png,1,DvD disk
./dataset/frames\DvD disk_frame_0008.png,1,DvD disk
./dataset/frames\DvD disk_frame_0009.png,1,DvD disk
./dataset/frames\DvD disk_frame_0010.png,1,DvD disk
./dataset/frames\DvD disk_frame_0011.png,1,DvD disk
./dataset/frames\DvD disk_frame_0012.png,1,DvD disk
./dataset/frames\eeytW2qv6SsioSBk_frame_0000.png,1,eeytW2qv6SsioSBk
./dataset/frames\eeytW2qv6SsioSBk_frame_0001.png,1,eeytW2qv6SsioSBk
./dataset/frames\eeytW2qv6SsioSBk_frame_0002.png,1,eeytW2qv6SsioSBk
./dataset/frames\eeytW2qv6SsioSBk_frame_0003.png,1,eeytW2qv6SsioSBk
./dataset/frames\eeytW2qv6SsioSBk_frame_0004.png,1,eeytW2qv6SsioSBk
./dataset/frames\eeytW2qv6SsioSBk_frame_0005.png,1,eeytW2qv6SsioSBk
./dataset/frames\eeytW2qv6SsioSBk_frame_0006.png,1,eeytW2qv6SsioSBk
./dataset/frames\eeytW2qv6SsioSBk_frame_0007.png,1,eeytW2qv6SsioSBk
./dataset/frames\eeytW2qv6SsioSBk_frame_0008.png,1,eeytW2qv6SsioSBk
./dataset/frames\eeytW2qv6SsioSBk_frame_0009.png,1,eeytW2qv6SsioSBk
./dataset/frames\eeytW2qv6SsioSBk_frame_0010.png,1,eeytW2qv6SsioSBk
./dataset/frames\eeytW2qv6SsioSBk_frame_0011.png,1,eeytW2qv6SsioSBk
./dataset/frames\eeytW2qv6SsioSBk_frame_0012.png,1,eeytW2qv6SsioSBk
./dataset/frames\eeytW2qv6SsioSBk_frame_0013.png,1,eeytW2qv6SsioSBk
./dataset/frames\eeytW2qv6SsioSBk_frame_0014.png,1,eeytW2qv6SsioSBk
./dataset/frames\eeytW2qv6SsioSBk_frame_0015.png,1,eeytW2qv6SsioSBk
./dataset/frames\eeytW2qv6SsioSBk_frame_0016.png,1,eeytW2qv6SsioSBk
./dataset/frames\eeytW2qv6SsioSBk_frame_0017.png,1,eeytW2qv6SsioSBk
./dataset/frames\eeytW2qv6SsioSBk_frame_0018.png,1,eeytW2qv6SsioSBk
./dataset/frames\eeytW2qv6SsioSBk_frame_0019.png,1,eeytW2qv6SsioSBk
./dataset/frames\eeytW2qv6SsioSBk_frame_0020.png,1,eeytW2qv6SsioSBk
./dataset/frames\eeytW2qv6SsioSBk_frame_0021.png,1,eeytW2qv6SsioSBk
./dataset/frames\eeytW2qv6SsioSBk_frame_0022.png,1,eeytW2qv6SsioSBk
./dataset/frames\eeytW2qv6SsioSBk_frame_0023.png,1,eeytW2qv6SsioSBk
./dataset/frames\eeytW2qv6SsioSBk_frame_0024.png,1,eeytW2qv6SsioSBk
./dataset/frames\eeytW2qv6SsioSBk_frame_0025.png,1,eeytW2qv6SsioSBk
./dataset/frames\eeytW2qv6SsioSBk_frame_0026.png,1,eeytW2qv6SsioSBk
./dataset/frames\eeytW2qv6SsioSBk_frame_0027.png,1,eeytW2qv6SsioSBk
./dataset/frames\eeytW2qv6SsioSBk_frame_0028.png,1,eeytW2qv6SsioSBk
./dataset/frames\eeytW2qv6SsioSBk_frame_0029.png,1,eeytW2qv6SsioSBk
./dataset/frames\eeytW2qv6SsioSBk_frame_0030.png,1,eeytW2qv6SsioSBk
./dataset/frames\eruption_frame_0000.png,1,eruption
./dataset/frames\eruption_frame_0001.png,1,eruption
./dataset/frames\eruption_frame_0002.png,1,eruption
./dataset/frames\eruption_frame_0003.png,1,eruption
./dataset/frames\eruption_frame_0004.png,1,eruption
./dataset/frames\eruption_frame_0005.png,1,eruption
./dataset/frames\eruption_frame_0006.png,1,eruption
./dataset/frames\eruption_frame_0007.png,1,eruption
./dataset/frames\eruption_frame_0008.png,1,eruption
./dataset/frames\eruption_frame_0009.png,1,eruption
./dataset/frames\eruption_frame_0010.png,1,eruption
./dataset/frames\eruption_frame_0011.png,1,eruption
./dataset/frames\eruption_frame_0012.png,1,eruption
./dataset/frames\eruption_frame_0013.png,1,eruption
./dataset/frames\eYyJlDOywU65QyZw_frame_0000.png,1,eYyJlDOywU65QyZw
./dataset/frames\eYyJlDOywU65QyZw_frame_0001.png,1,eYyJlDOywU65QyZw
./dataset/frames\eYyJlDOywU65QyZw_frame_0002.png,1,eYyJlDOywU65QyZw
./dataset/frames\eYyJlDOywU65QyZw_frame_0003.png,1,eYyJlDOywU65QyZw
./dataset/frames\eYyJlDOywU65QyZw_frame_0004.png,1,eYyJlDOywU65QyZw
./dataset/frames\eYyJlDOywU65QyZw_frame_0005.png,1,eYyJlDOywU65QyZw
./dataset/frames\eYyJlDOywU65QyZw_frame_0006.png,1,eYyJlDOywU65QyZw
./dataset/frames\eYyJlDOywU65QyZw_frame_0007.png,1,eYyJlDOywU65QyZw
./dataset/frames\eYyJlDOywU65QyZw_frame_0008.png,1,eYyJlDOywU65QyZw
./dataset/frames\eYyJlDOywU65QyZw_frame_0009.png,1,eYyJlDOywU65QyZw
./dataset/frames\eYyJlDOywU65QyZw_frame_0010.png,1,eYyJlDOywU65QyZw
./dataset/frames\eYyJlDOywU65QyZw_frame_0011.png,1,eYyJlDOywU65QyZw
./dataset/frames\eYyJlDOywU65QyZw_frame_0012.png,1,eYyJlDOywU65QyZw
./dataset/frames\eYyJlDOywU65QyZw_frame_0013.png,1,eYyJlDOywU65QyZw
./dataset/frames\eYyJlDOywU65QyZw_frame_0014.png,1,eYyJlDOywU65QyZw
./dataset/frames\eYyJlDOywU65QyZw_frame_0015.png,1,eYyJlDOywU65QyZw
./dataset/frames\eYyJlDOywU65QyZw_frame_0016.png,1,eYyJlDOywU65QyZw
./dataset/frames\eYyJlDOywU65QyZw_frame_0017.png,1,eYyJlDOywU65QyZw
./dataset/frames\eYyJlDOywU65QyZw_frame_0018.png,1,eYyJlDOywU65QyZw
./dataset/frames\eYyJlDOywU65QyZw_frame_0019.png,1,eYyJlDOywU65QyZw
./dataset/frames\eYyJlDOywU65QyZw_frame_0020.png,1,eYyJlDOywU65QyZw
./dataset/frames\eYyJlDOywU65QyZw_frame_0021.png,1,eYyJlDOywU65QyZw
./dataset/frames\eYyJlDOywU65QyZw_frame_0022.png,1,eYyJlDOywU65QyZw
./dataset/frames\eYyJlDOywU65QyZw_frame_0023.png,1,eYyJlDOywU65QyZw
./dataset/frames\eYyJlDOywU65QyZw_frame_0024.png,1,eYyJlDOywU65QyZw
./dataset/frames\eYyJlDOywU65QyZw_frame_0025.png,1,eYyJlDOywU65QyZw
./dataset/frames\eYyJlDOywU65QyZw_frame_0026.png,1,eYyJlDOywU65QyZw
./dataset/frames\eYyJlDOywU65QyZw_frame_0027.png,1,eYyJlDOywU65QyZw
./dataset/frames\eYyJlDOywU65QyZw_frame_0028.png,1,eYyJlDOywU65QyZw
./dataset/frames\eYyJlDOywU65QyZw_frame_0029.png,1,eYyJlDOywU65QyZw
./dataset/frames\eYyJlDOywU65QyZw_frame_0030.png,1,eYyJlDOywU65QyZw
./dataset/frames\eYyJlDOywU65QyZw_frame_0031.png,1,eYyJlDOywU65QyZw
./dataset/frames\eYyJlDOywU65QyZw_frame_0032.png,1,eYyJlDOywU65QyZw
./dataset/frames\eYyJlDOywU65QyZw_frame_0033.png,1,eYyJlDOywU65QyZw
./dataset/frames\eYyJlDOywU65QyZw_frame_0034.png,1,eYyJlDOywU65QyZw
./dataset/frames\eYyJlDOywU65QyZw_frame_0035.png,1,eYyJlDOywU65QyZw
./dataset/frames\eYyJlDOywU65QyZw_frame_0036.png,1,eYyJlDOywU65QyZw
./dataset/frames\eYyJlDOywU65QyZw_frame_0037.png,1,eYyJlDOywU65QyZw
./dataset/frames\eYyJlDOywU65QyZw_frame_0038.png,1,eYyJlDOywU65QyZw
./dataset/frames\eYyJlDOywU65QyZw_frame_0039.png,1,eYyJlDOywU65QyZw
./dataset/frames\eYyJlDOywU65QyZw_frame_0040.png,1,eYyJlDOywU65QyZw
./dataset/frames\eYyJlDOywU65QyZw_frame_0041.png,1,eYyJlDOywU65QyZw
./dataset/frames\eYyJlDOywU65QyZw_frame_0042.png,1,eYyJlDOywU65QyZw
./dataset/frames\eYyJlDOywU65QyZw_frame_0043.png,1,eYyJlDOywU65QyZw
./dataset/frames\eYyJlDOywU65QyZw_frame_0044.png,1,eYyJlDOywU65QyZw
./dataset/frames\eYyJlDOywU65QyZw_frame_0045.png,1,eYyJlDOywU65QyZw
./dataset/frames\eYyJlDOywU65QyZw_frame_0046.png,1,eYyJlDOywU65QyZw
./dataset/frames\eYyJlDOywU65QyZw_frame_0047.png,1,eYyJlDOywU65QyZw
./dataset/frames\eYyJlDOywU65QyZw_frame_0048.png,1,eYyJlDOywU65QyZw
./dataset/frames\eYyJlDOywU65QyZw_frame_0049.png,1,eYyJlDOywU65QyZw
./dataset/frames\eYyJlDOywU65QyZw_frame_0050.png,1,eYyJlDOywU65QyZw
./dataset/frames\eYyJlDOywU65QyZw_frame_0051.png,1,eYyJlDOywU65QyZw
./dataset/frames\eYyJlDOywU65QyZw_frame_0052.png,1,eYyJlDOywU65QyZw
./dataset/frames\eYyJlDOywU65QyZw_frame_0053.png,1,eYyJlDOywU65QyZw
./dataset/frames\eYyJlDOywU65QyZw_frame_0054.png,1,eYyJlDOywU65QyZw
./dataset/frames\eYyJlDOywU65QyZw_frame_0055.png,1,eYyJlDOywU65QyZw
./dataset/frames\eYyJlDOywU65QyZw_frame_0056.png,1,eYyJlDOywU65QyZw
./dataset/frames\eYyJlDOywU65QyZw_frame_0057.png,1,eYyJlDOywU65QyZw
./dataset/frames\eYyJlDOywU65QyZw_frame_0058.png,1,eYyJlDOywU65QyZw
./dataset/frames\eYyJlDOywU65QyZw_frame_0059.png,1,eYyJlDOywU65QyZw
./dataset/frames\eYyJlDOywU65QyZw_frame_0060.png,1,eYyJlDOywU65QyZw
./dataset/frames\eYyJlDOywU65QyZw_frame_0061.png,1,eYyJlDOywU65QyZw
./dataset/frames\eYyJlDOywU65QyZw_frame_0062.png,1,eYyJlDOywU65QyZw
./dataset/frames\eYyJlDOywU65QyZw_frame_0063.png,1,eYyJlDOywU65QyZw
./dataset/frames\eYyJlDOywU65QyZw_frame_0064.png,1,eYyJlDOywU65QyZw
./dataset/frames\eYyJlDOywU65QyZw_frame_0065.png,1,eYyJlDOywU65QyZw
./dataset/frames\eYyJlDOywU65QyZw_frame_0066.png,1,eYyJlDOywU65QyZw
./dataset/frames\eYyJlDOywU65QyZw_frame_0067.png,1,eYyJlDOywU65QyZw
./dataset/frames\eYyJlDOywU65QyZw_frame_0068.png,1,eYyJlDOywU65QyZw
./dataset/frames\eYyJlDOywU65QyZw_frame_0069.png,1,eYyJlDOywU65QyZw
./dataset/frames\eYyJlDOywU65QyZw_frame_0070.png,1,eYyJlDOywU65QyZw
./dataset/frames\eYyJlDOywU65QyZw_frame_0071.png,1,eYyJlDOywU65QyZw
./dataset/frames\eYyJlDOywU65QyZw_frame_0072.png,1,eYyJlDOywU65QyZw
./dataset/frames\eYyJlDOywU65QyZw_frame_0073.png,1,eYyJlDOywU65QyZw
./dataset/frames\eYyJlDOywU65QyZw_frame_0074.png,1,eYyJlDOywU65QyZw
./dataset/frames\face closeup_frame_0000.png,1,face closeup
./dataset/frames\face closeup_frame_0001.png,1,face closeup
./dataset/frames\face closeup_frame_0002.png,1,face closeup
./dataset/frames\face closeup_frame_0003.png,1,face closeup
./dataset/frames\face closeup_frame_0004.png,1,face closeup
./dataset/frames\face closeup_frame_0005.png,1,face closeup
./dataset/frames\face closeup_frame_0006.png,1,face closeup
./dataset/frames\face closeup_frame_0007.png,1,face closeup
./dataset/frames\face closeup_frame_0008.png,1,face closeup
./dataset/frames\face closeup_frame_0009.png,1,face closeup
./dataset/frames\face closeup_frame_0010.png,1,face closeup
./dataset/frames\fight scene_frame_0000.png,1,fight scene
./dataset/frames\fight scene_frame_0001.png,1,fight scene
./dataset/frames\fight scene_frame_0002.png,1,fight scene
./dataset/frames\fight scene_frame_0003.png,1,fight scene
./dataset/frames\fight scene_frame_0004.png,1,fight scene
./dataset/frames\fight scene_frame_0005.png,1,fight scene
./dataset/frames\fight scene_frame_0006.png,1,fight scene
./dataset/frames\fight scene_frame_0007.png,1,fight scene
./dataset/frames\fight scene_frame_0008.png,1,fight scene
./dataset/frames\fight scene_frame_0009.png,1,fight scene
./dataset/frames\fight scene_frame_0010.png,1,fight scene
./dataset/frames\fight scene_frame_0011.png,1,fight scene
./dataset/frames\fight scene_frame_0012.png,1,fight scene
./dataset/frames\fight scene_frame_0013.png,1,fight scene
./dataset/frames\fight scene_frame_0014.png,1,fight scene
./dataset/frames\fight scene_frame_0015.png,1,fight scene
./dataset/frames\fight scene_frame_0016.png,1,fight scene
./dataset/frames\fight scene_frame_0017.png,1,fight scene
./dataset/frames\fight scene_frame_0018.png,1,fight scene
./dataset/frames\fight scene_frame_0019.png,1,fight scene
./dataset/frames\fight scene_frame_0020.png,1,fight scene
./dataset/frames\fight scene_frame_0021.png,1,fight scene
./dataset/frames\fight scene_frame_0022.png,1,fight scene
./dataset/frames\fight scene_frame_0023.png,1,fight scene
./dataset/frames\fight scene_frame_0024.png,1,fight scene
./dataset/frames\fight scene_frame_0025.png,1,fight scene
./dataset/frames\fight scene_frame_0026.png,1,fight scene
./dataset/frames\fight scene_frame_0027.png,1,fight scene
./dataset/frames\fight scene_frame_0028.png,1,fight scene
./dataset/frames\fight scene_frame_0029.png,1,fight scene
./dataset/frames\fight scene_frame_0030.png,1,fight scene
./dataset/frames\fireworks_frame_0000.png,1,fireworks
./dataset/frames\fireworks_frame_0001.png,1,fireworks
./dataset/frames\fireworks_frame_0002.png,1,fireworks
./dataset/frames\fireworks_frame_0003.png,1,fireworks
./dataset/frames\fireworks_frame_0004.png,1,fireworks
./dataset/frames\fireworks_frame_0005.png,1,fireworks
./dataset/frames\fireworks_frame_0006.png,1,fireworks
./dataset/frames\fireworks_frame_0007.png,1,fireworks
./dataset/frames\fireworks_frame_0008.png,1,fireworks
./dataset/frames\fireworks_frame_0009.png,1,fireworks
./dataset/frames\fireworks_frame_0010.png,1,fireworks
./dataset/frames\fireworks_frame_0011.png,1,fireworks
./dataset/frames\fish_frame_0000.png,1,fish
./dataset/frames\fish_frame_0001.png,1,fish
./dataset/frames\fish_frame_0002.png,1,fish
./dataset/frames\fish_frame_0003.png,1,fish
./dataset/frames\fish_frame_0004.png,1,fish
./dataset/frames\fish_frame_0005.png,1,fish
./dataset/frames\fish_frame_0006.png,1,fish
./dataset/frames\fish_frame_0007.png,1,fish
./dataset/frames\fish_frame_0008.png,1,fish
./dataset/frames\fish_frame_0009.png,1,fish
./dataset/frames\fish_frame_0010.png,1,fish
./dataset/frames\fish_frame_0011.png,1,fish
./dataset/frames\food reviewer 2_frame_0000.png,1,food reviewer 2
./dataset/frames\food reviewer 2_frame_0001.png,1,food reviewer 2
./dataset/frames\food reviewer 2_frame_0002.png,1,food reviewer 2
./dataset/frames\food reviewer 2_frame_0003.png,1,food reviewer 2
./dataset/frames\food reviewer 2_frame_0004.png,1,food reviewer 2
./dataset/frames\food reviewer 2_frame_0005.png,1,food reviewer 2
./dataset/frames\food reviewer 2_frame_0006.png,1,food reviewer 2
./dataset/frames\food reviewer 2_frame_0007.png,1,food reviewer 2
./dataset/frames\food reviewer 2_frame_0008.png,1,food reviewer 2
./dataset/frames\food reviewer 2_frame_0009.png,1,food reviewer 2
./dataset/frames\food reviewer 2_frame_0010.png,1,food reviewer 2
./dataset/frames\food reviewer 2_frame_0011.png,1,food reviewer 2
./dataset/frames\food reviewer 2_frame_0012.png,1,food reviewer 2
./dataset/frames\food reviewer 2_frame_0013.png,1,food reviewer 2
./dataset/frames\food reviewer 2_frame_0014.png,1,food reviewer 2
./dataset/frames\food reviewer 2_frame_0015.png,1,food reviewer 2
./dataset/frames\food reviewer 2_frame_0016.png,1,food reviewer 2
./dataset/frames\food reviewer 2_frame_0017.png,1,food reviewer 2
./dataset/frames\food reviewer 2_frame_0018.png,1,food reviewer 2
./dataset/frames\food reviewer 2_frame_0019.png,1,food reviewer 2
./dataset/frames\food reviewer 2_frame_0020.png,1,food reviewer 2
./dataset/frames\food reviewer 2_frame_0021.png,1,food reviewer 2
./dataset/frames\food reviewer 2_frame_0022.png,1,food reviewer 2
./dataset/frames\food reviewer 2_frame_0023.png,1,food reviewer 2
./dataset/frames\food reviewer 2_frame_0024.png,1,food reviewer 2
./dataset/frames\food reviewer 2_frame_0025.png,1,food reviewer 2
./dataset/frames\food reviewer 2_frame_0026.png,1,food reviewer 2
./dataset/frames\food reviewer 2_frame_0027.png,1,food reviewer 2
./dataset/frames\food reviewer 2_frame_0028.png,1,food reviewer 2
./dataset/frames\food reviewer 2_frame_0029.png,1,food reviewer 2
./dataset/frames\food reviewer_frame_0000.png,1,food reviewer
./dataset/frames\food reviewer_frame_0001.png,1,food reviewer
./dataset/frames\food reviewer_frame_0002.png,1,food reviewer
./dataset/frames\food reviewer_frame_0003.png,1,food reviewer
./dataset/frames\food reviewer_frame_0004.png,1,food reviewer
./dataset/frames\food reviewer_frame_0005.png,1,food reviewer
./dataset/frames\food reviewer_frame_0006.png,1,food reviewer
./dataset/frames\food reviewer_frame_0007.png,1,food reviewer
./dataset/frames\food reviewer_frame_0008.png,1,food reviewer
./dataset/frames\food reviewer_frame_0009.png,1,food reviewer
./dataset/frames\food reviewer_frame_0010.png,1,food reviewer
./dataset/frames\food reviewer_frame_0011.png,1,food reviewer
./dataset/frames\food reviewer_frame_0012.png,1,food reviewer
./dataset/frames\food reviewer_frame_0013.png,1,food reviewer
./dataset/frames\food reviewer_frame_0014.png,1,food reviewer
./dataset/frames\food reviewer_frame_0015.png,1,food reviewer
./dataset/frames\food reviewer_frame_0016.png,1,food reviewer
./dataset/frames\food reviewer_frame_0017.png,1,food reviewer
./dataset/frames\food reviewer_frame_0018.png,1,food reviewer
./dataset/frames\food reviewer_frame_0019.png,1,food reviewer
./dataset/frames\food reviewer_frame_0020.png,1,food reviewer
./dataset/frames\food reviewer_frame_0021.png,1,food reviewer
./dataset/frames\food reviewer_frame_0022.png,1,food reviewer
./dataset/frames\food reviewer_frame_0023.png,1,food reviewer
./dataset/frames\food reviewer_frame_0024.png,1,food reviewer
./dataset/frames\food reviewer_frame_0025.png,1,food reviewer
./dataset/frames\food reviewer_frame_0026.png,1,food reviewer
./dataset/frames\food reviewer_frame_0027.png,1,food reviewer
./dataset/frames\food reviewer_frame_0028.png,1,food reviewer
./dataset/frames\food reviewer_frame_0029.png,1,food reviewer
./dataset/frames\food reviewer_frame_0030.png,1,food reviewer
./dataset/frames\food_frame_0000.png,1,food
./dataset/frames\food_frame_0001.png,1,food
./dataset/frames\food_frame_0002.png,1,food
./dataset/frames\food_frame_0003.png,1,food
./dataset/frames\food_frame_0004.png,1,food
./dataset/frames\food_frame_0005.png,1,food
./dataset/frames\food_frame_0006.png,1,food
./dataset/frames\food_frame_0007.png,1,food
./dataset/frames\food_frame_0008.png,1,food
./dataset/frames\food_frame_0009.png,1,food
./dataset/frames\food_frame_0010.png,1,food
./dataset/frames\hand washing_frame_0000.png,1,hand washing
./dataset/frames\hand washing_frame_0001.png,1,hand washing
./dataset/frames\hand washing_frame_0002.png,1,hand washing
./dataset/frames\hand washing_frame_0003.png,1,hand washing
./dataset/frames\hand washing_frame_0004.png,1,hand washing
./dataset/frames\hand washing_frame_0005.png,1,hand washing
./dataset/frames\hand washing_frame_0006.png,1,hand washing
./dataset/frames\hand washing_frame_0007.png,1,hand washing
./dataset/frames\hand washing_frame_0008.png,1,hand washing
./dataset/frames\hand washing_frame_0009.png,1,hand washing
./dataset/frames\hand washing_frame_0010.png,1,hand washing
./dataset/frames\hand washing_frame_0011.png,1,hand washing
./dataset/frames\hand washing_frame_0012.png,1,hand washing
./dataset/frames\helicopter_frame_0000.png,1,helicopter
./dataset/frames\helicopter_frame_0001.png,1,helicopter
./dataset/frames\helicopter_frame_0002.png,1,helicopter
./dataset/frames\helicopter_frame_0003.png,1,helicopter
./dataset/frames\helicopter_frame_0004.png,1,helicopter
./dataset/frames\helicopter_frame_0005.png,1,helicopter
./dataset/frames\helicopter_frame_0006.png,1,helicopter
./dataset/frames\helicopter_frame_0007.png,1,helicopter
./dataset/frames\helicopter_frame_0008.png,1,helicopter
./dataset/frames\helicopter_frame_0009.png,1,helicopter
./dataset/frames\helicopter_frame_0010.png,1,helicopter
./dataset/frames\hJ1MRt3ojwyvyQax_frame_0000.png,1,hJ1MRt3ojwyvyQax
./dataset/frames\hJ1MRt3ojwyvyQax_frame_0001.png,1,hJ1MRt3ojwyvyQax
./dataset/frames\hJ1MRt3ojwyvyQax_frame_0002.png,1,hJ1MRt3ojwyvyQax
./dataset/frames\hJ1MRt3ojwyvyQax_frame_0003.png,1,hJ1MRt3ojwyvyQax
./dataset/frames\hJ1MRt3ojwyvyQax_frame_0004.png,1,hJ1MRt3ojwyvyQax
./dataset/frames\hJ1MRt3ojwyvyQax_frame_0005.png,1,hJ1MRt3ojwyvyQax
./dataset/frames\hJ1MRt3ojwyvyQax_frame_0006.png,1,hJ1MRt3ojwyvyQax
./dataset/frames\hJ1MRt3ojwyvyQax_frame_0007.png,1,hJ1MRt3ojwyvyQax
./dataset/frames\hJ1MRt3ojwyvyQax_frame_0008.png,1,hJ1MRt3ojwyvyQax
./dataset/frames\hJ1MRt3ojwyvyQax_frame_0009.png,1,hJ1MRt3ojwyvyQax
./dataset/frames\hJ1MRt3ojwyvyQax_frame_0010.png,1,hJ1MRt3ojwyvyQax
./dataset/frames\hJ1MRt3ojwyvyQax_frame_0011.png,1,hJ1MRt3ojwyvyQax
./dataset/frames\hJ1MRt3ojwyvyQax_frame_0012.png,1,hJ1MRt3ojwyvyQax
./dataset/frames\hJ1MRt3ojwyvyQax_frame_0013.png,1,hJ1MRt3ojwyvyQax
./dataset/frames\hJ1MRt3ojwyvyQax_frame_0014.png,1,hJ1MRt3ojwyvyQax
./dataset/frames\hJ1MRt3ojwyvyQax_frame_0015.png,1,hJ1MRt3ojwyvyQax
./dataset/frames\hJ1MRt3ojwyvyQax_frame_0016.png,1,hJ1MRt3ojwyvyQax
./dataset/frames\hJ1MRt3ojwyvyQax_frame_0017.png,1,hJ1MRt3ojwyvyQax
./dataset/frames\hJ1MRt3ojwyvyQax_frame_0018.png,1,hJ1MRt3ojwyvyQax
./dataset/frames\hJ1MRt3ojwyvyQax_frame_0019.png,1,hJ1MRt3ojwyvyQax
./dataset/frames\hJ1MRt3ojwyvyQax_frame_0020.png,1,hJ1MRt3ojwyvyQax
./dataset/frames\hJ1MRt3ojwyvyQax_frame_0021.png,1,hJ1MRt3ojwyvyQax
./dataset/frames\hJ1MRt3ojwyvyQax_frame_0022.png,1,hJ1MRt3ojwyvyQax
./dataset/frames\hJ1MRt3ojwyvyQax_frame_0023.png,1,hJ1MRt3ojwyvyQax
./dataset/frames\hJ1MRt3ojwyvyQax_frame_0024.png,1,hJ1MRt3ojwyvyQax
./dataset/frames\hJ1MRt3ojwyvyQax_frame_0025.png,1,hJ1MRt3ojwyvyQax
./dataset/frames\hJ1MRt3ojwyvyQax_frame_0026.png,1,hJ1MRt3ojwyvyQax
./dataset/frames\hJ1MRt3ojwyvyQax_frame_0027.png,1,hJ1MRt3ojwyvyQax
./dataset/frames\hJ1MRt3ojwyvyQax_frame_0028.png,1,hJ1MRt3ojwyvyQax
./dataset/frames\hJ1MRt3ojwyvyQax_frame_0029.png,1,hJ1MRt3ojwyvyQax
./dataset/frames\hJ1MRt3ojwyvyQax_frame_0030.png,1,hJ1MRt3ojwyvyQax
./dataset/frames\hLk-kamala_frame_0000.png,1,hLk-kamala
./dataset/frames\hLk-kamala_frame_0001.png,1,hLk-kamala
./dataset/frames\hLk-kamala_frame_0002.png,1,hLk-kamala
./dataset/frames\hLk-kamala_frame_0003.png,1,hLk-kamala
./dataset/frames\hLk-kamala_frame_0004.png,1,hLk-kamala
./dataset/frames\hLk-kamala_frame_0005.png,1,hLk-kamala
./dataset/frames\hLk-kamala_frame_0006.png,1,hLk-kamala
./dataset/frames\hLk-kamala_frame_0007.png,1,hLk-kamala
./dataset/frames\hLk-kamala_frame_0008.png,1,hLk-kamala
./dataset/frames\hLk-kamala_frame_0009.png,1,hLk-kamala
./dataset/frames\hLk-kamala_frame_0010.png,1,hLk-kamala
./dataset/frames\hLk-kamala_frame_0011.png,1,hLk-kamala
./dataset/frames\hLk-kamala_frame_0012.png,1,hLk-kamala
./dataset/frames\hLk-kamala_frame_0013.png,1,hLk-kamala
./dataset/frames\hLk-kamala_frame_0014.png,1,hLk-kamala
./dataset/frames\hLk-kamala_frame_0015.png,1,hLk-kamala
./dataset/frames\hLk-kamala_frame_0016.png,1,hLk-kamala
./dataset/frames\hLk-kamala_frame_0017.png,1,hLk-kamala
./dataset/frames\hLk-kamala_frame_0018.png,1,hLk-kamala
./dataset/frames\hLk-kamala_frame_0019.png,1,hLk-kamala
./dataset/frames\hLk-kamala_frame_0020.png,1,hLk-kamala
./dataset/frames\hLk-kamala_frame_0021.png,1,hLk-kamala
./dataset/frames\hLk-kamala_frame_0022.png,1,hLk-kamala
./dataset/frames\hLk-kamala_frame_0023.png,1,hLk-kamala
./dataset/frames\hLk-kamala_frame_0024.png,1,hLk-kamala
./dataset/frames\hLk-kamala_frame_0025.png,1,hLk-kamala
./dataset/frames\hLk-kamala_frame_0026.png,1,hLk-kamala
./dataset/frames\hLk-kamala_frame_0027.png,1,hLk-kamala
./dataset/frames\hLk-kamala_frame_0028.png,1,hLk-kamala
./dataset/frames\hLk-kamala_frame_0029.png,1,hLk-kamala
./dataset/frames\hLk-kamala_frame_0030.png,1,hLk-kamala
./dataset/frames\hLk-kamala_frame_0031.png,1,hLk-kamala
./dataset/frames\hLk-kamala_frame_0032.png,1,hLk-kamala
./dataset/frames\hLk-kamala_frame_0033.png,1,hLk-kamala
./dataset/frames\hLk-kamala_frame_0034.png,1,hLk-kamala
./dataset/frames\hLk-kamala_frame_0035.png,1,hLk-kamala
./dataset/frames\hot air balloon_frame_0000.png,1,hot air balloon
./dataset/frames\hot air balloon_frame_0001.png,1,hot air balloon
./dataset/frames\hot air balloon_frame_0002.png,1,hot air balloon
./dataset/frames\hot air balloon_frame_0003.png,1,hot air balloon
./dataset/frames\hot air balloon_frame_0004.png,1,hot air balloon
./dataset/frames\hot air balloon_frame_0005.png,1,hot air balloon
./dataset/frames\hot air balloon_frame_0006.png,1,hot air balloon
./dataset/frames\hot air balloon_frame_0007.png,1,hot air balloon
./dataset/frames\hot air balloon_frame_0008.png,1,hot air balloon
./dataset/frames\hot air balloon_frame_0009.png,1,hot air balloon
./dataset/frames\hot air balloon_frame_0010.png,1,hot air balloon
./dataset/frames\hot air balloon_frame_0011.png,1,hot air balloon
./dataset/frames\hot air balloon_frame_0012.png,1,hot air balloon
./dataset/frames\hot air balloon_frame_0013.png,1,hot air balloon
./dataset/frames\lanterns_frame_0000.png,1,lanterns
./dataset/frames\lanterns_frame_0001.png,1,lanterns
./dataset/frames\lanterns_frame_0002.png,1,lanterns
./dataset/frames\lanterns_frame_0003.png,1,lanterns
./dataset/frames\lanterns_frame_0004.png,1,lanterns
./dataset/frames\lanterns_frame_0005.png,1,lanterns
./dataset/frames\lanterns_frame_0006.png,1,lanterns
./dataset/frames\lanterns_frame_0007.png,1,lanterns
./dataset/frames\lanterns_frame_0008.png,1,lanterns
./dataset/frames\lanterns_frame_0009.png,1,lanterns
./dataset/frames\lanterns_frame_0010.png,1,lanterns
./dataset/frames\lanterns_frame_0011.png,1,lanterns
./dataset/frames\mark zuckerberg_frame_0000.png,1,mark zuckerberg
./dataset/frames\mark zuckerberg_frame_0001.png,1,mark zuckerberg
./dataset/frames\mark zuckerberg_frame_0002.png,1,mark zuckerberg
./dataset/frames\mark zuckerberg_frame_0003.png,1,mark zuckerberg
./dataset/frames\mark zuckerberg_frame_0004.png,1,mark zuckerberg
./dataset/frames\mark zuckerberg_frame_0005.png,1,mark zuckerberg
./dataset/frames\mark zuckerberg_frame_0006.png,1,mark zuckerberg
./dataset/frames\mark zuckerberg_frame_0007.png,1,mark zuckerberg
./dataset/frames\mark zuckerberg_frame_0008.png,1,mark zuckerberg
./dataset/frames\mark zuckerberg_frame_0009.png,1,mark zuckerberg
./dataset/frames\mark zuckerberg_frame_0010.png,1,mark zuckerberg
./dataset/frames\mark zuckerberg_frame_0011.png,1,mark zuckerberg
./dataset/frames\mark zuckerberg_frame_0012.png,1,mark zuckerberg
./dataset/frames\mark zuckerberg_frame_0013.png,1,mark zuckerberg
./dataset/frames\mark zuckerberg_frame_0014.png,1,mark zuckerberg
./dataset/frames\mark zuckerberg_frame_0015.png,1,mark zuckerberg
./dataset/frames\mark zuckerberg_frame_0016.png,1,mark zuckerberg
./dataset/frames\mark zuckerberg_frame_0017.png,1,mark zuckerberg
./dataset/frames\mountain bike_frame_0000.png,1,mountain bike
./dataset/frames\mountain bike_frame_0001.png,1,mountain bike
./dataset/frames\mountain bike_frame_0002.png,1,mountain bike
./dataset/frames\mountain bike_frame_0003.png,1,mountain bike
./dataset/frames\mountain bike_frame_0004.png,1,mountain bike
./dataset/frames\mountain bike_frame_0005.png,1,mountain bike
./dataset/frames\mountain bike_frame_0006.png,1,mountain bike
./dataset/frames\mountain bike_frame_0007.png,1,mountain bike
./dataset/frames\mountain bike_frame_0008.png,1,mountain bike
./dataset/frames\mountain bike_frame_0009.png,1,mountain bike
./dataset/frames\mountain bike_frame_0010.png,1,mountain bike
./dataset/frames\mountain bike_frame_0011.png,1,mountain bike
./dataset/frames\mountain bike_frame_0012.png,1,mountain bike
./dataset/frames\mountain bike_frame_0013.png,1,mountain bike
./dataset/frames\mountain bike_frame_0014.png,1,mountain bike
./dataset/frames\mountain bike_frame_0015.png,1,mountain bike
./dataset/frames\mountain bike_frame_0016.png,1,mountain bike
./dataset/frames\movie esque scene_frame_0000.png,1,movie esque scene
./dataset/frames\movie esque scene_frame_0001.png,1,movie esque scene
./dataset/frames\movie esque scene_frame_0002.png,1,movie esque scene
./dataset/frames\movie esque scene_frame_0003.png,1,movie esque scene
./dataset/frames\movie esque scene_frame_0004.png,1,movie esque scene
./dataset/frames\movie esque scene_frame_0005.png,1,movie esque scene
./dataset/frames\movie esque scene_frame_0006.png,1,movie esque scene
./dataset/frames\movie esque scene_frame_0007.png,1,movie esque scene
./dataset/frames\movie esque scene_frame_0008.png,1,movie esque scene
./dataset/frames\movie esque scene_frame_0009.png,1,movie esque scene
./dataset/frames\movie esque scene_frame_0010.png,1,movie esque scene
./dataset/frames\movie esque scene_frame_0011.png,1,movie esque scene
./dataset/frames\movie esque scene_frame_0012.png,1,movie esque scene
./dataset/frames\movie esque scene_frame_0013.png,1,movie esque scene
./dataset/frames\movie esque scene_frame_0014.png,1,movie esque scene
./dataset/frames\movie esque scene_frame_0015.png,1,movie esque scene
./dataset/frames\movie esque scene_frame_0016.png,1,movie esque scene
./dataset/frames\movie esque scene_frame_0017.png,1,movie esque scene
./dataset/frames\movie esque scene_frame_0018.png,1,movie esque scene
./dataset/frames\movie esque scene_frame_0019.png,1,movie esque scene
./dataset/frames\movie esque scene_frame_0020.png,1,movie esque scene
./dataset/frames\movie esque scene_frame_0021.png,1,movie esque scene
./dataset/frames\movie esque scene_frame_0022.png,1,movie esque scene
./dataset/frames\movie esque scene_frame_0023.png,1,movie esque scene
./dataset/frames\movie esque scene_frame_0024.png,1,movie esque scene
./dataset/frames\movie esque scene_frame_0025.png,1,movie esque scene
./dataset/frames\movie esque scene_frame_0026.png,1,movie esque scene
./dataset/frames\movie esque scene_frame_0027.png,1,movie esque scene
./dataset/frames\movie esque scene_frame_0028.png,1,movie esque scene
./dataset/frames\movie esque scene_frame_0029.png,1,movie esque scene
./dataset/frames\movie esque scene_frame_0030.png,1,movie esque scene
./dataset/frames\nyp4e6bKVPpTcBh5_frame_0000.png,1,nyp4e6bKVPpTcBh5
./dataset/frames\nyp4e6bKVPpTcBh5_frame_0001.png,1,nyp4e6bKVPpTcBh5
./dataset/frames\nyp4e6bKVPpTcBh5_frame_0002.png,1,nyp4e6bKVPpTcBh5
./dataset/frames\nyp4e6bKVPpTcBh5_frame_0003.png,1,nyp4e6bKVPpTcBh5
./dataset/frames\nyp4e6bKVPpTcBh5_frame_0004.png,1,nyp4e6bKVPpTcBh5
./dataset/frames\nyp4e6bKVPpTcBh5_frame_0005.png,1,nyp4e6bKVPpTcBh5
./dataset/frames\nyp4e6bKVPpTcBh5_frame_0006.png,1,nyp4e6bKVPpTcBh5
./dataset/frames\nyp4e6bKVPpTcBh5_frame_0007.png,1,nyp4e6bKVPpTcBh5
./dataset/frames\nyp4e6bKVPpTcBh5_frame_0008.png,1,nyp4e6bKVPpTcBh5
./dataset/frames\nyp4e6bKVPpTcBh5_frame_0009.png,1,nyp4e6bKVPpTcBh5
./dataset/frames\nyp4e6bKVPpTcBh5_frame_0010.png,1,nyp4e6bKVPpTcBh5
./dataset/frames\nyp4e6bKVPpTcBh5_frame_0011.png,1,nyp4e6bKVPpTcBh5
./dataset/frames\nyp4e6bKVPpTcBh5_frame_0012.png,1,nyp4e6bKVPpTcBh5
./dataset/frames\nyp4e6bKVPpTcBh5_frame_0013.png,1,nyp4e6bKVPpTcBh5
./dataset/frames\nyp4e6bKVPpTcBh5_frame_0014.png,1,nyp4e6bKVPpTcBh5
./dataset/frames\nyp4e6bKVPpTcBh5_frame_0015.png,1,nyp4e6bKVPpTcBh5
./dataset/frames\nyp4e6bKVPpTcBh5_frame_0016.png,1,nyp4e6bKVPpTcBh5
./dataset/frames\nyp4e6bKVPpTcBh5_frame_0017.png,1,nyp4e6bKVPpTcBh5
./dataset/frames\nyp4e6bKVPpTcBh5_frame_0018.png,1,nyp4e6bKVPpTcBh5
./dataset/frames\nyp4e6bKVPpTcBh5_frame_0019.png,1,nyp4e6bKVPpTcBh5
./dataset/frames\nyp4e6bKVPpTcBh5_frame_0020.png,1,nyp4e6bKVPpTcBh5
./dataset/frames\nyp4e6bKVPpTcBh5_frame_0021.png,1,nyp4e6bKVPpTcBh5
./dataset/frames\nyp4e6bKVPpTcBh5_frame_0022.png,1,nyp4e6bKVPpTcBh5
./dataset/frames\nyp4e6bKVPpTcBh5_frame_0023.png,1,nyp4e6bKVPpTcBh5
./dataset/frames\nyp4e6bKVPpTcBh5_frame_0024.png,1,nyp4e6bKVPpTcBh5
./dataset/frames\nyp4e6bKVPpTcBh5_frame_0025.png,1,nyp4e6bKVPpTcBh5
./dataset/frames\nyp4e6bKVPpTcBh5_frame_0026.png,1,nyp4e6bKVPpTcBh5
./dataset/frames\nyp4e6bKVPpTcBh5_frame_0027.png,1,nyp4e6bKVPpTcBh5
./dataset/frames\nyp4e6bKVPpTcBh5_frame_0028.png,1,nyp4e6bKVPpTcBh5
./dataset/frames\nyp4e6bKVPpTcBh5_frame_0029.png,1,nyp4e6bKVPpTcBh5
./dataset/frames\nyp4e6bKVPpTcBh5_frame_0030.png,1,nyp4e6bKVPpTcBh5
./dataset/frames\nyp4e6bKVPpTcBh5_frame_0031.png,1,nyp4e6bKVPpTcBh5
./dataset/frames\nyp4e6bKVPpTcBh5_frame_0032.png,1,nyp4e6bKVPpTcBh5
./dataset/frames\nyp4e6bKVPpTcBh5_frame_0033.png,1,nyp4e6bKVPpTcBh5
./dataset/frames\nyp4e6bKVPpTcBh5_frame_0034.png,1,nyp4e6bKVPpTcBh5
./dataset/frames\nyp4e6bKVPpTcBh5_frame_0035.png,1,nyp4e6bKVPpTcBh5
./dataset/frames\nyp4e6bKVPpTcBh5_frame_0036.png,1,nyp4e6bKVPpTcBh5
./dataset/frames\nyp4e6bKVPpTcBh5_frame_0037.png,1,nyp4e6bKVPpTcBh5
./dataset/frames\nyp4e6bKVPpTcBh5_frame_0038.png,1,nyp4e6bKVPpTcBh5
./dataset/frames\nyp4e6bKVPpTcBh5_frame_0039.png,1,nyp4e6bKVPpTcBh5
./dataset/frames\nyp4e6bKVPpTcBh5_frame_0040.png,1,nyp4e6bKVPpTcBh5
./dataset/frames\nyp4e6bKVPpTcBh5_frame_0041.png,1,nyp4e6bKVPpTcBh5
./dataset/frames\nyp4e6bKVPpTcBh5_frame_0042.png,1,nyp4e6bKVPpTcBh5
./dataset/frames\nyp4e6bKVPpTcBh5_frame_0043.png,1,nyp4e6bKVPpTcBh5
./dataset/frames\nyp4e6bKVPpTcBh5_frame_0044.png,1,nyp4e6bKVPpTcBh5
./dataset/frames\nyp4e6bKVPpTcBh5_frame_0045.png,1,nyp4e6bKVPpTcBh5
./dataset/frames\nyp4e6bKVPpTcBh5_frame_0046.png,1,nyp4e6bKVPpTcBh5
./dataset/frames\nyp4e6bKVPpTcBh5_frame_0047.png,1,nyp4e6bKVPpTcBh5
./dataset/frames\nyp4e6bKVPpTcBh5_frame_0048.png,1,nyp4e6bKVPpTcBh5
./dataset/frames\nyp4e6bKVPpTcBh5_frame_0049.png,1,nyp4e6bKVPpTcBh5
./dataset/frames\nyp4e6bKVPpTcBh5_frame_0050.png,1,nyp4e6bKVPpTcBh5
./dataset/frames\nyp4e6bKVPpTcBh5_frame_0051.png,1,nyp4e6bKVPpTcBh5
./dataset/frames\nyp4e6bKVPpTcBh5_frame_0052.png,1,nyp4e6bKVPpTcBh5
./dataset/frames\nyp4e6bKVPpTcBh5_frame_0053.png,1,nyp4e6bKVPpTcBh5
./dataset/frames\nyp4e6bKVPpTcBh5_frame_0054.png,1,nyp4e6bKVPpTcBh5
./dataset/frames\nyp4e6bKVPpTcBh5_frame_0055.png,1,nyp4e6bKVPpTcBh5
./dataset/frames\nyp4e6bKVPpTcBh5_frame_0056.png,1,nyp4e6bKVPpTcBh5
./dataset/frames\nyp4e6bKVPpTcBh5_frame_0057.png,1,nyp4e6bKVPpTcBh5
./dataset/frames\nyp4e6bKVPpTcBh5_frame_0058.png,1,nyp4e6bKVPpTcBh5
./dataset/frames\nyp4e6bKVPpTcBh5_frame_0059.png,1,nyp4e6bKVPpTcBh5
./dataset/frames\nyp4e6bKVPpTcBh5_frame_0060.png,1,nyp4e6bKVPpTcBh5
./dataset/frames\nyp4e6bKVPpTcBh5_frame_0061.png,1,nyp4e6bKVPpTcBh5
./dataset/frames\nyp4e6bKVPpTcBh5_frame_0062.png,1,nyp4e6bKVPpTcBh5
./dataset/frames\nyp4e6bKVPpTcBh5_frame_0063.png,1,nyp4e6bKVPpTcBh5
./dataset/frames\nyp4e6bKVPpTcBh5_frame_0064.png,1,nyp4e6bKVPpTcBh5
./dataset/frames\nyp4e6bKVPpTcBh5_frame_0065.png,1,nyp4e6bKVPpTcBh5
./dataset/frames\nyp4e6bKVPpTcBh5_frame_0066.png,1,nyp4e6bKVPpTcBh5
./dataset/frames\nyp4e6bKVPpTcBh5_frame_0067.png,1,nyp4e6bKVPpTcBh5
./dataset/frames\nyp4e6bKVPpTcBh5_frame_0068.png,1,nyp4e6bKVPpTcBh5
./dataset/frames\nyp4e6bKVPpTcBh5_frame_0069.png,1,nyp4e6bKVPpTcBh5
./dataset/frames\nyp4e6bKVPpTcBh5_frame_0070.png,1,nyp4e6bKVPpTcBh5
./dataset/frames\nyp4e6bKVPpTcBh5_frame_0071.png,1,nyp4e6bKVPpTcBh5
./dataset/frames\nyp4e6bKVPpTcBh5_frame_0072.png,1,nyp4e6bKVPpTcBh5
./dataset/frames\nyp4e6bKVPpTcBh5_frame_0073.png,1,nyp4e6bKVPpTcBh5
./dataset/frames\nyp4e6bKVPpTcBh5_frame_0074.png,1,nyp4e6bKVPpTcBh5
./dataset/frames\nyp4e6bKVPpTcBh5_frame_0075.png,1,nyp4e6bKVPpTcBh5
./dataset/frames\nyp4e6bKVPpTcBh5_frame_0076.png,1,nyp4e6bKVPpTcBh5
./dataset/frames\nyp4e6bKVPpTcBh5_frame_0077.png,1,nyp4e6bKVPpTcBh5
./dataset/frames\nyp4e6bKVPpTcBh5_frame_0078.png,1,nyp4e6bKVPpTcBh5
./dataset/frames\nyp4e6bKVPpTcBh5_frame_0079.png,1,nyp4e6bKVPpTcBh5
./dataset/frames\nyp4e6bKVPpTcBh5_frame_0080.png,1,nyp4e6bKVPpTcBh5
./dataset/frames\nyp4e6bKVPpTcBh5_frame_0081.png,1,nyp4e6bKVPpTcBh5
./dataset/frames\nyp4e6bKVPpTcBh5_frame_0082.png,1,nyp4e6bKVPpTcBh5
./dataset/frames\nyp4e6bKVPpTcBh5_frame_0083.png,1,nyp4e6bKVPpTcBh5
./dataset/frames\nyp4e6bKVPpTcBh5_frame_0084.png,1,nyp4e6bKVPpTcBh5
./dataset/frames\nyp4e6bKVPpTcBh5_frame_0085.png,1,nyp4e6bKVPpTcBh5
./dataset/frames\nyp4e6bKVPpTcBh5_frame_0086.png,1,nyp4e6bKVPpTcBh5
./dataset/frames\nyp4e6bKVPpTcBh5_frame_0087.png,1,nyp4e6bKVPpTcBh5
./dataset/frames\nyp4e6bKVPpTcBh5_frame_0088.png,1,nyp4e6bKVPpTcBh5
./dataset/frames\nyp4e6bKVPpTcBh5_frame_0089.png,1,nyp4e6bKVPpTcBh5
./dataset/frames\nyp4e6bKVPpTcBh5_frame_0090.png,1,nyp4e6bKVPpTcBh5
./dataset/frames\nyp4e6bKVPpTcBh5_frame_0091.png,1,nyp4e6bKVPpTcBh5
./dataset/frames\nyp4e6bKVPpTcBh5_frame_0092.png,1,nyp4e6bKVPpTcBh5
./dataset/frames\nyp4e6bKVPpTcBh5_frame_0093.png,1,nyp4e6bKVPpTcBh5
./dataset/frames\nyp4e6bKVPpTcBh5_frame_0094.png,1,nyp4e6bKVPpTcBh5
./dataset/frames\nyp4e6bKVPpTcBh5_frame_0095.png,1,nyp4e6bKVPpTcBh5
./dataset/frames\nyp4e6bKVPpTcBh5_frame_0096.png,1,nyp4e6bKVPpTcBh5
./dataset/frames\nyp4e6bKVPpTcBh5_frame_0097.png,1,nyp4e6bKVPpTcBh5
./dataset/frames\nyp4e6bKVPpTcBh5_frame_0098.png,1,nyp4e6bKVPpTcBh5
./dataset/frames\nyp4e6bKVPpTcBh5_frame_0099.png,1,nyp4e6bKVPpTcBh5
./dataset/frames\nyp4e6bKVPpTcBh5_frame_0100.png,1,nyp4e6bKVPpTcBh5
./dataset/frames\nyp4e6bKVPpTcBh5_frame_0101.png,1,nyp4e6bKVPpTcBh5
./dataset/frames\nyp4e6bKVPpTcBh5_frame_0102.png,1,nyp4e6bKVPpTcBh5
./dataset/frames\nyp4e6bKVPpTcBh5_frame_0103.png,1,nyp4e6bKVPpTcBh5
./dataset/frames\nyp4e6bKVPpTcBh5_frame_0104.png,1,nyp4e6bKVPpTcBh5
./dataset/frames\nyp4e6bKVPpTcBh5_frame_0105.png,1,nyp4e6bKVPpTcBh5
./dataset/frames\nyp4e6bKVPpTcBh5_frame_0106.png,1,nyp4e6bKVPpTcBh5
./dataset/frames\nyp4e6bKVPpTcBh5_frame_0107.png,1,nyp4e6bKVPpTcBh5
./dataset/frames\nyp4e6bKVPpTcBh5_frame_0108.png,1,nyp4e6bKVPpTcBh5
./dataset/frames\nyp4e6bKVPpTcBh5_frame_0109.png,1,nyp4e6bKVPpTcBh5
./dataset/frames\nyp4e6bKVPpTcBh5_frame_0110.png,1,nyp4e6bKVPpTcBh5
./dataset/frames\nyp4e6bKVPpTcBh5_frame_0111.png,1,nyp4e6bKVPpTcBh5
./dataset/frames\nyp4e6bKVPpTcBh5_frame_0112.png,1,nyp4e6bKVPpTcBh5
./dataset/frames\nyp4e6bKVPpTcBh5_frame_0113.png,1,nyp4e6bKVPpTcBh5
./dataset/frames\nyp4e6bKVPpTcBh5_frame_0114.png,1,nyp4e6bKVPpTcBh5
./dataset/frames\nyp4e6bKVPpTcBh5_frame_0115.png,1,nyp4e6bKVPpTcBh5
./dataset/frames\nyp4e6bKVPpTcBh5_frame_0116.png,1,nyp4e6bKVPpTcBh5
./dataset/frames\nyp4e6bKVPpTcBh5_frame_0117.png,1,nyp4e6bKVPpTcBh5
./dataset/frames\nyp4e6bKVPpTcBh5_frame_0118.png,1,nyp4e6bKVPpTcBh5
./dataset/frames\nyp4e6bKVPpTcBh5_frame_0119.png,1,nyp4e6bKVPpTcBh5
./dataset/frames\nyp4e6bKVPpTcBh5_frame_0120.png,1,nyp4e6bKVPpTcBh5
./dataset/frames\P7cT17xj924LS8uP_frame_0000.png,1,P7cT17xj924LS8uP
./dataset/frames\P7cT17xj924LS8uP_frame_0001.png,1,P7cT17xj924LS8uP
./dataset/frames\P7cT17xj924LS8uP_frame_0002.png,1,P7cT17xj924LS8uP
./dataset/frames\P7cT17xj924LS8uP_frame_0003.png,1,P7cT17xj924LS8uP
./dataset/frames\P7cT17xj924LS8uP_frame_0004.png,1,P7cT17xj924LS8uP
./dataset/frames\P7cT17xj924LS8uP_frame_0005.png,1,P7cT17xj924LS8uP
./dataset/frames\P7cT17xj924LS8uP_frame_0006.png,1,P7cT17xj924LS8uP
./dataset/frames\P7cT17xj924LS8uP_frame_0007.png,1,P7cT17xj924LS8uP
./dataset/frames\P7cT17xj924LS8uP_frame_0008.png,1,P7cT17xj924LS8uP
./dataset/frames\P7cT17xj924LS8uP_frame_0009.png,1,P7cT17xj924LS8uP
./dataset/frames\P7cT17xj924LS8uP_frame_0010.png,1,P7cT17xj924LS8uP
./dataset/frames\P7cT17xj924LS8uP_frame_0011.png,1,P7cT17xj924LS8uP
./dataset/frames\P7cT17xj924LS8uP_frame_0012.png,1,P7cT17xj924LS8uP
./dataset/frames\P7cT17xj924LS8uP_frame_0013.png,1,P7cT17xj924LS8uP
./dataset/frames\P7cT17xj924LS8uP_frame_0014.png,1,P7cT17xj924LS8uP
./dataset/frames\P7cT17xj924LS8uP_frame_0015.png,1,P7cT17xj924LS8uP
./dataset/frames\P7cT17xj924LS8uP_frame_0016.png,1,P7cT17xj924LS8uP
./dataset/frames\P7cT17xj924LS8uP_frame_0017.png,1,P7cT17xj924LS8uP
./dataset/frames\P7cT17xj924LS8uP_frame_0018.png,1,P7cT17xj924LS8uP
./dataset/frames\P7cT17xj924LS8uP_frame_0019.png,1,P7cT17xj924LS8uP
./dataset/frames\P7cT17xj924LS8uP_frame_0020.png,1,P7cT17xj924LS8uP
./dataset/frames\P7cT17xj924LS8uP_frame_0021.png,1,P7cT17xj924LS8uP
./dataset/frames\P7cT17xj924LS8uP_frame_0022.png,1,P7cT17xj924LS8uP
./dataset/frames\P7cT17xj924LS8uP_frame_0023.png,1,P7cT17xj924LS8uP
./dataset/frames\P7cT17xj924LS8uP_frame_0024.png,1,P7cT17xj924LS8uP
./dataset/frames\P7cT17xj924LS8uP_frame_0025.png,1,P7cT17xj924LS8uP
./dataset/frames\P7cT17xj924LS8uP_frame_0026.png,1,P7cT17xj924LS8uP
./dataset/frames\P7cT17xj924LS8uP_frame_0027.png,1,P7cT17xj924LS8uP
./dataset/frames\P7cT17xj924LS8uP_frame_0028.png,1,P7cT17xj924LS8uP
./dataset/frames\P7cT17xj924LS8uP_frame_0029.png,1,P7cT17xj924LS8uP
./dataset/frames\P7cT17xj924LS8uP_frame_0030.png,1,P7cT17xj924LS8uP
./dataset/frames\pD2-taylor_frame_0000.png,1,pD2-taylor
./dataset/frames\pD2-taylor_frame_0001.png,1,pD2-taylor
./dataset/frames\pD2-taylor_frame_0002.png,1,pD2-taylor
./dataset/frames\pD2-taylor_frame_0003.png,1,pD2-taylor
./dataset/frames\pD2-taylor_frame_0004.png,1,pD2-taylor
./dataset/frames\pD2-taylor_frame_0005.png,1,pD2-taylor
./dataset/frames\pD2-taylor_frame_0006.png,1,pD2-taylor
./dataset/frames\pD2-taylor_frame_0007.png,1,pD2-taylor
./dataset/frames\pD2-taylor_frame_0008.png,1,pD2-taylor
./dataset/frames\pD2-taylor_frame_0009.png,1,pD2-taylor
./dataset/frames\pD2-taylor_frame_0010.png,1,pD2-taylor
./dataset/frames\pD2-taylor_frame_0011.png,1,pD2-taylor
./dataset/frames\pD2-taylor_frame_0012.png,1,pD2-taylor
./dataset/frames\pD2-taylor_frame_0013.png,1,pD2-taylor
./dataset/frames\pD2-taylor_frame_0014.png,1,pD2-taylor
./dataset/frames\pD2-taylor_frame_0015.png,1,pD2-taylor
./dataset/frames\pD2-taylor_frame_0016.png,1,pD2-taylor
./dataset/frames\pD2-taylor_frame_0017.png,1,pD2-taylor
./dataset/frames\pD2-taylor_frame_0018.png,1,pD2-taylor
./dataset/frames\pD2-taylor_frame_0019.png,1,pD2-taylor
./dataset/frames\pD2-taylor_frame_0020.png,1,pD2-taylor
./dataset/frames\pD2-taylor_frame_0021.png,1,pD2-taylor
./dataset/frames\pD2-taylor_frame_0022.png,1,pD2-taylor
./dataset/frames\pD2-taylor_frame_0023.png,1,pD2-taylor
./dataset/frames\pD2-taylor_frame_0024.png,1,pD2-taylor
./dataset/frames\pD2-taylor_frame_0025.png,1,pD2-taylor
./dataset/frames\pD2-taylor_frame_0026.png,1,pD2-taylor
./dataset/frames\pD2-taylor_frame_0027.png,1,pD2-taylor
./dataset/frames\pD2-taylor_frame_0028.png,1,pD2-taylor
./dataset/frames\pD2-taylor_frame_0029.png,1,pD2-taylor
./dataset/frames\pD2-taylor_frame_0030.png,1,pD2-taylor
./dataset/frames\pD2-taylor_frame_0031.png,1,pD2-taylor
./dataset/frames\pD2-taylor_frame_0032.png,1,pD2-taylor
./dataset/frames\pD2-taylor_frame_0033.png,1,pD2-taylor
./dataset/frames\pD2-taylor_frame_0034.png,1,pD2-taylor
./dataset/frames\pD2-taylor_frame_0035.png,1,pD2-taylor
./dataset/frames\pD2-taylor_frame_0036.png,1,pD2-taylor
./dataset/frames\pD2-taylor_frame_0037.png,1,pD2-taylor
./dataset/frames\pD2-taylor_frame_0038.png,1,pD2-taylor
./dataset/frames\pD2-taylor_frame_0039.png,1,pD2-taylor
./dataset/frames\pD2-taylor_frame_0040.png,1,pD2-taylor
./dataset/frames\people driving_frame_0000.png,1,people driving
./dataset/frames\people driving_frame_0001.png,1,people driving
./dataset/frames\people driving_frame_0002.png,1,people driving
./dataset/frames\people driving_frame_0003.png,1,people driving
./dataset/frames\people driving_frame_0004.png,1,people driving
./dataset/frames\people driving_frame_0005.png,1,people driving
./dataset/frames\people driving_frame_0006.png,1,people driving
./dataset/frames\people driving_frame_0007.png,1,people driving
./dataset/frames\people driving_frame_0008.png,1,people driving
./dataset/frames\people driving_frame_0009.png,1,people driving
./dataset/frames\people driving_frame_0010.png,1,people driving
./dataset/frames\people driving_frame_0011.png,1,people driving
./dataset/frames\people driving_frame_0012.png,1,people driving
./dataset/frames\people driving_frame_0013.png,1,people driving
./dataset/frames\people driving_frame_0014.png,1,people driving
./dataset/frames\person chilling_frame_0000.png,1,person chilling
./dataset/frames\person chilling_frame_0001.png,1,person chilling
./dataset/frames\person chilling_frame_0002.png,1,person chilling
./dataset/frames\person chilling_frame_0003.png,1,person chilling
./dataset/frames\person chilling_frame_0004.png,1,person chilling
./dataset/frames\person chilling_frame_0005.png,1,person chilling
./dataset/frames\person chilling_frame_0006.png,1,person chilling
./dataset/frames\person chilling_frame_0007.png,1,person chilling
./dataset/frames\person chilling_frame_0008.png,1,person chilling
./dataset/frames\person chilling_frame_0009.png,1,person chilling
./dataset/frames\person chilling_frame_0010.png,1,person chilling
./dataset/frames\person chilling_frame_0011.png,1,person chilling
./dataset/frames\person chilling_frame_0012.png,1,person chilling
./dataset/frames\person speaking_frame_0000.png,1,person speaking
./dataset/frames\person speaking_frame_0001.png,1,person speaking
./dataset/frames\person speaking_frame_0002.png,1,person speaking
./dataset/frames\person speaking_frame_0003.png,1,person speaking
./dataset/frames\person speaking_frame_0004.png,1,person speaking
./dataset/frames\person speaking_frame_0005.png,1,person speaking
./dataset/frames\person speaking_frame_0006.png,1,person speaking
./dataset/frames\person speaking_frame_0007.png,1,person speaking
./dataset/frames\person speaking_frame_0008.png,1,person speaking
./dataset/frames\person speaking_frame_0009.png,1,person speaking
./dataset/frames\person speaking_frame_0010.png,1,person speaking
./dataset/frames\person speaking_frame_0011.png,1,person speaking
./dataset/frames\person speaking_frame_0012.png,1,person speaking
./dataset/frames\person speaking_frame_0013.png,1,person speaking
./dataset/frames\qj1-9T1x-_oankZ__frame_0000.png,1,qj1-9T1x-_oankZ_
./dataset/frames\qj1-9T1x-_oankZ__frame_0001.png,1,qj1-9T1x-_oankZ_
./dataset/frames\qj1-9T1x-_oankZ__frame_0002.png,1,qj1-9T1x-_oankZ_
./dataset/frames\qj1-9T1x-_oankZ__frame_0003.png,1,qj1-9T1x-_oankZ_
./dataset/frames\qj1-9T1x-_oankZ__frame_0004.png,1,qj1-9T1x-_oankZ_
./dataset/frames\qj1-9T1x-_oankZ__frame_0005.png,1,qj1-9T1x-_oankZ_
./dataset/frames\qj1-9T1x-_oankZ__frame_0006.png,1,qj1-9T1x-_oankZ_
./dataset/frames\qj1-9T1x-_oankZ__frame_0007.png,1,qj1-9T1x-_oankZ_
./dataset/frames\qj1-9T1x-_oankZ__frame_0008.png,1,qj1-9T1x-_oankZ_
./dataset/frames\qj1-9T1x-_oankZ__frame_0009.png,1,qj1-9T1x-_oankZ_
./dataset/frames\qj1-9T1x-_oankZ__frame_0010.png,1,qj1-9T1x-_oankZ_
./dataset/frames\qj1-9T1x-_oankZ__frame_0011.png,1,qj1-9T1x-_oankZ_
./dataset/frames\qj1-9T1x-_oankZ__frame_0012.png,1,qj1-9T1x-_oankZ_
./dataset/frames\qj1-9T1x-_oankZ__frame_0013.png,1,qj1-9T1x-_oankZ_
./dataset/frames\qj1-9T1x-_oankZ__frame_0014.png,1,qj1-9T1x-_oankZ_
./dataset/frames\qj1-9T1x-_oankZ__frame_0015.png,1,qj1-9T1x-_oankZ_
./dataset/frames\qj1-9T1x-_oankZ__frame_0016.png,1,qj1-9T1x-_oankZ_
./dataset/frames\qj1-9T1x-_oankZ__frame_0017.png,1,qj1-9T1x-_oankZ_
./dataset/frames\qj1-9T1x-_oankZ__frame_0018.png,1,qj1-9T1x-_oankZ_
./dataset/frames\qj1-9T1x-_oankZ__frame_0019.png,1,qj1-9T1x-_oankZ_
./dataset/frames\qj1-9T1x-_oankZ__frame_0020.png,1,qj1-9T1x-_oankZ_
./dataset/frames\qj1-9T1x-_oankZ__frame_0021.png,1,qj1-9T1x-_oankZ_
./dataset/frames\qj1-9T1x-_oankZ__frame_0022.png,1,qj1-9T1x-_oankZ_
./dataset/frames\qj1-9T1x-_oankZ__frame_0023.png,1,qj1-9T1x-_oankZ_
./dataset/frames\qj1-9T1x-_oankZ__frame_0024.png,1,qj1-9T1x-_oankZ_
./dataset/frames\qj1-9T1x-_oankZ__frame_0025.png,1,qj1-9T1x-_oankZ_
./dataset/frames\qj1-9T1x-_oankZ__frame_0026.png,1,qj1-9T1x-_oankZ_
./dataset/frames\qj1-9T1x-_oankZ__frame_0027.png,1,qj1-9T1x-_oankZ_
./dataset/frames\qj1-9T1x-_oankZ__frame_0028.png,1,qj1-9T1x-_oankZ_
./dataset/frames\qj1-9T1x-_oankZ__frame_0029.png,1,qj1-9T1x-_oankZ_
./dataset/frames\qj1-9T1x-_oankZ__frame_0030.png,1,qj1-9T1x-_oankZ_
./dataset/frames\qRfDF6TVNGzh2vwc_frame_0000.png,1,qRfDF6TVNGzh2vwc
./dataset/frames\qRfDF6TVNGzh2vwc_frame_0001.png,1,qRfDF6TVNGzh2vwc
./dataset/frames\qRfDF6TVNGzh2vwc_frame_0002.png,1,qRfDF6TVNGzh2vwc
./dataset/frames\qRfDF6TVNGzh2vwc_frame_0003.png,1,qRfDF6TVNGzh2vwc
./dataset/frames\qRfDF6TVNGzh2vwc_frame_0004.png,1,qRfDF6TVNGzh2vwc
./dataset/frames\qRfDF6TVNGzh2vwc_frame_0005.png,1,qRfDF6TVNGzh2vwc
./dataset/frames\qRfDF6TVNGzh2vwc_frame_0006.png,1,qRfDF6TVNGzh2vwc
./dataset/frames\qRfDF6TVNGzh2vwc_frame_0007.png,1,qRfDF6TVNGzh2vwc
./dataset/frames\qRfDF6TVNGzh2vwc_frame_0008.png,1,qRfDF6TVNGzh2vwc
./dataset/frames\qRfDF6TVNGzh2vwc_frame_0009.png,1,qRfDF6TVNGzh2vwc
./dataset/frames\qRfDF6TVNGzh2vwc_frame_0010.png,1,qRfDF6TVNGzh2vwc
./dataset/frames\qRfDF6TVNGzh2vwc_frame_0011.png,1,qRfDF6TVNGzh2vwc
./dataset/frames\qRfDF6TVNGzh2vwc_frame_0012.png,1,qRfDF6TVNGzh2vwc
./dataset/frames\qRfDF6TVNGzh2vwc_frame_0013.png,1,qRfDF6TVNGzh2vwc
./dataset/frames\qRfDF6TVNGzh2vwc_frame_0014.png,1,qRfDF6TVNGzh2vwc
./dataset/frames\qRfDF6TVNGzh2vwc_frame_0015.png,1,qRfDF6TVNGzh2vwc
./dataset/frames\qRfDF6TVNGzh2vwc_frame_0016.png,1,qRfDF6TVNGzh2vwc
./dataset/frames\qRfDF6TVNGzh2vwc_frame_0017.png,1,qRfDF6TVNGzh2vwc
./dataset/frames\qRfDF6TVNGzh2vwc_frame_0018.png,1,qRfDF6TVNGzh2vwc
./dataset/frames\qRfDF6TVNGzh2vwc_frame_0019.png,1,qRfDF6TVNGzh2vwc
./dataset/frames\qRfDF6TVNGzh2vwc_frame_0020.png,1,qRfDF6TVNGzh2vwc
./dataset/frames\qRfDF6TVNGzh2vwc_frame_0021.png,1,qRfDF6TVNGzh2vwc
./dataset/frames\qRfDF6TVNGzh2vwc_frame_0022.png,1,qRfDF6TVNGzh2vwc
./dataset/frames\qRfDF6TVNGzh2vwc_frame_0023.png,1,qRfDF6TVNGzh2vwc
./dataset/frames\qRfDF6TVNGzh2vwc_frame_0024.png,1,qRfDF6TVNGzh2vwc
./dataset/frames\qRfDF6TVNGzh2vwc_frame_0025.png,1,qRfDF6TVNGzh2vwc
./dataset/frames\qRfDF6TVNGzh2vwc_frame_0026.png,1,qRfDF6TVNGzh2vwc
./dataset/frames\qRfDF6TVNGzh2vwc_frame_0027.png,1,qRfDF6TVNGzh2vwc
./dataset/frames\qRfDF6TVNGzh2vwc_frame_0028.png,1,qRfDF6TVNGzh2vwc
./dataset/frames\qRfDF6TVNGzh2vwc_frame_0029.png,1,qRfDF6TVNGzh2vwc
./dataset/frames\qRfDF6TVNGzh2vwc_frame_0030.png,1,qRfDF6TVNGzh2vwc
./dataset/frames\rpm meter_frame_0000.png,1,rpm meter
./dataset/frames\rpm meter_frame_0001.png,1,rpm meter
./dataset/frames\rpm meter_frame_0002.png,1,rpm meter
./dataset/frames\rpm meter_frame_0003.png,1,rpm meter
./dataset/frames\rpm meter_frame_0004.png,1,rpm meter
./dataset/frames\rpm meter_frame_0005.png,1,rpm meter
./dataset/frames\rpm meter_frame_0006.png,1,rpm meter
./dataset/frames\rpm meter_frame_0007.png,1,rpm meter
./dataset/frames\rpm meter_frame_0008.png,1,rpm meter
./dataset/frames\rpm meter_frame_0009.png,1,rpm meter
./dataset/frames\rpm meter_frame_0010.png,1,rpm meter
./dataset/frames\rpm meter_frame_0011.png,1,rpm meter
./dataset/frames\rpm meter_frame_0012.png,1,rpm meter
./dataset/frames\rpm meter_frame_0013.png,1,rpm meter
./dataset/frames\S0_mt-EmooPacSlm_frame_0000.png,1,S0_mt-EmooPacSlm
./dataset/frames\S0_mt-EmooPacSlm_frame_0001.png,1,S0_mt-EmooPacSlm
./dataset/frames\S0_mt-EmooPacSlm_frame_0002.png,1,S0_mt-EmooPacSlm
./dataset/frames\S0_mt-EmooPacSlm_frame_0003.png,1,S0_mt-EmooPacSlm
./dataset/frames\S0_mt-EmooPacSlm_frame_0004.png,1,S0_mt-EmooPacSlm
./dataset/frames\S0_mt-EmooPacSlm_frame_0005.png,1,S0_mt-EmooPacSlm
./dataset/frames\S0_mt-EmooPacSlm_frame_0006.png,1,S0_mt-EmooPacSlm
./dataset/frames\S0_mt-EmooPacSlm_frame_0007.png,1,S0_mt-EmooPacSlm
./dataset/frames\S0_mt-EmooPacSlm_frame_0008.png,1,S0_mt-EmooPacSlm
./dataset/frames\S0_mt-EmooPacSlm_frame_0009.png,1,S0_mt-EmooPacSlm
./dataset/frames\S0_mt-EmooPacSlm_frame_0010.png,1,S0_mt-EmooPacSlm
./dataset/frames\S0_mt-EmooPacSlm_frame_0011.png,1,S0_mt-EmooPacSlm
./dataset/frames\S0_mt-EmooPacSlm_frame_0012.png,1,S0_mt-EmooPacSlm
./dataset/frames\S0_mt-EmooPacSlm_frame_0013.png,1,S0_mt-EmooPacSlm
./dataset/frames\S0_mt-EmooPacSlm_frame_0014.png,1,S0_mt-EmooPacSlm
./dataset/frames\S0_mt-EmooPacSlm_frame_0015.png,1,S0_mt-EmooPacSlm
./dataset/frames\S0_mt-EmooPacSlm_frame_0016.png,1,S0_mt-EmooPacSlm
./dataset/frames\S0_mt-EmooPacSlm_frame_0017.png,1,S0_mt-EmooPacSlm
./dataset/frames\S0_mt-EmooPacSlm_frame_0018.png,1,S0_mt-EmooPacSlm
./dataset/frames\S0_mt-EmooPacSlm_frame_0019.png,1,S0_mt-EmooPacSlm
./dataset/frames\S0_mt-EmooPacSlm_frame_0020.png,1,S0_mt-EmooPacSlm
./dataset/frames\S0_mt-EmooPacSlm_frame_0021.png,1,S0_mt-EmooPacSlm
./dataset/frames\S0_mt-EmooPacSlm_frame_0022.png,1,S0_mt-EmooPacSlm
./dataset/frames\S0_mt-EmooPacSlm_frame_0023.png,1,S0_mt-EmooPacSlm
./dataset/frames\S0_mt-EmooPacSlm_frame_0024.png,1,S0_mt-EmooPacSlm
./dataset/frames\S0_mt-EmooPacSlm_frame_0025.png,1,S0_mt-EmooPacSlm
./dataset/frames\S0_mt-EmooPacSlm_frame_0026.png,1,S0_mt-EmooPacSlm
./dataset/frames\S0_mt-EmooPacSlm_frame_0027.png,1,S0_mt-EmooPacSlm
./dataset/frames\S0_mt-EmooPacSlm_frame_0028.png,1,S0_mt-EmooPacSlm
./dataset/frames\S0_mt-EmooPacSlm_frame_0029.png,1,S0_mt-EmooPacSlm
./dataset/frames\S0_mt-EmooPacSlm_frame_0030.png,1,S0_mt-EmooPacSlm
./dataset/frames\snow mobile_frame_0000.png,1,snow mobile
./dataset/frames\snow mobile_frame_0001.png,1,snow mobile
./dataset/frames\snow mobile_frame_0002.png,1,snow mobile
./dataset/frames\snow mobile_frame_0003.png,1,snow mobile
./dataset/frames\snow mobile_frame_0004.png,1,snow mobile
./dataset/frames\snow mobile_frame_0005.png,1,snow mobile
./dataset/frames\snow mobile_frame_0006.png,1,snow mobile
./dataset/frames\snow mobile_frame_0007.png,1,snow mobile
./dataset/frames\snow mobile_frame_0008.png,1,snow mobile
./dataset/frames\snow mobile_frame_0009.png,1,snow mobile
./dataset/frames\snow mobile_frame_0010.png,1,snow mobile
./dataset/frames\snow mobile_frame_0011.png,1,snow mobile
./dataset/frames\snow mobile_frame_0012.png,1,snow mobile
./dataset/frames\snow mobile_frame_0013.png,1,snow mobile
./dataset/frames\snow mobile_frame_0014.png,1,snow mobile
./dataset/frames\snow mobile_frame_0015.png,1,snow mobile
./dataset/frames\snow mobile_frame_0016.png,1,snow mobile
./dataset/frames\snow mobile_frame_0017.png,1,snow mobile
./dataset/frames\snow mobile_frame_0018.png,1,snow mobile
./dataset/frames\snow mobile_frame_0019.png,1,snow mobile
./dataset/frames\snow mobile_frame_0020.png,1,snow mobile
./dataset/frames\snow mobile_frame_0021.png,1,snow mobile
./dataset/frames\snow mobile_frame_0022.png,1,snow mobile
./dataset/frames\snow mobile_frame_0023.png,1,snow mobile
./dataset/frames\snow mobile_frame_0024.png,1,snow mobile
./dataset/frames\snow mobile_frame_0025.png,1,snow mobile
./dataset/frames\snow mobile_frame_0026.png,1,snow mobile
./dataset/frames\snow mobile_frame_0027.png,1,snow mobile
./dataset/frames\snow mobile_frame_0028.png,1,snow mobile
./dataset/frames\snow mobile_frame_0029.png,1,snow mobile
./dataset/frames\snow mobile_frame_0030.png,1,snow mobile
./dataset/frames\snowboarder_frame_0000.png,1,snowboarder
./dataset/frames\snowboarder_frame_0001.png,1,snowboarder
./dataset/frames\snowboarder_frame_0002.png,1,snowboarder
./dataset/frames\snowboarder_frame_0003.png,1,snowboarder
./dataset/frames\snowboarder_frame_0004.png,1,snowboarder
./dataset/frames\snowboarder_frame_0005.png,1,snowboarder
./dataset/frames\snowboarder_frame_0006.png,1,snowboarder
./dataset/frames\snowboarder_frame_0007.png,1,snowboarder
./dataset/frames\snowboarder_frame_0008.png,1,snowboarder
./dataset/frames\snowboarder_frame_0009.png,1,snowboarder
./dataset/frames\snowboarder_frame_0010.png,1,snowboarder
./dataset/frames\snowboarder_frame_0011.png,1,snowboarder
./dataset/frames\snowboarder_frame_0012.png,1,snowboarder
./dataset/frames\snowboarder_frame_0013.png,1,snowboarder
./dataset/frames\snowboarder_frame_0014.png,1,snowboarder
./dataset/frames\snowboarder_frame_0015.png,1,snowboarder
./dataset/frames\snowboarder_frame_0016.png,1,snowboarder
./dataset/frames\snowboarder_frame_0017.png,1,snowboarder
./dataset/frames\snowboarder_frame_0018.png,1,snowboarder
./dataset/frames\snowboarder_frame_0019.png,1,snowboarder
./dataset/frames\snowboarder_frame_0020.png,1,snowboarder
./dataset/frames\snowboarder_frame_0021.png,1,snowboarder
./dataset/frames\snowboarder_frame_0022.png,1,snowboarder
./dataset/frames\snowboarder_frame_0023.png,1,snowboarder
./dataset/frames\snowboarder_frame_0024.png,1,snowboarder
./dataset/frames\snowboarder_frame_0025.png,1,snowboarder
./dataset/frames\snowboarder_frame_0026.png,1,snowboarder
./dataset/frames\snowboarder_frame_0027.png,1,snowboarder
./dataset/frames\snowboarder_frame_0028.png,1,snowboarder
./dataset/frames\snowboarder_frame_0029.png,1,snowboarder
./dataset/frames\snowboarder_frame_0030.png,1,snowboarder
./dataset/frames\spinning recorder_frame_0000.png,1,spinning recorder
./dataset/frames\spinning recorder_frame_0001.png,1,spinning recorder
./dataset/frames\spinning recorder_frame_0002.png,1,spinning recorder
./dataset/frames\spinning recorder_frame_0003.png,1,spinning recorder
./dataset/frames\spinning recorder_frame_0004.png,1,spinning recorder
./dataset/frames\spinning recorder_frame_0005.png,1,spinning recorder
./dataset/frames\spinning recorder_frame_0006.png,1,spinning recorder
./dataset/frames\spinning recorder_frame_0007.png,1,spinning recorder
./dataset/frames\spinning recorder_frame_0008.png,1,spinning recorder
./dataset/frames\spinning recorder_frame_0009.png,1,spinning recorder
./dataset/frames\spinning recorder_frame_0010.png,1,spinning recorder
./dataset/frames\spinning recorder_frame_0011.png,1,spinning recorder
./dataset/frames\spinning recorder_frame_0012.png,1,spinning recorder
./dataset/frames\spinning recorder_frame_0013.png,1,spinning recorder
./dataset/frames\spinning recorder_frame_0014.png,1,spinning recorder
./dataset/frames\spinning recorder_frame_0015.png,1,spinning recorder
./dataset/frames\steak sauce_frame_0000.png,1,steak sauce
./dataset/frames\steak sauce_frame_0001.png,1,steak sauce
./dataset/frames\steak sauce_frame_0002.png,1,steak sauce
./dataset/frames\steak sauce_frame_0003.png,1,steak sauce
./dataset/frames\steak sauce_frame_0004.png,1,steak sauce
./dataset/frames\steak sauce_frame_0005.png,1,steak sauce
./dataset/frames\steak sauce_frame_0006.png,1,steak sauce
./dataset/frames\steak sauce_frame_0007.png,1,steak sauce
./dataset/frames\steak sauce_frame_0008.png,1,steak sauce
./dataset/frames\steak sauce_frame_0009.png,1,steak sauce
./dataset/frames\steak sauce_frame_0010.png,1,steak sauce
./dataset/frames\supercar_frame_0000.png,1,supercar
./dataset/frames\supercar_frame_0001.png,1,supercar
./dataset/frames\supercar_frame_0002.png,1,supercar
./dataset/frames\supercar_frame_0003.png,1,supercar
./dataset/frames\supercar_frame_0004.png,1,supercar
./dataset/frames\supercar_frame_0005.png,1,supercar
./dataset/frames\supercar_frame_0006.png,1,supercar
./dataset/frames\supercar_frame_0007.png,1,supercar
./dataset/frames\supercar_frame_0008.png,1,supercar
./dataset/frames\supercar_frame_0009.png,1,supercar
./dataset/frames\supercar_frame_0010.png,1,supercar
./dataset/frames\supercar_frame_0011.png,1,supercar
./dataset/frames\supercar_frame_0012.png,1,supercar
./dataset/frames\supercar_frame_0013.png,1,supercar
./dataset/frames\supercar_frame_0014.png,1,supercar
./dataset/frames\supercar_frame_0015.png,1,supercar
./dataset/frames\supercar_frame_0016.png,1,supercar
./dataset/frames\supercar_frame_0017.png,1,supercar
./dataset/frames\supercar_frame_0018.png,1,supercar
./dataset/frames\supercar_frame_0019.png,1,supercar
./dataset/frames\supercar_frame_0020.png,1,supercar
./dataset/frames\SY-8xMGV5IEQ6MFa_frame_0000.png,1,SY-8xMGV5IEQ6MFa
./dataset/frames\SY-8xMGV5IEQ6MFa_frame_0001.png,1,SY-8xMGV5IEQ6MFa
./dataset/frames\SY-8xMGV5IEQ6MFa_frame_0002.png,1,SY-8xMGV5IEQ6MFa
./dataset/frames\SY-8xMGV5IEQ6MFa_frame_0003.png,1,SY-8xMGV5IEQ6MFa
./dataset/frames\SY-8xMGV5IEQ6MFa_frame_0004.png,1,SY-8xMGV5IEQ6MFa
./dataset/frames\SY-8xMGV5IEQ6MFa_frame_0005.png,1,SY-8xMGV5IEQ6MFa
./dataset/frames\SY-8xMGV5IEQ6MFa_frame_0006.png,1,SY-8xMGV5IEQ6MFa
./dataset/frames\SY-8xMGV5IEQ6MFa_frame_0007.png,1,SY-8xMGV5IEQ6MFa
./dataset/frames\SY-8xMGV5IEQ6MFa_frame_0008.png,1,SY-8xMGV5IEQ6MFa
./dataset/frames\SY-8xMGV5IEQ6MFa_frame_0009.png,1,SY-8xMGV5IEQ6MFa
./dataset/frames\SY-8xMGV5IEQ6MFa_frame_0010.png,1,SY-8xMGV5IEQ6MFa
./dataset/frames\SY-8xMGV5IEQ6MFa_frame_0011.png,1,SY-8xMGV5IEQ6MFa
./dataset/frames\SY-8xMGV5IEQ6MFa_frame_0012.png,1,SY-8xMGV5IEQ6MFa
./dataset/frames\SY-8xMGV5IEQ6MFa_frame_0013.png,1,SY-8xMGV5IEQ6MFa
./dataset/frames\SY-8xMGV5IEQ6MFa_frame_0014.png,1,SY-8xMGV5IEQ6MFa
./dataset/frames\SY-8xMGV5IEQ6MFa_frame_0015.png,1,SY-8xMGV5IEQ6MFa
./dataset/frames\SY-8xMGV5IEQ6MFa_frame_0016.png,1,SY-8xMGV5IEQ6MFa
./dataset/frames\SY-8xMGV5IEQ6MFa_frame_0017.png,1,SY-8xMGV5IEQ6MFa
./dataset/frames\SY-8xMGV5IEQ6MFa_frame_0018.png,1,SY-8xMGV5IEQ6MFa
./dataset/frames\SY-8xMGV5IEQ6MFa_frame_0019.png,1,SY-8xMGV5IEQ6MFa
./dataset/frames\SY-8xMGV5IEQ6MFa_frame_0020.png,1,SY-8xMGV5IEQ6MFa
./dataset/frames\SY-8xMGV5IEQ6MFa_frame_0021.png,1,SY-8xMGV5IEQ6MFa
./dataset/frames\SY-8xMGV5IEQ6MFa_frame_0022.png,1,SY-8xMGV5IEQ6MFa
./dataset/frames\SY-8xMGV5IEQ6MFa_frame_0023.png,1,SY-8xMGV5IEQ6MFa
./dataset/frames\SY-8xMGV5IEQ6MFa_frame_0024.png,1,SY-8xMGV5IEQ6MFa
./dataset/frames\SY-8xMGV5IEQ6MFa_frame_0025.png,1,SY-8xMGV5IEQ6MFa
./dataset/frames\SY-8xMGV5IEQ6MFa_frame_0026.png,1,SY-8xMGV5IEQ6MFa
./dataset/frames\SY-8xMGV5IEQ6MFa_frame_0027.png,1,SY-8xMGV5IEQ6MFa
./dataset/frames\SY-8xMGV5IEQ6MFa_frame_0028.png,1,SY-8xMGV5IEQ6MFa
./dataset/frames\SY-8xMGV5IEQ6MFa_frame_0029.png,1,SY-8xMGV5IEQ6MFa
./dataset/frames\SY-8xMGV5IEQ6MFa_frame_0030.png,1,SY-8xMGV5IEQ6MFa
./dataset/frames\time stop_frame_0000.png,1,time stop
./dataset/frames\time stop_frame_0001.png,1,time stop
./dataset/frames\time stop_frame_0002.png,1,time stop
./dataset/frames\time stop_frame_0003.png,1,time stop
./dataset/frames\time stop_frame_0004.png,1,time stop
./dataset/frames\time stop_frame_0005.png,1,time stop
./dataset/frames\time stop_frame_0006.png,1,time stop
./dataset/frames\time stop_frame_0007.png,1,time stop
./dataset/frames\time stop_frame_0008.png,1,time stop
./dataset/frames\time stop_frame_0009.png,1,time stop
./dataset/frames\time stop_frame_0010.png,1,time stop
./dataset/frames\time stop_frame_0011.png,1,time stop
./dataset/frames\time stop_frame_0012.png,1,time stop
./dataset/frames\time stop_frame_0013.png,1,time stop
./dataset/frames\time stop_frame_0014.png,1,time stop
./dataset/frames\time stop_frame_0015.png,1,time stop
./dataset/frames\time stop_frame_0016.png,1,time stop
./dataset/frames\time stop_frame_0017.png,1,time stop
./dataset/frames\time stop_frame_0018.png,1,time stop
./dataset/frames\time stop_frame_0019.png,1,time stop
./dataset/frames\time stop_frame_0020.png,1,time stop
./dataset/frames\time stop_frame_0021.png,1,time stop
./dataset/frames\time stop_frame_0022.png,1,time stop
./dataset/frames\time stop_frame_0023.png,1,time stop
./dataset/frames\time stop_frame_0024.png,1,time stop
./dataset/frames\time stop_frame_0025.png,1,time stop
./dataset/frames\time stop_frame_0026.png,1,time stop
./dataset/frames\time stop_frame_0027.png,1,time stop
./dataset/frames\time stop_frame_0028.png,1,time stop
./dataset/frames\time stop_frame_0029.png,1,time stop
./dataset/frames\time stop_frame_0030.png,1,time stop
./dataset/frames\tom cruise_frame_0000.png,1,tom cruise
./dataset/frames\tom cruise_frame_0001.png,1,tom cruise
./dataset/frames\tom cruise_frame_0002.png,1,tom cruise
./dataset/frames\tom cruise_frame_0003.png,1,tom cruise
./dataset/frames\tom cruise_frame_0004.png,1,tom cruise
./dataset/frames\tom cruise_frame_0005.png,1,tom cruise
./dataset/frames\tom cruise_frame_0006.png,1,tom cruise
./dataset/frames\tom cruise_frame_0007.png,1,tom cruise
./dataset/frames\tom cruise_frame_0008.png,1,tom cruise
./dataset/frames\tom cruise_frame_0009.png,1,tom cruise
./dataset/frames\tom cruise_frame_0010.png,1,tom cruise
./dataset/frames\tom cruise_frame_0011.png,1,tom cruise
./dataset/frames\tom cruise_frame_0012.png,1,tom cruise
./dataset/frames\tom cruise_frame_0013.png,1,tom cruise
./dataset/frames\tom cruise_frame_0014.png,1,tom cruise
./dataset/frames\tom cruise_frame_0015.png,1,tom cruise
./dataset/frames\tom cruise_frame_0016.png,1,tom cruise
./dataset/frames\tom cruise_frame_0017.png,1,tom cruise
./dataset/frames\tom cruise_frame_0018.png,1,tom cruise
./dataset/frames\tom cruise_frame_0019.png,1,tom cruise
./dataset/frames\tom cruise_frame_0020.png,1,tom cruise
./dataset/frames\tom cruise_frame_0021.png,1,tom cruise
./dataset/frames\truck driving_frame_0000.png,1,truck driving
./dataset/frames\truck driving_frame_0001.png,1,truck driving
./dataset/frames\truck driving_frame_0002.png,1,truck driving
./dataset/frames\truck driving_frame_0003.png,1,truck driving
./dataset/frames\truck driving_frame_0004.png,1,truck driving
./dataset/frames\truck driving_frame_0005.png,1,truck driving
./dataset/frames\truck driving_frame_0006.png,1,truck driving
./dataset/frames\truck driving_frame_0007.png,1,truck driving
./dataset/frames\truck driving_frame_0008.png,1,truck driving
./dataset/frames\truck driving_frame_0009.png,1,truck driving
./dataset/frames\truck driving_frame_0010.png,1,truck driving
./dataset/frames\truck driving_frame_0011.png,1,truck driving
./dataset/frames\truck driving_frame_0012.png,1,truck driving
./dataset/frames\typewriter_frame_0000.png,1,typewriter
./dataset/frames\typewriter_frame_0001.png,1,typewriter
./dataset/frames\typewriter_frame_0002.png,1,typewriter
./dataset/frames\typewriter_frame_0003.png,1,typewriter
./dataset/frames\typewriter_frame_0004.png,1,typewriter
./dataset/frames\typewriter_frame_0005.png,1,typewriter
./dataset/frames\typewriter_frame_0006.png,1,typewriter
./dataset/frames\typewriter_frame_0007.png,1,typewriter
./dataset/frames\typewriter_frame_0008.png,1,typewriter
./dataset/frames\typewriter_frame_0009.png,1,typewriter
./dataset/frames\typewriter_frame_0010.png,1,typewriter
./dataset/frames\typewriter_frame_0011.png,1,typewriter
./dataset/frames\typewriter_frame_0012.png,1,typewriter
./dataset/frames\typewriter_frame_0013.png,1,typewriter
./dataset/frames\typewriter_frame_0014.png,1,typewriter
./dataset/frames\underwater ship_frame_0000.png,1,underwater ship
./dataset/frames\underwater ship_frame_0001.png,1,underwater ship
./dataset/frames\underwater ship_frame_0002.png,1,underwater ship
./dataset/frames\underwater ship_frame_0003.png,1,underwater ship
./dataset/frames\underwater ship_frame_0004.png,1,underwater ship
./dataset/frames\underwater ship_frame_0005.png,1,underwater ship
./dataset/frames\underwater ship_frame_0006.png,1,underwater ship
./dataset/frames\underwater ship_frame_0007.png,1,underwater ship
./dataset/frames\underwater ship_frame_0008.png,1,underwater ship
./dataset/frames\underwater ship_frame_0009.png,1,underwater ship
./dataset/frames\underwater ship_frame_0010.png,1,underwater ship
./dataset/frames\underwater ship_frame_0011.png,1,underwater ship
./dataset/frames\underwater ship_frame_0012.png,1,underwater ship
./dataset/frames\underwater ship_frame_0013.png,1,underwater ship
./dataset/frames\underwater ship_frame_0014.png,1,underwater ship
./dataset/frames\underwater ship_frame_0015.png,1,underwater ship
./dataset/frames\UR0Y_BupFTh3fKp__frame_0000.png,1,UR0Y_BupFTh3fKp_
./dataset/frames\UR0Y_BupFTh3fKp__frame_0001.png,1,UR0Y_BupFTh3fKp_
./dataset/frames\UR0Y_BupFTh3fKp__frame_0002.png,1,UR0Y_BupFTh3fKp_
./dataset/frames\UR0Y_BupFTh3fKp__frame_0003.png,1,UR0Y_BupFTh3fKp_
./dataset/frames\UR0Y_BupFTh3fKp__frame_0004.png,1,UR0Y_BupFTh3fKp_
./dataset/frames\UR0Y_BupFTh3fKp__frame_0005.png,1,UR0Y_BupFTh3fKp_
./dataset/frames\UR0Y_BupFTh3fKp__frame_0006.png,1,UR0Y_BupFTh3fKp_
./dataset/frames\UR0Y_BupFTh3fKp__frame_0007.png,1,UR0Y_BupFTh3fKp_
./dataset/frames\UR0Y_BupFTh3fKp__frame_0008.png,1,UR0Y_BupFTh3fKp_
./dataset/frames\UR0Y_BupFTh3fKp__frame_0009.png,1,UR0Y_BupFTh3fKp_
./dataset/frames\UR0Y_BupFTh3fKp__frame_0010.png,1,UR0Y_BupFTh3fKp_
./dataset/frames\UR0Y_BupFTh3fKp__frame_0011.png,1,UR0Y_BupFTh3fKp_
./dataset/frames\UR0Y_BupFTh3fKp__frame_0012.png,1,UR0Y_BupFTh3fKp_
./dataset/frames\UR0Y_BupFTh3fKp__frame_0013.png,1,UR0Y_BupFTh3fKp_
./dataset/frames\UR0Y_BupFTh3fKp__frame_0014.png,1,UR0Y_BupFTh3fKp_
./dataset/frames\X0KNf56DDNjCPOh6_frame_0000.png,1,X0KNf56DDNjCPOh6
./dataset/frames\X0KNf56DDNjCPOh6_frame_0001.png,1,X0KNf56DDNjCPOh6
./dataset/frames\X0KNf56DDNjCPOh6_frame_0002.png,1,X0KNf56DDNjCPOh6
./dataset/frames\X0KNf56DDNjCPOh6_frame_0003.png,1,X0KNf56DDNjCPOh6
./dataset/frames\X0KNf56DDNjCPOh6_frame_0004.png,1,X0KNf56DDNjCPOh6
./dataset/frames\X0KNf56DDNjCPOh6_frame_0005.png,1,X0KNf56DDNjCPOh6
./dataset/frames\X0KNf56DDNjCPOh6_frame_0006.png,1,X0KNf56DDNjCPOh6
./dataset/frames\X0KNf56DDNjCPOh6_frame_0007.png,1,X0KNf56DDNjCPOh6
./dataset/frames\X0KNf56DDNjCPOh6_frame_0008.png,1,X0KNf56DDNjCPOh6
./dataset/frames\X0KNf56DDNjCPOh6_frame_0009.png,1,X0KNf56DDNjCPOh6
./dataset/frames\X0KNf56DDNjCPOh6_frame_0010.png,1,X0KNf56DDNjCPOh6
./dataset/frames\X0KNf56DDNjCPOh6_frame_0011.png,1,X0KNf56DDNjCPOh6
./dataset/frames\X0KNf56DDNjCPOh6_frame_0012.png,1,X0KNf56DDNjCPOh6
./dataset/frames\X0KNf56DDNjCPOh6_frame_0013.png,1,X0KNf56DDNjCPOh6
./dataset/frames\X0KNf56DDNjCPOh6_frame_0014.png,1,X0KNf56DDNjCPOh6
./dataset/frames\X0KNf56DDNjCPOh6_frame_0015.png,1,X0KNf56DDNjCPOh6
./dataset/frames\X0KNf56DDNjCPOh6_frame_0016.png,1,X0KNf56DDNjCPOh6
./dataset/frames\X0KNf56DDNjCPOh6_frame_0017.png,1,X0KNf56DDNjCPOh6
./dataset/frames\X0KNf56DDNjCPOh6_frame_0018.png,1,X0KNf56DDNjCPOh6
./dataset/frames\X0KNf56DDNjCPOh6_frame_0019.png,1,X0KNf56DDNjCPOh6
./dataset/frames\X0KNf56DDNjCPOh6_frame_0020.png,1,X0KNf56DDNjCPOh6
./dataset/frames\X0KNf56DDNjCPOh6_frame_0021.png,1,X0KNf56DDNjCPOh6
./dataset/frames\X0KNf56DDNjCPOh6_frame_0022.png,1,X0KNf56DDNjCPOh6
./dataset/frames\X0KNf56DDNjCPOh6_frame_0023.png,1,X0KNf56DDNjCPOh6
./dataset/frames\X0KNf56DDNjCPOh6_frame_0024.png,1,X0KNf56DDNjCPOh6
./dataset/frames\X0KNf56DDNjCPOh6_frame_0025.png,1,X0KNf56DDNjCPOh6
./dataset/frames\X0KNf56DDNjCPOh6_frame_0026.png,1,X0KNf56DDNjCPOh6
./dataset/frames\X0KNf56DDNjCPOh6_frame_0027.png,1,X0KNf56DDNjCPOh6
./dataset/frames\X0KNf56DDNjCPOh6_frame_0028.png,1,X0KNf56DDNjCPOh6
./dataset/frames\X0KNf56DDNjCPOh6_frame_0029.png,1,X0KNf56DDNjCPOh6
./dataset/frames\X0KNf56DDNjCPOh6_frame_0030.png,1,X0KNf56DDNjCPOh6
./dataset/frames\Yg2-biden_frame_0000.png,1,Yg2-biden
./dataset/frames\Yg2-biden_frame_0001.png,1,Yg2-biden
./dataset/frames\Yg2-biden_frame_0002.png,1,Yg2-biden
./dataset/frames\Yg2-biden_frame_0003.png,1,Yg2-biden
./dataset/frames\Yg2-biden_frame_0004.png,1,Yg2-biden
./dataset/frames\Yg2-biden_frame_0005.png,1,Yg2-biden
./dataset/frames\Yg2-biden_frame_0006.png,1,Yg2-biden
./dataset/frames\Yg2-biden_frame_0007.png,1,Yg2-biden
./dataset/frames\Yg2-biden_frame_0008.png,1,Yg2-biden
./dataset/frames\Yg2-biden_frame_0009.png,1,Yg2-biden
./dataset/frames\Yg2-biden_frame_0010.png,1,Yg2-biden
./dataset/frames\Yg2-biden_frame_0011.png,1,Yg2-biden
./dataset/frames\Yg2-biden_frame_0012.png,1,Yg2-biden
./dataset/frames\Yg2-biden_frame_0013.png,1,Yg2-biden
./dataset/frames\Yg2-biden_frame_0014.png,1,Yg2-biden
./dataset/frames\Yg2-biden_frame_0015.png,1,Yg2-biden
./dataset/frames\Yg2-biden_frame_0016.png,1,Yg2-biden
./dataset/frames\Yg2-biden_frame_0017.png,1,Yg2-biden
./dataset/frames\Yg2-biden_frame_0018.png,1,Yg2-biden
./dataset/frames\Yg2-biden_frame_0019.png,1,Yg2-biden
./dataset/frames\Yg2-biden_frame_0020.png,1,Yg2-biden
./dataset/frames\Yg2-biden_frame_0021.png,1,Yg2-biden
./dataset/frames\Yg2-biden_frame_0022.png,1,Yg2-biden
