tensor_path,label,video_id
./dataset/tensors\12322799_1920_1080_60fps_frame_00000.pt,0,12322799_1920_1080_60fps
./dataset/tensors\12322799_1920_1080_60fps_frame_00001.pt,0,12322799_1920_1080_60fps
./dataset/tensors\12322799_1920_1080_60fps_frame_00002.pt,0,12322799_1920_1080_60fps
./dataset/tensors\12322799_1920_1080_60fps_frame_00003.pt,0,12322799_1920_1080_60fps
./dataset/tensors\12322799_1920_1080_60fps_frame_00004.pt,0,12322799_1920_1080_60fps
./dataset/tensors\12322799_1920_1080_60fps_frame_00005.pt,0,12322799_1920_1080_60fps
./dataset/tensors\12322799_1920_1080_60fps_frame_00006.pt,0,12322799_1920_1080_60fps
./dataset/tensors\12322799_1920_1080_60fps_frame_00007.pt,0,12322799_1920_1080_60fps
./dataset/tensors\12322799_1920_1080_60fps_frame_00008.pt,0,12322799_1920_1080_60fps
./dataset/tensors\12322799_1920_1080_60fps_frame_00009.pt,0,12322799_1920_1080_60fps
./dataset/tensors\12322799_1920_1080_60fps_frame_00010.pt,0,12322799_1920_1080_60fps
./dataset/tensors\12322799_1920_1080_60fps_frame_00011.pt,0,12322799_1920_1080_60fps
./dataset/tensors\12322799_1920_1080_60fps_frame_00012.pt,0,12322799_1920_1080_60fps
./dataset/tensors\12322799_1920_1080_60fps_frame_00013.pt,0,12322799_1920_1080_60fps
./dataset/tensors\12322799_1920_1080_60fps_frame_00014.pt,0,12322799_1920_1080_60fps
./dataset/tensors\12322799_1920_1080_60fps_frame_00015.pt,0,12322799_1920_1080_60fps
./dataset/tensors\12322799_1920_1080_60fps_frame_00016.pt,0,12322799_1920_1080_60fps
./dataset/tensors\12322799_1920_1080_60fps_frame_00017.pt,0,12322799_1920_1080_60fps
./dataset/tensors\12322799_1920_1080_60fps_frame_00018.pt,0,12322799_1920_1080_60fps
./dataset/tensors\12322799_1920_1080_60fps_frame_00019.pt,0,12322799_1920_1080_60fps
./dataset/tensors\12322799_1920_1080_60fps_frame_00020.pt,0,12322799_1920_1080_60fps
./dataset/tensors\12322799_1920_1080_60fps_frame_00021.pt,0,12322799_1920_1080_60fps
./dataset/tensors\12322799_1920_1080_60fps_frame_00022.pt,0,12322799_1920_1080_60fps
./dataset/tensors\12322799_1920_1080_60fps_frame_00023.pt,0,12322799_1920_1080_60fps
./dataset/tensors\12322799_1920_1080_60fps_frame_00024.pt,0,12322799_1920_1080_60fps
./dataset/tensors\12322799_1920_1080_60fps_frame_00025.pt,0,12322799_1920_1080_60fps
./dataset/tensors\12322799_1920_1080_60fps_frame_00026.pt,0,12322799_1920_1080_60fps
./dataset/tensors\12322799_1920_1080_60fps_frame_00027.pt,0,12322799_1920_1080_60fps
./dataset/tensors\12322799_1920_1080_60fps_frame_00028.pt,0,12322799_1920_1080_60fps
./dataset/tensors\12322799_1920_1080_60fps_frame_00029.pt,0,12322799_1920_1080_60fps
./dataset/tensors\12322799_1920_1080_60fps_frame_00030.pt,0,12322799_1920_1080_60fps
./dataset/tensors\12322799_1920_1080_60fps_frame_00031.pt,0,12322799_1920_1080_60fps
./dataset/tensors\12322799_1920_1080_60fps_frame_00032.pt,0,12322799_1920_1080_60fps
./dataset/tensors\12322799_1920_1080_60fps_frame_00033.pt,0,12322799_1920_1080_60fps
./dataset/tensors\12322799_1920_1080_60fps_frame_00034.pt,0,12322799_1920_1080_60fps
./dataset/tensors\12322799_1920_1080_60fps_frame_00035.pt,0,12322799_1920_1080_60fps
./dataset/tensors\12322799_1920_1080_60fps_frame_00036.pt,0,12322799_1920_1080_60fps
./dataset/tensors\12322799_1920_1080_60fps_frame_00037.pt,0,12322799_1920_1080_60fps
./dataset/tensors\12322799_1920_1080_60fps_frame_00038.pt,0,12322799_1920_1080_60fps
./dataset/tensors\12322799_1920_1080_60fps_frame_00039.pt,0,12322799_1920_1080_60fps
./dataset/tensors\12322799_1920_1080_60fps_frame_00040.pt,0,12322799_1920_1080_60fps
./dataset/tensors\12322799_1920_1080_60fps_frame_00041.pt,0,12322799_1920_1080_60fps
./dataset/tensors\12322799_1920_1080_60fps_frame_00042.pt,0,12322799_1920_1080_60fps
./dataset/tensors\12322799_1920_1080_60fps_frame_00043.pt,0,12322799_1920_1080_60fps
./dataset/tensors\12322799_1920_1080_60fps_frame_00044.pt,0,12322799_1920_1080_60fps
./dataset/tensors\12322799_1920_1080_60fps_frame_00045.pt,0,12322799_1920_1080_60fps
./dataset/tensors\12322799_1920_1080_60fps_frame_00046.pt,0,12322799_1920_1080_60fps
./dataset/tensors\12322799_1920_1080_60fps_frame_00047.pt,0,12322799_1920_1080_60fps
./dataset/tensors\12322799_1920_1080_60fps_frame_00048.pt,0,12322799_1920_1080_60fps
./dataset/tensors\12322799_1920_1080_60fps_frame_00049.pt,0,12322799_1920_1080_60fps
./dataset/tensors\12596188_3840_2160_60fps_frame_00050.pt,0,12596188_3840_2160_60fps
./dataset/tensors\12596188_3840_2160_60fps_frame_00051.pt,0,12596188_3840_2160_60fps
./dataset/tensors\12596188_3840_2160_60fps_frame_00052.pt,0,12596188_3840_2160_60fps
./dataset/tensors\12596188_3840_2160_60fps_frame_00053.pt,0,12596188_3840_2160_60fps
./dataset/tensors\12596188_3840_2160_60fps_frame_00054.pt,0,12596188_3840_2160_60fps
./dataset/tensors\12596188_3840_2160_60fps_frame_00055.pt,0,12596188_3840_2160_60fps
./dataset/tensors\12596188_3840_2160_60fps_frame_00056.pt,0,12596188_3840_2160_60fps
./dataset/tensors\12596188_3840_2160_60fps_frame_00057.pt,0,12596188_3840_2160_60fps
./dataset/tensors\12596188_3840_2160_60fps_frame_00058.pt,0,12596188_3840_2160_60fps
./dataset/tensors\12596188_3840_2160_60fps_frame_00059.pt,0,12596188_3840_2160_60fps
./dataset/tensors\12596188_3840_2160_60fps_frame_00060.pt,0,12596188_3840_2160_60fps
./dataset/tensors\12596188_3840_2160_60fps_frame_00061.pt,0,12596188_3840_2160_60fps
./dataset/tensors\12596188_3840_2160_60fps_frame_00062.pt,0,12596188_3840_2160_60fps
./dataset/tensors\12596188_3840_2160_60fps_frame_00063.pt,0,12596188_3840_2160_60fps
./dataset/tensors\12596188_3840_2160_60fps_frame_00064.pt,0,12596188_3840_2160_60fps
./dataset/tensors\12596188_3840_2160_60fps_frame_00065.pt,0,12596188_3840_2160_60fps
./dataset/tensors\12596188_3840_2160_60fps_frame_00066.pt,0,12596188_3840_2160_60fps
./dataset/tensors\12596188_3840_2160_60fps_frame_00067.pt,0,12596188_3840_2160_60fps
./dataset/tensors\12596188_3840_2160_60fps_frame_00068.pt,0,12596188_3840_2160_60fps
./dataset/tensors\12596188_3840_2160_60fps_frame_00069.pt,0,12596188_3840_2160_60fps
./dataset/tensors\12596188_3840_2160_60fps_frame_00070.pt,0,12596188_3840_2160_60fps
./dataset/tensors\12596188_3840_2160_60fps_frame_00071.pt,0,12596188_3840_2160_60fps
./dataset/tensors\12596188_3840_2160_60fps_frame_00072.pt,0,12596188_3840_2160_60fps
./dataset/tensors\12596188_3840_2160_60fps_frame_00073.pt,0,12596188_3840_2160_60fps
./dataset/tensors\12596188_3840_2160_60fps_frame_00074.pt,0,12596188_3840_2160_60fps
./dataset/tensors\12596188_3840_2160_60fps_frame_00075.pt,0,12596188_3840_2160_60fps
./dataset/tensors\12596188_3840_2160_60fps_frame_00076.pt,0,12596188_3840_2160_60fps
./dataset/tensors\12596188_3840_2160_60fps_frame_00077.pt,0,12596188_3840_2160_60fps
./dataset/tensors\12596188_3840_2160_60fps_frame_00078.pt,0,12596188_3840_2160_60fps
./dataset/tensors\12596188_3840_2160_60fps_frame_00079.pt,0,12596188_3840_2160_60fps
./dataset/tensors\12940828_3840_2160_30fps_frame_00080.pt,0,12940828_3840_2160_30fps
./dataset/tensors\12940828_3840_2160_30fps_frame_00081.pt,0,12940828_3840_2160_30fps
./dataset/tensors\12940828_3840_2160_30fps_frame_00082.pt,0,12940828_3840_2160_30fps
./dataset/tensors\12940828_3840_2160_30fps_frame_00083.pt,0,12940828_3840_2160_30fps
./dataset/tensors\12940828_3840_2160_30fps_frame_00084.pt,0,12940828_3840_2160_30fps
./dataset/tensors\12940828_3840_2160_30fps_frame_00085.pt,0,12940828_3840_2160_30fps
./dataset/tensors\12940828_3840_2160_30fps_frame_00086.pt,0,12940828_3840_2160_30fps
./dataset/tensors\12940828_3840_2160_30fps_frame_00087.pt,0,12940828_3840_2160_30fps
./dataset/tensors\12940828_3840_2160_30fps_frame_00088.pt,0,12940828_3840_2160_30fps
./dataset/tensors\12940828_3840_2160_30fps_frame_00089.pt,0,12940828_3840_2160_30fps
./dataset/tensors\12940828_3840_2160_30fps_frame_00090.pt,0,12940828_3840_2160_30fps
./dataset/tensors\12940828_3840_2160_30fps_frame_00091.pt,0,12940828_3840_2160_30fps
./dataset/tensors\12940828_3840_2160_30fps_frame_00092.pt,0,12940828_3840_2160_30fps
./dataset/tensors\12940828_3840_2160_30fps_frame_00093.pt,0,12940828_3840_2160_30fps
./dataset/tensors\12940828_3840_2160_30fps_frame_00094.pt,0,12940828_3840_2160_30fps
./dataset/tensors\12940828_3840_2160_30fps_frame_00095.pt,0,12940828_3840_2160_30fps
./dataset/tensors\12940828_3840_2160_30fps_frame_00096.pt,0,12940828_3840_2160_30fps
./dataset/tensors\12940828_3840_2160_30fps_frame_00097.pt,0,12940828_3840_2160_30fps
./dataset/tensors\12940828_3840_2160_30fps_frame_00098.pt,0,12940828_3840_2160_30fps
./dataset/tensors\12940828_3840_2160_30fps_frame_00099.pt,0,12940828_3840_2160_30fps
./dataset/tensors\12940828_3840_2160_30fps_frame_00100.pt,0,12940828_3840_2160_30fps
./dataset/tensors\12940828_3840_2160_30fps_frame_00101.pt,0,12940828_3840_2160_30fps
./dataset/tensors\12940828_3840_2160_30fps_frame_00102.pt,0,12940828_3840_2160_30fps
./dataset/tensors\12940828_3840_2160_30fps_frame_00103.pt,0,12940828_3840_2160_30fps
./dataset/tensors\12940828_3840_2160_30fps_frame_00104.pt,0,12940828_3840_2160_30fps
./dataset/tensors\12940828_3840_2160_30fps_frame_00105.pt,0,12940828_3840_2160_30fps
./dataset/tensors\12940828_3840_2160_30fps_frame_00106.pt,0,12940828_3840_2160_30fps
./dataset/tensors\12940828_3840_2160_30fps_frame_00107.pt,0,12940828_3840_2160_30fps
./dataset/tensors\12986236-hd_1080_1920_30fps_frame_00108.pt,0,12986236-hd_1080_1920_30fps
./dataset/tensors\12986236-hd_1080_1920_30fps_frame_00109.pt,0,12986236-hd_1080_1920_30fps
./dataset/tensors\12986236-hd_1080_1920_30fps_frame_00110.pt,0,12986236-hd_1080_1920_30fps
./dataset/tensors\12986236-hd_1080_1920_30fps_frame_00111.pt,0,12986236-hd_1080_1920_30fps
./dataset/tensors\12986236-hd_1080_1920_30fps_frame_00112.pt,0,12986236-hd_1080_1920_30fps
./dataset/tensors\12986236-hd_1080_1920_30fps_frame_00113.pt,0,12986236-hd_1080_1920_30fps
./dataset/tensors\12986236-hd_1080_1920_30fps_frame_00114.pt,0,12986236-hd_1080_1920_30fps
./dataset/tensors\12986236-hd_1080_1920_30fps_frame_00115.pt,0,12986236-hd_1080_1920_30fps
./dataset/tensors\12986236-hd_1080_1920_30fps_frame_00116.pt,0,12986236-hd_1080_1920_30fps
./dataset/tensors\12986236-hd_1080_1920_30fps_frame_00117.pt,0,12986236-hd_1080_1920_30fps
./dataset/tensors\12986236-hd_1080_1920_30fps_frame_00118.pt,0,12986236-hd_1080_1920_30fps
./dataset/tensors\12986236-hd_1080_1920_30fps_frame_00119.pt,0,12986236-hd_1080_1920_30fps
./dataset/tensors\12986236-hd_1080_1920_30fps_frame_00120.pt,0,12986236-hd_1080_1920_30fps
./dataset/tensors\12986236-hd_1080_1920_30fps_frame_00121.pt,0,12986236-hd_1080_1920_30fps
./dataset/tensors\12986236-hd_1080_1920_30fps_frame_00122.pt,0,12986236-hd_1080_1920_30fps
./dataset/tensors\12986236-hd_1080_1920_30fps_frame_00123.pt,0,12986236-hd_1080_1920_30fps
./dataset/tensors\12986236-hd_1080_1920_30fps_frame_00124.pt,0,12986236-hd_1080_1920_30fps
./dataset/tensors\12986236-hd_1080_1920_30fps_frame_00125.pt,0,12986236-hd_1080_1920_30fps
./dataset/tensors\12986236-hd_1080_1920_30fps_frame_00126.pt,0,12986236-hd_1080_1920_30fps
./dataset/tensors\12986236-hd_1080_1920_30fps_frame_00127.pt,0,12986236-hd_1080_1920_30fps
./dataset/tensors\12986236-hd_1080_1920_30fps_frame_00128.pt,0,12986236-hd_1080_1920_30fps
./dataset/tensors\12986236-hd_1080_1920_30fps_frame_00129.pt,0,12986236-hd_1080_1920_30fps
./dataset/tensors\12986236-hd_1080_1920_30fps_frame_00130.pt,0,12986236-hd_1080_1920_30fps
./dataset/tensors\12986236-hd_1080_1920_30fps_frame_00131.pt,0,12986236-hd_1080_1920_30fps
./dataset/tensors\12986236-hd_1080_1920_30fps_frame_00132.pt,0,12986236-hd_1080_1920_30fps
./dataset/tensors\12986236-hd_1080_1920_30fps_frame_00133.pt,0,12986236-hd_1080_1920_30fps
./dataset/tensors\12986236-hd_1080_1920_30fps_frame_00134.pt,0,12986236-hd_1080_1920_30fps
./dataset/tensors\12986236-hd_1080_1920_30fps_frame_00135.pt,0,12986236-hd_1080_1920_30fps
./dataset/tensors\12986236-hd_1080_1920_30fps_frame_00136.pt,0,12986236-hd_1080_1920_30fps
./dataset/tensors\12986236-hd_1080_1920_30fps_frame_00137.pt,0,12986236-hd_1080_1920_30fps
./dataset/tensors\12986236-hd_1080_1920_30fps_frame_00138.pt,0,12986236-hd_1080_1920_30fps
./dataset/tensors\12986236-hd_1080_1920_30fps_frame_00139.pt,0,12986236-hd_1080_1920_30fps
./dataset/tensors\13446869_1080_1920_60fps_frame_00140.pt,0,13446869_1080_1920_60fps
./dataset/tensors\13446869_1080_1920_60fps_frame_00141.pt,0,13446869_1080_1920_60fps
./dataset/tensors\13446869_1080_1920_60fps_frame_00142.pt,0,13446869_1080_1920_60fps
./dataset/tensors\13446869_1080_1920_60fps_frame_00143.pt,0,13446869_1080_1920_60fps
./dataset/tensors\13446869_1080_1920_60fps_frame_00144.pt,0,13446869_1080_1920_60fps
./dataset/tensors\13446869_1080_1920_60fps_frame_00145.pt,0,13446869_1080_1920_60fps
./dataset/tensors\13446869_1080_1920_60fps_frame_00146.pt,0,13446869_1080_1920_60fps
./dataset/tensors\13446869_1080_1920_60fps_frame_00147.pt,0,13446869_1080_1920_60fps
./dataset/tensors\13446869_1080_1920_60fps_frame_00148.pt,0,13446869_1080_1920_60fps
./dataset/tensors\13446869_1080_1920_60fps_frame_00149.pt,0,13446869_1080_1920_60fps
./dataset/tensors\13446869_1080_1920_60fps_frame_00150.pt,0,13446869_1080_1920_60fps
./dataset/tensors\13446869_1080_1920_60fps_frame_00151.pt,0,13446869_1080_1920_60fps
./dataset/tensors\13446869_1080_1920_60fps_frame_00152.pt,0,13446869_1080_1920_60fps
./dataset/tensors\13446869_1080_1920_60fps_frame_00153.pt,0,13446869_1080_1920_60fps
./dataset/tensors\13446869_1080_1920_60fps_frame_00154.pt,0,13446869_1080_1920_60fps
./dataset/tensors\13446869_1080_1920_60fps_frame_00155.pt,0,13446869_1080_1920_60fps
./dataset/tensors\13446869_1080_1920_60fps_frame_00156.pt,0,13446869_1080_1920_60fps
./dataset/tensors\13446869_1080_1920_60fps_frame_00157.pt,0,13446869_1080_1920_60fps
./dataset/tensors\13446869_1080_1920_60fps_frame_00158.pt,0,13446869_1080_1920_60fps
./dataset/tensors\13446869_1080_1920_60fps_frame_00159.pt,0,13446869_1080_1920_60fps
./dataset/tensors\13446869_1080_1920_60fps_frame_00160.pt,0,13446869_1080_1920_60fps
./dataset/tensors\13446869_1080_1920_60fps_frame_00161.pt,0,13446869_1080_1920_60fps
./dataset/tensors\13446869_1080_1920_60fps_frame_00162.pt,0,13446869_1080_1920_60fps
./dataset/tensors\13446869_1080_1920_60fps_frame_00163.pt,0,13446869_1080_1920_60fps
./dataset/tensors\13446869_1080_1920_60fps_frame_00164.pt,0,13446869_1080_1920_60fps
./dataset/tensors\13446869_1080_1920_60fps_frame_00165.pt,0,13446869_1080_1920_60fps
./dataset/tensors\13446869_1080_1920_60fps_frame_00166.pt,0,13446869_1080_1920_60fps
./dataset/tensors\13446869_1080_1920_60fps_frame_00167.pt,0,13446869_1080_1920_60fps
./dataset/tensors\13446869_1080_1920_60fps_frame_00168.pt,0,13446869_1080_1920_60fps
./dataset/tensors\13446869_1080_1920_60fps_frame_00169.pt,0,13446869_1080_1920_60fps
./dataset/tensors\13446869_1080_1920_60fps_frame_00170.pt,0,13446869_1080_1920_60fps
./dataset/tensors\13446869_1080_1920_60fps_frame_00171.pt,0,13446869_1080_1920_60fps
./dataset/tensors\14590079_3840_2160_50fps_frame_00172.pt,0,14590079_3840_2160_50fps
./dataset/tensors\14590079_3840_2160_50fps_frame_00173.pt,0,14590079_3840_2160_50fps
./dataset/tensors\14590079_3840_2160_50fps_frame_00174.pt,0,14590079_3840_2160_50fps
./dataset/tensors\14590079_3840_2160_50fps_frame_00175.pt,0,14590079_3840_2160_50fps
./dataset/tensors\14590079_3840_2160_50fps_frame_00176.pt,0,14590079_3840_2160_50fps
./dataset/tensors\14590079_3840_2160_50fps_frame_00177.pt,0,14590079_3840_2160_50fps
./dataset/tensors\14590079_3840_2160_50fps_frame_00178.pt,0,14590079_3840_2160_50fps
./dataset/tensors\14590079_3840_2160_50fps_frame_00179.pt,0,14590079_3840_2160_50fps
./dataset/tensors\14590079_3840_2160_50fps_frame_00180.pt,0,14590079_3840_2160_50fps
./dataset/tensors\14590079_3840_2160_50fps_frame_00181.pt,0,14590079_3840_2160_50fps
./dataset/tensors\14590079_3840_2160_50fps_frame_00182.pt,0,14590079_3840_2160_50fps
./dataset/tensors\14667614_3840_2160_30fps_frame_00183.pt,0,14667614_3840_2160_30fps
./dataset/tensors\14667614_3840_2160_30fps_frame_00184.pt,0,14667614_3840_2160_30fps
./dataset/tensors\14667614_3840_2160_30fps_frame_00185.pt,0,14667614_3840_2160_30fps
./dataset/tensors\14667614_3840_2160_30fps_frame_00186.pt,0,14667614_3840_2160_30fps
./dataset/tensors\14667614_3840_2160_30fps_frame_00187.pt,0,14667614_3840_2160_30fps
./dataset/tensors\14667614_3840_2160_30fps_frame_00188.pt,0,14667614_3840_2160_30fps
./dataset/tensors\14667614_3840_2160_30fps_frame_00189.pt,0,14667614_3840_2160_30fps
./dataset/tensors\14667614_3840_2160_30fps_frame_00190.pt,0,14667614_3840_2160_30fps
./dataset/tensors\14667614_3840_2160_30fps_frame_00191.pt,0,14667614_3840_2160_30fps
./dataset/tensors\14667614_3840_2160_30fps_frame_00192.pt,0,14667614_3840_2160_30fps
./dataset/tensors\14667614_3840_2160_30fps_frame_00193.pt,0,14667614_3840_2160_30fps
./dataset/tensors\14667614_3840_2160_30fps_frame_00194.pt,0,14667614_3840_2160_30fps
./dataset/tensors\15020038_1080_1920_30fps_frame_00195.pt,0,15020038_1080_1920_30fps
./dataset/tensors\15020038_1080_1920_30fps_frame_00196.pt,0,15020038_1080_1920_30fps
./dataset/tensors\15020038_1080_1920_30fps_frame_00197.pt,0,15020038_1080_1920_30fps
./dataset/tensors\15020038_1080_1920_30fps_frame_00198.pt,0,15020038_1080_1920_30fps
./dataset/tensors\15020038_1080_1920_30fps_frame_00199.pt,0,15020038_1080_1920_30fps
./dataset/tensors\15020038_1080_1920_30fps_frame_00200.pt,0,15020038_1080_1920_30fps
./dataset/tensors\15020038_1080_1920_30fps_frame_00201.pt,0,15020038_1080_1920_30fps
./dataset/tensors\15020038_1080_1920_30fps_frame_00202.pt,0,15020038_1080_1920_30fps
./dataset/tensors\15020038_1080_1920_30fps_frame_00203.pt,0,15020038_1080_1920_30fps
./dataset/tensors\15020038_1080_1920_30fps_frame_00204.pt,0,15020038_1080_1920_30fps
./dataset/tensors\15020038_1080_1920_30fps_frame_00205.pt,0,15020038_1080_1920_30fps
./dataset/tensors\15020038_1080_1920_30fps_frame_00206.pt,0,15020038_1080_1920_30fps
./dataset/tensors\15020038_1080_1920_30fps_frame_00207.pt,0,15020038_1080_1920_30fps
./dataset/tensors\15020038_1080_1920_30fps_frame_00208.pt,0,15020038_1080_1920_30fps
./dataset/tensors\15020038_1080_1920_30fps_frame_00209.pt,0,15020038_1080_1920_30fps
./dataset/tensors\15020038_1080_1920_30fps_frame_00210.pt,0,15020038_1080_1920_30fps
./dataset/tensors\15020038_1080_1920_30fps_frame_00211.pt,0,15020038_1080_1920_30fps
./dataset/tensors\15020038_1080_1920_30fps_frame_00212.pt,0,15020038_1080_1920_30fps
./dataset/tensors\15020038_1080_1920_30fps_frame_00213.pt,0,15020038_1080_1920_30fps
./dataset/tensors\15020038_1080_1920_30fps_frame_00214.pt,0,15020038_1080_1920_30fps
./dataset/tensors\15073904_3840_2160_24fps_frame_00215.pt,0,15073904_3840_2160_24fps
./dataset/tensors\15073904_3840_2160_24fps_frame_00216.pt,0,15073904_3840_2160_24fps
./dataset/tensors\15073904_3840_2160_24fps_frame_00217.pt,0,15073904_3840_2160_24fps
./dataset/tensors\15073904_3840_2160_24fps_frame_00218.pt,0,15073904_3840_2160_24fps
./dataset/tensors\15073904_3840_2160_24fps_frame_00219.pt,0,15073904_3840_2160_24fps
./dataset/tensors\15073904_3840_2160_24fps_frame_00220.pt,0,15073904_3840_2160_24fps
./dataset/tensors\15073904_3840_2160_24fps_frame_00221.pt,0,15073904_3840_2160_24fps
./dataset/tensors\15073904_3840_2160_24fps_frame_00222.pt,0,15073904_3840_2160_24fps
./dataset/tensors\15073904_3840_2160_24fps_frame_00223.pt,0,15073904_3840_2160_24fps
./dataset/tensors\15073904_3840_2160_24fps_frame_00224.pt,0,15073904_3840_2160_24fps
./dataset/tensors\15073904_3840_2160_24fps_frame_00225.pt,0,15073904_3840_2160_24fps
./dataset/tensors\15073904_3840_2160_24fps_frame_00226.pt,0,15073904_3840_2160_24fps
./dataset/tensors\15073904_3840_2160_24fps_frame_00227.pt,0,15073904_3840_2160_24fps
./dataset/tensors\15073904_3840_2160_24fps_frame_00228.pt,0,15073904_3840_2160_24fps
./dataset/tensors\15073904_3840_2160_24fps_frame_00229.pt,0,15073904_3840_2160_24fps
./dataset/tensors\15073904_3840_2160_24fps_frame_00230.pt,0,15073904_3840_2160_24fps
./dataset/tensors\15073904_3840_2160_24fps_frame_00231.pt,0,15073904_3840_2160_24fps
./dataset/tensors\15208635_1920_1080_30fps_frame_00232.pt,0,15208635_1920_1080_30fps
./dataset/tensors\15208635_1920_1080_30fps_frame_00233.pt,0,15208635_1920_1080_30fps
./dataset/tensors\15208635_1920_1080_30fps_frame_00234.pt,0,15208635_1920_1080_30fps
./dataset/tensors\15208635_1920_1080_30fps_frame_00235.pt,0,15208635_1920_1080_30fps
./dataset/tensors\15208635_1920_1080_30fps_frame_00236.pt,0,15208635_1920_1080_30fps
./dataset/tensors\15208635_1920_1080_30fps_frame_00237.pt,0,15208635_1920_1080_30fps
./dataset/tensors\15208635_1920_1080_30fps_frame_00238.pt,0,15208635_1920_1080_30fps
./dataset/tensors\15208635_1920_1080_30fps_frame_00239.pt,0,15208635_1920_1080_30fps
./dataset/tensors\15208635_1920_1080_30fps_frame_00240.pt,0,15208635_1920_1080_30fps
./dataset/tensors\15208635_1920_1080_30fps_frame_00241.pt,0,15208635_1920_1080_30fps
./dataset/tensors\15208635_1920_1080_30fps_frame_00242.pt,0,15208635_1920_1080_30fps
./dataset/tensors\15208635_1920_1080_30fps_frame_00243.pt,0,15208635_1920_1080_30fps
./dataset/tensors\15208635_1920_1080_30fps_frame_00244.pt,0,15208635_1920_1080_30fps
./dataset/tensors\15208635_1920_1080_30fps_frame_00245.pt,0,15208635_1920_1080_30fps
./dataset/tensors\15208635_1920_1080_30fps_frame_00246.pt,0,15208635_1920_1080_30fps
./dataset/tensors\15208635_1920_1080_30fps_frame_00247.pt,0,15208635_1920_1080_30fps
./dataset/tensors\15208635_1920_1080_30fps_frame_00248.pt,0,15208635_1920_1080_30fps
./dataset/tensors\15208635_1920_1080_30fps_frame_00249.pt,0,15208635_1920_1080_30fps
./dataset/tensors\15208635_1920_1080_30fps_frame_00250.pt,0,15208635_1920_1080_30fps
./dataset/tensors\15208635_1920_1080_30fps_frame_00251.pt,0,15208635_1920_1080_30fps
./dataset/tensors\15208635_1920_1080_30fps_frame_00252.pt,0,15208635_1920_1080_30fps
./dataset/tensors\15208635_1920_1080_30fps_frame_00253.pt,0,15208635_1920_1080_30fps
./dataset/tensors\15208635_1920_1080_30fps_frame_00254.pt,0,15208635_1920_1080_30fps
./dataset/tensors\15208635_1920_1080_30fps_frame_00255.pt,0,15208635_1920_1080_30fps
./dataset/tensors\15208635_1920_1080_30fps_frame_00256.pt,0,15208635_1920_1080_30fps
./dataset/tensors\15208635_1920_1080_30fps_frame_00257.pt,0,15208635_1920_1080_30fps
./dataset/tensors\15208635_1920_1080_30fps_frame_00258.pt,0,15208635_1920_1080_30fps
./dataset/tensors\15208635_1920_1080_30fps_frame_00259.pt,0,15208635_1920_1080_30fps
./dataset/tensors\15208635_1920_1080_30fps_frame_00260.pt,0,15208635_1920_1080_30fps
./dataset/tensors\15399966_1920_1080_30fps_frame_00261.pt,0,15399966_1920_1080_30fps
./dataset/tensors\15399966_1920_1080_30fps_frame_00262.pt,0,15399966_1920_1080_30fps
./dataset/tensors\15399966_1920_1080_30fps_frame_00263.pt,0,15399966_1920_1080_30fps
./dataset/tensors\15399966_1920_1080_30fps_frame_00264.pt,0,15399966_1920_1080_30fps
./dataset/tensors\15399966_1920_1080_30fps_frame_00265.pt,0,15399966_1920_1080_30fps
./dataset/tensors\15399966_1920_1080_30fps_frame_00266.pt,0,15399966_1920_1080_30fps
./dataset/tensors\15399966_1920_1080_30fps_frame_00267.pt,0,15399966_1920_1080_30fps
./dataset/tensors\15399966_1920_1080_30fps_frame_00268.pt,0,15399966_1920_1080_30fps
./dataset/tensors\15399966_1920_1080_30fps_frame_00269.pt,0,15399966_1920_1080_30fps
./dataset/tensors\15399966_1920_1080_30fps_frame_00270.pt,0,15399966_1920_1080_30fps
./dataset/tensors\15399966_1920_1080_30fps_frame_00271.pt,0,15399966_1920_1080_30fps
./dataset/tensors\15399966_1920_1080_30fps_frame_00272.pt,0,15399966_1920_1080_30fps
./dataset/tensors\15399966_1920_1080_30fps_frame_00273.pt,0,15399966_1920_1080_30fps
./dataset/tensors\15399966_1920_1080_30fps_frame_00274.pt,0,15399966_1920_1080_30fps
./dataset/tensors\15399966_1920_1080_30fps_frame_00275.pt,0,15399966_1920_1080_30fps
./dataset/tensors\15399966_1920_1080_30fps_frame_00276.pt,0,15399966_1920_1080_30fps
./dataset/tensors\15399966_1920_1080_30fps_frame_00277.pt,0,15399966_1920_1080_30fps
./dataset/tensors\15399966_1920_1080_30fps_frame_00278.pt,0,15399966_1920_1080_30fps
./dataset/tensors\15399966_1920_1080_30fps_frame_00279.pt,0,15399966_1920_1080_30fps
./dataset/tensors\15399966_1920_1080_30fps_frame_00280.pt,0,15399966_1920_1080_30fps
./dataset/tensors\15399966_1920_1080_30fps_frame_00281.pt,0,15399966_1920_1080_30fps
./dataset/tensors\15399966_1920_1080_30fps_frame_00282.pt,0,15399966_1920_1080_30fps
./dataset/tensors\15399966_1920_1080_30fps_frame_00283.pt,0,15399966_1920_1080_30fps
./dataset/tensors\15399966_1920_1080_30fps_frame_00284.pt,0,15399966_1920_1080_30fps
./dataset/tensors\15399966_1920_1080_30fps_frame_00285.pt,0,15399966_1920_1080_30fps
./dataset/tensors\15399966_1920_1080_30fps_frame_00286.pt,0,15399966_1920_1080_30fps
./dataset/tensors\15399966_1920_1080_30fps_frame_00287.pt,0,15399966_1920_1080_30fps
./dataset/tensors\15399966_1920_1080_30fps_frame_00288.pt,0,15399966_1920_1080_30fps
./dataset/tensors\15399966_1920_1080_30fps_frame_00289.pt,0,15399966_1920_1080_30fps
./dataset/tensors\15399966_1920_1080_30fps_frame_00290.pt,0,15399966_1920_1080_30fps
./dataset/tensors\15399966_1920_1080_30fps_frame_00291.pt,0,15399966_1920_1080_30fps
./dataset/tensors\15399966_1920_1080_30fps_frame_00292.pt,0,15399966_1920_1080_30fps
./dataset/tensors\15427335_1080_1920_50fps_frame_00293.pt,0,15427335_1080_1920_50fps
./dataset/tensors\15427335_1080_1920_50fps_frame_00294.pt,0,15427335_1080_1920_50fps
./dataset/tensors\15427335_1080_1920_50fps_frame_00295.pt,0,15427335_1080_1920_50fps
./dataset/tensors\15427335_1080_1920_50fps_frame_00296.pt,0,15427335_1080_1920_50fps
./dataset/tensors\15427335_1080_1920_50fps_frame_00297.pt,0,15427335_1080_1920_50fps
./dataset/tensors\15427335_1080_1920_50fps_frame_00298.pt,0,15427335_1080_1920_50fps
./dataset/tensors\15427335_1080_1920_50fps_frame_00299.pt,0,15427335_1080_1920_50fps
./dataset/tensors\15427335_1080_1920_50fps_frame_00300.pt,0,15427335_1080_1920_50fps
./dataset/tensors\15427335_1080_1920_50fps_frame_00301.pt,0,15427335_1080_1920_50fps
./dataset/tensors\15427335_1080_1920_50fps_frame_00302.pt,0,15427335_1080_1920_50fps
./dataset/tensors\15427335_1080_1920_50fps_frame_00303.pt,0,15427335_1080_1920_50fps
./dataset/tensors\15427335_1080_1920_50fps_frame_00304.pt,0,15427335_1080_1920_50fps
./dataset/tensors\15447888_3840_2160_60fps_frame_00305.pt,0,15447888_3840_2160_60fps
./dataset/tensors\15447888_3840_2160_60fps_frame_00306.pt,0,15447888_3840_2160_60fps
./dataset/tensors\15447888_3840_2160_60fps_frame_00307.pt,0,15447888_3840_2160_60fps
./dataset/tensors\15447888_3840_2160_60fps_frame_00308.pt,0,15447888_3840_2160_60fps
./dataset/tensors\15447888_3840_2160_60fps_frame_00309.pt,0,15447888_3840_2160_60fps
./dataset/tensors\15447888_3840_2160_60fps_frame_00310.pt,0,15447888_3840_2160_60fps
./dataset/tensors\15447888_3840_2160_60fps_frame_00311.pt,0,15447888_3840_2160_60fps
./dataset/tensors\15447888_3840_2160_60fps_frame_00312.pt,0,15447888_3840_2160_60fps
./dataset/tensors\15447888_3840_2160_60fps_frame_00313.pt,0,15447888_3840_2160_60fps
./dataset/tensors\15447888_3840_2160_60fps_frame_00314.pt,0,15447888_3840_2160_60fps
./dataset/tensors\15447888_3840_2160_60fps_frame_00315.pt,0,15447888_3840_2160_60fps
./dataset/tensors\15447888_3840_2160_60fps_frame_00316.pt,0,15447888_3840_2160_60fps
./dataset/tensors\15447888_3840_2160_60fps_frame_00317.pt,0,15447888_3840_2160_60fps
./dataset/tensors\15447888_3840_2160_60fps_frame_00318.pt,0,15447888_3840_2160_60fps
./dataset/tensors\15447888_3840_2160_60fps_frame_00319.pt,0,15447888_3840_2160_60fps
./dataset/tensors\15447888_3840_2160_60fps_frame_00320.pt,0,15447888_3840_2160_60fps
./dataset/tensors\15447888_3840_2160_60fps_frame_00321.pt,0,15447888_3840_2160_60fps
./dataset/tensors\15447888_3840_2160_60fps_frame_00322.pt,0,15447888_3840_2160_60fps
./dataset/tensors\15447888_3840_2160_60fps_frame_00323.pt,0,15447888_3840_2160_60fps
./dataset/tensors\15447888_3840_2160_60fps_frame_00324.pt,0,15447888_3840_2160_60fps
./dataset/tensors\15447888_3840_2160_60fps_frame_00325.pt,0,15447888_3840_2160_60fps
./dataset/tensors\15447888_3840_2160_60fps_frame_00326.pt,0,15447888_3840_2160_60fps
./dataset/tensors\15447888_3840_2160_60fps_frame_00327.pt,0,15447888_3840_2160_60fps
./dataset/tensors\15447888_3840_2160_60fps_frame_00328.pt,0,15447888_3840_2160_60fps
./dataset/tensors\15447888_3840_2160_60fps_frame_00329.pt,0,15447888_3840_2160_60fps
./dataset/tensors\15447888_3840_2160_60fps_frame_00330.pt,0,15447888_3840_2160_60fps
./dataset/tensors\15447888_3840_2160_60fps_frame_00331.pt,0,15447888_3840_2160_60fps
./dataset/tensors\15447888_3840_2160_60fps_frame_00332.pt,0,15447888_3840_2160_60fps
./dataset/tensors\15447888_3840_2160_60fps_frame_00333.pt,0,15447888_3840_2160_60fps
./dataset/tensors\15447888_3840_2160_60fps_frame_00334.pt,0,15447888_3840_2160_60fps
./dataset/tensors\15447888_3840_2160_60fps_frame_00335.pt,0,15447888_3840_2160_60fps
./dataset/tensors\15447888_3840_2160_60fps_frame_00336.pt,0,15447888_3840_2160_60fps
./dataset/tensors\15447888_3840_2160_60fps_frame_00337.pt,0,15447888_3840_2160_60fps
./dataset/tensors\15456424-uhd_3840_2160_30fps_frame_00338.pt,0,15456424-uhd_3840_2160_30fps
./dataset/tensors\15456424-uhd_3840_2160_30fps_frame_00339.pt,0,15456424-uhd_3840_2160_30fps
./dataset/tensors\15456424-uhd_3840_2160_30fps_frame_00340.pt,0,15456424-uhd_3840_2160_30fps
./dataset/tensors\15456424-uhd_3840_2160_30fps_frame_00341.pt,0,15456424-uhd_3840_2160_30fps
./dataset/tensors\15456424-uhd_3840_2160_30fps_frame_00342.pt,0,15456424-uhd_3840_2160_30fps
./dataset/tensors\15456424-uhd_3840_2160_30fps_frame_00343.pt,0,15456424-uhd_3840_2160_30fps
./dataset/tensors\15456424-uhd_3840_2160_30fps_frame_00344.pt,0,15456424-uhd_3840_2160_30fps
./dataset/tensors\15510985_2160_3840_30fps_frame_00345.pt,0,15510985_2160_3840_30fps
./dataset/tensors\15510985_2160_3840_30fps_frame_00346.pt,0,15510985_2160_3840_30fps
./dataset/tensors\15510985_2160_3840_30fps_frame_00347.pt,0,15510985_2160_3840_30fps
./dataset/tensors\15510985_2160_3840_30fps_frame_00348.pt,0,15510985_2160_3840_30fps
./dataset/tensors\15510985_2160_3840_30fps_frame_00349.pt,0,15510985_2160_3840_30fps
./dataset/tensors\15510985_2160_3840_30fps_frame_00350.pt,0,15510985_2160_3840_30fps
./dataset/tensors\15510985_2160_3840_30fps_frame_00351.pt,0,15510985_2160_3840_30fps
./dataset/tensors\15510985_2160_3840_30fps_frame_00352.pt,0,15510985_2160_3840_30fps
./dataset/tensors\15510985_2160_3840_30fps_frame_00353.pt,0,15510985_2160_3840_30fps
./dataset/tensors\15510985_2160_3840_30fps_frame_00354.pt,0,15510985_2160_3840_30fps
./dataset/tensors\15510985_2160_3840_30fps_frame_00355.pt,0,15510985_2160_3840_30fps
./dataset/tensors\15510985_2160_3840_30fps_frame_00356.pt,0,15510985_2160_3840_30fps
./dataset/tensors\15510985_2160_3840_30fps_frame_00357.pt,0,15510985_2160_3840_30fps
./dataset/tensors\15510985_2160_3840_30fps_frame_00358.pt,0,15510985_2160_3840_30fps
./dataset/tensors\15510985_2160_3840_30fps_frame_00359.pt,0,15510985_2160_3840_30fps
./dataset/tensors\15510985_2160_3840_30fps_frame_00360.pt,0,15510985_2160_3840_30fps
./dataset/tensors\15510985_2160_3840_30fps_frame_00361.pt,0,15510985_2160_3840_30fps
./dataset/tensors\15510985_2160_3840_30fps_frame_00362.pt,0,15510985_2160_3840_30fps
./dataset/tensors\15510985_2160_3840_30fps_frame_00363.pt,0,15510985_2160_3840_30fps
./dataset/tensors\15510985_2160_3840_30fps_frame_00364.pt,0,15510985_2160_3840_30fps
./dataset/tensors\15510985_2160_3840_30fps_frame_00365.pt,0,15510985_2160_3840_30fps
./dataset/tensors\15510985_2160_3840_30fps_frame_00366.pt,0,15510985_2160_3840_30fps
./dataset/tensors\15510985_2160_3840_30fps_frame_00367.pt,0,15510985_2160_3840_30fps
./dataset/tensors\15510985_2160_3840_30fps_frame_00368.pt,0,15510985_2160_3840_30fps
./dataset/tensors\15510985_2160_3840_30fps_frame_00369.pt,0,15510985_2160_3840_30fps
./dataset/tensors\15510985_2160_3840_30fps_frame_00370.pt,0,15510985_2160_3840_30fps
./dataset/tensors\15510985_2160_3840_30fps_frame_00371.pt,0,15510985_2160_3840_30fps
./dataset/tensors\15510985_2160_3840_30fps_frame_00372.pt,0,15510985_2160_3840_30fps
./dataset/tensors\15510985_2160_3840_30fps_frame_00373.pt,0,15510985_2160_3840_30fps
./dataset/tensors\15510985_2160_3840_30fps_frame_00374.pt,0,15510985_2160_3840_30fps
./dataset/tensors\15510985_2160_3840_30fps_frame_00375.pt,0,15510985_2160_3840_30fps
./dataset/tensors\15510985_2160_3840_30fps_frame_00376.pt,0,15510985_2160_3840_30fps
./dataset/tensors\15510985_2160_3840_30fps_frame_00377.pt,0,15510985_2160_3840_30fps
./dataset/tensors\15510985_2160_3840_30fps_frame_00378.pt,0,15510985_2160_3840_30fps
./dataset/tensors\15510985_2160_3840_30fps_frame_00379.pt,0,15510985_2160_3840_30fps
./dataset/tensors\15510985_2160_3840_30fps_frame_00380.pt,0,15510985_2160_3840_30fps
./dataset/tensors\15510985_2160_3840_30fps_frame_00381.pt,0,15510985_2160_3840_30fps
./dataset/tensors\15517392_1920_1080_60fps_frame_00382.pt,0,15517392_1920_1080_60fps
./dataset/tensors\15517392_1920_1080_60fps_frame_00383.pt,0,15517392_1920_1080_60fps
./dataset/tensors\15517392_1920_1080_60fps_frame_00384.pt,0,15517392_1920_1080_60fps
./dataset/tensors\15517392_1920_1080_60fps_frame_00385.pt,0,15517392_1920_1080_60fps
./dataset/tensors\15517392_1920_1080_60fps_frame_00386.pt,0,15517392_1920_1080_60fps
./dataset/tensors\15517392_1920_1080_60fps_frame_00387.pt,0,15517392_1920_1080_60fps
./dataset/tensors\15517392_1920_1080_60fps_frame_00388.pt,0,15517392_1920_1080_60fps
./dataset/tensors\15517392_1920_1080_60fps_frame_00389.pt,0,15517392_1920_1080_60fps
./dataset/tensors\15517392_1920_1080_60fps_frame_00390.pt,0,15517392_1920_1080_60fps
./dataset/tensors\15517392_1920_1080_60fps_frame_00391.pt,0,15517392_1920_1080_60fps
./dataset/tensors\15517392_1920_1080_60fps_frame_00392.pt,0,15517392_1920_1080_60fps
./dataset/tensors\15517392_1920_1080_60fps_frame_00393.pt,0,15517392_1920_1080_60fps
./dataset/tensors\15517392_1920_1080_60fps_frame_00394.pt,0,15517392_1920_1080_60fps
./dataset/tensors\15517392_1920_1080_60fps_frame_00395.pt,0,15517392_1920_1080_60fps
./dataset/tensors\15517392_1920_1080_60fps_frame_00396.pt,0,15517392_1920_1080_60fps
./dataset/tensors\15517392_1920_1080_60fps_frame_00397.pt,0,15517392_1920_1080_60fps
./dataset/tensors\15517392_1920_1080_60fps_frame_00398.pt,0,15517392_1920_1080_60fps
./dataset/tensors\15517392_1920_1080_60fps_frame_00399.pt,0,15517392_1920_1080_60fps
./dataset/tensors\15517392_1920_1080_60fps_frame_00400.pt,0,15517392_1920_1080_60fps
./dataset/tensors\15517392_1920_1080_60fps_frame_00401.pt,0,15517392_1920_1080_60fps
./dataset/tensors\15517392_1920_1080_60fps_frame_00402.pt,0,15517392_1920_1080_60fps
./dataset/tensors\15528130_2160_3840_60fps_frame_00403.pt,0,15528130_2160_3840_60fps
./dataset/tensors\15528130_2160_3840_60fps_frame_00404.pt,0,15528130_2160_3840_60fps
./dataset/tensors\15528130_2160_3840_60fps_frame_00405.pt,0,15528130_2160_3840_60fps
./dataset/tensors\15528130_2160_3840_60fps_frame_00406.pt,0,15528130_2160_3840_60fps
./dataset/tensors\15528130_2160_3840_60fps_frame_00407.pt,0,15528130_2160_3840_60fps
./dataset/tensors\15528130_2160_3840_60fps_frame_00408.pt,0,15528130_2160_3840_60fps
./dataset/tensors\15528130_2160_3840_60fps_frame_00409.pt,0,15528130_2160_3840_60fps
./dataset/tensors\15528130_2160_3840_60fps_frame_00410.pt,0,15528130_2160_3840_60fps
./dataset/tensors\15528130_2160_3840_60fps_frame_00411.pt,0,15528130_2160_3840_60fps
./dataset/tensors\15528130_2160_3840_60fps_frame_00412.pt,0,15528130_2160_3840_60fps
./dataset/tensors\15528130_2160_3840_60fps_frame_00413.pt,0,15528130_2160_3840_60fps
./dataset/tensors\15528130_2160_3840_60fps_frame_00414.pt,0,15528130_2160_3840_60fps
./dataset/tensors\15528130_2160_3840_60fps_frame_00415.pt,0,15528130_2160_3840_60fps
./dataset/tensors\15528130_2160_3840_60fps_frame_00416.pt,0,15528130_2160_3840_60fps
./dataset/tensors\15528130_2160_3840_60fps_frame_00417.pt,0,15528130_2160_3840_60fps
./dataset/tensors\15528130_2160_3840_60fps_frame_00418.pt,0,15528130_2160_3840_60fps
./dataset/tensors\15528130_2160_3840_60fps_frame_00419.pt,0,15528130_2160_3840_60fps
./dataset/tensors\15528130_2160_3840_60fps_frame_00420.pt,0,15528130_2160_3840_60fps
./dataset/tensors\15528130_2160_3840_60fps_frame_00421.pt,0,15528130_2160_3840_60fps
./dataset/tensors\15528130_2160_3840_60fps_frame_00422.pt,0,15528130_2160_3840_60fps
./dataset/tensors\15528130_2160_3840_60fps_frame_00423.pt,0,15528130_2160_3840_60fps
./dataset/tensors\15528130_2160_3840_60fps_frame_00424.pt,0,15528130_2160_3840_60fps
./dataset/tensors\15528130_2160_3840_60fps_frame_00425.pt,0,15528130_2160_3840_60fps
./dataset/tensors\15528130_2160_3840_60fps_frame_00426.pt,0,15528130_2160_3840_60fps
./dataset/tensors\15528130_2160_3840_60fps_frame_00427.pt,0,15528130_2160_3840_60fps
./dataset/tensors\15528130_2160_3840_60fps_frame_00428.pt,0,15528130_2160_3840_60fps
./dataset/tensors\15533073_1920_1080_50fps_frame_00429.pt,0,15533073_1920_1080_50fps
./dataset/tensors\15533073_1920_1080_50fps_frame_00430.pt,0,15533073_1920_1080_50fps
./dataset/tensors\15533073_1920_1080_50fps_frame_00431.pt,0,15533073_1920_1080_50fps
./dataset/tensors\15533073_1920_1080_50fps_frame_00432.pt,0,15533073_1920_1080_50fps
./dataset/tensors\15533073_1920_1080_50fps_frame_00433.pt,0,15533073_1920_1080_50fps
./dataset/tensors\15533073_1920_1080_50fps_frame_00434.pt,0,15533073_1920_1080_50fps
./dataset/tensors\15533073_1920_1080_50fps_frame_00435.pt,0,15533073_1920_1080_50fps
./dataset/tensors\15533073_1920_1080_50fps_frame_00436.pt,0,15533073_1920_1080_50fps
./dataset/tensors\15533073_1920_1080_50fps_frame_00437.pt,0,15533073_1920_1080_50fps
./dataset/tensors\15533073_1920_1080_50fps_frame_00438.pt,0,15533073_1920_1080_50fps
./dataset/tensors\15533073_1920_1080_50fps_frame_00439.pt,0,15533073_1920_1080_50fps
./dataset/tensors\15533073_1920_1080_50fps_frame_00440.pt,0,15533073_1920_1080_50fps
./dataset/tensors\15533073_1920_1080_50fps_frame_00441.pt,0,15533073_1920_1080_50fps
./dataset/tensors\15533073_1920_1080_50fps_frame_00442.pt,0,15533073_1920_1080_50fps
./dataset/tensors\15533073_1920_1080_50fps_frame_00443.pt,0,15533073_1920_1080_50fps
./dataset/tensors\15533073_1920_1080_50fps_frame_00444.pt,0,15533073_1920_1080_50fps
./dataset/tensors\15533073_1920_1080_50fps_frame_00445.pt,0,15533073_1920_1080_50fps
./dataset/tensors\15533073_1920_1080_50fps_frame_00446.pt,0,15533073_1920_1080_50fps
./dataset/tensors\15533073_1920_1080_50fps_frame_00447.pt,0,15533073_1920_1080_50fps
./dataset/tensors\15533073_1920_1080_50fps_frame_00448.pt,0,15533073_1920_1080_50fps
./dataset/tensors\15533073_1920_1080_50fps_frame_00449.pt,0,15533073_1920_1080_50fps
./dataset/tensors\15533073_1920_1080_50fps_frame_00450.pt,0,15533073_1920_1080_50fps
./dataset/tensors\15533073_1920_1080_50fps_frame_00451.pt,0,15533073_1920_1080_50fps
./dataset/tensors\15533073_1920_1080_50fps_frame_00452.pt,0,15533073_1920_1080_50fps
./dataset/tensors\15533073_1920_1080_50fps_frame_00453.pt,0,15533073_1920_1080_50fps
./dataset/tensors\15533073_1920_1080_50fps_frame_00454.pt,0,15533073_1920_1080_50fps
./dataset/tensors\15533073_1920_1080_50fps_frame_00455.pt,0,15533073_1920_1080_50fps
./dataset/tensors\15533073_1920_1080_50fps_frame_00456.pt,0,15533073_1920_1080_50fps
./dataset/tensors\15533073_1920_1080_50fps_frame_00457.pt,0,15533073_1920_1080_50fps
./dataset/tensors\15533073_1920_1080_50fps_frame_00458.pt,0,15533073_1920_1080_50fps
./dataset/tensors\15540646_3840_2160_30fps_frame_00459.pt,0,15540646_3840_2160_30fps
./dataset/tensors\15540646_3840_2160_30fps_frame_00460.pt,0,15540646_3840_2160_30fps
./dataset/tensors\15540646_3840_2160_30fps_frame_00461.pt,0,15540646_3840_2160_30fps
./dataset/tensors\15540646_3840_2160_30fps_frame_00462.pt,0,15540646_3840_2160_30fps
./dataset/tensors\15540646_3840_2160_30fps_frame_00463.pt,0,15540646_3840_2160_30fps
./dataset/tensors\15540646_3840_2160_30fps_frame_00464.pt,0,15540646_3840_2160_30fps
./dataset/tensors\15540646_3840_2160_30fps_frame_00465.pt,0,15540646_3840_2160_30fps
./dataset/tensors\15540646_3840_2160_30fps_frame_00466.pt,0,15540646_3840_2160_30fps
./dataset/tensors\15540646_3840_2160_30fps_frame_00467.pt,0,15540646_3840_2160_30fps
./dataset/tensors\15540646_3840_2160_30fps_frame_00468.pt,0,15540646_3840_2160_30fps
./dataset/tensors\15540646_3840_2160_30fps_frame_00469.pt,0,15540646_3840_2160_30fps
./dataset/tensors\15540646_3840_2160_30fps_frame_00470.pt,0,15540646_3840_2160_30fps
./dataset/tensors\15540646_3840_2160_30fps_frame_00471.pt,0,15540646_3840_2160_30fps
./dataset/tensors\15540646_3840_2160_30fps_frame_00472.pt,0,15540646_3840_2160_30fps
./dataset/tensors\15540646_3840_2160_30fps_frame_00473.pt,0,15540646_3840_2160_30fps
./dataset/tensors\15540646_3840_2160_30fps_frame_00474.pt,0,15540646_3840_2160_30fps
./dataset/tensors\15540646_3840_2160_30fps_frame_00475.pt,0,15540646_3840_2160_30fps
./dataset/tensors\15540646_3840_2160_30fps_frame_00476.pt,0,15540646_3840_2160_30fps
./dataset/tensors\15540646_3840_2160_30fps_frame_00477.pt,0,15540646_3840_2160_30fps
./dataset/tensors\15540646_3840_2160_30fps_frame_00478.pt,0,15540646_3840_2160_30fps
./dataset/tensors\15540646_3840_2160_30fps_frame_00479.pt,0,15540646_3840_2160_30fps
./dataset/tensors\15540646_3840_2160_30fps_frame_00480.pt,0,15540646_3840_2160_30fps
./dataset/tensors\15540646_3840_2160_30fps_frame_00481.pt,0,15540646_3840_2160_30fps
./dataset/tensors\15540646_3840_2160_30fps_frame_00482.pt,0,15540646_3840_2160_30fps
./dataset/tensors\15540646_3840_2160_30fps_frame_00483.pt,0,15540646_3840_2160_30fps
./dataset/tensors\15540646_3840_2160_30fps_frame_00484.pt,0,15540646_3840_2160_30fps
./dataset/tensors\15540646_3840_2160_30fps_frame_00485.pt,0,15540646_3840_2160_30fps
./dataset/tensors\15565649_3840_2160_60fps_frame_00486.pt,0,15565649_3840_2160_60fps
./dataset/tensors\15565649_3840_2160_60fps_frame_00487.pt,0,15565649_3840_2160_60fps
./dataset/tensors\15565649_3840_2160_60fps_frame_00488.pt,0,15565649_3840_2160_60fps
./dataset/tensors\15565649_3840_2160_60fps_frame_00489.pt,0,15565649_3840_2160_60fps
./dataset/tensors\15565649_3840_2160_60fps_frame_00490.pt,0,15565649_3840_2160_60fps
./dataset/tensors\15565649_3840_2160_60fps_frame_00491.pt,0,15565649_3840_2160_60fps
./dataset/tensors\15565649_3840_2160_60fps_frame_00492.pt,0,15565649_3840_2160_60fps
./dataset/tensors\15565649_3840_2160_60fps_frame_00493.pt,0,15565649_3840_2160_60fps
./dataset/tensors\15565649_3840_2160_60fps_frame_00494.pt,0,15565649_3840_2160_60fps
./dataset/tensors\15565649_3840_2160_60fps_frame_00495.pt,0,15565649_3840_2160_60fps
./dataset/tensors\15565649_3840_2160_60fps_frame_00496.pt,0,15565649_3840_2160_60fps
./dataset/tensors\15565649_3840_2160_60fps_frame_00497.pt,0,15565649_3840_2160_60fps
./dataset/tensors\15565649_3840_2160_60fps_frame_00498.pt,0,15565649_3840_2160_60fps
./dataset/tensors\15565649_3840_2160_60fps_frame_00499.pt,0,15565649_3840_2160_60fps
./dataset/tensors\15565649_3840_2160_60fps_frame_00500.pt,0,15565649_3840_2160_60fps
./dataset/tensors\15578137_1920_1080_60fps_frame_00501.pt,0,15578137_1920_1080_60fps
./dataset/tensors\15578137_1920_1080_60fps_frame_00502.pt,0,15578137_1920_1080_60fps
./dataset/tensors\15578137_1920_1080_60fps_frame_00503.pt,0,15578137_1920_1080_60fps
./dataset/tensors\15578137_1920_1080_60fps_frame_00504.pt,0,15578137_1920_1080_60fps
./dataset/tensors\15578137_1920_1080_60fps_frame_00505.pt,0,15578137_1920_1080_60fps
./dataset/tensors\15578137_1920_1080_60fps_frame_00506.pt,0,15578137_1920_1080_60fps
./dataset/tensors\15578137_1920_1080_60fps_frame_00507.pt,0,15578137_1920_1080_60fps
./dataset/tensors\15578137_1920_1080_60fps_frame_00508.pt,0,15578137_1920_1080_60fps
./dataset/tensors\15578137_1920_1080_60fps_frame_00509.pt,0,15578137_1920_1080_60fps
./dataset/tensors\15578137_1920_1080_60fps_frame_00510.pt,0,15578137_1920_1080_60fps
./dataset/tensors\15578137_1920_1080_60fps_frame_00511.pt,0,15578137_1920_1080_60fps
./dataset/tensors\15578137_1920_1080_60fps_frame_00512.pt,0,15578137_1920_1080_60fps
./dataset/tensors\15578137_1920_1080_60fps_frame_00513.pt,0,15578137_1920_1080_60fps
./dataset/tensors\15578137_1920_1080_60fps_frame_00514.pt,0,15578137_1920_1080_60fps
./dataset/tensors\15578137_1920_1080_60fps_frame_00515.pt,0,15578137_1920_1080_60fps
./dataset/tensors\15578137_1920_1080_60fps_frame_00516.pt,0,15578137_1920_1080_60fps
./dataset/tensors\15578137_1920_1080_60fps_frame_00517.pt,0,15578137_1920_1080_60fps
./dataset/tensors\15582499_3840_2160_60fps_frame_00518.pt,0,15582499_3840_2160_60fps
./dataset/tensors\15582499_3840_2160_60fps_frame_00519.pt,0,15582499_3840_2160_60fps
./dataset/tensors\15582499_3840_2160_60fps_frame_00520.pt,0,15582499_3840_2160_60fps
./dataset/tensors\15582499_3840_2160_60fps_frame_00521.pt,0,15582499_3840_2160_60fps
./dataset/tensors\15582499_3840_2160_60fps_frame_00522.pt,0,15582499_3840_2160_60fps
./dataset/tensors\15582499_3840_2160_60fps_frame_00523.pt,0,15582499_3840_2160_60fps
./dataset/tensors\15582499_3840_2160_60fps_frame_00524.pt,0,15582499_3840_2160_60fps
./dataset/tensors\15582499_3840_2160_60fps_frame_00525.pt,0,15582499_3840_2160_60fps
./dataset/tensors\15582499_3840_2160_60fps_frame_00526.pt,0,15582499_3840_2160_60fps
./dataset/tensors\15582499_3840_2160_60fps_frame_00527.pt,0,15582499_3840_2160_60fps
./dataset/tensors\15582499_3840_2160_60fps_frame_00528.pt,0,15582499_3840_2160_60fps
./dataset/tensors\15582499_3840_2160_60fps_frame_00529.pt,0,15582499_3840_2160_60fps
./dataset/tensors\15582499_3840_2160_60fps_frame_00530.pt,0,15582499_3840_2160_60fps
./dataset/tensors\15582499_3840_2160_60fps_frame_00531.pt,0,15582499_3840_2160_60fps
./dataset/tensors\15582499_3840_2160_60fps_frame_00532.pt,0,15582499_3840_2160_60fps
./dataset/tensors\15582499_3840_2160_60fps_frame_00533.pt,0,15582499_3840_2160_60fps
./dataset/tensors\15582499_3840_2160_60fps_frame_00534.pt,0,15582499_3840_2160_60fps
./dataset/tensors\15582499_3840_2160_60fps_frame_00535.pt,0,15582499_3840_2160_60fps
./dataset/tensors\15582499_3840_2160_60fps_frame_00536.pt,0,15582499_3840_2160_60fps
./dataset/tensors\15582499_3840_2160_60fps_frame_00537.pt,0,15582499_3840_2160_60fps
./dataset/tensors\15582499_3840_2160_60fps_frame_00538.pt,0,15582499_3840_2160_60fps
./dataset/tensors\15582499_3840_2160_60fps_frame_00539.pt,0,15582499_3840_2160_60fps
./dataset/tensors\15582499_3840_2160_60fps_frame_00540.pt,0,15582499_3840_2160_60fps
./dataset/tensors\15614001_3840_2160_30fps_frame_00541.pt,0,15614001_3840_2160_30fps
./dataset/tensors\15614001_3840_2160_30fps_frame_00542.pt,0,15614001_3840_2160_30fps
./dataset/tensors\15614001_3840_2160_30fps_frame_00543.pt,0,15614001_3840_2160_30fps
./dataset/tensors\15614001_3840_2160_30fps_frame_00544.pt,0,15614001_3840_2160_30fps
./dataset/tensors\15614001_3840_2160_30fps_frame_00545.pt,0,15614001_3840_2160_30fps
./dataset/tensors\15614001_3840_2160_30fps_frame_00546.pt,0,15614001_3840_2160_30fps
./dataset/tensors\15614001_3840_2160_30fps_frame_00547.pt,0,15614001_3840_2160_30fps
./dataset/tensors\15614001_3840_2160_30fps_frame_00548.pt,0,15614001_3840_2160_30fps
./dataset/tensors\15614001_3840_2160_30fps_frame_00549.pt,0,15614001_3840_2160_30fps
./dataset/tensors\15614001_3840_2160_30fps_frame_00550.pt,0,15614001_3840_2160_30fps
./dataset/tensors\15614001_3840_2160_30fps_frame_00551.pt,0,15614001_3840_2160_30fps
./dataset/tensors\15614001_3840_2160_30fps_frame_00552.pt,0,15614001_3840_2160_30fps
./dataset/tensors\15614001_3840_2160_30fps_frame_00553.pt,0,15614001_3840_2160_30fps
./dataset/tensors\15614001_3840_2160_30fps_frame_00554.pt,0,15614001_3840_2160_30fps
./dataset/tensors\15614001_3840_2160_30fps_frame_00555.pt,0,15614001_3840_2160_30fps
./dataset/tensors\15614001_3840_2160_30fps_frame_00556.pt,0,15614001_3840_2160_30fps
./dataset/tensors\15614001_3840_2160_30fps_frame_00557.pt,0,15614001_3840_2160_30fps
./dataset/tensors\15614001_3840_2160_30fps_frame_00558.pt,0,15614001_3840_2160_30fps
./dataset/tensors\15614001_3840_2160_30fps_frame_00559.pt,0,15614001_3840_2160_30fps
./dataset/tensors\15614001_3840_2160_30fps_frame_00560.pt,0,15614001_3840_2160_30fps
./dataset/tensors\15614001_3840_2160_30fps_frame_00561.pt,0,15614001_3840_2160_30fps
./dataset/tensors\15614001_3840_2160_30fps_frame_00562.pt,0,15614001_3840_2160_30fps
./dataset/tensors\15614001_3840_2160_30fps_frame_00563.pt,0,15614001_3840_2160_30fps
./dataset/tensors\15614001_3840_2160_30fps_frame_00564.pt,0,15614001_3840_2160_30fps
./dataset/tensors\15614001_3840_2160_30fps_frame_00565.pt,0,15614001_3840_2160_30fps
./dataset/tensors\15614001_3840_2160_30fps_frame_00566.pt,0,15614001_3840_2160_30fps
./dataset/tensors\15614001_3840_2160_30fps_frame_00567.pt,0,15614001_3840_2160_30fps
./dataset/tensors\15614001_3840_2160_30fps_frame_00568.pt,0,15614001_3840_2160_30fps
./dataset/tensors\15614001_3840_2160_30fps_frame_00569.pt,0,15614001_3840_2160_30fps
./dataset/tensors\15614001_3840_2160_30fps_frame_00570.pt,0,15614001_3840_2160_30fps
./dataset/tensors\15614001_3840_2160_30fps_frame_00571.pt,0,15614001_3840_2160_30fps
./dataset/tensors\15614001_3840_2160_30fps_frame_00572.pt,0,15614001_3840_2160_30fps
./dataset/tensors\15614001_3840_2160_30fps_frame_00573.pt,0,15614001_3840_2160_30fps
./dataset/tensors\15614001_3840_2160_30fps_frame_00574.pt,0,15614001_3840_2160_30fps
./dataset/tensors\15614001_3840_2160_30fps_frame_00575.pt,0,15614001_3840_2160_30fps
./dataset/tensors\15614001_3840_2160_30fps_frame_00576.pt,0,15614001_3840_2160_30fps
./dataset/tensors\15614001_3840_2160_30fps_frame_00577.pt,0,15614001_3840_2160_30fps
./dataset/tensors\15614001_3840_2160_30fps_frame_00578.pt,0,15614001_3840_2160_30fps
./dataset/tensors\15614001_3840_2160_30fps_frame_00579.pt,0,15614001_3840_2160_30fps
./dataset/tensors\15614001_3840_2160_30fps_frame_00580.pt,0,15614001_3840_2160_30fps
./dataset/tensors\15615639_3840_2160_60fps_frame_00581.pt,0,15615639_3840_2160_60fps
./dataset/tensors\15615639_3840_2160_60fps_frame_00582.pt,0,15615639_3840_2160_60fps
./dataset/tensors\15615639_3840_2160_60fps_frame_00583.pt,0,15615639_3840_2160_60fps
./dataset/tensors\15615639_3840_2160_60fps_frame_00584.pt,0,15615639_3840_2160_60fps
./dataset/tensors\15615639_3840_2160_60fps_frame_00585.pt,0,15615639_3840_2160_60fps
./dataset/tensors\15615639_3840_2160_60fps_frame_00586.pt,0,15615639_3840_2160_60fps
./dataset/tensors\15615639_3840_2160_60fps_frame_00587.pt,0,15615639_3840_2160_60fps
./dataset/tensors\15615639_3840_2160_60fps_frame_00588.pt,0,15615639_3840_2160_60fps
./dataset/tensors\15615639_3840_2160_60fps_frame_00589.pt,0,15615639_3840_2160_60fps
./dataset/tensors\15615639_3840_2160_60fps_frame_00590.pt,0,15615639_3840_2160_60fps
./dataset/tensors\15615639_3840_2160_60fps_frame_00591.pt,0,15615639_3840_2160_60fps
./dataset/tensors\15615639_3840_2160_60fps_frame_00592.pt,0,15615639_3840_2160_60fps
./dataset/tensors\15615639_3840_2160_60fps_frame_00593.pt,0,15615639_3840_2160_60fps
./dataset/tensors\15615639_3840_2160_60fps_frame_00594.pt,0,15615639_3840_2160_60fps
./dataset/tensors\15615639_3840_2160_60fps_frame_00595.pt,0,15615639_3840_2160_60fps
./dataset/tensors\15615639_3840_2160_60fps_frame_00596.pt,0,15615639_3840_2160_60fps
./dataset/tensors\15615639_3840_2160_60fps_frame_00597.pt,0,15615639_3840_2160_60fps
./dataset/tensors\15615639_3840_2160_60fps_frame_00598.pt,0,15615639_3840_2160_60fps
./dataset/tensors\15615639_3840_2160_60fps_frame_00599.pt,0,15615639_3840_2160_60fps
./dataset/tensors\15615639_3840_2160_60fps_frame_00600.pt,0,15615639_3840_2160_60fps
./dataset/tensors\15615639_3840_2160_60fps_frame_00601.pt,0,15615639_3840_2160_60fps
./dataset/tensors\15615639_3840_2160_60fps_frame_00602.pt,0,15615639_3840_2160_60fps
./dataset/tensors\15615639_3840_2160_60fps_frame_00603.pt,0,15615639_3840_2160_60fps
./dataset/tensors\15615639_3840_2160_60fps_frame_00604.pt,0,15615639_3840_2160_60fps
./dataset/tensors\15615639_3840_2160_60fps_frame_00605.pt,0,15615639_3840_2160_60fps
./dataset/tensors\15615639_3840_2160_60fps_frame_00606.pt,0,15615639_3840_2160_60fps
./dataset/tensors\15615639_3840_2160_60fps_frame_00607.pt,0,15615639_3840_2160_60fps
./dataset/tensors\15615639_3840_2160_60fps_frame_00608.pt,0,15615639_3840_2160_60fps
./dataset/tensors\15615639_3840_2160_60fps_frame_00609.pt,0,15615639_3840_2160_60fps
./dataset/tensors\18990796-uhd_3840_2160_60fps_frame_00610.pt,0,18990796-uhd_3840_2160_60fps
./dataset/tensors\18990796-uhd_3840_2160_60fps_frame_00611.pt,0,18990796-uhd_3840_2160_60fps
./dataset/tensors\18990796-uhd_3840_2160_60fps_frame_00612.pt,0,18990796-uhd_3840_2160_60fps
./dataset/tensors\18990796-uhd_3840_2160_60fps_frame_00613.pt,0,18990796-uhd_3840_2160_60fps
./dataset/tensors\18990796-uhd_3840_2160_60fps_frame_00614.pt,0,18990796-uhd_3840_2160_60fps
./dataset/tensors\18990796-uhd_3840_2160_60fps_frame_00615.pt,0,18990796-uhd_3840_2160_60fps
./dataset/tensors\18990796-uhd_3840_2160_60fps_frame_00616.pt,0,18990796-uhd_3840_2160_60fps
./dataset/tensors\18990796-uhd_3840_2160_60fps_frame_00617.pt,0,18990796-uhd_3840_2160_60fps
./dataset/tensors\18990796-uhd_3840_2160_60fps_frame_00618.pt,0,18990796-uhd_3840_2160_60fps
./dataset/tensors\18990796-uhd_3840_2160_60fps_frame_00619.pt,0,18990796-uhd_3840_2160_60fps
./dataset/tensors\18990796-uhd_3840_2160_60fps_frame_00620.pt,0,18990796-uhd_3840_2160_60fps
./dataset/tensors\18990796-uhd_3840_2160_60fps_frame_00621.pt,0,18990796-uhd_3840_2160_60fps
./dataset/tensors\18990796-uhd_3840_2160_60fps_frame_00622.pt,0,18990796-uhd_3840_2160_60fps
./dataset/tensors\18990796-uhd_3840_2160_60fps_frame_00623.pt,0,18990796-uhd_3840_2160_60fps
./dataset/tensors\18990796-uhd_3840_2160_60fps_frame_00624.pt,0,18990796-uhd_3840_2160_60fps
./dataset/tensors\18990796-uhd_3840_2160_60fps_frame_00625.pt,0,18990796-uhd_3840_2160_60fps
./dataset/tensors\18990796-uhd_3840_2160_60fps_frame_00626.pt,0,18990796-uhd_3840_2160_60fps
./dataset/tensors\18990796-uhd_3840_2160_60fps_frame_00627.pt,0,18990796-uhd_3840_2160_60fps
./dataset/tensors\18990796-uhd_3840_2160_60fps_frame_00628.pt,0,18990796-uhd_3840_2160_60fps
./dataset/tensors\18990796-uhd_3840_2160_60fps_frame_00629.pt,0,18990796-uhd_3840_2160_60fps
./dataset/tensors\18990796-uhd_3840_2160_60fps_frame_00630.pt,0,18990796-uhd_3840_2160_60fps
./dataset/tensors\18990796-uhd_3840_2160_60fps_frame_00631.pt,0,18990796-uhd_3840_2160_60fps
./dataset/tensors\18990796-uhd_3840_2160_60fps_frame_00632.pt,0,18990796-uhd_3840_2160_60fps
./dataset/tensors\18990796-uhd_3840_2160_60fps_frame_00633.pt,0,18990796-uhd_3840_2160_60fps
./dataset/tensors\18990796-uhd_3840_2160_60fps_frame_00634.pt,0,18990796-uhd_3840_2160_60fps
./dataset/tensors\18990796-uhd_3840_2160_60fps_frame_00635.pt,0,18990796-uhd_3840_2160_60fps
./dataset/tensors\18990796-uhd_3840_2160_60fps_frame_00636.pt,0,18990796-uhd_3840_2160_60fps
./dataset/tensors\18990796-uhd_3840_2160_60fps_frame_00637.pt,0,18990796-uhd_3840_2160_60fps
./dataset/tensors\18990796-uhd_3840_2160_60fps_frame_00638.pt,0,18990796-uhd_3840_2160_60fps
./dataset/tensors\18990796-uhd_3840_2160_60fps_frame_00639.pt,0,18990796-uhd_3840_2160_60fps
./dataset/tensors\18990796-uhd_3840_2160_60fps_frame_00640.pt,0,18990796-uhd_3840_2160_60fps
./dataset/tensors\18990796-uhd_3840_2160_60fps_frame_00641.pt,0,18990796-uhd_3840_2160_60fps
./dataset/tensors\18990796-uhd_3840_2160_60fps_frame_00642.pt,0,18990796-uhd_3840_2160_60fps
./dataset/tensors\18990796-uhd_3840_2160_60fps_frame_00643.pt,0,18990796-uhd_3840_2160_60fps
./dataset/tensors\18990796-uhd_3840_2160_60fps_frame_00644.pt,0,18990796-uhd_3840_2160_60fps
./dataset/tensors\18990796-uhd_3840_2160_60fps_frame_00645.pt,0,18990796-uhd_3840_2160_60fps
./dataset/tensors\5146631-hd_1920_1080_25fps_frame_00646.pt,0,5146631-hd_1920_1080_25fps
./dataset/tensors\5146631-hd_1920_1080_25fps_frame_00647.pt,0,5146631-hd_1920_1080_25fps
./dataset/tensors\5146631-hd_1920_1080_25fps_frame_00648.pt,0,5146631-hd_1920_1080_25fps
./dataset/tensors\5146631-hd_1920_1080_25fps_frame_00649.pt,0,5146631-hd_1920_1080_25fps
./dataset/tensors\5146631-hd_1920_1080_25fps_frame_00650.pt,0,5146631-hd_1920_1080_25fps
./dataset/tensors\5146631-hd_1920_1080_25fps_frame_00651.pt,0,5146631-hd_1920_1080_25fps
./dataset/tensors\5146631-hd_1920_1080_25fps_frame_00652.pt,0,5146631-hd_1920_1080_25fps
./dataset/tensors\5146631-hd_1920_1080_25fps_frame_00653.pt,0,5146631-hd_1920_1080_25fps
./dataset/tensors\5146631-hd_1920_1080_25fps_frame_00654.pt,0,5146631-hd_1920_1080_25fps
./dataset/tensors\5146631-hd_1920_1080_25fps_frame_00655.pt,0,5146631-hd_1920_1080_25fps
./dataset/tensors\5146631-hd_1920_1080_25fps_frame_00656.pt,0,5146631-hd_1920_1080_25fps
./dataset/tensors\5146631-hd_1920_1080_25fps_frame_00657.pt,0,5146631-hd_1920_1080_25fps
./dataset/tensors\5146631-hd_1920_1080_25fps_frame_00658.pt,0,5146631-hd_1920_1080_25fps
./dataset/tensors\5146631-hd_1920_1080_25fps_frame_00659.pt,0,5146631-hd_1920_1080_25fps
./dataset/tensors\5146631-hd_1920_1080_25fps_frame_00660.pt,0,5146631-hd_1920_1080_25fps
./dataset/tensors\5146631-hd_1920_1080_25fps_frame_00661.pt,0,5146631-hd_1920_1080_25fps
./dataset/tensors\5146631-hd_1920_1080_25fps_frame_00662.pt,0,5146631-hd_1920_1080_25fps
./dataset/tensors\5146631-hd_1920_1080_25fps_frame_00663.pt,0,5146631-hd_1920_1080_25fps
./dataset/tensors\5146631-hd_1920_1080_25fps_frame_00664.pt,0,5146631-hd_1920_1080_25fps
./dataset/tensors\5146631-hd_1920_1080_25fps_frame_00665.pt,0,5146631-hd_1920_1080_25fps
./dataset/tensors\5146631-hd_1920_1080_25fps_frame_00666.pt,0,5146631-hd_1920_1080_25fps
./dataset/tensors\5146631-hd_1920_1080_25fps_frame_00667.pt,0,5146631-hd_1920_1080_25fps
./dataset/tensors\5146631-hd_1920_1080_25fps_frame_00668.pt,0,5146631-hd_1920_1080_25fps
./dataset/tensors\5146631-hd_1920_1080_25fps_frame_00669.pt,0,5146631-hd_1920_1080_25fps
./dataset/tensors\5146631-hd_1920_1080_25fps_frame_00670.pt,0,5146631-hd_1920_1080_25fps
./dataset/tensors\5146631-hd_1920_1080_25fps_frame_00671.pt,0,5146631-hd_1920_1080_25fps
./dataset/tensors\5146631-hd_1920_1080_25fps_frame_00672.pt,0,5146631-hd_1920_1080_25fps
./dataset/tensors\5146631-hd_1920_1080_25fps_frame_00673.pt,0,5146631-hd_1920_1080_25fps
./dataset/tensors\5146631-hd_1920_1080_25fps_frame_00674.pt,0,5146631-hd_1920_1080_25fps
./dataset/tensors\5146631-hd_1920_1080_25fps_frame_00675.pt,0,5146631-hd_1920_1080_25fps
./dataset/tensors\5146631-hd_1920_1080_25fps_frame_00676.pt,0,5146631-hd_1920_1080_25fps
./dataset/tensors\5146631-hd_1920_1080_25fps_frame_00677.pt,0,5146631-hd_1920_1080_25fps
./dataset/tensors\5146631-hd_1920_1080_25fps_frame_00678.pt,0,5146631-hd_1920_1080_25fps
./dataset/tensors\5146631-hd_1920_1080_25fps_frame_00679.pt,0,5146631-hd_1920_1080_25fps
./dataset/tensors\5146631-hd_1920_1080_25fps_frame_00680.pt,0,5146631-hd_1920_1080_25fps
./dataset/tensors\5146631-hd_1920_1080_25fps_frame_00681.pt,0,5146631-hd_1920_1080_25fps
./dataset/tensors\5146631-hd_1920_1080_25fps_frame_00682.pt,0,5146631-hd_1920_1080_25fps
./dataset/tensors\5146631-hd_1920_1080_25fps_frame_00683.pt,0,5146631-hd_1920_1080_25fps
./dataset/tensors\5146631-hd_1920_1080_25fps_frame_00684.pt,0,5146631-hd_1920_1080_25fps
./dataset/tensors\5146631-hd_1920_1080_25fps_frame_00685.pt,0,5146631-hd_1920_1080_25fps
./dataset/tensors\5146631-hd_1920_1080_25fps_frame_00686.pt,0,5146631-hd_1920_1080_25fps
./dataset/tensors\5146631-hd_1920_1080_25fps_frame_00687.pt,0,5146631-hd_1920_1080_25fps
./dataset/tensors\5146631-hd_1920_1080_25fps_frame_00688.pt,0,5146631-hd_1920_1080_25fps
./dataset/tensors\5146631-hd_1920_1080_25fps_frame_00689.pt,0,5146631-hd_1920_1080_25fps
./dataset/tensors\5146631-hd_1920_1080_25fps_frame_00690.pt,0,5146631-hd_1920_1080_25fps
./dataset/tensors\5146631-hd_1920_1080_25fps_frame_00691.pt,0,5146631-hd_1920_1080_25fps
./dataset/tensors\5146631-hd_1920_1080_25fps_frame_00692.pt,0,5146631-hd_1920_1080_25fps
./dataset/tensors\5146631-hd_1920_1080_25fps_frame_00693.pt,0,5146631-hd_1920_1080_25fps
./dataset/tensors\5146631-hd_1920_1080_25fps_frame_00694.pt,0,5146631-hd_1920_1080_25fps
./dataset/tensors\5146631-hd_1920_1080_25fps_frame_00695.pt,0,5146631-hd_1920_1080_25fps
./dataset/tensors\5146631-hd_1920_1080_25fps_frame_00696.pt,0,5146631-hd_1920_1080_25fps
./dataset/tensors\5146631-hd_1920_1080_25fps_frame_00697.pt,0,5146631-hd_1920_1080_25fps
./dataset/tensors\5146631-hd_1920_1080_25fps_frame_00698.pt,0,5146631-hd_1920_1080_25fps
./dataset/tensors\5146631-hd_1920_1080_25fps_frame_00699.pt,0,5146631-hd_1920_1080_25fps
./dataset/tensors\5146631-hd_1920_1080_25fps_frame_00700.pt,0,5146631-hd_1920_1080_25fps
./dataset/tensors\5146631-hd_1920_1080_25fps_frame_00701.pt,0,5146631-hd_1920_1080_25fps
./dataset/tensors\5146631-hd_1920_1080_25fps_frame_00702.pt,0,5146631-hd_1920_1080_25fps
./dataset/tensors\5146631-hd_1920_1080_25fps_frame_00703.pt,0,5146631-hd_1920_1080_25fps
./dataset/tensors\5146631-hd_1920_1080_25fps_frame_00704.pt,0,5146631-hd_1920_1080_25fps
./dataset/tensors\5146631-hd_1920_1080_25fps_frame_00705.pt,0,5146631-hd_1920_1080_25fps
./dataset/tensors\5146631-hd_1920_1080_25fps_frame_00706.pt,0,5146631-hd_1920_1080_25fps
./dataset/tensors\5146631-hd_1920_1080_25fps_frame_00707.pt,0,5146631-hd_1920_1080_25fps
./dataset/tensors\5146631-hd_1920_1080_25fps_frame_00708.pt,0,5146631-hd_1920_1080_25fps
./dataset/tensors\5146631-hd_1920_1080_25fps_frame_00709.pt,0,5146631-hd_1920_1080_25fps
./dataset/tensors\5146631-hd_1920_1080_25fps_frame_00710.pt,0,5146631-hd_1920_1080_25fps
./dataset/tensors\5146631-hd_1920_1080_25fps_frame_00711.pt,0,5146631-hd_1920_1080_25fps
./dataset/tensors\5146631-hd_1920_1080_25fps_frame_00712.pt,0,5146631-hd_1920_1080_25fps
./dataset/tensors\5146631-hd_1920_1080_25fps_frame_00713.pt,0,5146631-hd_1920_1080_25fps
./dataset/tensors\5146631-hd_1920_1080_25fps_frame_00714.pt,0,5146631-hd_1920_1080_25fps
./dataset/tensors\5146631-hd_1920_1080_25fps_frame_00715.pt,0,5146631-hd_1920_1080_25fps
./dataset/tensors\5146631-hd_1920_1080_25fps_frame_00716.pt,0,5146631-hd_1920_1080_25fps
./dataset/tensors\5146631-hd_1920_1080_25fps_frame_00717.pt,0,5146631-hd_1920_1080_25fps
./dataset/tensors\5146631-hd_1920_1080_25fps_frame_00718.pt,0,5146631-hd_1920_1080_25fps
./dataset/tensors\5146631-hd_1920_1080_25fps_frame_00719.pt,0,5146631-hd_1920_1080_25fps
./dataset/tensors\5146631-hd_1920_1080_25fps_frame_00720.pt,0,5146631-hd_1920_1080_25fps
./dataset/tensors\5146631-hd_1920_1080_25fps_frame_00721.pt,0,5146631-hd_1920_1080_25fps
./dataset/tensors\5146631-hd_1920_1080_25fps_frame_00722.pt,0,5146631-hd_1920_1080_25fps
./dataset/tensors\5146631-hd_1920_1080_25fps_frame_00723.pt,0,5146631-hd_1920_1080_25fps
./dataset/tensors\5146631-hd_1920_1080_25fps_frame_00724.pt,0,5146631-hd_1920_1080_25fps
./dataset/tensors\5146631-hd_1920_1080_25fps_frame_00725.pt,0,5146631-hd_1920_1080_25fps
./dataset/tensors\5146631-hd_1920_1080_25fps_frame_00726.pt,0,5146631-hd_1920_1080_25fps
./dataset/tensors\5146631-hd_1920_1080_25fps_frame_00727.pt,0,5146631-hd_1920_1080_25fps
./dataset/tensors\5146631-hd_1920_1080_25fps_frame_00728.pt,0,5146631-hd_1920_1080_25fps
./dataset/tensors\5146631-hd_1920_1080_25fps_frame_00729.pt,0,5146631-hd_1920_1080_25fps
./dataset/tensors\5146631-hd_1920_1080_25fps_frame_00730.pt,0,5146631-hd_1920_1080_25fps
./dataset/tensors\5146631-hd_1920_1080_25fps_frame_00731.pt,0,5146631-hd_1920_1080_25fps
./dataset/tensors\5146631-hd_1920_1080_25fps_frame_00732.pt,0,5146631-hd_1920_1080_25fps
./dataset/tensors\5146631-hd_1920_1080_25fps_frame_00733.pt,0,5146631-hd_1920_1080_25fps
./dataset/tensors\5146631-hd_1920_1080_25fps_frame_00734.pt,0,5146631-hd_1920_1080_25fps
./dataset/tensors\5146631-hd_1920_1080_25fps_frame_00735.pt,0,5146631-hd_1920_1080_25fps
./dataset/tensors\5146631-hd_1920_1080_25fps_frame_00736.pt,0,5146631-hd_1920_1080_25fps
./dataset/tensors\5146631-hd_1920_1080_25fps_frame_00737.pt,0,5146631-hd_1920_1080_25fps
./dataset/tensors\5146631-hd_1920_1080_25fps_frame_00738.pt,0,5146631-hd_1920_1080_25fps
./dataset/tensors\5146631-hd_1920_1080_25fps_frame_00739.pt,0,5146631-hd_1920_1080_25fps
./dataset/tensors\5146631-hd_1920_1080_25fps_frame_00740.pt,0,5146631-hd_1920_1080_25fps
./dataset/tensors\5146631-hd_1920_1080_25fps_frame_00741.pt,0,5146631-hd_1920_1080_25fps
./dataset/tensors\6975994-uhd_2880_2160_25fps_frame_00742.pt,0,6975994-uhd_2880_2160_25fps
./dataset/tensors\6975994-uhd_2880_2160_25fps_frame_00743.pt,0,6975994-uhd_2880_2160_25fps
./dataset/tensors\6975994-uhd_2880_2160_25fps_frame_00744.pt,0,6975994-uhd_2880_2160_25fps
./dataset/tensors\6975994-uhd_2880_2160_25fps_frame_00745.pt,0,6975994-uhd_2880_2160_25fps
./dataset/tensors\6975994-uhd_2880_2160_25fps_frame_00746.pt,0,6975994-uhd_2880_2160_25fps
./dataset/tensors\6975994-uhd_2880_2160_25fps_frame_00747.pt,0,6975994-uhd_2880_2160_25fps
./dataset/tensors\6975994-uhd_2880_2160_25fps_frame_00748.pt,0,6975994-uhd_2880_2160_25fps
./dataset/tensors\6975994-uhd_2880_2160_25fps_frame_00749.pt,0,6975994-uhd_2880_2160_25fps
./dataset/tensors\6975994-uhd_2880_2160_25fps_frame_00750.pt,0,6975994-uhd_2880_2160_25fps
./dataset/tensors\6975994-uhd_2880_2160_25fps_frame_00751.pt,0,6975994-uhd_2880_2160_25fps
./dataset/tensors\6975994-uhd_2880_2160_25fps_frame_00752.pt,0,6975994-uhd_2880_2160_25fps
./dataset/tensors\6975994-uhd_2880_2160_25fps_frame_00753.pt,0,6975994-uhd_2880_2160_25fps
./dataset/tensors\6975994-uhd_2880_2160_25fps_frame_00754.pt,0,6975994-uhd_2880_2160_25fps
./dataset/tensors\6975994-uhd_2880_2160_25fps_frame_00755.pt,0,6975994-uhd_2880_2160_25fps
./dataset/tensors\6975994-uhd_2880_2160_25fps_frame_00756.pt,0,6975994-uhd_2880_2160_25fps
./dataset/tensors\6975994-uhd_2880_2160_25fps_frame_00757.pt,0,6975994-uhd_2880_2160_25fps
./dataset/tensors\6975994-uhd_2880_2160_25fps_frame_00758.pt,0,6975994-uhd_2880_2160_25fps
./dataset/tensors\6975994-uhd_2880_2160_25fps_frame_00759.pt,0,6975994-uhd_2880_2160_25fps
./dataset/tensors\6975994-uhd_2880_2160_25fps_frame_00760.pt,0,6975994-uhd_2880_2160_25fps
./dataset/tensors\6975994-uhd_2880_2160_25fps_frame_00761.pt,0,6975994-uhd_2880_2160_25fps
./dataset/tensors\6975994-uhd_2880_2160_25fps_frame_00762.pt,0,6975994-uhd_2880_2160_25fps
./dataset/tensors\6975994-uhd_2880_2160_25fps_frame_00763.pt,0,6975994-uhd_2880_2160_25fps
./dataset/tensors\6975994-uhd_2880_2160_25fps_frame_00764.pt,0,6975994-uhd_2880_2160_25fps
./dataset/tensors\6975994-uhd_2880_2160_25fps_frame_00765.pt,0,6975994-uhd_2880_2160_25fps
./dataset/tensors\6975994-uhd_2880_2160_25fps_frame_00766.pt,0,6975994-uhd_2880_2160_25fps
./dataset/tensors\6975994-uhd_2880_2160_25fps_frame_00767.pt,0,6975994-uhd_2880_2160_25fps
./dataset/tensors\6975994-uhd_2880_2160_25fps_frame_00768.pt,0,6975994-uhd_2880_2160_25fps
./dataset/tensors\6975994-uhd_2880_2160_25fps_frame_00769.pt,0,6975994-uhd_2880_2160_25fps
./dataset/tensors\6975994-uhd_2880_2160_25fps_frame_00770.pt,0,6975994-uhd_2880_2160_25fps
./dataset/tensors\6975994-uhd_2880_2160_25fps_frame_00771.pt,0,6975994-uhd_2880_2160_25fps
./dataset/tensors\6975994-uhd_2880_2160_25fps_frame_00772.pt,0,6975994-uhd_2880_2160_25fps
./dataset/tensors\6975994-uhd_2880_2160_25fps_frame_00773.pt,0,6975994-uhd_2880_2160_25fps
./dataset/tensors\6975994-uhd_2880_2160_25fps_frame_00774.pt,0,6975994-uhd_2880_2160_25fps
./dataset/tensors\6975994-uhd_2880_2160_25fps_frame_00775.pt,0,6975994-uhd_2880_2160_25fps
./dataset/tensors\6975994-uhd_2880_2160_25fps_frame_00776.pt,0,6975994-uhd_2880_2160_25fps
./dataset/tensors\6975994-uhd_2880_2160_25fps_frame_00777.pt,0,6975994-uhd_2880_2160_25fps
./dataset/tensors\6975994-uhd_2880_2160_25fps_frame_00778.pt,0,6975994-uhd_2880_2160_25fps
./dataset/tensors\6975994-uhd_2880_2160_25fps_frame_00779.pt,0,6975994-uhd_2880_2160_25fps
./dataset/tensors\6975994-uhd_2880_2160_25fps_frame_00780.pt,0,6975994-uhd_2880_2160_25fps
./dataset/tensors\7657447-hd_1080_1920_25fps_frame_00781.pt,0,7657447-hd_1080_1920_25fps
./dataset/tensors\7657447-hd_1080_1920_25fps_frame_00782.pt,0,7657447-hd_1080_1920_25fps
./dataset/tensors\7657447-hd_1080_1920_25fps_frame_00783.pt,0,7657447-hd_1080_1920_25fps
./dataset/tensors\7657447-hd_1080_1920_25fps_frame_00784.pt,0,7657447-hd_1080_1920_25fps
./dataset/tensors\7657447-hd_1080_1920_25fps_frame_00785.pt,0,7657447-hd_1080_1920_25fps
./dataset/tensors\7657447-hd_1080_1920_25fps_frame_00786.pt,0,7657447-hd_1080_1920_25fps
./dataset/tensors\7657447-hd_1080_1920_25fps_frame_00787.pt,0,7657447-hd_1080_1920_25fps
./dataset/tensors\7657447-hd_1080_1920_25fps_frame_00788.pt,0,7657447-hd_1080_1920_25fps
./dataset/tensors\7657447-hd_1080_1920_25fps_frame_00789.pt,0,7657447-hd_1080_1920_25fps
./dataset/tensors\7657447-hd_1080_1920_25fps_frame_00790.pt,0,7657447-hd_1080_1920_25fps
./dataset/tensors\7657447-hd_1080_1920_25fps_frame_00791.pt,0,7657447-hd_1080_1920_25fps
./dataset/tensors\7657447-hd_1080_1920_25fps_frame_00792.pt,0,7657447-hd_1080_1920_25fps
./dataset/tensors\7657447-hd_1080_1920_25fps_frame_00793.pt,0,7657447-hd_1080_1920_25fps
./dataset/tensors\7657447-hd_1080_1920_25fps_frame_00794.pt,0,7657447-hd_1080_1920_25fps
./dataset/tensors\7657447-hd_1080_1920_25fps_frame_00795.pt,0,7657447-hd_1080_1920_25fps
./dataset/tensors\7657447-hd_1080_1920_25fps_frame_00796.pt,0,7657447-hd_1080_1920_25fps
./dataset/tensors\7657447-hd_1080_1920_25fps_frame_00797.pt,0,7657447-hd_1080_1920_25fps
./dataset/tensors\7657447-hd_1080_1920_25fps_frame_00798.pt,0,7657447-hd_1080_1920_25fps
./dataset/tensors\8292384-uhd_3840_2160_24fps_frame_00799.pt,0,8292384-uhd_3840_2160_24fps
./dataset/tensors\8292384-uhd_3840_2160_24fps_frame_00800.pt,0,8292384-uhd_3840_2160_24fps
./dataset/tensors\8292384-uhd_3840_2160_24fps_frame_00801.pt,0,8292384-uhd_3840_2160_24fps
./dataset/tensors\8292384-uhd_3840_2160_24fps_frame_00802.pt,0,8292384-uhd_3840_2160_24fps
./dataset/tensors\8292384-uhd_3840_2160_24fps_frame_00803.pt,0,8292384-uhd_3840_2160_24fps
./dataset/tensors\8292384-uhd_3840_2160_24fps_frame_00804.pt,0,8292384-uhd_3840_2160_24fps
./dataset/tensors\8292384-uhd_3840_2160_24fps_frame_00805.pt,0,8292384-uhd_3840_2160_24fps
./dataset/tensors\8292384-uhd_3840_2160_24fps_frame_00806.pt,0,8292384-uhd_3840_2160_24fps
./dataset/tensors\8292384-uhd_3840_2160_24fps_frame_00807.pt,0,8292384-uhd_3840_2160_24fps
./dataset/tensors\8292384-uhd_3840_2160_24fps_frame_00808.pt,0,8292384-uhd_3840_2160_24fps
./dataset/tensors\8292384-uhd_3840_2160_24fps_frame_00809.pt,0,8292384-uhd_3840_2160_24fps
./dataset/tensors\8292384-uhd_3840_2160_24fps_frame_00810.pt,0,8292384-uhd_3840_2160_24fps
./dataset/tensors\8292384-uhd_3840_2160_24fps_frame_00811.pt,0,8292384-uhd_3840_2160_24fps
./dataset/tensors\8292384-uhd_3840_2160_24fps_frame_00812.pt,0,8292384-uhd_3840_2160_24fps
./dataset/tensors\8292384-uhd_3840_2160_24fps_frame_00813.pt,0,8292384-uhd_3840_2160_24fps
./dataset/tensors\8292384-uhd_3840_2160_24fps_frame_00814.pt,0,8292384-uhd_3840_2160_24fps
./dataset/tensors\8292384-uhd_3840_2160_24fps_frame_00815.pt,0,8292384-uhd_3840_2160_24fps
./dataset/tensors\8659385-hd_1920_1080_30fps_frame_00816.pt,0,8659385-hd_1920_1080_30fps
./dataset/tensors\8659385-hd_1920_1080_30fps_frame_00817.pt,0,8659385-hd_1920_1080_30fps
./dataset/tensors\8659385-hd_1920_1080_30fps_frame_00818.pt,0,8659385-hd_1920_1080_30fps
./dataset/tensors\8659385-hd_1920_1080_30fps_frame_00819.pt,0,8659385-hd_1920_1080_30fps
./dataset/tensors\8659385-hd_1920_1080_30fps_frame_00820.pt,0,8659385-hd_1920_1080_30fps
./dataset/tensors\8659385-hd_1920_1080_30fps_frame_00821.pt,0,8659385-hd_1920_1080_30fps
./dataset/tensors\8659385-hd_1920_1080_30fps_frame_00822.pt,0,8659385-hd_1920_1080_30fps
./dataset/tensors\8659385-hd_1920_1080_30fps_frame_00823.pt,0,8659385-hd_1920_1080_30fps
./dataset/tensors\8659385-hd_1920_1080_30fps_frame_00824.pt,0,8659385-hd_1920_1080_30fps
./dataset/tensors\8659385-hd_1920_1080_30fps_frame_00825.pt,0,8659385-hd_1920_1080_30fps
./dataset/tensors\8659385-hd_1920_1080_30fps_frame_00826.pt,0,8659385-hd_1920_1080_30fps
./dataset/tensors\8659385-hd_1920_1080_30fps_frame_00827.pt,0,8659385-hd_1920_1080_30fps
./dataset/tensors\8659385-hd_1920_1080_30fps_frame_00828.pt,0,8659385-hd_1920_1080_30fps
./dataset/tensors\8659385-hd_1920_1080_30fps_frame_00829.pt,0,8659385-hd_1920_1080_30fps
./dataset/tensors\8659385-hd_1920_1080_30fps_frame_00830.pt,0,8659385-hd_1920_1080_30fps
./dataset/tensors\8659385-hd_1920_1080_30fps_frame_00831.pt,0,8659385-hd_1920_1080_30fps
./dataset/tensors\8659385-hd_1920_1080_30fps_frame_00832.pt,0,8659385-hd_1920_1080_30fps
./dataset/tensors\8659385-hd_1920_1080_30fps_frame_00833.pt,0,8659385-hd_1920_1080_30fps
./dataset/tensors\9109426-hd_1920_1080_25fps_frame_00834.pt,0,9109426-hd_1920_1080_25fps
./dataset/tensors\9109426-hd_1920_1080_25fps_frame_00835.pt,0,9109426-hd_1920_1080_25fps
./dataset/tensors\9109426-hd_1920_1080_25fps_frame_00836.pt,0,9109426-hd_1920_1080_25fps
./dataset/tensors\9109426-hd_1920_1080_25fps_frame_00837.pt,0,9109426-hd_1920_1080_25fps
./dataset/tensors\9109426-hd_1920_1080_25fps_frame_00838.pt,0,9109426-hd_1920_1080_25fps
./dataset/tensors\9109426-hd_1920_1080_25fps_frame_00839.pt,0,9109426-hd_1920_1080_25fps
./dataset/tensors\9109426-hd_1920_1080_25fps_frame_00840.pt,0,9109426-hd_1920_1080_25fps
./dataset/tensors\9109426-hd_1920_1080_25fps_frame_00841.pt,0,9109426-hd_1920_1080_25fps
./dataset/tensors\9109426-hd_1920_1080_25fps_frame_00842.pt,0,9109426-hd_1920_1080_25fps
./dataset/tensors\9109426-hd_1920_1080_25fps_frame_00843.pt,0,9109426-hd_1920_1080_25fps
./dataset/tensors\9109426-hd_1920_1080_25fps_frame_00844.pt,0,9109426-hd_1920_1080_25fps
./dataset/tensors\9109426-hd_1920_1080_25fps_frame_00845.pt,0,9109426-hd_1920_1080_25fps
./dataset/tensors\9109426-hd_1920_1080_25fps_frame_00846.pt,0,9109426-hd_1920_1080_25fps
./dataset/tensors\9109426-hd_1920_1080_25fps_frame_00847.pt,0,9109426-hd_1920_1080_25fps
./dataset/tensors\barbershop_frame_00848.pt,0,barbershop
./dataset/tensors\barbershop_frame_00849.pt,0,barbershop
./dataset/tensors\barbershop_frame_00850.pt,0,barbershop
./dataset/tensors\barbershop_frame_00851.pt,0,barbershop
./dataset/tensors\barbershop_frame_00852.pt,0,barbershop
./dataset/tensors\barbershop_frame_00853.pt,0,barbershop
./dataset/tensors\barbershop_frame_00854.pt,0,barbershop
./dataset/tensors\barbershop_frame_00855.pt,0,barbershop
./dataset/tensors\barbershop_frame_00856.pt,0,barbershop
./dataset/tensors\barbershop_frame_00857.pt,0,barbershop
./dataset/tensors\barbershop_frame_00858.pt,0,barbershop
./dataset/tensors\barbershop_frame_00859.pt,0,barbershop
./dataset/tensors\barbershop_frame_00860.pt,0,barbershop
./dataset/tensors\barbershop_frame_00861.pt,0,barbershop
./dataset/tensors\barbershop_frame_00862.pt,0,barbershop
./dataset/tensors\barbershop_frame_00863.pt,0,barbershop
./dataset/tensors\beyonce_frame_00864.pt,0,beyonce
./dataset/tensors\beyonce_frame_00865.pt,0,beyonce
./dataset/tensors\beyonce_frame_00866.pt,0,beyonce
./dataset/tensors\beyonce_frame_00867.pt,0,beyonce
./dataset/tensors\beyonce_frame_00868.pt,0,beyonce
./dataset/tensors\beyonce_frame_00869.pt,0,beyonce
./dataset/tensors\beyonce_frame_00870.pt,0,beyonce
./dataset/tensors\beyonce_frame_00871.pt,0,beyonce
./dataset/tensors\beyonce_frame_00872.pt,0,beyonce
./dataset/tensors\beyonce_frame_00873.pt,0,beyonce
./dataset/tensors\beyonce_frame_00874.pt,0,beyonce
./dataset/tensors\beyonce_frame_00875.pt,0,beyonce
./dataset/tensors\beyonce_frame_00876.pt,0,beyonce
./dataset/tensors\beyonce_frame_00877.pt,0,beyonce
./dataset/tensors\beyonce_frame_00878.pt,0,beyonce
./dataset/tensors\beyonce_frame_00879.pt,0,beyonce
./dataset/tensors\beyonce_frame_00880.pt,0,beyonce
./dataset/tensors\beyonce_frame_00881.pt,0,beyonce
./dataset/tensors\beyonce_frame_00882.pt,0,beyonce
./dataset/tensors\boat engine_frame_00883.pt,0,boat engine
./dataset/tensors\boat engine_frame_00884.pt,0,boat engine
./dataset/tensors\boat engine_frame_00885.pt,0,boat engine
./dataset/tensors\boat engine_frame_00886.pt,0,boat engine
./dataset/tensors\boat engine_frame_00887.pt,0,boat engine
./dataset/tensors\boat engine_frame_00888.pt,0,boat engine
./dataset/tensors\boat engine_frame_00889.pt,0,boat engine
./dataset/tensors\boat engine_frame_00890.pt,0,boat engine
./dataset/tensors\boat engine_frame_00891.pt,0,boat engine
./dataset/tensors\boat engine_frame_00892.pt,0,boat engine
./dataset/tensors\boat engine_frame_00893.pt,0,boat engine
./dataset/tensors\boat engine_frame_00894.pt,0,boat engine
./dataset/tensors\boat engine_frame_00895.pt,0,boat engine
./dataset/tensors\boat engine_frame_00896.pt,0,boat engine
./dataset/tensors\boat engine_frame_00897.pt,0,boat engine
./dataset/tensors\boat engine_frame_00898.pt,0,boat engine
./dataset/tensors\book in the wind_frame_00899.pt,0,book in the wind
./dataset/tensors\book in the wind_frame_00900.pt,0,book in the wind
./dataset/tensors\book in the wind_frame_00901.pt,0,book in the wind
./dataset/tensors\book in the wind_frame_00902.pt,0,book in the wind
./dataset/tensors\book in the wind_frame_00903.pt,0,book in the wind
./dataset/tensors\book in the wind_frame_00904.pt,0,book in the wind
./dataset/tensors\book in the wind_frame_00905.pt,0,book in the wind
./dataset/tensors\book in the wind_frame_00906.pt,0,book in the wind
./dataset/tensors\book in the wind_frame_00907.pt,0,book in the wind
./dataset/tensors\book in the wind_frame_00908.pt,0,book in the wind
./dataset/tensors\book in the wind_frame_00909.pt,0,book in the wind
./dataset/tensors\book in the wind_frame_00910.pt,0,book in the wind
./dataset/tensors\book in the wind_frame_00911.pt,0,book in the wind
./dataset/tensors\book in the wind_frame_00912.pt,0,book in the wind
./dataset/tensors\boxer_frame_00913.pt,0,boxer
./dataset/tensors\boxer_frame_00914.pt,0,boxer
./dataset/tensors\boxer_frame_00915.pt,0,boxer
./dataset/tensors\boxer_frame_00916.pt,0,boxer
./dataset/tensors\boxer_frame_00917.pt,0,boxer
./dataset/tensors\boxer_frame_00918.pt,0,boxer
./dataset/tensors\boxer_frame_00919.pt,0,boxer
./dataset/tensors\boxer_frame_00920.pt,0,boxer
./dataset/tensors\boxer_frame_00921.pt,0,boxer
./dataset/tensors\boxer_frame_00922.pt,0,boxer
./dataset/tensors\boxer_frame_00923.pt,0,boxer
./dataset/tensors\building pan_frame_00924.pt,0,building pan
./dataset/tensors\building pan_frame_00925.pt,0,building pan
./dataset/tensors\building pan_frame_00926.pt,0,building pan
./dataset/tensors\building pan_frame_00927.pt,0,building pan
./dataset/tensors\building pan_frame_00928.pt,0,building pan
./dataset/tensors\building pan_frame_00929.pt,0,building pan
./dataset/tensors\building pan_frame_00930.pt,0,building pan
./dataset/tensors\building pan_frame_00931.pt,0,building pan
./dataset/tensors\building pan_frame_00932.pt,0,building pan
./dataset/tensors\building pan_frame_00933.pt,0,building pan
./dataset/tensors\building pan_frame_00934.pt,0,building pan
./dataset/tensors\building pan_frame_00935.pt,0,building pan
./dataset/tensors\building pan_frame_00936.pt,0,building pan
./dataset/tensors\building pan_frame_00937.pt,0,building pan
./dataset/tensors\building pan_frame_00938.pt,0,building pan
./dataset/tensors\building pan_frame_00939.pt,0,building pan
./dataset/tensors\building pan_frame_00940.pt,0,building pan
./dataset/tensors\building pan_frame_00941.pt,0,building pan
./dataset/tensors\building pan_frame_00942.pt,0,building pan
./dataset/tensors\building pan_frame_00943.pt,0,building pan
./dataset/tensors\car washing itself_frame_00944.pt,0,car washing itself
./dataset/tensors\car washing itself_frame_00945.pt,0,car washing itself
./dataset/tensors\car washing itself_frame_00946.pt,0,car washing itself
./dataset/tensors\car washing itself_frame_00947.pt,0,car washing itself
./dataset/tensors\car washing itself_frame_00948.pt,0,car washing itself
./dataset/tensors\car washing itself_frame_00949.pt,0,car washing itself
./dataset/tensors\car washing itself_frame_00950.pt,0,car washing itself
./dataset/tensors\car washing itself_frame_00951.pt,0,car washing itself
./dataset/tensors\car washing itself_frame_00952.pt,0,car washing itself
./dataset/tensors\car washing itself_frame_00953.pt,0,car washing itself
./dataset/tensors\car washing itself_frame_00954.pt,0,car washing itself
./dataset/tensors\car washing itself_frame_00955.pt,0,car washing itself
./dataset/tensors\chopping food_frame_00956.pt,0,chopping food
./dataset/tensors\chopping food_frame_00957.pt,0,chopping food
./dataset/tensors\chopping food_frame_00958.pt,0,chopping food
./dataset/tensors\chopping food_frame_00959.pt,0,chopping food
./dataset/tensors\chopping food_frame_00960.pt,0,chopping food
./dataset/tensors\chopping food_frame_00961.pt,0,chopping food
./dataset/tensors\chopping food_frame_00962.pt,0,chopping food
./dataset/tensors\chopping food_frame_00963.pt,0,chopping food
./dataset/tensors\chopping food_frame_00964.pt,0,chopping food
./dataset/tensors\chopping food_frame_00965.pt,0,chopping food
./dataset/tensors\chopping food_frame_00966.pt,0,chopping food
./dataset/tensors\chopping food_frame_00967.pt,0,chopping food
./dataset/tensors\chopping food_frame_00968.pt,0,chopping food
./dataset/tensors\chopping food_frame_00969.pt,0,chopping food
./dataset/tensors\chopping food_frame_00970.pt,0,chopping food
./dataset/tensors\cows_frame_00971.pt,0,cows
./dataset/tensors\cows_frame_00972.pt,0,cows
./dataset/tensors\cows_frame_00973.pt,0,cows
./dataset/tensors\cows_frame_00974.pt,0,cows
./dataset/tensors\cows_frame_00975.pt,0,cows
./dataset/tensors\cows_frame_00976.pt,0,cows
./dataset/tensors\cows_frame_00977.pt,0,cows
./dataset/tensors\cows_frame_00978.pt,0,cows
./dataset/tensors\cows_frame_00979.pt,0,cows
./dataset/tensors\cows_frame_00980.pt,0,cows
./dataset/tensors\cows_frame_00981.pt,0,cows
./dataset/tensors\creek_frame_00982.pt,0,creek
./dataset/tensors\creek_frame_00983.pt,0,creek
./dataset/tensors\creek_frame_00984.pt,0,creek
./dataset/tensors\creek_frame_00985.pt,0,creek
./dataset/tensors\creek_frame_00986.pt,0,creek
./dataset/tensors\creek_frame_00987.pt,0,creek
./dataset/tensors\creek_frame_00988.pt,0,creek
./dataset/tensors\creek_frame_00989.pt,0,creek
./dataset/tensors\creek_frame_00990.pt,0,creek
./dataset/tensors\creek_frame_00991.pt,0,creek
./dataset/tensors\creek_frame_00992.pt,0,creek
./dataset/tensors\creek_frame_00993.pt,0,creek
./dataset/tensors\distant tornado_frame_00994.pt,0,distant tornado
./dataset/tensors\distant tornado_frame_00995.pt,0,distant tornado
./dataset/tensors\distant tornado_frame_00996.pt,0,distant tornado
./dataset/tensors\distant tornado_frame_00997.pt,0,distant tornado
./dataset/tensors\distant tornado_frame_00998.pt,0,distant tornado
./dataset/tensors\distant tornado_frame_00999.pt,0,distant tornado
./dataset/tensors\distant tornado_frame_01000.pt,0,distant tornado
./dataset/tensors\distant tornado_frame_01001.pt,0,distant tornado
./dataset/tensors\distant tornado_frame_01002.pt,0,distant tornado
./dataset/tensors\distant tornado_frame_01003.pt,0,distant tornado
./dataset/tensors\distant tornado_frame_01004.pt,0,distant tornado
./dataset/tensors\distant tornado_frame_01005.pt,0,distant tornado
./dataset/tensors\distant tornado_frame_01006.pt,0,distant tornado
./dataset/tensors\dog in the snow_frame_01007.pt,0,dog in the snow
./dataset/tensors\dog in the snow_frame_01008.pt,0,dog in the snow
./dataset/tensors\dog in the snow_frame_01009.pt,0,dog in the snow
./dataset/tensors\dog in the snow_frame_01010.pt,0,dog in the snow
./dataset/tensors\dog in the snow_frame_01011.pt,0,dog in the snow
./dataset/tensors\dog in the snow_frame_01012.pt,0,dog in the snow
./dataset/tensors\dog in the snow_frame_01013.pt,0,dog in the snow
./dataset/tensors\dog in the snow_frame_01014.pt,0,dog in the snow
./dataset/tensors\dog in the snow_frame_01015.pt,0,dog in the snow
./dataset/tensors\dog in the snow_frame_01016.pt,0,dog in the snow
./dataset/tensors\dog in the snow_frame_01017.pt,0,dog in the snow
./dataset/tensors\drone city_frame_01018.pt,0,drone city
./dataset/tensors\drone city_frame_01019.pt,0,drone city
./dataset/tensors\drone city_frame_01020.pt,0,drone city
./dataset/tensors\drone city_frame_01021.pt,0,drone city
./dataset/tensors\drone city_frame_01022.pt,0,drone city
./dataset/tensors\drone city_frame_01023.pt,0,drone city
./dataset/tensors\drone city_frame_01024.pt,0,drone city
./dataset/tensors\drone city_frame_01025.pt,0,drone city
./dataset/tensors\drone city_frame_01026.pt,0,drone city
./dataset/tensors\drone city_frame_01027.pt,0,drone city
./dataset/tensors\drone city_frame_01028.pt,0,drone city
./dataset/tensors\drone city_frame_01029.pt,0,drone city
./dataset/tensors\drone city_frame_01030.pt,0,drone city
./dataset/tensors\drone city_frame_01031.pt,0,drone city
./dataset/tensors\drone city_frame_01032.pt,0,drone city
./dataset/tensors\drone city_frame_01033.pt,0,drone city
./dataset/tensors\drone city_frame_01034.pt,0,drone city
./dataset/tensors\drone city_frame_01035.pt,0,drone city
./dataset/tensors\drone city_frame_01036.pt,0,drone city
./dataset/tensors\drone city_frame_01037.pt,0,drone city
./dataset/tensors\drone city_frame_01038.pt,0,drone city
./dataset/tensors\drone city_frame_01039.pt,0,drone city
./dataset/tensors\drone city_frame_01040.pt,0,drone city
./dataset/tensors\drone city_frame_01041.pt,0,drone city
./dataset/tensors\drone city_frame_01042.pt,0,drone city
./dataset/tensors\drone city_frame_01043.pt,0,drone city
./dataset/tensors\drone city_frame_01044.pt,0,drone city
./dataset/tensors\drone city_frame_01045.pt,0,drone city
./dataset/tensors\drone city_frame_01046.pt,0,drone city
./dataset/tensors\drone city_frame_01047.pt,0,drone city
./dataset/tensors\drone city_frame_01048.pt,0,drone city
./dataset/tensors\drone city_frame_01049.pt,0,drone city
./dataset/tensors\drone city_frame_01050.pt,0,drone city
./dataset/tensors\drone city_frame_01051.pt,0,drone city
./dataset/tensors\drone city_frame_01052.pt,0,drone city
./dataset/tensors\drone city_frame_01053.pt,0,drone city
./dataset/tensors\drone city_frame_01054.pt,0,drone city
./dataset/tensors\drone city_frame_01055.pt,0,drone city
./dataset/tensors\drone city_frame_01056.pt,0,drone city
./dataset/tensors\drone city_frame_01057.pt,0,drone city
./dataset/tensors\drone city_frame_01058.pt,0,drone city
./dataset/tensors\drone city_frame_01059.pt,0,drone city
./dataset/tensors\drone city_frame_01060.pt,0,drone city
./dataset/tensors\drone city_frame_01061.pt,0,drone city
./dataset/tensors\drone city_frame_01062.pt,0,drone city
./dataset/tensors\drone city_frame_01063.pt,0,drone city
./dataset/tensors\drone city_frame_01064.pt,0,drone city
./dataset/tensors\drone city_frame_01065.pt,0,drone city
./dataset/tensors\field of flowers_frame_01066.pt,0,field of flowers
./dataset/tensors\field of flowers_frame_01067.pt,0,field of flowers
./dataset/tensors\field of flowers_frame_01068.pt,0,field of flowers
./dataset/tensors\field of flowers_frame_01069.pt,0,field of flowers
./dataset/tensors\field of flowers_frame_01070.pt,0,field of flowers
./dataset/tensors\field of flowers_frame_01071.pt,0,field of flowers
./dataset/tensors\field of flowers_frame_01072.pt,0,field of flowers
./dataset/tensors\field of flowers_frame_01073.pt,0,field of flowers
./dataset/tensors\field of flowers_frame_01074.pt,0,field of flowers
./dataset/tensors\field of flowers_frame_01075.pt,0,field of flowers
./dataset/tensors\field of flowers_frame_01076.pt,0,field of flowers
./dataset/tensors\flock of birds_frame_01077.pt,0,flock of birds
./dataset/tensors\flock of birds_frame_01078.pt,0,flock of birds
./dataset/tensors\flock of birds_frame_01079.pt,0,flock of birds
./dataset/tensors\flock of birds_frame_01080.pt,0,flock of birds
./dataset/tensors\flock of birds_frame_01081.pt,0,flock of birds
./dataset/tensors\flock of birds_frame_01082.pt,0,flock of birds
./dataset/tensors\flock of birds_frame_01083.pt,0,flock of birds
./dataset/tensors\flock of birds_frame_01084.pt,0,flock of birds
./dataset/tensors\flock of birds_frame_01085.pt,0,flock of birds
./dataset/tensors\flock of birds_frame_01086.pt,0,flock of birds
./dataset/tensors\flock of birds_frame_01087.pt,0,flock of birds
./dataset/tensors\flock of birds_frame_01088.pt,0,flock of birds
./dataset/tensors\flock of birds_frame_01089.pt,0,flock of birds
./dataset/tensors\flock of birds_frame_01090.pt,0,flock of birds
./dataset/tensors\flowers blooming_frame_01091.pt,0,flowers blooming
./dataset/tensors\flowers blooming_frame_01092.pt,0,flowers blooming
./dataset/tensors\flowers blooming_frame_01093.pt,0,flowers blooming
./dataset/tensors\flowers blooming_frame_01094.pt,0,flowers blooming
./dataset/tensors\flowers blooming_frame_01095.pt,0,flowers blooming
./dataset/tensors\flowers blooming_frame_01096.pt,0,flowers blooming
./dataset/tensors\flowers blooming_frame_01097.pt,0,flowers blooming
./dataset/tensors\flowers blooming_frame_01098.pt,0,flowers blooming
./dataset/tensors\flowers blooming_frame_01099.pt,0,flowers blooming
./dataset/tensors\flowers blooming_frame_01100.pt,0,flowers blooming
./dataset/tensors\flowers blooming_frame_01101.pt,0,flowers blooming
./dataset/tensors\flowers blooming_frame_01102.pt,0,flowers blooming
./dataset/tensors\food chopping_frame_01103.pt,0,food chopping
./dataset/tensors\food chopping_frame_01104.pt,0,food chopping
./dataset/tensors\food chopping_frame_01105.pt,0,food chopping
./dataset/tensors\food chopping_frame_01106.pt,0,food chopping
./dataset/tensors\food chopping_frame_01107.pt,0,food chopping
./dataset/tensors\food chopping_frame_01108.pt,0,food chopping
./dataset/tensors\food chopping_frame_01109.pt,0,food chopping
./dataset/tensors\food chopping_frame_01110.pt,0,food chopping
./dataset/tensors\food chopping_frame_01111.pt,0,food chopping
./dataset/tensors\food chopping_frame_01112.pt,0,food chopping
./dataset/tensors\food chopping_frame_01113.pt,0,food chopping
./dataset/tensors\food chopping_frame_01114.pt,0,food chopping
./dataset/tensors\high five_frame_01115.pt,0,high five
./dataset/tensors\high five_frame_01116.pt,0,high five
./dataset/tensors\high five_frame_01117.pt,0,high five
./dataset/tensors\high five_frame_01118.pt,0,high five
./dataset/tensors\high five_frame_01119.pt,0,high five
./dataset/tensors\high five_frame_01120.pt,0,high five
./dataset/tensors\high five_frame_01121.pt,0,high five
./dataset/tensors\high five_frame_01122.pt,0,high five
./dataset/tensors\high five_frame_01123.pt,0,high five
./dataset/tensors\high five_frame_01124.pt,0,high five
./dataset/tensors\high five_frame_01125.pt,0,high five
./dataset/tensors\highway_frame_01126.pt,0,highway
./dataset/tensors\highway_frame_01127.pt,0,highway
./dataset/tensors\highway_frame_01128.pt,0,highway
./dataset/tensors\highway_frame_01129.pt,0,highway
./dataset/tensors\highway_frame_01130.pt,0,highway
./dataset/tensors\highway_frame_01131.pt,0,highway
./dataset/tensors\highway_frame_01132.pt,0,highway
./dataset/tensors\highway_frame_01133.pt,0,highway
./dataset/tensors\highway_frame_01134.pt,0,highway
./dataset/tensors\highway_frame_01135.pt,0,highway
./dataset/tensors\highway_frame_01136.pt,0,highway
./dataset/tensors\highway_frame_01137.pt,0,highway
./dataset/tensors\Hka-elon_frame_01138.pt,0,Hka-elon
./dataset/tensors\Hka-elon_frame_01139.pt,0,Hka-elon
./dataset/tensors\Hka-elon_frame_01140.pt,0,Hka-elon
./dataset/tensors\Hka-elon_frame_01141.pt,0,Hka-elon
./dataset/tensors\Hka-elon_frame_01142.pt,0,Hka-elon
./dataset/tensors\Hka-elon_frame_01143.pt,0,Hka-elon
./dataset/tensors\Hka-elon_frame_01144.pt,0,Hka-elon
./dataset/tensors\Hka-elon_frame_01145.pt,0,Hka-elon
./dataset/tensors\Hka-elon_frame_01146.pt,0,Hka-elon
./dataset/tensors\Hka-elon_frame_01147.pt,0,Hka-elon
./dataset/tensors\Hka-elon_frame_01148.pt,0,Hka-elon
./dataset/tensors\Hka-elon_frame_01149.pt,0,Hka-elon
./dataset/tensors\Hka-elon_frame_01150.pt,0,Hka-elon
./dataset/tensors\Hka-elon_frame_01151.pt,0,Hka-elon
./dataset/tensors\Hka-elon_frame_01152.pt,0,Hka-elon
./dataset/tensors\Hka-elon_frame_01153.pt,0,Hka-elon
./dataset/tensors\ipF-will1_frame_01154.pt,0,ipF-will1
./dataset/tensors\ipF-will1_frame_01155.pt,0,ipF-will1
./dataset/tensors\ipF-will1_frame_01156.pt,0,ipF-will1
./dataset/tensors\ipF-will1_frame_01157.pt,0,ipF-will1
./dataset/tensors\ipF-will1_frame_01158.pt,0,ipF-will1
./dataset/tensors\ipF-will1_frame_01159.pt,0,ipF-will1
./dataset/tensors\ipF-will1_frame_01160.pt,0,ipF-will1
./dataset/tensors\ipF-will1_frame_01161.pt,0,ipF-will1
./dataset/tensors\ipF-will1_frame_01162.pt,0,ipF-will1
./dataset/tensors\ipF-will1_frame_01163.pt,0,ipF-will1
./dataset/tensors\ipF-will1_frame_01164.pt,0,ipF-will1
./dataset/tensors\ipF-will1_frame_01165.pt,0,ipF-will1
./dataset/tensors\ipF-will1_frame_01166.pt,0,ipF-will1
./dataset/tensors\ipF-will1_frame_01167.pt,0,ipF-will1
./dataset/tensors\ipF-will1_frame_01168.pt,0,ipF-will1
./dataset/tensors\ipF-will1_frame_01169.pt,0,ipF-will1
./dataset/tensors\ipF-will1_frame_01170.pt,0,ipF-will1
./dataset/tensors\ipF-will1_frame_01171.pt,0,ipF-will1
./dataset/tensors\ipF-will1_frame_01172.pt,0,ipF-will1
./dataset/tensors\ipF-will1_frame_01173.pt,0,ipF-will1
./dataset/tensors\ipF-will1_frame_01174.pt,0,ipF-will1
./dataset/tensors\kid and grandparent_frame_01175.pt,0,kid and grandparent
./dataset/tensors\kid and grandparent_frame_01176.pt,0,kid and grandparent
./dataset/tensors\kid and grandparent_frame_01177.pt,0,kid and grandparent
./dataset/tensors\kid and grandparent_frame_01178.pt,0,kid and grandparent
./dataset/tensors\kid and grandparent_frame_01179.pt,0,kid and grandparent
./dataset/tensors\kid and grandparent_frame_01180.pt,0,kid and grandparent
./dataset/tensors\kid and grandparent_frame_01181.pt,0,kid and grandparent
./dataset/tensors\kid and grandparent_frame_01182.pt,0,kid and grandparent
./dataset/tensors\kid and grandparent_frame_01183.pt,0,kid and grandparent
./dataset/tensors\kid and grandparent_frame_01184.pt,0,kid and grandparent
./dataset/tensors\kid and grandparent_frame_01185.pt,0,kid and grandparent
./dataset/tensors\kid and grandparent_frame_01186.pt,0,kid and grandparent
./dataset/tensors\kid and grandparent_frame_01187.pt,0,kid and grandparent
./dataset/tensors\kid and grandparent_frame_01188.pt,0,kid and grandparent
./dataset/tensors\kid and grandparent_frame_01189.pt,0,kid and grandparent
./dataset/tensors\landscape_frame_01190.pt,0,landscape
./dataset/tensors\landscape_frame_01191.pt,0,landscape
./dataset/tensors\landscape_frame_01192.pt,0,landscape
./dataset/tensors\landscape_frame_01193.pt,0,landscape
./dataset/tensors\landscape_frame_01194.pt,0,landscape
./dataset/tensors\landscape_frame_01195.pt,0,landscape
./dataset/tensors\landscape_frame_01196.pt,0,landscape
./dataset/tensors\landscape_frame_01197.pt,0,landscape
./dataset/tensors\landscape_frame_01198.pt,0,landscape
./dataset/tensors\landscape_frame_01199.pt,0,landscape
./dataset/tensors\landscape_frame_01200.pt,0,landscape
./dataset/tensors\landscape_frame_01201.pt,0,landscape
./dataset/tensors\landscape_frame_01202.pt,0,landscape
./dataset/tensors\landscape_frame_01203.pt,0,landscape
./dataset/tensors\landscape_frame_01204.pt,0,landscape
./dataset/tensors\landscape_frame_01205.pt,0,landscape
./dataset/tensors\landscape_frame_01206.pt,0,landscape
./dataset/tensors\landscape_frame_01207.pt,0,landscape
./dataset/tensors\lizard_frame_01208.pt,0,lizard
./dataset/tensors\lizard_frame_01209.pt,0,lizard
./dataset/tensors\lizard_frame_01210.pt,0,lizard
./dataset/tensors\lizard_frame_01211.pt,0,lizard
./dataset/tensors\lizard_frame_01212.pt,0,lizard
./dataset/tensors\lizard_frame_01213.pt,0,lizard
./dataset/tensors\lizard_frame_01214.pt,0,lizard
./dataset/tensors\lizard_frame_01215.pt,0,lizard
./dataset/tensors\lizard_frame_01216.pt,0,lizard
./dataset/tensors\lizard_frame_01217.pt,0,lizard
./dataset/tensors\lizard_frame_01218.pt,0,lizard
./dataset/tensors\lizard_frame_01219.pt,0,lizard
./dataset/tensors\lizard_frame_01220.pt,0,lizard
./dataset/tensors\lizard_frame_01221.pt,0,lizard
./dataset/tensors\lizard_frame_01222.pt,0,lizard
./dataset/tensors\medical training dummy_frame_01223.pt,0,medical training dummy
./dataset/tensors\medical training dummy_frame_01224.pt,0,medical training dummy
./dataset/tensors\medical training dummy_frame_01225.pt,0,medical training dummy
./dataset/tensors\medical training dummy_frame_01226.pt,0,medical training dummy
./dataset/tensors\medical training dummy_frame_01227.pt,0,medical training dummy
./dataset/tensors\medical training dummy_frame_01228.pt,0,medical training dummy
./dataset/tensors\medical training dummy_frame_01229.pt,0,medical training dummy
./dataset/tensors\medical training dummy_frame_01230.pt,0,medical training dummy
./dataset/tensors\medical training dummy_frame_01231.pt,0,medical training dummy
./dataset/tensors\medical training dummy_frame_01232.pt,0,medical training dummy
./dataset/tensors\medical training dummy_frame_01233.pt,0,medical training dummy
./dataset/tensors\medical training dummy_frame_01234.pt,0,medical training dummy
./dataset/tensors\owl_frame_01235.pt,0,owl
./dataset/tensors\owl_frame_01236.pt,0,owl
./dataset/tensors\owl_frame_01237.pt,0,owl
./dataset/tensors\owl_frame_01238.pt,0,owl
./dataset/tensors\owl_frame_01239.pt,0,owl
./dataset/tensors\owl_frame_01240.pt,0,owl
./dataset/tensors\owl_frame_01241.pt,0,owl
./dataset/tensors\owl_frame_01242.pt,0,owl
./dataset/tensors\owl_frame_01243.pt,0,owl
./dataset/tensors\owl_frame_01244.pt,0,owl
./dataset/tensors\owl_frame_01245.pt,0,owl
./dataset/tensors\owl_frame_01246.pt,0,owl
./dataset/tensors\owl_frame_01247.pt,0,owl
./dataset/tensors\owl_frame_01248.pt,0,owl
./dataset/tensors\parachuting_frame_01249.pt,0,parachuting
./dataset/tensors\parachuting_frame_01250.pt,0,parachuting
./dataset/tensors\parachuting_frame_01251.pt,0,parachuting
./dataset/tensors\parachuting_frame_01252.pt,0,parachuting
./dataset/tensors\parachuting_frame_01253.pt,0,parachuting
./dataset/tensors\parachuting_frame_01254.pt,0,parachuting
./dataset/tensors\parachuting_frame_01255.pt,0,parachuting
./dataset/tensors\parachuting_frame_01256.pt,0,parachuting
./dataset/tensors\parachuting_frame_01257.pt,0,parachuting
./dataset/tensors\parachuting_frame_01258.pt,0,parachuting
./dataset/tensors\parachuting_frame_01259.pt,0,parachuting
./dataset/tensors\parachuting_frame_01260.pt,0,parachuting
./dataset/tensors\parachuting_frame_01261.pt,0,parachuting
./dataset/tensors\parachuting_frame_01262.pt,0,parachuting
./dataset/tensors\parachuting_frame_01263.pt,0,parachuting
./dataset/tensors\partying_frame_01264.pt,0,partying
./dataset/tensors\partying_frame_01265.pt,0,partying
./dataset/tensors\partying_frame_01266.pt,0,partying
./dataset/tensors\partying_frame_01267.pt,0,partying
./dataset/tensors\partying_frame_01268.pt,0,partying
./dataset/tensors\partying_frame_01269.pt,0,partying
./dataset/tensors\partying_frame_01270.pt,0,partying
./dataset/tensors\partying_frame_01271.pt,0,partying
./dataset/tensors\partying_frame_01272.pt,0,partying
./dataset/tensors\partying_frame_01273.pt,0,partying
./dataset/tensors\partying_frame_01274.pt,0,partying
./dataset/tensors\partying_frame_01275.pt,0,partying
./dataset/tensors\partying_frame_01276.pt,0,partying
./dataset/tensors\pasta maker_frame_01277.pt,0,pasta maker
./dataset/tensors\pasta maker_frame_01278.pt,0,pasta maker
./dataset/tensors\pasta maker_frame_01279.pt,0,pasta maker
./dataset/tensors\pasta maker_frame_01280.pt,0,pasta maker
./dataset/tensors\pasta maker_frame_01281.pt,0,pasta maker
./dataset/tensors\pasta maker_frame_01282.pt,0,pasta maker
./dataset/tensors\pasta maker_frame_01283.pt,0,pasta maker
./dataset/tensors\pasta maker_frame_01284.pt,0,pasta maker
./dataset/tensors\pasta maker_frame_01285.pt,0,pasta maker
./dataset/tensors\pasta maker_frame_01286.pt,0,pasta maker
./dataset/tensors\pasta maker_frame_01287.pt,0,pasta maker
./dataset/tensors\pasta maker_frame_01288.pt,0,pasta maker
./dataset/tensors\pasta maker_frame_01289.pt,0,pasta maker
./dataset/tensors\pasta maker_frame_01290.pt,0,pasta maker
./dataset/tensors\pasta maker_frame_01291.pt,0,pasta maker
./dataset/tensors\pasta maker_frame_01292.pt,0,pasta maker
./dataset/tensors\pasta maker_frame_01293.pt,0,pasta maker
./dataset/tensors\people on beach_frame_01294.pt,0,people on beach
./dataset/tensors\people on beach_frame_01295.pt,0,people on beach
./dataset/tensors\people on beach_frame_01296.pt,0,people on beach
./dataset/tensors\people on beach_frame_01297.pt,0,people on beach
./dataset/tensors\people on beach_frame_01298.pt,0,people on beach
./dataset/tensors\people on beach_frame_01299.pt,0,people on beach
./dataset/tensors\people on beach_frame_01300.pt,0,people on beach
./dataset/tensors\people on beach_frame_01301.pt,0,people on beach
./dataset/tensors\people on beach_frame_01302.pt,0,people on beach
./dataset/tensors\people on beach_frame_01303.pt,0,people on beach
./dataset/tensors\people on beach_frame_01304.pt,0,people on beach
./dataset/tensors\people studying_frame_01305.pt,0,people studying
./dataset/tensors\people studying_frame_01306.pt,0,people studying
./dataset/tensors\people studying_frame_01307.pt,0,people studying
./dataset/tensors\people studying_frame_01308.pt,0,people studying
./dataset/tensors\people studying_frame_01309.pt,0,people studying
./dataset/tensors\people studying_frame_01310.pt,0,people studying
./dataset/tensors\people studying_frame_01311.pt,0,people studying
./dataset/tensors\people studying_frame_01312.pt,0,people studying
./dataset/tensors\people studying_frame_01313.pt,0,people studying
./dataset/tensors\people studying_frame_01314.pt,0,people studying
./dataset/tensors\people studying_frame_01315.pt,0,people studying
./dataset/tensors\people walking_frame_01316.pt,0,people walking
./dataset/tensors\people walking_frame_01317.pt,0,people walking
./dataset/tensors\people walking_frame_01318.pt,0,people walking
./dataset/tensors\people walking_frame_01319.pt,0,people walking
./dataset/tensors\people walking_frame_01320.pt,0,people walking
./dataset/tensors\people walking_frame_01321.pt,0,people walking
./dataset/tensors\people walking_frame_01322.pt,0,people walking
./dataset/tensors\people walking_frame_01323.pt,0,people walking
./dataset/tensors\people walking_frame_01324.pt,0,people walking
./dataset/tensors\people walking_frame_01325.pt,0,people walking
./dataset/tensors\people walking_frame_01326.pt,0,people walking
./dataset/tensors\people walking_frame_01327.pt,0,people walking
./dataset/tensors\people walking_frame_01328.pt,0,people walking
./dataset/tensors\people walking_frame_01329.pt,0,people walking
./dataset/tensors\person on phone_frame_01330.pt,0,person on phone
./dataset/tensors\person on phone_frame_01331.pt,0,person on phone
./dataset/tensors\person on phone_frame_01332.pt,0,person on phone
./dataset/tensors\person on phone_frame_01333.pt,0,person on phone
./dataset/tensors\person on phone_frame_01334.pt,0,person on phone
./dataset/tensors\person on phone_frame_01335.pt,0,person on phone
./dataset/tensors\person on phone_frame_01336.pt,0,person on phone
./dataset/tensors\person on phone_frame_01337.pt,0,person on phone
./dataset/tensors\person on phone_frame_01338.pt,0,person on phone
./dataset/tensors\person on phone_frame_01339.pt,0,person on phone
./dataset/tensors\person on phone_frame_01340.pt,0,person on phone
./dataset/tensors\person on phone_frame_01341.pt,0,person on phone
./dataset/tensors\person on phone_frame_01342.pt,0,person on phone
./dataset/tensors\person overlooking land_frame_01343.pt,0,person overlooking land
./dataset/tensors\person overlooking land_frame_01344.pt,0,person overlooking land
./dataset/tensors\person overlooking land_frame_01345.pt,0,person overlooking land
./dataset/tensors\person overlooking land_frame_01346.pt,0,person overlooking land
./dataset/tensors\person overlooking land_frame_01347.pt,0,person overlooking land
./dataset/tensors\person overlooking land_frame_01348.pt,0,person overlooking land
./dataset/tensors\person overlooking land_frame_01349.pt,0,person overlooking land
./dataset/tensors\person overlooking land_frame_01350.pt,0,person overlooking land
./dataset/tensors\person overlooking land_frame_01351.pt,0,person overlooking land
./dataset/tensors\person overlooking land_frame_01352.pt,0,person overlooking land
./dataset/tensors\person overlooking land_frame_01353.pt,0,person overlooking land
./dataset/tensors\person overlooking land_frame_01354.pt,0,person overlooking land
./dataset/tensors\person overlooking land_frame_01355.pt,0,person overlooking land
./dataset/tensors\person overlooking land_frame_01356.pt,0,person overlooking land
./dataset/tensors\person overlooking land_frame_01357.pt,0,person overlooking land
./dataset/tensors\person overlooking land_frame_01358.pt,0,person overlooking land
./dataset/tensors\sand dunes_frame_01359.pt,0,sand dunes
./dataset/tensors\sand dunes_frame_01360.pt,0,sand dunes
./dataset/tensors\sand dunes_frame_01361.pt,0,sand dunes
./dataset/tensors\sand dunes_frame_01362.pt,0,sand dunes
./dataset/tensors\sand dunes_frame_01363.pt,0,sand dunes
./dataset/tensors\sand dunes_frame_01364.pt,0,sand dunes
./dataset/tensors\sand dunes_frame_01365.pt,0,sand dunes
./dataset/tensors\sand dunes_frame_01366.pt,0,sand dunes
./dataset/tensors\sand dunes_frame_01367.pt,0,sand dunes
./dataset/tensors\sand dunes_frame_01368.pt,0,sand dunes
./dataset/tensors\sand dunes_frame_01369.pt,0,sand dunes
./dataset/tensors\sand falling_frame_01370.pt,0,sand falling
./dataset/tensors\sand falling_frame_01371.pt,0,sand falling
./dataset/tensors\sand falling_frame_01372.pt,0,sand falling
./dataset/tensors\sand falling_frame_01373.pt,0,sand falling
./dataset/tensors\sand falling_frame_01374.pt,0,sand falling
./dataset/tensors\sand falling_frame_01375.pt,0,sand falling
./dataset/tensors\sand falling_frame_01376.pt,0,sand falling
./dataset/tensors\sand falling_frame_01377.pt,0,sand falling
./dataset/tensors\sand falling_frame_01378.pt,0,sand falling
./dataset/tensors\sand falling_frame_01379.pt,0,sand falling
./dataset/tensors\sand falling_frame_01380.pt,0,sand falling
./dataset/tensors\sand falling_frame_01381.pt,0,sand falling
./dataset/tensors\sand falling_frame_01382.pt,0,sand falling
./dataset/tensors\sand falling_frame_01383.pt,0,sand falling
./dataset/tensors\sand falling_frame_01384.pt,0,sand falling
./dataset/tensors\sausage cutting_frame_01385.pt,0,sausage cutting
./dataset/tensors\sausage cutting_frame_01386.pt,0,sausage cutting
./dataset/tensors\sausage cutting_frame_01387.pt,0,sausage cutting
./dataset/tensors\sausage cutting_frame_01388.pt,0,sausage cutting
./dataset/tensors\sausage cutting_frame_01389.pt,0,sausage cutting
./dataset/tensors\sausage cutting_frame_01390.pt,0,sausage cutting
./dataset/tensors\sausage cutting_frame_01391.pt,0,sausage cutting
./dataset/tensors\sausage cutting_frame_01392.pt,0,sausage cutting
./dataset/tensors\sausage cutting_frame_01393.pt,0,sausage cutting
./dataset/tensors\sausage cutting_frame_01394.pt,0,sausage cutting
./dataset/tensors\sausage cutting_frame_01395.pt,0,sausage cutting
./dataset/tensors\sausage cutting_frame_01396.pt,0,sausage cutting
./dataset/tensors\sausage cutting_frame_01397.pt,0,sausage cutting
./dataset/tensors\sausage cutting_frame_01398.pt,0,sausage cutting
./dataset/tensors\school of fish_frame_01399.pt,0,school of fish
./dataset/tensors\school of fish_frame_01400.pt,0,school of fish
./dataset/tensors\school of fish_frame_01401.pt,0,school of fish
./dataset/tensors\school of fish_frame_01402.pt,0,school of fish
./dataset/tensors\school of fish_frame_01403.pt,0,school of fish
./dataset/tensors\school of fish_frame_01404.pt,0,school of fish
./dataset/tensors\school of fish_frame_01405.pt,0,school of fish
./dataset/tensors\school of fish_frame_01406.pt,0,school of fish
./dataset/tensors\school of fish_frame_01407.pt,0,school of fish
./dataset/tensors\school of fish_frame_01408.pt,0,school of fish
./dataset/tensors\school of fish_frame_01409.pt,0,school of fish
./dataset/tensors\school of fish_frame_01410.pt,0,school of fish
./dataset/tensors\sea turtle_frame_01411.pt,0,sea turtle
./dataset/tensors\sea turtle_frame_01412.pt,0,sea turtle
./dataset/tensors\sea turtle_frame_01413.pt,0,sea turtle
./dataset/tensors\sea turtle_frame_01414.pt,0,sea turtle
./dataset/tensors\sea turtle_frame_01415.pt,0,sea turtle
./dataset/tensors\sea turtle_frame_01416.pt,0,sea turtle
./dataset/tensors\sea turtle_frame_01417.pt,0,sea turtle
./dataset/tensors\sea turtle_frame_01418.pt,0,sea turtle
./dataset/tensors\sea turtle_frame_01419.pt,0,sea turtle
./dataset/tensors\sea turtle_frame_01420.pt,0,sea turtle
./dataset/tensors\sea turtle_frame_01421.pt,0,sea turtle
./dataset/tensors\slowmo hand olding_frame_01422.pt,0,slowmo hand olding
./dataset/tensors\slowmo hand olding_frame_01423.pt,0,slowmo hand olding
./dataset/tensors\slowmo hand olding_frame_01424.pt,0,slowmo hand olding
./dataset/tensors\slowmo hand olding_frame_01425.pt,0,slowmo hand olding
./dataset/tensors\slowmo hand olding_frame_01426.pt,0,slowmo hand olding
./dataset/tensors\slowmo hand olding_frame_01427.pt,0,slowmo hand olding
./dataset/tensors\slowmo hand olding_frame_01428.pt,0,slowmo hand olding
./dataset/tensors\slowmo hand olding_frame_01429.pt,0,slowmo hand olding
./dataset/tensors\slowmo hand olding_frame_01430.pt,0,slowmo hand olding
./dataset/tensors\slowmo hand olding_frame_01431.pt,0,slowmo hand olding
./dataset/tensors\slowmo hand olding_frame_01432.pt,0,slowmo hand olding
./dataset/tensors\slowmo hand olding_frame_01433.pt,0,slowmo hand olding
./dataset/tensors\slowmo hand olding_frame_01434.pt,0,slowmo hand olding
./dataset/tensors\slowmo hand olding_frame_01435.pt,0,slowmo hand olding
./dataset/tensors\slowmo hand olding_frame_01436.pt,0,slowmo hand olding
./dataset/tensors\slowmo hand olding_frame_01437.pt,0,slowmo hand olding
./dataset/tensors\slowmo hand olding_frame_01438.pt,0,slowmo hand olding
./dataset/tensors\sppeedbump_frame_01439.pt,0,sppeedbump
./dataset/tensors\sppeedbump_frame_01440.pt,0,sppeedbump
./dataset/tensors\sppeedbump_frame_01441.pt,0,sppeedbump
./dataset/tensors\sppeedbump_frame_01442.pt,0,sppeedbump
./dataset/tensors\sppeedbump_frame_01443.pt,0,sppeedbump
./dataset/tensors\sppeedbump_frame_01444.pt,0,sppeedbump
./dataset/tensors\sppeedbump_frame_01445.pt,0,sppeedbump
./dataset/tensors\sppeedbump_frame_01446.pt,0,sppeedbump
./dataset/tensors\sppeedbump_frame_01447.pt,0,sppeedbump
./dataset/tensors\sppeedbump_frame_01448.pt,0,sppeedbump
./dataset/tensors\sppeedbump_frame_01449.pt,0,sppeedbump
./dataset/tensors\sppeedbump_frame_01450.pt,0,sppeedbump
./dataset/tensors\sppeedbump_frame_01451.pt,0,sppeedbump
./dataset/tensors\sppeedbump_frame_01452.pt,0,sppeedbump
./dataset/tensors\sppeedbump_frame_01453.pt,0,sppeedbump
./dataset/tensors\timelapse flowers_frame_01454.pt,0,timelapse flowers
./dataset/tensors\timelapse flowers_frame_01455.pt,0,timelapse flowers
./dataset/tensors\timelapse flowers_frame_01456.pt,0,timelapse flowers
./dataset/tensors\timelapse flowers_frame_01457.pt,0,timelapse flowers
./dataset/tensors\timelapse flowers_frame_01458.pt,0,timelapse flowers
./dataset/tensors\timelapse flowers_frame_01459.pt,0,timelapse flowers
./dataset/tensors\timelapse flowers_frame_01460.pt,0,timelapse flowers
./dataset/tensors\timelapse flowers_frame_01461.pt,0,timelapse flowers
./dataset/tensors\timelapse flowers_frame_01462.pt,0,timelapse flowers
./dataset/tensors\timelapse flowers_frame_01463.pt,0,timelapse flowers
./dataset/tensors\timelapse flowers_frame_01464.pt,0,timelapse flowers
./dataset/tensors\timelapse flowers_frame_01465.pt,0,timelapse flowers
./dataset/tensors\timelapse flowers_frame_01466.pt,0,timelapse flowers
./dataset/tensors\Transit ticketing_frame_01467.pt,0,Transit ticketing
./dataset/tensors\Transit ticketing_frame_01468.pt,0,Transit ticketing
./dataset/tensors\Transit ticketing_frame_01469.pt,0,Transit ticketing
./dataset/tensors\Transit ticketing_frame_01470.pt,0,Transit ticketing
./dataset/tensors\Transit ticketing_frame_01471.pt,0,Transit ticketing
./dataset/tensors\Transit ticketing_frame_01472.pt,0,Transit ticketing
./dataset/tensors\Transit ticketing_frame_01473.pt,0,Transit ticketing
./dataset/tensors\Transit ticketing_frame_01474.pt,0,Transit ticketing
./dataset/tensors\Transit ticketing_frame_01475.pt,0,Transit ticketing
./dataset/tensors\Transit ticketing_frame_01476.pt,0,Transit ticketing
./dataset/tensors\Transit ticketing_frame_01477.pt,0,Transit ticketing
./dataset/tensors\Transit ticketing_frame_01478.pt,0,Transit ticketing
./dataset/tensors\Transit ticketing_frame_01479.pt,0,Transit ticketing
./dataset/tensors\Transit ticketing_frame_01480.pt,0,Transit ticketing
./dataset/tensors\Transit ticketing_frame_01481.pt,0,Transit ticketing
./dataset/tensors\trump_frame_01482.pt,0,trump
./dataset/tensors\trump_frame_01483.pt,0,trump
./dataset/tensors\trump_frame_01484.pt,0,trump
./dataset/tensors\trump_frame_01485.pt,0,trump
./dataset/tensors\trump_frame_01486.pt,0,trump
./dataset/tensors\trump_frame_01487.pt,0,trump
./dataset/tensors\trump_frame_01488.pt,0,trump
./dataset/tensors\trump_frame_01489.pt,0,trump
./dataset/tensors\trump_frame_01490.pt,0,trump
./dataset/tensors\trump_frame_01491.pt,0,trump
./dataset/tensors\trump_frame_01492.pt,0,trump
./dataset/tensors\trump_frame_01493.pt,0,trump
./dataset/tensors\trump_frame_01494.pt,0,trump
./dataset/tensors\trump_frame_01495.pt,0,trump
./dataset/tensors\trump_frame_01496.pt,0,trump
./dataset/tensors\trump_frame_01497.pt,0,trump
./dataset/tensors\trump_frame_01498.pt,0,trump
./dataset/tensors\trump_frame_01499.pt,0,trump
./dataset/tensors\trump_frame_01500.pt,0,trump
./dataset/tensors\trump_frame_01501.pt,0,trump
./dataset/tensors\trump_frame_01502.pt,0,trump
./dataset/tensors\trump_frame_01503.pt,0,trump
./dataset/tensors\water fountain_frame_01504.pt,0,water fountain
./dataset/tensors\water fountain_frame_01505.pt,0,water fountain
./dataset/tensors\water fountain_frame_01506.pt,0,water fountain
./dataset/tensors\water fountain_frame_01507.pt,0,water fountain
./dataset/tensors\water fountain_frame_01508.pt,0,water fountain
./dataset/tensors\water fountain_frame_01509.pt,0,water fountain
./dataset/tensors\water fountain_frame_01510.pt,0,water fountain
./dataset/tensors\water fountain_frame_01511.pt,0,water fountain
./dataset/tensors\water fountain_frame_01512.pt,0,water fountain
./dataset/tensors\water fountain_frame_01513.pt,0,water fountain
./dataset/tensors\water fountain_frame_01514.pt,0,water fountain
./dataset/tensors\water fountain_frame_01515.pt,0,water fountain
./dataset/tensors\waves_frame_01516.pt,0,waves
./dataset/tensors\waves_frame_01517.pt,0,waves
./dataset/tensors\waves_frame_01518.pt,0,waves
./dataset/tensors\waves_frame_01519.pt,0,waves
./dataset/tensors\waves_frame_01520.pt,0,waves
./dataset/tensors\waves_frame_01521.pt,0,waves
./dataset/tensors\waves_frame_01522.pt,0,waves
./dataset/tensors\waves_frame_01523.pt,0,waves
./dataset/tensors\waves_frame_01524.pt,0,waves
./dataset/tensors\waves_frame_01525.pt,0,waves
./dataset/tensors\waves_frame_01526.pt,0,waves
./dataset/tensors\waves_frame_01527.pt,0,waves
./dataset/tensors\waves_frame_01528.pt,0,waves
./dataset/tensors\waves_frame_01529.pt,0,waves
./dataset/tensors\waves_frame_01530.pt,0,waves
./dataset/tensors\waves_frame_01531.pt,0,waves
./dataset/tensors\waves_frame_01532.pt,0,waves
./dataset/tensors\waves_frame_01533.pt,0,waves
./dataset/tensors\waves_frame_01534.pt,0,waves
./dataset/tensors\waves_frame_01535.pt,0,waves
./dataset/tensors\waves_frame_01536.pt,0,waves
./dataset/tensors\waves_frame_01537.pt,0,waves
./dataset/tensors\waves_frame_01538.pt,0,waves
./dataset/tensors\waves_frame_01539.pt,0,waves
./dataset/tensors\waves_frame_01540.pt,0,waves
./dataset/tensors\waves_frame_01541.pt,0,waves
./dataset/tensors\whale underwater_frame_01542.pt,0,whale underwater
./dataset/tensors\whale underwater_frame_01543.pt,0,whale underwater
./dataset/tensors\whale underwater_frame_01544.pt,0,whale underwater
./dataset/tensors\whale underwater_frame_01545.pt,0,whale underwater
./dataset/tensors\whale underwater_frame_01546.pt,0,whale underwater
./dataset/tensors\whale underwater_frame_01547.pt,0,whale underwater
./dataset/tensors\whale underwater_frame_01548.pt,0,whale underwater
./dataset/tensors\whale underwater_frame_01549.pt,0,whale underwater
./dataset/tensors\whale underwater_frame_01550.pt,0,whale underwater
./dataset/tensors\whale underwater_frame_01551.pt,0,whale underwater
./dataset/tensors\whale underwater_frame_01552.pt,0,whale underwater
./dataset/tensors\whale underwater_frame_01553.pt,0,whale underwater
./dataset/tensors\whale underwater_frame_01554.pt,0,whale underwater
./dataset/tensors\whale underwater_frame_01555.pt,0,whale underwater
./dataset/tensors\whale underwater_frame_01556.pt,0,whale underwater
./dataset/tensors\whale underwater_frame_01557.pt,0,whale underwater
./dataset/tensors\whale underwater_frame_01558.pt,0,whale underwater
./dataset/tensors\whale underwater_frame_01559.pt,0,whale underwater
./dataset/tensors\whale underwater_frame_01560.pt,0,whale underwater
./dataset/tensors\whale underwater_frame_01561.pt,0,whale underwater
./dataset/tensors\whale underwater_frame_01562.pt,0,whale underwater
./dataset/tensors\whale underwater_frame_01563.pt,0,whale underwater
./dataset/tensors\whale underwater_frame_01564.pt,0,whale underwater
./dataset/tensors\whale underwater_frame_01565.pt,0,whale underwater
./dataset/tensors\whale underwater_frame_01566.pt,0,whale underwater
./dataset/tensors\whale underwater_frame_01567.pt,0,whale underwater
./dataset/tensors\whale underwater_frame_01568.pt,0,whale underwater
./dataset/tensors\whale underwater_frame_01569.pt,0,whale underwater
./dataset/tensors\whale underwater_frame_01570.pt,0,whale underwater
./dataset/tensors\whale underwater_frame_01571.pt,0,whale underwater
./dataset/tensors\whale underwater_frame_01572.pt,0,whale underwater
./dataset/tensors\whale underwater_frame_01573.pt,0,whale underwater
./dataset/tensors\whale underwater_frame_01574.pt,0,whale underwater
./dataset/tensors\whale underwater_frame_01575.pt,0,whale underwater
./dataset/tensors\whale underwater_frame_01576.pt,0,whale underwater
./dataset/tensors\whale underwater_frame_01577.pt,0,whale underwater
./dataset/tensors\whale underwater_frame_01578.pt,0,whale underwater
./dataset/tensors\whale underwater_frame_01579.pt,0,whale underwater
./dataset/tensors\whale underwater_frame_01580.pt,0,whale underwater
./dataset/tensors\whale underwater_frame_01581.pt,0,whale underwater
./dataset/tensors\whale underwater_frame_01582.pt,0,whale underwater
./dataset/tensors\whale underwater_frame_01583.pt,0,whale underwater
./dataset/tensors\whale underwater_frame_01584.pt,0,whale underwater
./dataset/tensors\whale underwater_frame_01585.pt,0,whale underwater
./dataset/tensors\whale underwater_frame_01586.pt,0,whale underwater
./dataset/tensors\whale underwater_frame_01587.pt,0,whale underwater
./dataset/tensors\whale underwater_frame_01588.pt,0,whale underwater
./dataset/tensors\whale underwater_frame_01589.pt,0,whale underwater
./dataset/tensors\whale underwater_frame_01590.pt,0,whale underwater
./dataset/tensors\whale underwater_frame_01591.pt,0,whale underwater
./dataset/tensors\whale underwater_frame_01592.pt,0,whale underwater
./dataset/tensors\whale underwater_frame_01593.pt,0,whale underwater
./dataset/tensors\whale underwater_frame_01594.pt,0,whale underwater
./dataset/tensors\whale underwater_frame_01595.pt,0,whale underwater
./dataset/tensors\whale underwater_frame_01596.pt,0,whale underwater
./dataset/tensors\whale underwater_frame_01597.pt,0,whale underwater
./dataset/tensors\whale underwater_frame_01598.pt,0,whale underwater
./dataset/tensors\whale underwater_frame_01599.pt,0,whale underwater
./dataset/tensors\whale underwater_frame_01600.pt,0,whale underwater
./dataset/tensors\whale underwater_frame_01601.pt,0,whale underwater
./dataset/tensors\whale underwater_frame_01602.pt,0,whale underwater
./dataset/tensors\whale underwater_frame_01603.pt,0,whale underwater
./dataset/tensors\whale underwater_frame_01604.pt,0,whale underwater
./dataset/tensors\whale underwater_frame_01605.pt,0,whale underwater
./dataset/tensors\whale underwater_frame_01606.pt,0,whale underwater
./dataset/tensors\wheat in the wind_frame_01607.pt,0,wheat in the wind
./dataset/tensors\wheat in the wind_frame_01608.pt,0,wheat in the wind
./dataset/tensors\wheat in the wind_frame_01609.pt,0,wheat in the wind
./dataset/tensors\wheat in the wind_frame_01610.pt,0,wheat in the wind
./dataset/tensors\wheat in the wind_frame_01611.pt,0,wheat in the wind
./dataset/tensors\wheat in the wind_frame_01612.pt,0,wheat in the wind
./dataset/tensors\wheat in the wind_frame_01613.pt,0,wheat in the wind
./dataset/tensors\wheat in the wind_frame_01614.pt,0,wheat in the wind
./dataset/tensors\wheat in the wind_frame_01615.pt,0,wheat in the wind
./dataset/tensors\wheat in the wind_frame_01616.pt,0,wheat in the wind
./dataset/tensors\wheat in the wind_frame_01617.pt,0,wheat in the wind
./dataset/tensors\wheat in the wind_frame_01618.pt,0,wheat in the wind
./dataset/tensors\wolf_frame_01619.pt,0,wolf
./dataset/tensors\wolf_frame_01620.pt,0,wolf
./dataset/tensors\wolf_frame_01621.pt,0,wolf
./dataset/tensors\wolf_frame_01622.pt,0,wolf
./dataset/tensors\wolf_frame_01623.pt,0,wolf
./dataset/tensors\wolf_frame_01624.pt,0,wolf
./dataset/tensors\wolf_frame_01625.pt,0,wolf
./dataset/tensors\wolf_frame_01626.pt,0,wolf
./dataset/tensors\wolf_frame_01627.pt,0,wolf
./dataset/tensors\wolf_frame_01628.pt,0,wolf
./dataset/tensors\wolf_frame_01629.pt,0,wolf
./dataset/tensors\wolf_frame_01630.pt,0,wolf
./dataset/tensors\7687815-uhd_4096_2160_24fps_frame_01631.pt,1,7687815-uhd_4096_2160_24fps
./dataset/tensors\7687815-uhd_4096_2160_24fps_frame_01632.pt,1,7687815-uhd_4096_2160_24fps
./dataset/tensors\7687815-uhd_4096_2160_24fps_frame_01633.pt,1,7687815-uhd_4096_2160_24fps
./dataset/tensors\7687815-uhd_4096_2160_24fps_frame_01634.pt,1,7687815-uhd_4096_2160_24fps
./dataset/tensors\7687815-uhd_4096_2160_24fps_frame_01635.pt,1,7687815-uhd_4096_2160_24fps
./dataset/tensors\7687815-uhd_4096_2160_24fps_frame_01636.pt,1,7687815-uhd_4096_2160_24fps
./dataset/tensors\7687815-uhd_4096_2160_24fps_frame_01637.pt,1,7687815-uhd_4096_2160_24fps
./dataset/tensors\7687815-uhd_4096_2160_24fps_frame_01638.pt,1,7687815-uhd_4096_2160_24fps
./dataset/tensors\7687815-uhd_4096_2160_24fps_frame_01639.pt,1,7687815-uhd_4096_2160_24fps
./dataset/tensors\7687815-uhd_4096_2160_24fps_frame_01640.pt,1,7687815-uhd_4096_2160_24fps
./dataset/tensors\7687815-uhd_4096_2160_24fps_frame_01641.pt,1,7687815-uhd_4096_2160_24fps
./dataset/tensors\7687815-uhd_4096_2160_24fps_frame_01642.pt,1,7687815-uhd_4096_2160_24fps
./dataset/tensors\7687815-uhd_4096_2160_24fps_frame_01643.pt,1,7687815-uhd_4096_2160_24fps
./dataset/tensors\7687815-uhd_4096_2160_24fps_frame_01644.pt,1,7687815-uhd_4096_2160_24fps
./dataset/tensors\7687815-uhd_4096_2160_24fps_frame_01645.pt,1,7687815-uhd_4096_2160_24fps
./dataset/tensors\7687815-uhd_4096_2160_24fps_frame_01646.pt,1,7687815-uhd_4096_2160_24fps
./dataset/tensors\7687815-uhd_4096_2160_24fps_frame_01647.pt,1,7687815-uhd_4096_2160_24fps
./dataset/tensors\7687815-uhd_4096_2160_24fps_frame_01648.pt,1,7687815-uhd_4096_2160_24fps
./dataset/tensors\7687815-uhd_4096_2160_24fps_frame_01649.pt,1,7687815-uhd_4096_2160_24fps
./dataset/tensors\7687815-uhd_4096_2160_24fps_frame_01650.pt,1,7687815-uhd_4096_2160_24fps
./dataset/tensors\7687815-uhd_4096_2160_24fps_frame_01651.pt,1,7687815-uhd_4096_2160_24fps
./dataset/tensors\7687815-uhd_4096_2160_24fps_frame_01652.pt,1,7687815-uhd_4096_2160_24fps
./dataset/tensors\7687815-uhd_4096_2160_24fps_frame_01653.pt,1,7687815-uhd_4096_2160_24fps
./dataset/tensors\7687815-uhd_4096_2160_24fps_frame_01654.pt,1,7687815-uhd_4096_2160_24fps
./dataset/tensors\7687815-uhd_4096_2160_24fps_frame_01655.pt,1,7687815-uhd_4096_2160_24fps
./dataset/tensors\7687815-uhd_4096_2160_24fps_frame_01656.pt,1,7687815-uhd_4096_2160_24fps
./dataset/tensors\7687815-uhd_4096_2160_24fps_frame_01657.pt,1,7687815-uhd_4096_2160_24fps
./dataset/tensors\7687815-uhd_4096_2160_24fps_frame_01658.pt,1,7687815-uhd_4096_2160_24fps
./dataset/tensors\7687815-uhd_4096_2160_24fps_frame_01659.pt,1,7687815-uhd_4096_2160_24fps
./dataset/tensors\7687815-uhd_4096_2160_24fps_frame_01660.pt,1,7687815-uhd_4096_2160_24fps
./dataset/tensors\7687815-uhd_4096_2160_24fps_frame_01661.pt,1,7687815-uhd_4096_2160_24fps
./dataset/tensors\7687815-uhd_4096_2160_24fps_frame_01662.pt,1,7687815-uhd_4096_2160_24fps
./dataset/tensors\7687815-uhd_4096_2160_24fps_frame_01663.pt,1,7687815-uhd_4096_2160_24fps
./dataset/tensors\7687815-uhd_4096_2160_24fps_frame_01664.pt,1,7687815-uhd_4096_2160_24fps
./dataset/tensors\7687815-uhd_4096_2160_24fps_frame_01665.pt,1,7687815-uhd_4096_2160_24fps
./dataset/tensors\7687815-uhd_4096_2160_24fps_frame_01666.pt,1,7687815-uhd_4096_2160_24fps
./dataset/tensors\7687815-uhd_4096_2160_24fps_frame_01667.pt,1,7687815-uhd_4096_2160_24fps
./dataset/tensors\7687815-uhd_4096_2160_24fps_frame_01668.pt,1,7687815-uhd_4096_2160_24fps
./dataset/tensors\7688849-uhd_4096_2160_24fps_frame_01669.pt,1,7688849-uhd_4096_2160_24fps
./dataset/tensors\7688849-uhd_4096_2160_24fps_frame_01670.pt,1,7688849-uhd_4096_2160_24fps
./dataset/tensors\7688849-uhd_4096_2160_24fps_frame_01671.pt,1,7688849-uhd_4096_2160_24fps
./dataset/tensors\7688849-uhd_4096_2160_24fps_frame_01672.pt,1,7688849-uhd_4096_2160_24fps
./dataset/tensors\7688849-uhd_4096_2160_24fps_frame_01673.pt,1,7688849-uhd_4096_2160_24fps
./dataset/tensors\7688849-uhd_4096_2160_24fps_frame_01674.pt,1,7688849-uhd_4096_2160_24fps
./dataset/tensors\7688849-uhd_4096_2160_24fps_frame_01675.pt,1,7688849-uhd_4096_2160_24fps
./dataset/tensors\7688849-uhd_4096_2160_24fps_frame_01676.pt,1,7688849-uhd_4096_2160_24fps
./dataset/tensors\7688849-uhd_4096_2160_24fps_frame_01677.pt,1,7688849-uhd_4096_2160_24fps
./dataset/tensors\7688849-uhd_4096_2160_24fps_frame_01678.pt,1,7688849-uhd_4096_2160_24fps
./dataset/tensors\7688849-uhd_4096_2160_24fps_frame_01679.pt,1,7688849-uhd_4096_2160_24fps
./dataset/tensors\7688849-uhd_4096_2160_24fps_frame_01680.pt,1,7688849-uhd_4096_2160_24fps
./dataset/tensors\7688849-uhd_4096_2160_24fps_frame_01681.pt,1,7688849-uhd_4096_2160_24fps
./dataset/tensors\7688849-uhd_4096_2160_24fps_frame_01682.pt,1,7688849-uhd_4096_2160_24fps
./dataset/tensors\7688849-uhd_4096_2160_24fps_frame_01683.pt,1,7688849-uhd_4096_2160_24fps
./dataset/tensors\7688849-uhd_4096_2160_24fps_frame_01684.pt,1,7688849-uhd_4096_2160_24fps
./dataset/tensors\7688849-uhd_4096_2160_24fps_frame_01685.pt,1,7688849-uhd_4096_2160_24fps
./dataset/tensors\7688849-uhd_4096_2160_24fps_frame_01686.pt,1,7688849-uhd_4096_2160_24fps
./dataset/tensors\7688849-uhd_4096_2160_24fps_frame_01687.pt,1,7688849-uhd_4096_2160_24fps
./dataset/tensors\7688849-uhd_4096_2160_24fps_frame_01688.pt,1,7688849-uhd_4096_2160_24fps
./dataset/tensors\7688849-uhd_4096_2160_24fps_frame_01689.pt,1,7688849-uhd_4096_2160_24fps
./dataset/tensors\7688849-uhd_4096_2160_24fps_frame_01690.pt,1,7688849-uhd_4096_2160_24fps
./dataset/tensors\7688849-uhd_4096_2160_24fps_frame_01691.pt,1,7688849-uhd_4096_2160_24fps
./dataset/tensors\7688849-uhd_4096_2160_24fps_frame_01692.pt,1,7688849-uhd_4096_2160_24fps
./dataset/tensors\7688849-uhd_4096_2160_24fps_frame_01693.pt,1,7688849-uhd_4096_2160_24fps
./dataset/tensors\7688849-uhd_4096_2160_24fps_frame_01694.pt,1,7688849-uhd_4096_2160_24fps
./dataset/tensors\7688849-uhd_4096_2160_24fps_frame_01695.pt,1,7688849-uhd_4096_2160_24fps
./dataset/tensors\7688849-uhd_4096_2160_24fps_frame_01696.pt,1,7688849-uhd_4096_2160_24fps
./dataset/tensors\7688849-uhd_4096_2160_24fps_frame_01697.pt,1,7688849-uhd_4096_2160_24fps
./dataset/tensors\7688849-uhd_4096_2160_24fps_frame_01698.pt,1,7688849-uhd_4096_2160_24fps
./dataset/tensors\8720761-uhd_2160_4096_25fps_frame_01699.pt,1,8720761-uhd_2160_4096_25fps
./dataset/tensors\8720761-uhd_2160_4096_25fps_frame_01700.pt,1,8720761-uhd_2160_4096_25fps
./dataset/tensors\8720761-uhd_2160_4096_25fps_frame_01701.pt,1,8720761-uhd_2160_4096_25fps
./dataset/tensors\8720761-uhd_2160_4096_25fps_frame_01702.pt,1,8720761-uhd_2160_4096_25fps
./dataset/tensors\8720761-uhd_2160_4096_25fps_frame_01703.pt,1,8720761-uhd_2160_4096_25fps
./dataset/tensors\8720761-uhd_2160_4096_25fps_frame_01704.pt,1,8720761-uhd_2160_4096_25fps
./dataset/tensors\8720761-uhd_2160_4096_25fps_frame_01705.pt,1,8720761-uhd_2160_4096_25fps
./dataset/tensors\8720761-uhd_2160_4096_25fps_frame_01706.pt,1,8720761-uhd_2160_4096_25fps
./dataset/tensors\8720761-uhd_2160_4096_25fps_frame_01707.pt,1,8720761-uhd_2160_4096_25fps
./dataset/tensors\8720761-uhd_2160_4096_25fps_frame_01708.pt,1,8720761-uhd_2160_4096_25fps
./dataset/tensors\8720761-uhd_2160_4096_25fps_frame_01709.pt,1,8720761-uhd_2160_4096_25fps
./dataset/tensors\8720761-uhd_2160_4096_25fps_frame_01710.pt,1,8720761-uhd_2160_4096_25fps
./dataset/tensors\8720761-uhd_2160_4096_25fps_frame_01711.pt,1,8720761-uhd_2160_4096_25fps
./dataset/tensors\8720761-uhd_2160_4096_25fps_frame_01712.pt,1,8720761-uhd_2160_4096_25fps
./dataset/tensors\8720761-uhd_2160_4096_25fps_frame_01713.pt,1,8720761-uhd_2160_4096_25fps
./dataset/tensors\8720761-uhd_2160_4096_25fps_frame_01714.pt,1,8720761-uhd_2160_4096_25fps
./dataset/tensors\8720761-uhd_2160_4096_25fps_frame_01715.pt,1,8720761-uhd_2160_4096_25fps
./dataset/tensors\8720761-uhd_2160_4096_25fps_frame_01716.pt,1,8720761-uhd_2160_4096_25fps
./dataset/tensors\8720761-uhd_2160_4096_25fps_frame_01717.pt,1,8720761-uhd_2160_4096_25fps
./dataset/tensors\8720761-uhd_2160_4096_25fps_frame_01718.pt,1,8720761-uhd_2160_4096_25fps
./dataset/tensors\8720761-uhd_2160_4096_25fps_frame_01719.pt,1,8720761-uhd_2160_4096_25fps
./dataset/tensors\8720761-uhd_2160_4096_25fps_frame_01720.pt,1,8720761-uhd_2160_4096_25fps
./dataset/tensors\8720761-uhd_2160_4096_25fps_frame_01721.pt,1,8720761-uhd_2160_4096_25fps
./dataset/tensors\8720761-uhd_2160_4096_25fps_frame_01722.pt,1,8720761-uhd_2160_4096_25fps
./dataset/tensors\8720761-uhd_2160_4096_25fps_frame_01723.pt,1,8720761-uhd_2160_4096_25fps
./dataset/tensors\8720761-uhd_2160_4096_25fps_frame_01724.pt,1,8720761-uhd_2160_4096_25fps
./dataset/tensors\8720761-uhd_2160_4096_25fps_frame_01725.pt,1,8720761-uhd_2160_4096_25fps
./dataset/tensors\8720761-uhd_2160_4096_25fps_frame_01726.pt,1,8720761-uhd_2160_4096_25fps
./dataset/tensors\8720761-uhd_2160_4096_25fps_frame_01727.pt,1,8720761-uhd_2160_4096_25fps
./dataset/tensors\8720761-uhd_2160_4096_25fps_frame_01728.pt,1,8720761-uhd_2160_4096_25fps
./dataset/tensors\8720761-uhd_2160_4096_25fps_frame_01729.pt,1,8720761-uhd_2160_4096_25fps
./dataset/tensors\8720761-uhd_2160_4096_25fps_frame_01730.pt,1,8720761-uhd_2160_4096_25fps
./dataset/tensors\8720761-uhd_2160_4096_25fps_frame_01731.pt,1,8720761-uhd_2160_4096_25fps
./dataset/tensors\8720761-uhd_2160_4096_25fps_frame_01732.pt,1,8720761-uhd_2160_4096_25fps
./dataset/tensors\8720761-uhd_2160_4096_25fps_frame_01733.pt,1,8720761-uhd_2160_4096_25fps
./dataset/tensors\8720761-uhd_2160_4096_25fps_frame_01734.pt,1,8720761-uhd_2160_4096_25fps
./dataset/tensors\8720761-uhd_2160_4096_25fps_frame_01735.pt,1,8720761-uhd_2160_4096_25fps
./dataset/tensors\8720761-uhd_2160_4096_25fps_frame_01736.pt,1,8720761-uhd_2160_4096_25fps
./dataset/tensors\8720761-uhd_2160_4096_25fps_frame_01737.pt,1,8720761-uhd_2160_4096_25fps
./dataset/tensors\8720761-uhd_2160_4096_25fps_frame_01738.pt,1,8720761-uhd_2160_4096_25fps
./dataset/tensors\8720761-uhd_2160_4096_25fps_frame_01739.pt,1,8720761-uhd_2160_4096_25fps
./dataset/tensors\8720761-uhd_2160_4096_25fps_frame_01740.pt,1,8720761-uhd_2160_4096_25fps
./dataset/tensors\8720761-uhd_2160_4096_25fps_frame_01741.pt,1,8720761-uhd_2160_4096_25fps
./dataset/tensors\8720761-uhd_2160_4096_25fps_frame_01742.pt,1,8720761-uhd_2160_4096_25fps
./dataset/tensors\8720761-uhd_2160_4096_25fps_frame_01743.pt,1,8720761-uhd_2160_4096_25fps
./dataset/tensors\8720761-uhd_2160_4096_25fps_frame_01744.pt,1,8720761-uhd_2160_4096_25fps
./dataset/tensors\8720761-uhd_2160_4096_25fps_frame_01745.pt,1,8720761-uhd_2160_4096_25fps
./dataset/tensors\8720761-uhd_2160_4096_25fps_frame_01746.pt,1,8720761-uhd_2160_4096_25fps
./dataset/tensors\8720761-uhd_2160_4096_25fps_frame_01747.pt,1,8720761-uhd_2160_4096_25fps
./dataset/tensors\8720761-uhd_2160_4096_25fps_frame_01748.pt,1,8720761-uhd_2160_4096_25fps
./dataset/tensors\8720761-uhd_2160_4096_25fps_frame_01749.pt,1,8720761-uhd_2160_4096_25fps
./dataset/tensors\8720761-uhd_2160_4096_25fps_frame_01750.pt,1,8720761-uhd_2160_4096_25fps
./dataset/tensors\8720761-uhd_2160_4096_25fps_frame_01751.pt,1,8720761-uhd_2160_4096_25fps
./dataset/tensors\8720761-uhd_2160_4096_25fps_frame_01752.pt,1,8720761-uhd_2160_4096_25fps
./dataset/tensors\8720761-uhd_2160_4096_25fps_frame_01753.pt,1,8720761-uhd_2160_4096_25fps
./dataset/tensors\8720761-uhd_2160_4096_25fps_frame_01754.pt,1,8720761-uhd_2160_4096_25fps
./dataset/tensors\8720761-uhd_2160_4096_25fps_frame_01755.pt,1,8720761-uhd_2160_4096_25fps
./dataset/tensors\8720761-uhd_2160_4096_25fps_frame_01756.pt,1,8720761-uhd_2160_4096_25fps
./dataset/tensors\8720761-uhd_2160_4096_25fps_frame_01757.pt,1,8720761-uhd_2160_4096_25fps
./dataset/tensors\8720761-uhd_2160_4096_25fps_frame_01758.pt,1,8720761-uhd_2160_4096_25fps
./dataset/tensors\8720761-uhd_2160_4096_25fps_frame_01759.pt,1,8720761-uhd_2160_4096_25fps
./dataset/tensors\8720761-uhd_2160_4096_25fps_frame_01760.pt,1,8720761-uhd_2160_4096_25fps
./dataset/tensors\8720761-uhd_2160_4096_25fps_frame_01761.pt,1,8720761-uhd_2160_4096_25fps
./dataset/tensors\8720761-uhd_2160_4096_25fps_frame_01762.pt,1,8720761-uhd_2160_4096_25fps
./dataset/tensors\8720761-uhd_2160_4096_25fps_frame_01763.pt,1,8720761-uhd_2160_4096_25fps
./dataset/tensors\8720761-uhd_2160_4096_25fps_frame_01764.pt,1,8720761-uhd_2160_4096_25fps
./dataset/tensors\8720761-uhd_2160_4096_25fps_frame_01765.pt,1,8720761-uhd_2160_4096_25fps
./dataset/tensors\8721651-uhd_4096_2160_25fps_frame_01766.pt,1,8721651-uhd_4096_2160_25fps
./dataset/tensors\8721651-uhd_4096_2160_25fps_frame_01767.pt,1,8721651-uhd_4096_2160_25fps
./dataset/tensors\8721651-uhd_4096_2160_25fps_frame_01768.pt,1,8721651-uhd_4096_2160_25fps
./dataset/tensors\8721651-uhd_4096_2160_25fps_frame_01769.pt,1,8721651-uhd_4096_2160_25fps
./dataset/tensors\8721651-uhd_4096_2160_25fps_frame_01770.pt,1,8721651-uhd_4096_2160_25fps
./dataset/tensors\8721651-uhd_4096_2160_25fps_frame_01771.pt,1,8721651-uhd_4096_2160_25fps
./dataset/tensors\8721651-uhd_4096_2160_25fps_frame_01772.pt,1,8721651-uhd_4096_2160_25fps
./dataset/tensors\8721651-uhd_4096_2160_25fps_frame_01773.pt,1,8721651-uhd_4096_2160_25fps
./dataset/tensors\8721651-uhd_4096_2160_25fps_frame_01774.pt,1,8721651-uhd_4096_2160_25fps
./dataset/tensors\8721651-uhd_4096_2160_25fps_frame_01775.pt,1,8721651-uhd_4096_2160_25fps
./dataset/tensors\8721651-uhd_4096_2160_25fps_frame_01776.pt,1,8721651-uhd_4096_2160_25fps
./dataset/tensors\8721651-uhd_4096_2160_25fps_frame_01777.pt,1,8721651-uhd_4096_2160_25fps
./dataset/tensors\8721651-uhd_4096_2160_25fps_frame_01778.pt,1,8721651-uhd_4096_2160_25fps
./dataset/tensors\8721651-uhd_4096_2160_25fps_frame_01779.pt,1,8721651-uhd_4096_2160_25fps
./dataset/tensors\8721651-uhd_4096_2160_25fps_frame_01780.pt,1,8721651-uhd_4096_2160_25fps
./dataset/tensors\8721651-uhd_4096_2160_25fps_frame_01781.pt,1,8721651-uhd_4096_2160_25fps
./dataset/tensors\8721651-uhd_4096_2160_25fps_frame_01782.pt,1,8721651-uhd_4096_2160_25fps
./dataset/tensors\8721651-uhd_4096_2160_25fps_frame_01783.pt,1,8721651-uhd_4096_2160_25fps
./dataset/tensors\8721651-uhd_4096_2160_25fps_frame_01784.pt,1,8721651-uhd_4096_2160_25fps
./dataset/tensors\8721651-uhd_4096_2160_25fps_frame_01785.pt,1,8721651-uhd_4096_2160_25fps
./dataset/tensors\8721651-uhd_4096_2160_25fps_frame_01786.pt,1,8721651-uhd_4096_2160_25fps
./dataset/tensors\8721651-uhd_4096_2160_25fps_frame_01787.pt,1,8721651-uhd_4096_2160_25fps
./dataset/tensors\8721651-uhd_4096_2160_25fps_frame_01788.pt,1,8721651-uhd_4096_2160_25fps
./dataset/tensors\8721651-uhd_4096_2160_25fps_frame_01789.pt,1,8721651-uhd_4096_2160_25fps
./dataset/tensors\8721651-uhd_4096_2160_25fps_frame_01790.pt,1,8721651-uhd_4096_2160_25fps
./dataset/tensors\8721651-uhd_4096_2160_25fps_frame_01791.pt,1,8721651-uhd_4096_2160_25fps
./dataset/tensors\8721651-uhd_4096_2160_25fps_frame_01792.pt,1,8721651-uhd_4096_2160_25fps
./dataset/tensors\8721651-uhd_4096_2160_25fps_frame_01793.pt,1,8721651-uhd_4096_2160_25fps
./dataset/tensors\8721651-uhd_4096_2160_25fps_frame_01794.pt,1,8721651-uhd_4096_2160_25fps
./dataset/tensors\8721651-uhd_4096_2160_25fps_frame_01795.pt,1,8721651-uhd_4096_2160_25fps
./dataset/tensors\8721651-uhd_4096_2160_25fps_frame_01796.pt,1,8721651-uhd_4096_2160_25fps
./dataset/tensors\8721651-uhd_4096_2160_25fps_frame_01797.pt,1,8721651-uhd_4096_2160_25fps
./dataset/tensors\8721651-uhd_4096_2160_25fps_frame_01798.pt,1,8721651-uhd_4096_2160_25fps
./dataset/tensors\8721651-uhd_4096_2160_25fps_frame_01799.pt,1,8721651-uhd_4096_2160_25fps
./dataset/tensors\8721651-uhd_4096_2160_25fps_frame_01800.pt,1,8721651-uhd_4096_2160_25fps
./dataset/tensors\8721651-uhd_4096_2160_25fps_frame_01801.pt,1,8721651-uhd_4096_2160_25fps
./dataset/tensors\8721651-uhd_4096_2160_25fps_frame_01802.pt,1,8721651-uhd_4096_2160_25fps
./dataset/tensors\8721651-uhd_4096_2160_25fps_frame_01803.pt,1,8721651-uhd_4096_2160_25fps
./dataset/tensors\8721651-uhd_4096_2160_25fps_frame_01804.pt,1,8721651-uhd_4096_2160_25fps
./dataset/tensors\8721651-uhd_4096_2160_25fps_frame_01805.pt,1,8721651-uhd_4096_2160_25fps
./dataset/tensors\8721651-uhd_4096_2160_25fps_frame_01806.pt,1,8721651-uhd_4096_2160_25fps
./dataset/tensors\8721651-uhd_4096_2160_25fps_frame_01807.pt,1,8721651-uhd_4096_2160_25fps
./dataset/tensors\8721651-uhd_4096_2160_25fps_frame_01808.pt,1,8721651-uhd_4096_2160_25fps
./dataset/tensors\8721651-uhd_4096_2160_25fps_frame_01809.pt,1,8721651-uhd_4096_2160_25fps
./dataset/tensors\8721651-uhd_4096_2160_25fps_frame_01810.pt,1,8721651-uhd_4096_2160_25fps
./dataset/tensors\8721651-uhd_4096_2160_25fps_frame_01811.pt,1,8721651-uhd_4096_2160_25fps
./dataset/tensors\8721651-uhd_4096_2160_25fps_frame_01812.pt,1,8721651-uhd_4096_2160_25fps
./dataset/tensors\8721651-uhd_4096_2160_25fps_frame_01813.pt,1,8721651-uhd_4096_2160_25fps
./dataset/tensors\8721651-uhd_4096_2160_25fps_frame_01814.pt,1,8721651-uhd_4096_2160_25fps
./dataset/tensors\8721651-uhd_4096_2160_25fps_frame_01815.pt,1,8721651-uhd_4096_2160_25fps
./dataset/tensors\8721651-uhd_4096_2160_25fps_frame_01816.pt,1,8721651-uhd_4096_2160_25fps
./dataset/tensors\8721651-uhd_4096_2160_25fps_frame_01817.pt,1,8721651-uhd_4096_2160_25fps
./dataset/tensors\8721651-uhd_4096_2160_25fps_frame_01818.pt,1,8721651-uhd_4096_2160_25fps
./dataset/tensors\8721651-uhd_4096_2160_25fps_frame_01819.pt,1,8721651-uhd_4096_2160_25fps
./dataset/tensors\8721651-uhd_4096_2160_25fps_frame_01820.pt,1,8721651-uhd_4096_2160_25fps
./dataset/tensors\8721651-uhd_4096_2160_25fps_frame_01821.pt,1,8721651-uhd_4096_2160_25fps
./dataset/tensors\8721651-uhd_4096_2160_25fps_frame_01822.pt,1,8721651-uhd_4096_2160_25fps
./dataset/tensors\8721651-uhd_4096_2160_25fps_frame_01823.pt,1,8721651-uhd_4096_2160_25fps
./dataset/tensors\8721651-uhd_4096_2160_25fps_frame_01824.pt,1,8721651-uhd_4096_2160_25fps
./dataset/tensors\8721651-uhd_4096_2160_25fps_frame_01825.pt,1,8721651-uhd_4096_2160_25fps
./dataset/tensors\8721651-uhd_4096_2160_25fps_frame_01826.pt,1,8721651-uhd_4096_2160_25fps
./dataset/tensors\8721651-uhd_4096_2160_25fps_frame_01827.pt,1,8721651-uhd_4096_2160_25fps
./dataset/tensors\8721651-uhd_4096_2160_25fps_frame_01828.pt,1,8721651-uhd_4096_2160_25fps
./dataset/tensors\8721651-uhd_4096_2160_25fps_frame_01829.pt,1,8721651-uhd_4096_2160_25fps
./dataset/tensors\8721651-uhd_4096_2160_25fps_frame_01830.pt,1,8721651-uhd_4096_2160_25fps
./dataset/tensors\8721651-uhd_4096_2160_25fps_frame_01831.pt,1,8721651-uhd_4096_2160_25fps
./dataset/tensors\8721651-uhd_4096_2160_25fps_frame_01832.pt,1,8721651-uhd_4096_2160_25fps
./dataset/tensors\8721651-uhd_4096_2160_25fps_frame_01833.pt,1,8721651-uhd_4096_2160_25fps
./dataset/tensors\8721651-uhd_4096_2160_25fps_frame_01834.pt,1,8721651-uhd_4096_2160_25fps
./dataset/tensors\8721651-uhd_4096_2160_25fps_frame_01835.pt,1,8721651-uhd_4096_2160_25fps
./dataset/tensors\8721651-uhd_4096_2160_25fps_frame_01836.pt,1,8721651-uhd_4096_2160_25fps
./dataset/tensors\8721651-uhd_4096_2160_25fps_frame_01837.pt,1,8721651-uhd_4096_2160_25fps
./dataset/tensors\8721651-uhd_4096_2160_25fps_frame_01838.pt,1,8721651-uhd_4096_2160_25fps
./dataset/tensors\8721651-uhd_4096_2160_25fps_frame_01839.pt,1,8721651-uhd_4096_2160_25fps
./dataset/tensors\8721651-uhd_4096_2160_25fps_frame_01840.pt,1,8721651-uhd_4096_2160_25fps
./dataset/tensors\8721651-uhd_4096_2160_25fps_frame_01841.pt,1,8721651-uhd_4096_2160_25fps
./dataset/tensors\8721651-uhd_4096_2160_25fps_frame_01842.pt,1,8721651-uhd_4096_2160_25fps
./dataset/tensors\8721923-uhd_4096_2160_25fps_frame_01843.pt,1,8721923-uhd_4096_2160_25fps
./dataset/tensors\8721923-uhd_4096_2160_25fps_frame_01844.pt,1,8721923-uhd_4096_2160_25fps
./dataset/tensors\8721923-uhd_4096_2160_25fps_frame_01845.pt,1,8721923-uhd_4096_2160_25fps
./dataset/tensors\8721923-uhd_4096_2160_25fps_frame_01846.pt,1,8721923-uhd_4096_2160_25fps
./dataset/tensors\8721923-uhd_4096_2160_25fps_frame_01847.pt,1,8721923-uhd_4096_2160_25fps
./dataset/tensors\8721923-uhd_4096_2160_25fps_frame_01848.pt,1,8721923-uhd_4096_2160_25fps
./dataset/tensors\8721923-uhd_4096_2160_25fps_frame_01849.pt,1,8721923-uhd_4096_2160_25fps
./dataset/tensors\8721923-uhd_4096_2160_25fps_frame_01850.pt,1,8721923-uhd_4096_2160_25fps
./dataset/tensors\8721923-uhd_4096_2160_25fps_frame_01851.pt,1,8721923-uhd_4096_2160_25fps
./dataset/tensors\8721923-uhd_4096_2160_25fps_frame_01852.pt,1,8721923-uhd_4096_2160_25fps
./dataset/tensors\8721923-uhd_4096_2160_25fps_frame_01853.pt,1,8721923-uhd_4096_2160_25fps
./dataset/tensors\8721923-uhd_4096_2160_25fps_frame_01854.pt,1,8721923-uhd_4096_2160_25fps
./dataset/tensors\8721923-uhd_4096_2160_25fps_frame_01855.pt,1,8721923-uhd_4096_2160_25fps
./dataset/tensors\8721923-uhd_4096_2160_25fps_frame_01856.pt,1,8721923-uhd_4096_2160_25fps
./dataset/tensors\8721923-uhd_4096_2160_25fps_frame_01857.pt,1,8721923-uhd_4096_2160_25fps
./dataset/tensors\8721923-uhd_4096_2160_25fps_frame_01858.pt,1,8721923-uhd_4096_2160_25fps
./dataset/tensors\8721923-uhd_4096_2160_25fps_frame_01859.pt,1,8721923-uhd_4096_2160_25fps
./dataset/tensors\8721923-uhd_4096_2160_25fps_frame_01860.pt,1,8721923-uhd_4096_2160_25fps
./dataset/tensors\8721923-uhd_4096_2160_25fps_frame_01861.pt,1,8721923-uhd_4096_2160_25fps
./dataset/tensors\8721923-uhd_4096_2160_25fps_frame_01862.pt,1,8721923-uhd_4096_2160_25fps
./dataset/tensors\8721923-uhd_4096_2160_25fps_frame_01863.pt,1,8721923-uhd_4096_2160_25fps
./dataset/tensors\8721923-uhd_4096_2160_25fps_frame_01864.pt,1,8721923-uhd_4096_2160_25fps
./dataset/tensors\8721923-uhd_4096_2160_25fps_frame_01865.pt,1,8721923-uhd_4096_2160_25fps
./dataset/tensors\8721923-uhd_4096_2160_25fps_frame_01866.pt,1,8721923-uhd_4096_2160_25fps
./dataset/tensors\8721923-uhd_4096_2160_25fps_frame_01867.pt,1,8721923-uhd_4096_2160_25fps
./dataset/tensors\8721923-uhd_4096_2160_25fps_frame_01868.pt,1,8721923-uhd_4096_2160_25fps
./dataset/tensors\8721923-uhd_4096_2160_25fps_frame_01869.pt,1,8721923-uhd_4096_2160_25fps
./dataset/tensors\8721923-uhd_4096_2160_25fps_frame_01870.pt,1,8721923-uhd_4096_2160_25fps
./dataset/tensors\8721923-uhd_4096_2160_25fps_frame_01871.pt,1,8721923-uhd_4096_2160_25fps
./dataset/tensors\8721923-uhd_4096_2160_25fps_frame_01872.pt,1,8721923-uhd_4096_2160_25fps
./dataset/tensors\8721923-uhd_4096_2160_25fps_frame_01873.pt,1,8721923-uhd_4096_2160_25fps
./dataset/tensors\8721923-uhd_4096_2160_25fps_frame_01874.pt,1,8721923-uhd_4096_2160_25fps
./dataset/tensors\8721923-uhd_4096_2160_25fps_frame_01875.pt,1,8721923-uhd_4096_2160_25fps
./dataset/tensors\8721923-uhd_4096_2160_25fps_frame_01876.pt,1,8721923-uhd_4096_2160_25fps
./dataset/tensors\8721923-uhd_4096_2160_25fps_frame_01877.pt,1,8721923-uhd_4096_2160_25fps
./dataset/tensors\8721923-uhd_4096_2160_25fps_frame_01878.pt,1,8721923-uhd_4096_2160_25fps
./dataset/tensors\8721923-uhd_4096_2160_25fps_frame_01879.pt,1,8721923-uhd_4096_2160_25fps
./dataset/tensors\8721923-uhd_4096_2160_25fps_frame_01880.pt,1,8721923-uhd_4096_2160_25fps
./dataset/tensors\8721923-uhd_4096_2160_25fps_frame_01881.pt,1,8721923-uhd_4096_2160_25fps
./dataset/tensors\8721923-uhd_4096_2160_25fps_frame_01882.pt,1,8721923-uhd_4096_2160_25fps
./dataset/tensors\8721923-uhd_4096_2160_25fps_frame_01883.pt,1,8721923-uhd_4096_2160_25fps
./dataset/tensors\8721923-uhd_4096_2160_25fps_frame_01884.pt,1,8721923-uhd_4096_2160_25fps
./dataset/tensors\8721923-uhd_4096_2160_25fps_frame_01885.pt,1,8721923-uhd_4096_2160_25fps
./dataset/tensors\8721923-uhd_4096_2160_25fps_frame_01886.pt,1,8721923-uhd_4096_2160_25fps
./dataset/tensors\8721923-uhd_4096_2160_25fps_frame_01887.pt,1,8721923-uhd_4096_2160_25fps
./dataset/tensors\8721923-uhd_4096_2160_25fps_frame_01888.pt,1,8721923-uhd_4096_2160_25fps
./dataset/tensors\8721923-uhd_4096_2160_25fps_frame_01889.pt,1,8721923-uhd_4096_2160_25fps
./dataset/tensors\8721923-uhd_4096_2160_25fps_frame_01890.pt,1,8721923-uhd_4096_2160_25fps
./dataset/tensors\8721923-uhd_4096_2160_25fps_frame_01891.pt,1,8721923-uhd_4096_2160_25fps
./dataset/tensors\8721923-uhd_4096_2160_25fps_frame_01892.pt,1,8721923-uhd_4096_2160_25fps
./dataset/tensors\8721923-uhd_4096_2160_25fps_frame_01893.pt,1,8721923-uhd_4096_2160_25fps
./dataset/tensors\8721923-uhd_4096_2160_25fps_frame_01894.pt,1,8721923-uhd_4096_2160_25fps
./dataset/tensors\8721923-uhd_4096_2160_25fps_frame_01895.pt,1,8721923-uhd_4096_2160_25fps
./dataset/tensors\8721923-uhd_4096_2160_25fps_frame_01896.pt,1,8721923-uhd_4096_2160_25fps
./dataset/tensors\8721923-uhd_4096_2160_25fps_frame_01897.pt,1,8721923-uhd_4096_2160_25fps
./dataset/tensors\8721923-uhd_4096_2160_25fps_frame_01898.pt,1,8721923-uhd_4096_2160_25fps
./dataset/tensors\8721923-uhd_4096_2160_25fps_frame_01899.pt,1,8721923-uhd_4096_2160_25fps
./dataset/tensors\8721923-uhd_4096_2160_25fps_frame_01900.pt,1,8721923-uhd_4096_2160_25fps
./dataset/tensors\8721923-uhd_4096_2160_25fps_frame_01901.pt,1,8721923-uhd_4096_2160_25fps
./dataset/tensors\8721923-uhd_4096_2160_25fps_frame_01902.pt,1,8721923-uhd_4096_2160_25fps
./dataset/tensors\8721923-uhd_4096_2160_25fps_frame_01903.pt,1,8721923-uhd_4096_2160_25fps
./dataset/tensors\8721923-uhd_4096_2160_25fps_frame_01904.pt,1,8721923-uhd_4096_2160_25fps
./dataset/tensors\8721923-uhd_4096_2160_25fps_frame_01905.pt,1,8721923-uhd_4096_2160_25fps
./dataset/tensors\8721923-uhd_4096_2160_25fps_frame_01906.pt,1,8721923-uhd_4096_2160_25fps
./dataset/tensors\8721923-uhd_4096_2160_25fps_frame_01907.pt,1,8721923-uhd_4096_2160_25fps
./dataset/tensors\8721923-uhd_4096_2160_25fps_frame_01908.pt,1,8721923-uhd_4096_2160_25fps
./dataset/tensors\8721923-uhd_4096_2160_25fps_frame_01909.pt,1,8721923-uhd_4096_2160_25fps
./dataset/tensors\8721923-uhd_4096_2160_25fps_frame_01910.pt,1,8721923-uhd_4096_2160_25fps
./dataset/tensors\8721923-uhd_4096_2160_25fps_frame_01911.pt,1,8721923-uhd_4096_2160_25fps
./dataset/tensors\8721923-uhd_4096_2160_25fps_frame_01912.pt,1,8721923-uhd_4096_2160_25fps
./dataset/tensors\8721923-uhd_4096_2160_25fps_frame_01913.pt,1,8721923-uhd_4096_2160_25fps
./dataset/tensors\8721923-uhd_4096_2160_25fps_frame_01914.pt,1,8721923-uhd_4096_2160_25fps
./dataset/tensors\8721923-uhd_4096_2160_25fps_frame_01915.pt,1,8721923-uhd_4096_2160_25fps
./dataset/tensors\8721923-uhd_4096_2160_25fps_frame_01916.pt,1,8721923-uhd_4096_2160_25fps
./dataset/tensors\8721923-uhd_4096_2160_25fps_frame_01917.pt,1,8721923-uhd_4096_2160_25fps
./dataset/tensors\8721923-uhd_4096_2160_25fps_frame_01918.pt,1,8721923-uhd_4096_2160_25fps
./dataset/tensors\8721923-uhd_4096_2160_25fps_frame_01919.pt,1,8721923-uhd_4096_2160_25fps
./dataset/tensors\8721923-uhd_4096_2160_25fps_frame_01920.pt,1,8721923-uhd_4096_2160_25fps
./dataset/tensors\8721923-uhd_4096_2160_25fps_frame_01921.pt,1,8721923-uhd_4096_2160_25fps
./dataset/tensors\8721923-uhd_4096_2160_25fps_frame_01922.pt,1,8721923-uhd_4096_2160_25fps
./dataset/tensors\8721923-uhd_4096_2160_25fps_frame_01923.pt,1,8721923-uhd_4096_2160_25fps
./dataset/tensors\8721923-uhd_4096_2160_25fps_frame_01924.pt,1,8721923-uhd_4096_2160_25fps
./dataset/tensors\8721923-uhd_4096_2160_25fps_frame_01925.pt,1,8721923-uhd_4096_2160_25fps
./dataset/tensors\8721923-uhd_4096_2160_25fps_frame_01926.pt,1,8721923-uhd_4096_2160_25fps
./dataset/tensors\8721923-uhd_4096_2160_25fps_frame_01927.pt,1,8721923-uhd_4096_2160_25fps
./dataset/tensors\8721923-uhd_4096_2160_25fps_frame_01928.pt,1,8721923-uhd_4096_2160_25fps
./dataset/tensors\8721923-uhd_4096_2160_25fps_frame_01929.pt,1,8721923-uhd_4096_2160_25fps
./dataset/tensors\8721923-uhd_4096_2160_25fps_frame_01930.pt,1,8721923-uhd_4096_2160_25fps
./dataset/tensors\8721923-uhd_4096_2160_25fps_frame_01931.pt,1,8721923-uhd_4096_2160_25fps
./dataset/tensors\8721923-uhd_4096_2160_25fps_frame_01932.pt,1,8721923-uhd_4096_2160_25fps
./dataset/tensors\8721923-uhd_4096_2160_25fps_frame_01933.pt,1,8721923-uhd_4096_2160_25fps
./dataset/tensors\8721923-uhd_4096_2160_25fps_frame_01934.pt,1,8721923-uhd_4096_2160_25fps
./dataset/tensors\8721923-uhd_4096_2160_25fps_frame_01935.pt,1,8721923-uhd_4096_2160_25fps
./dataset/tensors\8721923-uhd_4096_2160_25fps_frame_01936.pt,1,8721923-uhd_4096_2160_25fps
./dataset/tensors\8721923-uhd_4096_2160_25fps_frame_01937.pt,1,8721923-uhd_4096_2160_25fps
./dataset/tensors\8721923-uhd_4096_2160_25fps_frame_01938.pt,1,8721923-uhd_4096_2160_25fps
./dataset/tensors\8721923-uhd_4096_2160_25fps_frame_01939.pt,1,8721923-uhd_4096_2160_25fps
./dataset/tensors\8721923-uhd_4096_2160_25fps_frame_01940.pt,1,8721923-uhd_4096_2160_25fps
./dataset/tensors\8721923-uhd_4096_2160_25fps_frame_01941.pt,1,8721923-uhd_4096_2160_25fps
./dataset/tensors\8721923-uhd_4096_2160_25fps_frame_01942.pt,1,8721923-uhd_4096_2160_25fps
./dataset/tensors\8721923-uhd_4096_2160_25fps_frame_01943.pt,1,8721923-uhd_4096_2160_25fps
./dataset/tensors\8721923-uhd_4096_2160_25fps_frame_01944.pt,1,8721923-uhd_4096_2160_25fps
./dataset/tensors\8721923-uhd_4096_2160_25fps_frame_01945.pt,1,8721923-uhd_4096_2160_25fps
./dataset/tensors\8721923-uhd_4096_2160_25fps_frame_01946.pt,1,8721923-uhd_4096_2160_25fps
./dataset/tensors\9agiCjR-7rTy1jk3_frame_01947.pt,1,9agiCjR-7rTy1jk3
./dataset/tensors\9agiCjR-7rTy1jk3_frame_01948.pt,1,9agiCjR-7rTy1jk3
./dataset/tensors\9agiCjR-7rTy1jk3_frame_01949.pt,1,9agiCjR-7rTy1jk3
./dataset/tensors\9agiCjR-7rTy1jk3_frame_01950.pt,1,9agiCjR-7rTy1jk3
./dataset/tensors\9agiCjR-7rTy1jk3_frame_01951.pt,1,9agiCjR-7rTy1jk3
./dataset/tensors\9agiCjR-7rTy1jk3_frame_01952.pt,1,9agiCjR-7rTy1jk3
./dataset/tensors\9agiCjR-7rTy1jk3_frame_01953.pt,1,9agiCjR-7rTy1jk3
./dataset/tensors\9agiCjR-7rTy1jk3_frame_01954.pt,1,9agiCjR-7rTy1jk3
./dataset/tensors\9agiCjR-7rTy1jk3_frame_01955.pt,1,9agiCjR-7rTy1jk3
./dataset/tensors\9agiCjR-7rTy1jk3_frame_01956.pt,1,9agiCjR-7rTy1jk3
./dataset/tensors\9agiCjR-7rTy1jk3_frame_01957.pt,1,9agiCjR-7rTy1jk3
./dataset/tensors\9agiCjR-7rTy1jk3_frame_01958.pt,1,9agiCjR-7rTy1jk3
./dataset/tensors\9agiCjR-7rTy1jk3_frame_01959.pt,1,9agiCjR-7rTy1jk3
./dataset/tensors\9agiCjR-7rTy1jk3_frame_01960.pt,1,9agiCjR-7rTy1jk3
./dataset/tensors\9agiCjR-7rTy1jk3_frame_01961.pt,1,9agiCjR-7rTy1jk3
./dataset/tensors\9agiCjR-7rTy1jk3_frame_01962.pt,1,9agiCjR-7rTy1jk3
./dataset/tensors\9agiCjR-7rTy1jk3_frame_01963.pt,1,9agiCjR-7rTy1jk3
./dataset/tensors\9agiCjR-7rTy1jk3_frame_01964.pt,1,9agiCjR-7rTy1jk3
./dataset/tensors\9agiCjR-7rTy1jk3_frame_01965.pt,1,9agiCjR-7rTy1jk3
./dataset/tensors\9agiCjR-7rTy1jk3_frame_01966.pt,1,9agiCjR-7rTy1jk3
./dataset/tensors\9agiCjR-7rTy1jk3_frame_01967.pt,1,9agiCjR-7rTy1jk3
./dataset/tensors\9agiCjR-7rTy1jk3_frame_01968.pt,1,9agiCjR-7rTy1jk3
./dataset/tensors\9agiCjR-7rTy1jk3_frame_01969.pt,1,9agiCjR-7rTy1jk3
./dataset/tensors\9agiCjR-7rTy1jk3_frame_01970.pt,1,9agiCjR-7rTy1jk3
./dataset/tensors\9agiCjR-7rTy1jk3_frame_01971.pt,1,9agiCjR-7rTy1jk3
./dataset/tensors\9agiCjR-7rTy1jk3_frame_01972.pt,1,9agiCjR-7rTy1jk3
./dataset/tensors\9agiCjR-7rTy1jk3_frame_01973.pt,1,9agiCjR-7rTy1jk3
./dataset/tensors\9agiCjR-7rTy1jk3_frame_01974.pt,1,9agiCjR-7rTy1jk3
./dataset/tensors\9agiCjR-7rTy1jk3_frame_01975.pt,1,9agiCjR-7rTy1jk3
./dataset/tensors\9agiCjR-7rTy1jk3_frame_01976.pt,1,9agiCjR-7rTy1jk3
./dataset/tensors\9agiCjR-7rTy1jk3_frame_01977.pt,1,9agiCjR-7rTy1jk3
./dataset/tensors\9DEs0C3Pv5o-9Oyc_frame_01978.pt,1,9DEs0C3Pv5o-9Oyc
./dataset/tensors\9DEs0C3Pv5o-9Oyc_frame_01979.pt,1,9DEs0C3Pv5o-9Oyc
./dataset/tensors\9DEs0C3Pv5o-9Oyc_frame_01980.pt,1,9DEs0C3Pv5o-9Oyc
./dataset/tensors\9DEs0C3Pv5o-9Oyc_frame_01981.pt,1,9DEs0C3Pv5o-9Oyc
./dataset/tensors\9DEs0C3Pv5o-9Oyc_frame_01982.pt,1,9DEs0C3Pv5o-9Oyc
./dataset/tensors\9DEs0C3Pv5o-9Oyc_frame_01983.pt,1,9DEs0C3Pv5o-9Oyc
./dataset/tensors\9DEs0C3Pv5o-9Oyc_frame_01984.pt,1,9DEs0C3Pv5o-9Oyc
./dataset/tensors\9DEs0C3Pv5o-9Oyc_frame_01985.pt,1,9DEs0C3Pv5o-9Oyc
./dataset/tensors\9DEs0C3Pv5o-9Oyc_frame_01986.pt,1,9DEs0C3Pv5o-9Oyc
./dataset/tensors\9DEs0C3Pv5o-9Oyc_frame_01987.pt,1,9DEs0C3Pv5o-9Oyc
./dataset/tensors\9DEs0C3Pv5o-9Oyc_frame_01988.pt,1,9DEs0C3Pv5o-9Oyc
./dataset/tensors\9DEs0C3Pv5o-9Oyc_frame_01989.pt,1,9DEs0C3Pv5o-9Oyc
./dataset/tensors\9DEs0C3Pv5o-9Oyc_frame_01990.pt,1,9DEs0C3Pv5o-9Oyc
./dataset/tensors\9DEs0C3Pv5o-9Oyc_frame_01991.pt,1,9DEs0C3Pv5o-9Oyc
./dataset/tensors\9DEs0C3Pv5o-9Oyc_frame_01992.pt,1,9DEs0C3Pv5o-9Oyc
./dataset/tensors\9DEs0C3Pv5o-9Oyc_frame_01993.pt,1,9DEs0C3Pv5o-9Oyc
./dataset/tensors\9DEs0C3Pv5o-9Oyc_frame_01994.pt,1,9DEs0C3Pv5o-9Oyc
./dataset/tensors\9DEs0C3Pv5o-9Oyc_frame_01995.pt,1,9DEs0C3Pv5o-9Oyc
./dataset/tensors\9DEs0C3Pv5o-9Oyc_frame_01996.pt,1,9DEs0C3Pv5o-9Oyc
./dataset/tensors\9DEs0C3Pv5o-9Oyc_frame_01997.pt,1,9DEs0C3Pv5o-9Oyc
./dataset/tensors\9DEs0C3Pv5o-9Oyc_frame_01998.pt,1,9DEs0C3Pv5o-9Oyc
./dataset/tensors\9DEs0C3Pv5o-9Oyc_frame_01999.pt,1,9DEs0C3Pv5o-9Oyc
./dataset/tensors\9DEs0C3Pv5o-9Oyc_frame_02000.pt,1,9DEs0C3Pv5o-9Oyc
./dataset/tensors\9DEs0C3Pv5o-9Oyc_frame_02001.pt,1,9DEs0C3Pv5o-9Oyc
./dataset/tensors\9DEs0C3Pv5o-9Oyc_frame_02002.pt,1,9DEs0C3Pv5o-9Oyc
./dataset/tensors\9DEs0C3Pv5o-9Oyc_frame_02003.pt,1,9DEs0C3Pv5o-9Oyc
./dataset/tensors\9DEs0C3Pv5o-9Oyc_frame_02004.pt,1,9DEs0C3Pv5o-9Oyc
./dataset/tensors\9DEs0C3Pv5o-9Oyc_frame_02005.pt,1,9DEs0C3Pv5o-9Oyc
./dataset/tensors\9DEs0C3Pv5o-9Oyc_frame_02006.pt,1,9DEs0C3Pv5o-9Oyc
./dataset/tensors\9DEs0C3Pv5o-9Oyc_frame_02007.pt,1,9DEs0C3Pv5o-9Oyc
./dataset/tensors\9DEs0C3Pv5o-9Oyc_frame_02008.pt,1,9DEs0C3Pv5o-9Oyc
./dataset/tensors\ballet on a whale_frame_02009.pt,1,ballet on a whale
./dataset/tensors\ballet on a whale_frame_02010.pt,1,ballet on a whale
./dataset/tensors\ballet on a whale_frame_02011.pt,1,ballet on a whale
./dataset/tensors\ballet on a whale_frame_02012.pt,1,ballet on a whale
./dataset/tensors\ballet on a whale_frame_02013.pt,1,ballet on a whale
./dataset/tensors\ballet on a whale_frame_02014.pt,1,ballet on a whale
./dataset/tensors\ballet on a whale_frame_02015.pt,1,ballet on a whale
./dataset/tensors\ballet on a whale_frame_02016.pt,1,ballet on a whale
./dataset/tensors\ballet on a whale_frame_02017.pt,1,ballet on a whale
./dataset/tensors\ballet on a whale_frame_02018.pt,1,ballet on a whale
./dataset/tensors\ballet on a whale_frame_02019.pt,1,ballet on a whale
./dataset/tensors\ballet on a whale_frame_02020.pt,1,ballet on a whale
./dataset/tensors\ballet on a whale_frame_02021.pt,1,ballet on a whale
./dataset/tensors\ballet on a whale_frame_02022.pt,1,ballet on a whale
./dataset/tensors\ballet on a whale_frame_02023.pt,1,ballet on a whale
./dataset/tensors\ballet on a whale_frame_02024.pt,1,ballet on a whale
./dataset/tensors\ballet on a whale_frame_02025.pt,1,ballet on a whale
./dataset/tensors\ballet on a whale_frame_02026.pt,1,ballet on a whale
./dataset/tensors\ballet on a whale_frame_02027.pt,1,ballet on a whale
./dataset/tensors\ballet on a whale_frame_02028.pt,1,ballet on a whale
./dataset/tensors\ballet on a whale_frame_02029.pt,1,ballet on a whale
./dataset/tensors\bandaging_frame_02030.pt,1,bandaging
./dataset/tensors\bandaging_frame_02031.pt,1,bandaging
./dataset/tensors\bandaging_frame_02032.pt,1,bandaging
./dataset/tensors\bandaging_frame_02033.pt,1,bandaging
./dataset/tensors\bandaging_frame_02034.pt,1,bandaging
./dataset/tensors\bandaging_frame_02035.pt,1,bandaging
./dataset/tensors\bandaging_frame_02036.pt,1,bandaging
./dataset/tensors\bandaging_frame_02037.pt,1,bandaging
./dataset/tensors\bandaging_frame_02038.pt,1,bandaging
./dataset/tensors\bandaging_frame_02039.pt,1,bandaging
./dataset/tensors\bandaging_frame_02040.pt,1,bandaging
./dataset/tensors\bandaging_frame_02041.pt,1,bandaging
./dataset/tensors\bandaging_frame_02042.pt,1,bandaging
./dataset/tensors\bandaging_frame_02043.pt,1,bandaging
./dataset/tensors\beach cinematic_frame_02044.pt,1,beach cinematic
./dataset/tensors\beach cinematic_frame_02045.pt,1,beach cinematic
./dataset/tensors\beach cinematic_frame_02046.pt,1,beach cinematic
./dataset/tensors\beach cinematic_frame_02047.pt,1,beach cinematic
./dataset/tensors\beach cinematic_frame_02048.pt,1,beach cinematic
./dataset/tensors\beach cinematic_frame_02049.pt,1,beach cinematic
./dataset/tensors\beach cinematic_frame_02050.pt,1,beach cinematic
./dataset/tensors\beach cinematic_frame_02051.pt,1,beach cinematic
./dataset/tensors\beach cinematic_frame_02052.pt,1,beach cinematic
./dataset/tensors\beach cinematic_frame_02053.pt,1,beach cinematic
./dataset/tensors\beach cinematic_frame_02054.pt,1,beach cinematic
./dataset/tensors\beach cinematic_frame_02055.pt,1,beach cinematic
./dataset/tensors\blurry lanterns_frame_02056.pt,1,blurry lanterns
./dataset/tensors\blurry lanterns_frame_02057.pt,1,blurry lanterns
./dataset/tensors\blurry lanterns_frame_02058.pt,1,blurry lanterns
./dataset/tensors\blurry lanterns_frame_02059.pt,1,blurry lanterns
./dataset/tensors\blurry lanterns_frame_02060.pt,1,blurry lanterns
./dataset/tensors\blurry lanterns_frame_02061.pt,1,blurry lanterns
./dataset/tensors\blurry lanterns_frame_02062.pt,1,blurry lanterns
./dataset/tensors\blurry lanterns_frame_02063.pt,1,blurry lanterns
./dataset/tensors\blurry lanterns_frame_02064.pt,1,blurry lanterns
./dataset/tensors\blurry lanterns_frame_02065.pt,1,blurry lanterns
./dataset/tensors\blurry lanterns_frame_02066.pt,1,blurry lanterns
./dataset/tensors\blurry lanterns_frame_02067.pt,1,blurry lanterns
./dataset/tensors\blurry lanterns_frame_02068.pt,1,blurry lanterns
./dataset/tensors\blurry lanterns_frame_02069.pt,1,blurry lanterns
./dataset/tensors\boat_frame_02070.pt,1,boat
./dataset/tensors\boat_frame_02071.pt,1,boat
./dataset/tensors\boat_frame_02072.pt,1,boat
./dataset/tensors\boat_frame_02073.pt,1,boat
./dataset/tensors\boat_frame_02074.pt,1,boat
./dataset/tensors\boat_frame_02075.pt,1,boat
./dataset/tensors\boat_frame_02076.pt,1,boat
./dataset/tensors\boat_frame_02077.pt,1,boat
./dataset/tensors\boat_frame_02078.pt,1,boat
./dataset/tensors\boat_frame_02079.pt,1,boat
./dataset/tensors\boat_frame_02080.pt,1,boat
./dataset/tensors\collpasing ice_frame_02081.pt,1,collpasing ice
./dataset/tensors\collpasing ice_frame_02082.pt,1,collpasing ice
./dataset/tensors\collpasing ice_frame_02083.pt,1,collpasing ice
./dataset/tensors\collpasing ice_frame_02084.pt,1,collpasing ice
./dataset/tensors\collpasing ice_frame_02085.pt,1,collpasing ice
./dataset/tensors\collpasing ice_frame_02086.pt,1,collpasing ice
./dataset/tensors\collpasing ice_frame_02087.pt,1,collpasing ice
./dataset/tensors\collpasing ice_frame_02088.pt,1,collpasing ice
./dataset/tensors\collpasing ice_frame_02089.pt,1,collpasing ice
./dataset/tensors\collpasing ice_frame_02090.pt,1,collpasing ice
./dataset/tensors\collpasing ice_frame_02091.pt,1,collpasing ice
./dataset/tensors\collpasing ice_frame_02092.pt,1,collpasing ice
./dataset/tensors\collpasing ice_frame_02093.pt,1,collpasing ice
./dataset/tensors\collpasing ice_frame_02094.pt,1,collpasing ice
./dataset/tensors\collpasing ice_frame_02095.pt,1,collpasing ice
./dataset/tensors\collpasing ice_frame_02096.pt,1,collpasing ice
./dataset/tensors\collpasing ice_frame_02097.pt,1,collpasing ice
./dataset/tensors\collpasing ice_frame_02098.pt,1,collpasing ice
./dataset/tensors\collpasing ice_frame_02099.pt,1,collpasing ice
./dataset/tensors\collpasing ice_frame_02100.pt,1,collpasing ice
./dataset/tensors\collpasing ice_frame_02101.pt,1,collpasing ice
./dataset/tensors\collpasing ice_frame_02102.pt,1,collpasing ice
./dataset/tensors\collpasing ice_frame_02103.pt,1,collpasing ice
./dataset/tensors\collpasing ice_frame_02104.pt,1,collpasing ice
./dataset/tensors\collpasing ice_frame_02105.pt,1,collpasing ice
./dataset/tensors\collpasing ice_frame_02106.pt,1,collpasing ice
./dataset/tensors\collpasing ice_frame_02107.pt,1,collpasing ice
./dataset/tensors\collpasing ice_frame_02108.pt,1,collpasing ice
./dataset/tensors\collpasing ice_frame_02109.pt,1,collpasing ice
./dataset/tensors\collpasing ice_frame_02110.pt,1,collpasing ice
./dataset/tensors\collpasing ice_frame_02111.pt,1,collpasing ice
./dataset/tensors\conversing_frame_02112.pt,1,conversing
./dataset/tensors\conversing_frame_02113.pt,1,conversing
./dataset/tensors\conversing_frame_02114.pt,1,conversing
./dataset/tensors\conversing_frame_02115.pt,1,conversing
./dataset/tensors\conversing_frame_02116.pt,1,conversing
./dataset/tensors\conversing_frame_02117.pt,1,conversing
./dataset/tensors\conversing_frame_02118.pt,1,conversing
./dataset/tensors\conversing_frame_02119.pt,1,conversing
./dataset/tensors\conversing_frame_02120.pt,1,conversing
./dataset/tensors\conversing_frame_02121.pt,1,conversing
./dataset/tensors\conversing_frame_02122.pt,1,conversing
./dataset/tensors\coverr-temp-66wdwatermarkedvideo03af806d6a9d449f0916d28b0d8ab7a6dmp4-7553-1080p_frame_02123.pt,1,coverr-temp-66wdwatermarkedvideo03af806d6a9d449f0916d28b0d8ab7a6dmp4-7553-1080p
./dataset/tensors\coverr-temp-66wdwatermarkedvideo03af806d6a9d449f0916d28b0d8ab7a6dmp4-7553-1080p_frame_02124.pt,1,coverr-temp-66wdwatermarkedvideo03af806d6a9d449f0916d28b0d8ab7a6dmp4-7553-1080p
./dataset/tensors\coverr-temp-66wdwatermarkedvideo03af806d6a9d449f0916d28b0d8ab7a6dmp4-7553-1080p_frame_02125.pt,1,coverr-temp-66wdwatermarkedvideo03af806d6a9d449f0916d28b0d8ab7a6dmp4-7553-1080p
./dataset/tensors\coverr-temp-66wdwatermarkedvideo03af806d6a9d449f0916d28b0d8ab7a6dmp4-7553-1080p_frame_02126.pt,1,coverr-temp-66wdwatermarkedvideo03af806d6a9d449f0916d28b0d8ab7a6dmp4-7553-1080p
./dataset/tensors\coverr-temp-66wdwatermarkedvideo03af806d6a9d449f0916d28b0d8ab7a6dmp4-7553-1080p_frame_02127.pt,1,coverr-temp-66wdwatermarkedvideo03af806d6a9d449f0916d28b0d8ab7a6dmp4-7553-1080p
./dataset/tensors\coverr-temp-66wdwatermarkedvideo03af806d6a9d449f0916d28b0d8ab7a6dmp4-7553-1080p_frame_02128.pt,1,coverr-temp-66wdwatermarkedvideo03af806d6a9d449f0916d28b0d8ab7a6dmp4-7553-1080p
./dataset/tensors\coverr-temp-66wdwatermarkedvideo03af806d6a9d449f0916d28b0d8ab7a6dmp4-7553-1080p_frame_02129.pt,1,coverr-temp-66wdwatermarkedvideo03af806d6a9d449f0916d28b0d8ab7a6dmp4-7553-1080p
./dataset/tensors\coverr-temp-66wdwatermarkedvideo03af806d6a9d449f0916d28b0d8ab7a6dmp4-7553-1080p_frame_02130.pt,1,coverr-temp-66wdwatermarkedvideo03af806d6a9d449f0916d28b0d8ab7a6dmp4-7553-1080p
./dataset/tensors\coverr-temp-66wdwatermarkedvideo03af806d6a9d449f0916d28b0d8ab7a6dmp4-7553-1080p_frame_02131.pt,1,coverr-temp-66wdwatermarkedvideo03af806d6a9d449f0916d28b0d8ab7a6dmp4-7553-1080p
./dataset/tensors\coverr-temp-66wdwatermarkedvideo03af806d6a9d449f0916d28b0d8ab7a6dmp4-7553-1080p_frame_02132.pt,1,coverr-temp-66wdwatermarkedvideo03af806d6a9d449f0916d28b0d8ab7a6dmp4-7553-1080p
./dataset/tensors\coverr-temp-66wdwatermarkedvideo03af806d6a9d449f0916d28b0d8ab7a6dmp4-7553-1080p_frame_02133.pt,1,coverr-temp-66wdwatermarkedvideo03af806d6a9d449f0916d28b0d8ab7a6dmp4-7553-1080p
./dataset/tensors\coverr-temp-da2xinteriorboothat202505231700-mp4-4615-1080p_frame_02134.pt,1,coverr-temp-da2xinteriorboothat202505231700-mp4-4615-1080p
./dataset/tensors\coverr-temp-da2xinteriorboothat202505231700-mp4-4615-1080p_frame_02135.pt,1,coverr-temp-da2xinteriorboothat202505231700-mp4-4615-1080p
./dataset/tensors\coverr-temp-da2xinteriorboothat202505231700-mp4-4615-1080p_frame_02136.pt,1,coverr-temp-da2xinteriorboothat202505231700-mp4-4615-1080p
./dataset/tensors\coverr-temp-da2xinteriorboothat202505231700-mp4-4615-1080p_frame_02137.pt,1,coverr-temp-da2xinteriorboothat202505231700-mp4-4615-1080p
./dataset/tensors\coverr-temp-da2xinteriorboothat202505231700-mp4-4615-1080p_frame_02138.pt,1,coverr-temp-da2xinteriorboothat202505231700-mp4-4615-1080p
./dataset/tensors\coverr-temp-da2xinteriorboothat202505231700-mp4-4615-1080p_frame_02139.pt,1,coverr-temp-da2xinteriorboothat202505231700-mp4-4615-1080p
./dataset/tensors\coverr-temp-da2xinteriorboothat202505231700-mp4-4615-1080p_frame_02140.pt,1,coverr-temp-da2xinteriorboothat202505231700-mp4-4615-1080p
./dataset/tensors\coverr-temp-da2xinteriorboothat202505231700-mp4-4615-1080p_frame_02141.pt,1,coverr-temp-da2xinteriorboothat202505231700-mp4-4615-1080p
./dataset/tensors\coverr-temp-da2xinteriorboothat202505231700-mp4-4615-1080p_frame_02142.pt,1,coverr-temp-da2xinteriorboothat202505231700-mp4-4615-1080p
./dataset/tensors\coverr-temp-da2xinteriorboothat202505231700-mp4-4615-1080p_frame_02143.pt,1,coverr-temp-da2xinteriorboothat202505231700-mp4-4615-1080p
./dataset/tensors\coverr-temp-da2xinteriorboothat202505231700-mp4-4615-1080p_frame_02144.pt,1,coverr-temp-da2xinteriorboothat202505231700-mp4-4615-1080p
./dataset/tensors\coverr-temp-da2xinteriorboothat202505231700-mp4-4615-1080p_frame_02145.pt,1,coverr-temp-da2xinteriorboothat202505231700-mp4-4615-1080p
./dataset/tensors\coverr-temp-da2xinteriorboothat202505231700-mp4-4615-1080p_frame_02146.pt,1,coverr-temp-da2xinteriorboothat202505231700-mp4-4615-1080p
./dataset/tensors\coverr-temp-da2xinteriorboothat202505231700-mp4-4615-1080p_frame_02147.pt,1,coverr-temp-da2xinteriorboothat202505231700-mp4-4615-1080p
./dataset/tensors\coverr-temp-da2xinteriorboothat202505231700-mp4-4615-1080p_frame_02148.pt,1,coverr-temp-da2xinteriorboothat202505231700-mp4-4615-1080p
./dataset/tensors\coverr-temp-da2xinteriorboothat202505231700-mp4-4615-1080p_frame_02149.pt,1,coverr-temp-da2xinteriorboothat202505231700-mp4-4615-1080p
./dataset/tensors\coverr-temp-gen-3-alpha-turbo-4010599000-parisianstreetfash-m-5-mp4-4750-1080p_frame_02150.pt,1,coverr-temp-gen-3-alpha-turbo-4010599000-parisianstreetfash-m-5-mp4-4750-1080p
./dataset/tensors\coverr-temp-gen-3-alpha-turbo-4010599000-parisianstreetfash-m-5-mp4-4750-1080p_frame_02151.pt,1,coverr-temp-gen-3-alpha-turbo-4010599000-parisianstreetfash-m-5-mp4-4750-1080p
./dataset/tensors\coverr-temp-gen-3-alpha-turbo-4010599000-parisianstreetfash-m-5-mp4-4750-1080p_frame_02152.pt,1,coverr-temp-gen-3-alpha-turbo-4010599000-parisianstreetfash-m-5-mp4-4750-1080p
./dataset/tensors\coverr-temp-gen-3-alpha-turbo-4010599000-parisianstreetfash-m-5-mp4-4750-1080p_frame_02153.pt,1,coverr-temp-gen-3-alpha-turbo-4010599000-parisianstreetfash-m-5-mp4-4750-1080p
./dataset/tensors\coverr-temp-gen-3-alpha-turbo-4010599000-parisianstreetfash-m-5-mp4-4750-1080p_frame_02154.pt,1,coverr-temp-gen-3-alpha-turbo-4010599000-parisianstreetfash-m-5-mp4-4750-1080p
./dataset/tensors\coverr-temp-gen-3-alpha-turbo-4010599000-parisianstreetfash-m-5-mp4-4750-1080p_frame_02155.pt,1,coverr-temp-gen-3-alpha-turbo-4010599000-parisianstreetfash-m-5-mp4-4750-1080p
./dataset/tensors\coverr-temp-gen-3-alpha-turbo-4010599000-parisianstreetfash-m-5-mp4-4750-1080p_frame_02156.pt,1,coverr-temp-gen-3-alpha-turbo-4010599000-parisianstreetfash-m-5-mp4-4750-1080p
./dataset/tensors\coverr-temp-gen-3-alpha-turbo-4010599000-parisianstreetfash-m-5-mp4-4750-1080p_frame_02157.pt,1,coverr-temp-gen-3-alpha-turbo-4010599000-parisianstreetfash-m-5-mp4-4750-1080p
./dataset/tensors\coverr-temp-gen-3-alpha-turbo-4010599000-parisianstreetfash-m-5-mp4-4750-1080p_frame_02158.pt,1,coverr-temp-gen-3-alpha-turbo-4010599000-parisianstreetfash-m-5-mp4-4750-1080p
./dataset/tensors\coverr-temp-gen-3-alpha-turbo-4010599000-parisianstreetfash-m-5-mp4-4750-1080p_frame_02159.pt,1,coverr-temp-gen-3-alpha-turbo-4010599000-parisianstreetfash-m-5-mp4-4750-1080p
./dataset/tensors\coverr-temp-gen-3-alpha-turbo-4010599000-parisianstreetfash-m-5-mp4-4750-1080p_frame_02160.pt,1,coverr-temp-gen-3-alpha-turbo-4010599000-parisianstreetfash-m-5-mp4-4750-1080p
./dataset/tensors\coverr-temp-gen-3-alpha-turbo-4010599000-parisianstreetfash-m-5-mp4-4750-1080p_frame_02161.pt,1,coverr-temp-gen-3-alpha-turbo-4010599000-parisianstreetfash-m-5-mp4-4750-1080p
./dataset/tensors\coverr-temp-gen-3-alpha-turbo-4010599000-parisianstreetfash-m-5-mp4-4750-1080p_frame_02162.pt,1,coverr-temp-gen-3-alpha-turbo-4010599000-parisianstreetfash-m-5-mp4-4750-1080p
./dataset/tensors\coverr-temp-gen-3-alpha-turbo-4010599000-parisianstreetfash-m-5-mp4-4750-1080p_frame_02163.pt,1,coverr-temp-gen-3-alpha-turbo-4010599000-parisianstreetfash-m-5-mp4-4750-1080p
./dataset/tensors\coverr-temp-gen-3-alpha-turbo-4010599000-parisianstreetfash-m-5-mp4-4750-1080p_frame_02164.pt,1,coverr-temp-gen-3-alpha-turbo-4010599000-parisianstreetfash-m-5-mp4-4750-1080p
./dataset/tensors\coverr-temp-gen-3-alpha-turbo-4010599000-parisianstreetfash-m-5-mp4-4750-1080p_frame_02165.pt,1,coverr-temp-gen-3-alpha-turbo-4010599000-parisianstreetfash-m-5-mp4-4750-1080p
./dataset/tensors\coverr-temp-gen-3-alpha-turbo-4010599000-parisianstreetfash-m-5-mp4-4750-1080p_frame_02166.pt,1,coverr-temp-gen-3-alpha-turbo-4010599000-parisianstreetfash-m-5-mp4-4750-1080p
./dataset/tensors\coverr-temp-gen-3-alpha-turbo-4010599000-parisianstreetfash-m-5-mp4-4750-1080p_frame_02167.pt,1,coverr-temp-gen-3-alpha-turbo-4010599000-parisianstreetfash-m-5-mp4-4750-1080p
./dataset/tensors\coverr-temp-gen-3-alpha-turbo-4010599000-parisianstreetfash-m-5-mp4-4750-1080p_frame_02168.pt,1,coverr-temp-gen-3-alpha-turbo-4010599000-parisianstreetfash-m-5-mp4-4750-1080p
./dataset/tensors\coverr-temp-gen-3-alpha-turbo-4010599000-parisianstreetfash-m-5-mp4-4750-1080p_frame_02169.pt,1,coverr-temp-gen-3-alpha-turbo-4010599000-parisianstreetfash-m-5-mp4-4750-1080p
./dataset/tensors\coverr-temp-gen-3-alpha-turbo-4010599000-parisianstreetfash-m-5-mp4-4750-1080p_frame_02170.pt,1,coverr-temp-gen-3-alpha-turbo-4010599000-parisianstreetfash-m-5-mp4-4750-1080p
./dataset/tensors\coverr-temp-hwdewatermarkedvideo04d62384b415742b4b05ac97a5ad6234fmp4-8007-1080p_frame_02171.pt,1,coverr-temp-hwdewatermarkedvideo04d62384b415742b4b05ac97a5ad6234fmp4-8007-1080p
./dataset/tensors\coverr-temp-hwdewatermarkedvideo04d62384b415742b4b05ac97a5ad6234fmp4-8007-1080p_frame_02172.pt,1,coverr-temp-hwdewatermarkedvideo04d62384b415742b4b05ac97a5ad6234fmp4-8007-1080p
./dataset/tensors\coverr-temp-hwdewatermarkedvideo04d62384b415742b4b05ac97a5ad6234fmp4-8007-1080p_frame_02173.pt,1,coverr-temp-hwdewatermarkedvideo04d62384b415742b4b05ac97a5ad6234fmp4-8007-1080p
./dataset/tensors\coverr-temp-hwdewatermarkedvideo04d62384b415742b4b05ac97a5ad6234fmp4-8007-1080p_frame_02174.pt,1,coverr-temp-hwdewatermarkedvideo04d62384b415742b4b05ac97a5ad6234fmp4-8007-1080p
./dataset/tensors\coverr-temp-hwdewatermarkedvideo04d62384b415742b4b05ac97a5ad6234fmp4-8007-1080p_frame_02175.pt,1,coverr-temp-hwdewatermarkedvideo04d62384b415742b4b05ac97a5ad6234fmp4-8007-1080p
./dataset/tensors\coverr-temp-hwdewatermarkedvideo04d62384b415742b4b05ac97a5ad6234fmp4-8007-1080p_frame_02176.pt,1,coverr-temp-hwdewatermarkedvideo04d62384b415742b4b05ac97a5ad6234fmp4-8007-1080p
./dataset/tensors\coverr-temp-hwdewatermarkedvideo04d62384b415742b4b05ac97a5ad6234fmp4-8007-1080p_frame_02177.pt,1,coverr-temp-hwdewatermarkedvideo04d62384b415742b4b05ac97a5ad6234fmp4-8007-1080p
./dataset/tensors\coverr-temp-hwdewatermarkedvideo04d62384b415742b4b05ac97a5ad6234fmp4-8007-1080p_frame_02178.pt,1,coverr-temp-hwdewatermarkedvideo04d62384b415742b4b05ac97a5ad6234fmp4-8007-1080p
./dataset/tensors\coverr-temp-hwdewatermarkedvideo04d62384b415742b4b05ac97a5ad6234fmp4-8007-1080p_frame_02179.pt,1,coverr-temp-hwdewatermarkedvideo04d62384b415742b4b05ac97a5ad6234fmp4-8007-1080p
./dataset/tensors\coverr-temp-hwdewatermarkedvideo04d62384b415742b4b05ac97a5ad6234fmp4-8007-1080p_frame_02180.pt,1,coverr-temp-hwdewatermarkedvideo04d62384b415742b4b05ac97a5ad6234fmp4-8007-1080p
./dataset/tensors\coverr-temp-hwdewatermarkedvideo04d62384b415742b4b05ac97a5ad6234fmp4-8007-1080p_frame_02181.pt,1,coverr-temp-hwdewatermarkedvideo04d62384b415742b4b05ac97a5ad6234fmp4-8007-1080p
./dataset/tensors\coverr-temp-mu1iwatermarkedvideo0c3b5ea6426cc431a8e98e7d535e85ef8mp4-8549-1080p_frame_02182.pt,1,coverr-temp-mu1iwatermarkedvideo0c3b5ea6426cc431a8e98e7d535e85ef8mp4-8549-1080p
./dataset/tensors\coverr-temp-mu1iwatermarkedvideo0c3b5ea6426cc431a8e98e7d535e85ef8mp4-8549-1080p_frame_02183.pt,1,coverr-temp-mu1iwatermarkedvideo0c3b5ea6426cc431a8e98e7d535e85ef8mp4-8549-1080p
./dataset/tensors\coverr-temp-mu1iwatermarkedvideo0c3b5ea6426cc431a8e98e7d535e85ef8mp4-8549-1080p_frame_02184.pt,1,coverr-temp-mu1iwatermarkedvideo0c3b5ea6426cc431a8e98e7d535e85ef8mp4-8549-1080p
./dataset/tensors\coverr-temp-mu1iwatermarkedvideo0c3b5ea6426cc431a8e98e7d535e85ef8mp4-8549-1080p_frame_02185.pt,1,coverr-temp-mu1iwatermarkedvideo0c3b5ea6426cc431a8e98e7d535e85ef8mp4-8549-1080p
./dataset/tensors\coverr-temp-mu1iwatermarkedvideo0c3b5ea6426cc431a8e98e7d535e85ef8mp4-8549-1080p_frame_02186.pt,1,coverr-temp-mu1iwatermarkedvideo0c3b5ea6426cc431a8e98e7d535e85ef8mp4-8549-1080p
./dataset/tensors\coverr-temp-mu1iwatermarkedvideo0c3b5ea6426cc431a8e98e7d535e85ef8mp4-8549-1080p_frame_02187.pt,1,coverr-temp-mu1iwatermarkedvideo0c3b5ea6426cc431a8e98e7d535e85ef8mp4-8549-1080p
./dataset/tensors\coverr-temp-mu1iwatermarkedvideo0c3b5ea6426cc431a8e98e7d535e85ef8mp4-8549-1080p_frame_02188.pt,1,coverr-temp-mu1iwatermarkedvideo0c3b5ea6426cc431a8e98e7d535e85ef8mp4-8549-1080p
./dataset/tensors\coverr-temp-mu1iwatermarkedvideo0c3b5ea6426cc431a8e98e7d535e85ef8mp4-8549-1080p_frame_02189.pt,1,coverr-temp-mu1iwatermarkedvideo0c3b5ea6426cc431a8e98e7d535e85ef8mp4-8549-1080p
./dataset/tensors\coverr-temp-mu1iwatermarkedvideo0c3b5ea6426cc431a8e98e7d535e85ef8mp4-8549-1080p_frame_02190.pt,1,coverr-temp-mu1iwatermarkedvideo0c3b5ea6426cc431a8e98e7d535e85ef8mp4-8549-1080p
./dataset/tensors\coverr-temp-mu1iwatermarkedvideo0c3b5ea6426cc431a8e98e7d535e85ef8mp4-8549-1080p_frame_02191.pt,1,coverr-temp-mu1iwatermarkedvideo0c3b5ea6426cc431a8e98e7d535e85ef8mp4-8549-1080p
./dataset/tensors\coverr-temp-mu1iwatermarkedvideo0c3b5ea6426cc431a8e98e7d535e85ef8mp4-8549-1080p_frame_02192.pt,1,coverr-temp-mu1iwatermarkedvideo0c3b5ea6426cc431a8e98e7d535e85ef8mp4-8549-1080p
./dataset/tensors\coverr-temp-my-movie-1-mov-7779-1080p_frame_02193.pt,1,coverr-temp-my-movie-1-mov-7779-1080p
./dataset/tensors\coverr-temp-my-movie-1-mov-7779-1080p_frame_02194.pt,1,coverr-temp-my-movie-1-mov-7779-1080p
./dataset/tensors\coverr-temp-my-movie-1-mov-7779-1080p_frame_02195.pt,1,coverr-temp-my-movie-1-mov-7779-1080p
./dataset/tensors\coverr-temp-my-movie-1-mov-7779-1080p_frame_02196.pt,1,coverr-temp-my-movie-1-mov-7779-1080p
./dataset/tensors\coverr-temp-my-movie-1-mov-7779-1080p_frame_02197.pt,1,coverr-temp-my-movie-1-mov-7779-1080p
./dataset/tensors\coverr-temp-my-movie-1-mov-7779-1080p_frame_02198.pt,1,coverr-temp-my-movie-1-mov-7779-1080p
./dataset/tensors\coverr-temp-my-movie-1-mov-7779-1080p_frame_02199.pt,1,coverr-temp-my-movie-1-mov-7779-1080p
./dataset/tensors\coverr-temp-my-movie-1-mov-7779-1080p_frame_02200.pt,1,coverr-temp-my-movie-1-mov-7779-1080p
./dataset/tensors\coverr-temp-my-movie-1-mov-7779-1080p_frame_02201.pt,1,coverr-temp-my-movie-1-mov-7779-1080p
./dataset/tensors\coverr-temp-my-movie-1-mov-7779-1080p_frame_02202.pt,1,coverr-temp-my-movie-1-mov-7779-1080p
./dataset/tensors\coverr-temp-my-movie-1-mov-7779-1080p_frame_02203.pt,1,coverr-temp-my-movie-1-mov-7779-1080p
./dataset/tensors\coverr-temp-my-movie-1-mov-7779-1080p_frame_02204.pt,1,coverr-temp-my-movie-1-mov-7779-1080p
./dataset/tensors\coverr-temp-my-movie-1-mov-7779-1080p_frame_02205.pt,1,coverr-temp-my-movie-1-mov-7779-1080p
./dataset/tensors\coverr-temp-my-movie-1-mov-7779-1080p_frame_02206.pt,1,coverr-temp-my-movie-1-mov-7779-1080p
./dataset/tensors\coverr-temp-my-movie-1-mov-7779-1080p_frame_02207.pt,1,coverr-temp-my-movie-1-mov-7779-1080p
./dataset/tensors\coverr-temp-my-movie-1-mov-7779-1080p_frame_02208.pt,1,coverr-temp-my-movie-1-mov-7779-1080p
./dataset/tensors\coverr-temp-my-movie-1-mov-7779-1080p_frame_02209.pt,1,coverr-temp-my-movie-1-mov-7779-1080p
./dataset/tensors\coverr-temp-my-movie-1-mov-7779-1080p_frame_02210.pt,1,coverr-temp-my-movie-1-mov-7779-1080p
./dataset/tensors\coverr-temp-my-movie-1-mov-7779-1080p_frame_02211.pt,1,coverr-temp-my-movie-1-mov-7779-1080p
./dataset/tensors\coverr-temp-my-movie-1-mov-7779-1080p_frame_02212.pt,1,coverr-temp-my-movie-1-mov-7779-1080p
./dataset/tensors\coverr-temp-my-movie-1-mov-7779-1080p_frame_02213.pt,1,coverr-temp-my-movie-1-mov-7779-1080p
./dataset/tensors\coverr-temp-my-movie-1-mov-7779-1080p_frame_02214.pt,1,coverr-temp-my-movie-1-mov-7779-1080p
./dataset/tensors\coverr-temp-my-movie-1-mov-7779-1080p_frame_02215.pt,1,coverr-temp-my-movie-1-mov-7779-1080p
./dataset/tensors\coverr-temp-tsbkajeepdriving202505221647-mp4-3844-1080p_frame_02216.pt,1,coverr-temp-tsbkajeepdriving202505221647-mp4-3844-1080p
./dataset/tensors\coverr-temp-tsbkajeepdriving202505221647-mp4-3844-1080p_frame_02217.pt,1,coverr-temp-tsbkajeepdriving202505221647-mp4-3844-1080p
./dataset/tensors\coverr-temp-tsbkajeepdriving202505221647-mp4-3844-1080p_frame_02218.pt,1,coverr-temp-tsbkajeepdriving202505221647-mp4-3844-1080p
./dataset/tensors\coverr-temp-tsbkajeepdriving202505221647-mp4-3844-1080p_frame_02219.pt,1,coverr-temp-tsbkajeepdriving202505221647-mp4-3844-1080p
./dataset/tensors\coverr-temp-tsbkajeepdriving202505221647-mp4-3844-1080p_frame_02220.pt,1,coverr-temp-tsbkajeepdriving202505221647-mp4-3844-1080p
./dataset/tensors\coverr-temp-tsbkajeepdriving202505221647-mp4-3844-1080p_frame_02221.pt,1,coverr-temp-tsbkajeepdriving202505221647-mp4-3844-1080p
./dataset/tensors\coverr-temp-tsbkajeepdriving202505221647-mp4-3844-1080p_frame_02222.pt,1,coverr-temp-tsbkajeepdriving202505221647-mp4-3844-1080p
./dataset/tensors\coverr-temp-tsbkajeepdriving202505221647-mp4-3844-1080p_frame_02223.pt,1,coverr-temp-tsbkajeepdriving202505221647-mp4-3844-1080p
./dataset/tensors\coverr-temp-tsbkajeepdriving202505221647-mp4-3844-1080p_frame_02224.pt,1,coverr-temp-tsbkajeepdriving202505221647-mp4-3844-1080p
./dataset/tensors\coverr-temp-tsbkajeepdriving202505221647-mp4-3844-1080p_frame_02225.pt,1,coverr-temp-tsbkajeepdriving202505221647-mp4-3844-1080p
./dataset/tensors\coverr-temp-tsbkajeepdriving202505221647-mp4-3844-1080p_frame_02226.pt,1,coverr-temp-tsbkajeepdriving202505221647-mp4-3844-1080p
./dataset/tensors\coverr-temp-tsbkajeepdriving202505221647-mp4-3844-1080p_frame_02227.pt,1,coverr-temp-tsbkajeepdriving202505221647-mp4-3844-1080p
./dataset/tensors\coverr-temp-tsbkajeepdriving202505221647-mp4-3844-1080p_frame_02228.pt,1,coverr-temp-tsbkajeepdriving202505221647-mp4-3844-1080p
./dataset/tensors\coverr-temp-tsbkajeepdriving202505221647-mp4-3844-1080p_frame_02229.pt,1,coverr-temp-tsbkajeepdriving202505221647-mp4-3844-1080p
./dataset/tensors\coverr-temp-tsbkajeepdriving202505221647-mp4-3844-1080p_frame_02230.pt,1,coverr-temp-tsbkajeepdriving202505221647-mp4-3844-1080p
./dataset/tensors\coverr-temp-tsbkajeepdriving202505221647-mp4-3844-1080p_frame_02231.pt,1,coverr-temp-tsbkajeepdriving202505221647-mp4-3844-1080p
./dataset/tensors\coverr-temp-uwhq18adbd4aa7d429b8921b90f728687602smoothedmp4-5743-1080p_frame_02232.pt,1,coverr-temp-uwhq18adbd4aa7d429b8921b90f728687602smoothedmp4-5743-1080p
./dataset/tensors\coverr-temp-uwhq18adbd4aa7d429b8921b90f728687602smoothedmp4-5743-1080p_frame_02233.pt,1,coverr-temp-uwhq18adbd4aa7d429b8921b90f728687602smoothedmp4-5743-1080p
./dataset/tensors\coverr-temp-uwhq18adbd4aa7d429b8921b90f728687602smoothedmp4-5743-1080p_frame_02234.pt,1,coverr-temp-uwhq18adbd4aa7d429b8921b90f728687602smoothedmp4-5743-1080p
./dataset/tensors\coverr-temp-uwhq18adbd4aa7d429b8921b90f728687602smoothedmp4-5743-1080p_frame_02235.pt,1,coverr-temp-uwhq18adbd4aa7d429b8921b90f728687602smoothedmp4-5743-1080p
./dataset/tensors\coverr-temp-uwhq18adbd4aa7d429b8921b90f728687602smoothedmp4-5743-1080p_frame_02236.pt,1,coverr-temp-uwhq18adbd4aa7d429b8921b90f728687602smoothedmp4-5743-1080p
./dataset/tensors\coverr-temp-uwhq18adbd4aa7d429b8921b90f728687602smoothedmp4-5743-1080p_frame_02237.pt,1,coverr-temp-uwhq18adbd4aa7d429b8921b90f728687602smoothedmp4-5743-1080p
./dataset/tensors\coverr-temp-uwhq18adbd4aa7d429b8921b90f728687602smoothedmp4-5743-1080p_frame_02238.pt,1,coverr-temp-uwhq18adbd4aa7d429b8921b90f728687602smoothedmp4-5743-1080p
./dataset/tensors\coverr-temp-z5nzwatermarkedvideo09aa526eed99c4646959679a9c77411a4mp4-4342-1080p_frame_02239.pt,1,coverr-temp-z5nzwatermarkedvideo09aa526eed99c4646959679a9c77411a4mp4-4342-1080p
./dataset/tensors\coverr-temp-z5nzwatermarkedvideo09aa526eed99c4646959679a9c77411a4mp4-4342-1080p_frame_02240.pt,1,coverr-temp-z5nzwatermarkedvideo09aa526eed99c4646959679a9c77411a4mp4-4342-1080p
./dataset/tensors\coverr-temp-z5nzwatermarkedvideo09aa526eed99c4646959679a9c77411a4mp4-4342-1080p_frame_02241.pt,1,coverr-temp-z5nzwatermarkedvideo09aa526eed99c4646959679a9c77411a4mp4-4342-1080p
./dataset/tensors\coverr-temp-z5nzwatermarkedvideo09aa526eed99c4646959679a9c77411a4mp4-4342-1080p_frame_02242.pt,1,coverr-temp-z5nzwatermarkedvideo09aa526eed99c4646959679a9c77411a4mp4-4342-1080p
./dataset/tensors\coverr-temp-z5nzwatermarkedvideo09aa526eed99c4646959679a9c77411a4mp4-4342-1080p_frame_02243.pt,1,coverr-temp-z5nzwatermarkedvideo09aa526eed99c4646959679a9c77411a4mp4-4342-1080p
./dataset/tensors\coverr-temp-z5nzwatermarkedvideo09aa526eed99c4646959679a9c77411a4mp4-4342-1080p_frame_02244.pt,1,coverr-temp-z5nzwatermarkedvideo09aa526eed99c4646959679a9c77411a4mp4-4342-1080p
./dataset/tensors\coverr-temp-z5nzwatermarkedvideo09aa526eed99c4646959679a9c77411a4mp4-4342-1080p_frame_02245.pt,1,coverr-temp-z5nzwatermarkedvideo09aa526eed99c4646959679a9c77411a4mp4-4342-1080p
./dataset/tensors\coverr-temp-z5nzwatermarkedvideo09aa526eed99c4646959679a9c77411a4mp4-4342-1080p_frame_02246.pt,1,coverr-temp-z5nzwatermarkedvideo09aa526eed99c4646959679a9c77411a4mp4-4342-1080p
./dataset/tensors\coverr-temp-z5nzwatermarkedvideo09aa526eed99c4646959679a9c77411a4mp4-4342-1080p_frame_02247.pt,1,coverr-temp-z5nzwatermarkedvideo09aa526eed99c4646959679a9c77411a4mp4-4342-1080p
./dataset/tensors\coverr-temp-z5nzwatermarkedvideo09aa526eed99c4646959679a9c77411a4mp4-4342-1080p_frame_02248.pt,1,coverr-temp-z5nzwatermarkedvideo09aa526eed99c4646959679a9c77411a4mp4-4342-1080p
./dataset/tensors\coverr-temp-z5nzwatermarkedvideo09aa526eed99c4646959679a9c77411a4mp4-4342-1080p_frame_02249.pt,1,coverr-temp-z5nzwatermarkedvideo09aa526eed99c4646959679a9c77411a4mp4-4342-1080p
./dataset/tensors\dancer_frame_02250.pt,1,dancer
./dataset/tensors\dancer_frame_02251.pt,1,dancer
./dataset/tensors\dancer_frame_02252.pt,1,dancer
./dataset/tensors\dancer_frame_02253.pt,1,dancer
./dataset/tensors\dancer_frame_02254.pt,1,dancer
./dataset/tensors\dancer_frame_02255.pt,1,dancer
./dataset/tensors\dancer_frame_02256.pt,1,dancer
./dataset/tensors\dancer_frame_02257.pt,1,dancer
./dataset/tensors\dancer_frame_02258.pt,1,dancer
./dataset/tensors\dancer_frame_02259.pt,1,dancer
./dataset/tensors\dancer_frame_02260.pt,1,dancer
./dataset/tensors\dancer_frame_02261.pt,1,dancer
./dataset/tensors\dancer_frame_02262.pt,1,dancer
./dataset/tensors\dancer_frame_02263.pt,1,dancer
./dataset/tensors\dancer_frame_02264.pt,1,dancer
./dataset/tensors\dancer_frame_02265.pt,1,dancer
./dataset/tensors\dancer_frame_02266.pt,1,dancer
./dataset/tensors\dancer_frame_02267.pt,1,dancer
./dataset/tensors\dancer_frame_02268.pt,1,dancer
./dataset/tensors\dancer_frame_02269.pt,1,dancer
./dataset/tensors\dancer_frame_02270.pt,1,dancer
./dataset/tensors\dancer_frame_02271.pt,1,dancer
./dataset/tensors\dancer_frame_02272.pt,1,dancer
./dataset/tensors\dancer_frame_02273.pt,1,dancer
./dataset/tensors\dancer_frame_02274.pt,1,dancer
./dataset/tensors\dancer_frame_02275.pt,1,dancer
./dataset/tensors\dancer_frame_02276.pt,1,dancer
./dataset/tensors\dancer_frame_02277.pt,1,dancer
./dataset/tensors\dancer_frame_02278.pt,1,dancer
./dataset/tensors\dancer_frame_02279.pt,1,dancer
./dataset/tensors\dancer_frame_02280.pt,1,dancer
./dataset/tensors\dartboard_frame_02281.pt,1,dartboard
./dataset/tensors\dartboard_frame_02282.pt,1,dartboard
./dataset/tensors\dartboard_frame_02283.pt,1,dartboard
./dataset/tensors\dartboard_frame_02284.pt,1,dartboard
./dataset/tensors\dartboard_frame_02285.pt,1,dartboard
./dataset/tensors\dartboard_frame_02286.pt,1,dartboard
./dataset/tensors\dartboard_frame_02287.pt,1,dartboard
./dataset/tensors\dartboard_frame_02288.pt,1,dartboard
./dataset/tensors\dartboard_frame_02289.pt,1,dartboard
./dataset/tensors\dartboard_frame_02290.pt,1,dartboard
./dataset/tensors\dartboard_frame_02291.pt,1,dartboard
./dataset/tensors\dartboard_frame_02292.pt,1,dartboard
./dataset/tensors\dartboard_frame_02293.pt,1,dartboard
./dataset/tensors\dartboard_frame_02294.pt,1,dartboard
./dataset/tensors\dartboard_frame_02295.pt,1,dartboard
./dataset/tensors\deers_frame_02296.pt,1,deers
./dataset/tensors\deers_frame_02297.pt,1,deers
./dataset/tensors\deers_frame_02298.pt,1,deers
./dataset/tensors\deers_frame_02299.pt,1,deers
./dataset/tensors\deers_frame_02300.pt,1,deers
./dataset/tensors\deers_frame_02301.pt,1,deers
./dataset/tensors\deers_frame_02302.pt,1,deers
./dataset/tensors\deers_frame_02303.pt,1,deers
./dataset/tensors\deers_frame_02304.pt,1,deers
./dataset/tensors\deers_frame_02305.pt,1,deers
./dataset/tensors\deers_frame_02306.pt,1,deers
./dataset/tensors\deers_frame_02307.pt,1,deers
./dataset/tensors\diesel pointing a gun_frame_02308.pt,1,diesel pointing a gun
./dataset/tensors\diesel pointing a gun_frame_02309.pt,1,diesel pointing a gun
./dataset/tensors\diesel pointing a gun_frame_02310.pt,1,diesel pointing a gun
./dataset/tensors\diesel pointing a gun_frame_02311.pt,1,diesel pointing a gun
./dataset/tensors\diesel pointing a gun_frame_02312.pt,1,diesel pointing a gun
./dataset/tensors\diesel pointing a gun_frame_02313.pt,1,diesel pointing a gun
./dataset/tensors\diesel pointing a gun_frame_02314.pt,1,diesel pointing a gun
./dataset/tensors\diesel pointing a gun_frame_02315.pt,1,diesel pointing a gun
./dataset/tensors\diesel pointing a gun_frame_02316.pt,1,diesel pointing a gun
./dataset/tensors\diesel pointing a gun_frame_02317.pt,1,diesel pointing a gun
./dataset/tensors\diesel pointing a gun_frame_02318.pt,1,diesel pointing a gun
./dataset/tensors\dog eating melon_frame_02319.pt,1,dog eating melon
./dataset/tensors\dog eating melon_frame_02320.pt,1,dog eating melon
./dataset/tensors\dog eating melon_frame_02321.pt,1,dog eating melon
./dataset/tensors\dog eating melon_frame_02322.pt,1,dog eating melon
./dataset/tensors\dog eating melon_frame_02323.pt,1,dog eating melon
./dataset/tensors\dog eating melon_frame_02324.pt,1,dog eating melon
./dataset/tensors\dog eating melon_frame_02325.pt,1,dog eating melon
./dataset/tensors\dog eating melon_frame_02326.pt,1,dog eating melon
./dataset/tensors\dog eating melon_frame_02327.pt,1,dog eating melon
./dataset/tensors\dog eating melon_frame_02328.pt,1,dog eating melon
./dataset/tensors\dog eating melon_frame_02329.pt,1,dog eating melon
./dataset/tensors\dog eating melon_frame_02330.pt,1,dog eating melon
./dataset/tensors\dog eating melon_frame_02331.pt,1,dog eating melon
./dataset/tensors\DvD disk_frame_02332.pt,1,DvD disk
./dataset/tensors\DvD disk_frame_02333.pt,1,DvD disk
./dataset/tensors\DvD disk_frame_02334.pt,1,DvD disk
./dataset/tensors\DvD disk_frame_02335.pt,1,DvD disk
./dataset/tensors\DvD disk_frame_02336.pt,1,DvD disk
./dataset/tensors\DvD disk_frame_02337.pt,1,DvD disk
./dataset/tensors\DvD disk_frame_02338.pt,1,DvD disk
./dataset/tensors\DvD disk_frame_02339.pt,1,DvD disk
./dataset/tensors\DvD disk_frame_02340.pt,1,DvD disk
./dataset/tensors\DvD disk_frame_02341.pt,1,DvD disk
./dataset/tensors\DvD disk_frame_02342.pt,1,DvD disk
./dataset/tensors\DvD disk_frame_02343.pt,1,DvD disk
./dataset/tensors\DvD disk_frame_02344.pt,1,DvD disk
./dataset/tensors\eeytW2qv6SsioSBk_frame_02345.pt,1,eeytW2qv6SsioSBk
./dataset/tensors\eeytW2qv6SsioSBk_frame_02346.pt,1,eeytW2qv6SsioSBk
./dataset/tensors\eeytW2qv6SsioSBk_frame_02347.pt,1,eeytW2qv6SsioSBk
./dataset/tensors\eeytW2qv6SsioSBk_frame_02348.pt,1,eeytW2qv6SsioSBk
./dataset/tensors\eeytW2qv6SsioSBk_frame_02349.pt,1,eeytW2qv6SsioSBk
./dataset/tensors\eeytW2qv6SsioSBk_frame_02350.pt,1,eeytW2qv6SsioSBk
./dataset/tensors\eeytW2qv6SsioSBk_frame_02351.pt,1,eeytW2qv6SsioSBk
./dataset/tensors\eeytW2qv6SsioSBk_frame_02352.pt,1,eeytW2qv6SsioSBk
./dataset/tensors\eeytW2qv6SsioSBk_frame_02353.pt,1,eeytW2qv6SsioSBk
./dataset/tensors\eeytW2qv6SsioSBk_frame_02354.pt,1,eeytW2qv6SsioSBk
./dataset/tensors\eeytW2qv6SsioSBk_frame_02355.pt,1,eeytW2qv6SsioSBk
./dataset/tensors\eeytW2qv6SsioSBk_frame_02356.pt,1,eeytW2qv6SsioSBk
./dataset/tensors\eeytW2qv6SsioSBk_frame_02357.pt,1,eeytW2qv6SsioSBk
./dataset/tensors\eeytW2qv6SsioSBk_frame_02358.pt,1,eeytW2qv6SsioSBk
./dataset/tensors\eeytW2qv6SsioSBk_frame_02359.pt,1,eeytW2qv6SsioSBk
./dataset/tensors\eeytW2qv6SsioSBk_frame_02360.pt,1,eeytW2qv6SsioSBk
./dataset/tensors\eeytW2qv6SsioSBk_frame_02361.pt,1,eeytW2qv6SsioSBk
./dataset/tensors\eeytW2qv6SsioSBk_frame_02362.pt,1,eeytW2qv6SsioSBk
./dataset/tensors\eeytW2qv6SsioSBk_frame_02363.pt,1,eeytW2qv6SsioSBk
./dataset/tensors\eeytW2qv6SsioSBk_frame_02364.pt,1,eeytW2qv6SsioSBk
./dataset/tensors\eeytW2qv6SsioSBk_frame_02365.pt,1,eeytW2qv6SsioSBk
./dataset/tensors\eeytW2qv6SsioSBk_frame_02366.pt,1,eeytW2qv6SsioSBk
./dataset/tensors\eeytW2qv6SsioSBk_frame_02367.pt,1,eeytW2qv6SsioSBk
./dataset/tensors\eeytW2qv6SsioSBk_frame_02368.pt,1,eeytW2qv6SsioSBk
./dataset/tensors\eeytW2qv6SsioSBk_frame_02369.pt,1,eeytW2qv6SsioSBk
./dataset/tensors\eeytW2qv6SsioSBk_frame_02370.pt,1,eeytW2qv6SsioSBk
./dataset/tensors\eeytW2qv6SsioSBk_frame_02371.pt,1,eeytW2qv6SsioSBk
./dataset/tensors\eeytW2qv6SsioSBk_frame_02372.pt,1,eeytW2qv6SsioSBk
./dataset/tensors\eeytW2qv6SsioSBk_frame_02373.pt,1,eeytW2qv6SsioSBk
./dataset/tensors\eeytW2qv6SsioSBk_frame_02374.pt,1,eeytW2qv6SsioSBk
./dataset/tensors\eeytW2qv6SsioSBk_frame_02375.pt,1,eeytW2qv6SsioSBk
./dataset/tensors\eruption_frame_02376.pt,1,eruption
./dataset/tensors\eruption_frame_02377.pt,1,eruption
./dataset/tensors\eruption_frame_02378.pt,1,eruption
./dataset/tensors\eruption_frame_02379.pt,1,eruption
./dataset/tensors\eruption_frame_02380.pt,1,eruption
./dataset/tensors\eruption_frame_02381.pt,1,eruption
./dataset/tensors\eruption_frame_02382.pt,1,eruption
./dataset/tensors\eruption_frame_02383.pt,1,eruption
./dataset/tensors\eruption_frame_02384.pt,1,eruption
./dataset/tensors\eruption_frame_02385.pt,1,eruption
./dataset/tensors\eruption_frame_02386.pt,1,eruption
./dataset/tensors\eruption_frame_02387.pt,1,eruption
./dataset/tensors\eruption_frame_02388.pt,1,eruption
./dataset/tensors\eruption_frame_02389.pt,1,eruption
./dataset/tensors\eYyJlDOywU65QyZw_frame_02390.pt,1,eYyJlDOywU65QyZw
./dataset/tensors\eYyJlDOywU65QyZw_frame_02391.pt,1,eYyJlDOywU65QyZw
./dataset/tensors\eYyJlDOywU65QyZw_frame_02392.pt,1,eYyJlDOywU65QyZw
./dataset/tensors\eYyJlDOywU65QyZw_frame_02393.pt,1,eYyJlDOywU65QyZw
./dataset/tensors\eYyJlDOywU65QyZw_frame_02394.pt,1,eYyJlDOywU65QyZw
./dataset/tensors\eYyJlDOywU65QyZw_frame_02395.pt,1,eYyJlDOywU65QyZw
./dataset/tensors\eYyJlDOywU65QyZw_frame_02396.pt,1,eYyJlDOywU65QyZw
./dataset/tensors\eYyJlDOywU65QyZw_frame_02397.pt,1,eYyJlDOywU65QyZw
./dataset/tensors\eYyJlDOywU65QyZw_frame_02398.pt,1,eYyJlDOywU65QyZw
./dataset/tensors\eYyJlDOywU65QyZw_frame_02399.pt,1,eYyJlDOywU65QyZw
./dataset/tensors\eYyJlDOywU65QyZw_frame_02400.pt,1,eYyJlDOywU65QyZw
./dataset/tensors\eYyJlDOywU65QyZw_frame_02401.pt,1,eYyJlDOywU65QyZw
./dataset/tensors\eYyJlDOywU65QyZw_frame_02402.pt,1,eYyJlDOywU65QyZw
./dataset/tensors\eYyJlDOywU65QyZw_frame_02403.pt,1,eYyJlDOywU65QyZw
./dataset/tensors\eYyJlDOywU65QyZw_frame_02404.pt,1,eYyJlDOywU65QyZw
./dataset/tensors\eYyJlDOywU65QyZw_frame_02405.pt,1,eYyJlDOywU65QyZw
./dataset/tensors\eYyJlDOywU65QyZw_frame_02406.pt,1,eYyJlDOywU65QyZw
./dataset/tensors\eYyJlDOywU65QyZw_frame_02407.pt,1,eYyJlDOywU65QyZw
./dataset/tensors\eYyJlDOywU65QyZw_frame_02408.pt,1,eYyJlDOywU65QyZw
./dataset/tensors\eYyJlDOywU65QyZw_frame_02409.pt,1,eYyJlDOywU65QyZw
./dataset/tensors\eYyJlDOywU65QyZw_frame_02410.pt,1,eYyJlDOywU65QyZw
./dataset/tensors\eYyJlDOywU65QyZw_frame_02411.pt,1,eYyJlDOywU65QyZw
./dataset/tensors\eYyJlDOywU65QyZw_frame_02412.pt,1,eYyJlDOywU65QyZw
./dataset/tensors\eYyJlDOywU65QyZw_frame_02413.pt,1,eYyJlDOywU65QyZw
./dataset/tensors\eYyJlDOywU65QyZw_frame_02414.pt,1,eYyJlDOywU65QyZw
./dataset/tensors\eYyJlDOywU65QyZw_frame_02415.pt,1,eYyJlDOywU65QyZw
./dataset/tensors\eYyJlDOywU65QyZw_frame_02416.pt,1,eYyJlDOywU65QyZw
./dataset/tensors\eYyJlDOywU65QyZw_frame_02417.pt,1,eYyJlDOywU65QyZw
./dataset/tensors\eYyJlDOywU65QyZw_frame_02418.pt,1,eYyJlDOywU65QyZw
./dataset/tensors\eYyJlDOywU65QyZw_frame_02419.pt,1,eYyJlDOywU65QyZw
./dataset/tensors\eYyJlDOywU65QyZw_frame_02420.pt,1,eYyJlDOywU65QyZw
./dataset/tensors\eYyJlDOywU65QyZw_frame_02421.pt,1,eYyJlDOywU65QyZw
./dataset/tensors\eYyJlDOywU65QyZw_frame_02422.pt,1,eYyJlDOywU65QyZw
./dataset/tensors\eYyJlDOywU65QyZw_frame_02423.pt,1,eYyJlDOywU65QyZw
./dataset/tensors\eYyJlDOywU65QyZw_frame_02424.pt,1,eYyJlDOywU65QyZw
./dataset/tensors\eYyJlDOywU65QyZw_frame_02425.pt,1,eYyJlDOywU65QyZw
./dataset/tensors\eYyJlDOywU65QyZw_frame_02426.pt,1,eYyJlDOywU65QyZw
./dataset/tensors\eYyJlDOywU65QyZw_frame_02427.pt,1,eYyJlDOywU65QyZw
./dataset/tensors\eYyJlDOywU65QyZw_frame_02428.pt,1,eYyJlDOywU65QyZw
./dataset/tensors\eYyJlDOywU65QyZw_frame_02429.pt,1,eYyJlDOywU65QyZw
./dataset/tensors\eYyJlDOywU65QyZw_frame_02430.pt,1,eYyJlDOywU65QyZw
./dataset/tensors\eYyJlDOywU65QyZw_frame_02431.pt,1,eYyJlDOywU65QyZw
./dataset/tensors\eYyJlDOywU65QyZw_frame_02432.pt,1,eYyJlDOywU65QyZw
./dataset/tensors\eYyJlDOywU65QyZw_frame_02433.pt,1,eYyJlDOywU65QyZw
./dataset/tensors\eYyJlDOywU65QyZw_frame_02434.pt,1,eYyJlDOywU65QyZw
./dataset/tensors\eYyJlDOywU65QyZw_frame_02435.pt,1,eYyJlDOywU65QyZw
./dataset/tensors\eYyJlDOywU65QyZw_frame_02436.pt,1,eYyJlDOywU65QyZw
./dataset/tensors\eYyJlDOywU65QyZw_frame_02437.pt,1,eYyJlDOywU65QyZw
./dataset/tensors\eYyJlDOywU65QyZw_frame_02438.pt,1,eYyJlDOywU65QyZw
./dataset/tensors\eYyJlDOywU65QyZw_frame_02439.pt,1,eYyJlDOywU65QyZw
./dataset/tensors\eYyJlDOywU65QyZw_frame_02440.pt,1,eYyJlDOywU65QyZw
./dataset/tensors\eYyJlDOywU65QyZw_frame_02441.pt,1,eYyJlDOywU65QyZw
./dataset/tensors\eYyJlDOywU65QyZw_frame_02442.pt,1,eYyJlDOywU65QyZw
./dataset/tensors\eYyJlDOywU65QyZw_frame_02443.pt,1,eYyJlDOywU65QyZw
./dataset/tensors\eYyJlDOywU65QyZw_frame_02444.pt,1,eYyJlDOywU65QyZw
./dataset/tensors\eYyJlDOywU65QyZw_frame_02445.pt,1,eYyJlDOywU65QyZw
./dataset/tensors\eYyJlDOywU65QyZw_frame_02446.pt,1,eYyJlDOywU65QyZw
./dataset/tensors\eYyJlDOywU65QyZw_frame_02447.pt,1,eYyJlDOywU65QyZw
./dataset/tensors\eYyJlDOywU65QyZw_frame_02448.pt,1,eYyJlDOywU65QyZw
./dataset/tensors\eYyJlDOywU65QyZw_frame_02449.pt,1,eYyJlDOywU65QyZw
./dataset/tensors\eYyJlDOywU65QyZw_frame_02450.pt,1,eYyJlDOywU65QyZw
./dataset/tensors\eYyJlDOywU65QyZw_frame_02451.pt,1,eYyJlDOywU65QyZw
./dataset/tensors\eYyJlDOywU65QyZw_frame_02452.pt,1,eYyJlDOywU65QyZw
./dataset/tensors\eYyJlDOywU65QyZw_frame_02453.pt,1,eYyJlDOywU65QyZw
./dataset/tensors\eYyJlDOywU65QyZw_frame_02454.pt,1,eYyJlDOywU65QyZw
./dataset/tensors\eYyJlDOywU65QyZw_frame_02455.pt,1,eYyJlDOywU65QyZw
./dataset/tensors\eYyJlDOywU65QyZw_frame_02456.pt,1,eYyJlDOywU65QyZw
./dataset/tensors\eYyJlDOywU65QyZw_frame_02457.pt,1,eYyJlDOywU65QyZw
./dataset/tensors\eYyJlDOywU65QyZw_frame_02458.pt,1,eYyJlDOywU65QyZw
./dataset/tensors\eYyJlDOywU65QyZw_frame_02459.pt,1,eYyJlDOywU65QyZw
./dataset/tensors\eYyJlDOywU65QyZw_frame_02460.pt,1,eYyJlDOywU65QyZw
./dataset/tensors\eYyJlDOywU65QyZw_frame_02461.pt,1,eYyJlDOywU65QyZw
./dataset/tensors\eYyJlDOywU65QyZw_frame_02462.pt,1,eYyJlDOywU65QyZw
./dataset/tensors\eYyJlDOywU65QyZw_frame_02463.pt,1,eYyJlDOywU65QyZw
./dataset/tensors\eYyJlDOywU65QyZw_frame_02464.pt,1,eYyJlDOywU65QyZw
./dataset/tensors\face closeup_frame_02465.pt,1,face closeup
./dataset/tensors\face closeup_frame_02466.pt,1,face closeup
./dataset/tensors\face closeup_frame_02467.pt,1,face closeup
./dataset/tensors\face closeup_frame_02468.pt,1,face closeup
./dataset/tensors\face closeup_frame_02469.pt,1,face closeup
./dataset/tensors\face closeup_frame_02470.pt,1,face closeup
./dataset/tensors\face closeup_frame_02471.pt,1,face closeup
./dataset/tensors\face closeup_frame_02472.pt,1,face closeup
./dataset/tensors\face closeup_frame_02473.pt,1,face closeup
./dataset/tensors\face closeup_frame_02474.pt,1,face closeup
./dataset/tensors\face closeup_frame_02475.pt,1,face closeup
./dataset/tensors\fight scene_frame_02476.pt,1,fight scene
./dataset/tensors\fight scene_frame_02477.pt,1,fight scene
./dataset/tensors\fight scene_frame_02478.pt,1,fight scene
./dataset/tensors\fight scene_frame_02479.pt,1,fight scene
./dataset/tensors\fight scene_frame_02480.pt,1,fight scene
./dataset/tensors\fight scene_frame_02481.pt,1,fight scene
./dataset/tensors\fight scene_frame_02482.pt,1,fight scene
./dataset/tensors\fight scene_frame_02483.pt,1,fight scene
./dataset/tensors\fight scene_frame_02484.pt,1,fight scene
./dataset/tensors\fight scene_frame_02485.pt,1,fight scene
./dataset/tensors\fight scene_frame_02486.pt,1,fight scene
./dataset/tensors\fight scene_frame_02487.pt,1,fight scene
./dataset/tensors\fight scene_frame_02488.pt,1,fight scene
./dataset/tensors\fight scene_frame_02489.pt,1,fight scene
./dataset/tensors\fight scene_frame_02490.pt,1,fight scene
./dataset/tensors\fight scene_frame_02491.pt,1,fight scene
./dataset/tensors\fight scene_frame_02492.pt,1,fight scene
./dataset/tensors\fight scene_frame_02493.pt,1,fight scene
./dataset/tensors\fight scene_frame_02494.pt,1,fight scene
./dataset/tensors\fight scene_frame_02495.pt,1,fight scene
./dataset/tensors\fight scene_frame_02496.pt,1,fight scene
./dataset/tensors\fight scene_frame_02497.pt,1,fight scene
./dataset/tensors\fight scene_frame_02498.pt,1,fight scene
./dataset/tensors\fight scene_frame_02499.pt,1,fight scene
./dataset/tensors\fight scene_frame_02500.pt,1,fight scene
./dataset/tensors\fight scene_frame_02501.pt,1,fight scene
./dataset/tensors\fight scene_frame_02502.pt,1,fight scene
./dataset/tensors\fight scene_frame_02503.pt,1,fight scene
./dataset/tensors\fight scene_frame_02504.pt,1,fight scene
./dataset/tensors\fight scene_frame_02505.pt,1,fight scene
./dataset/tensors\fight scene_frame_02506.pt,1,fight scene
./dataset/tensors\fireworks_frame_02507.pt,1,fireworks
./dataset/tensors\fireworks_frame_02508.pt,1,fireworks
./dataset/tensors\fireworks_frame_02509.pt,1,fireworks
./dataset/tensors\fireworks_frame_02510.pt,1,fireworks
./dataset/tensors\fireworks_frame_02511.pt,1,fireworks
./dataset/tensors\fireworks_frame_02512.pt,1,fireworks
./dataset/tensors\fireworks_frame_02513.pt,1,fireworks
./dataset/tensors\fireworks_frame_02514.pt,1,fireworks
./dataset/tensors\fireworks_frame_02515.pt,1,fireworks
./dataset/tensors\fireworks_frame_02516.pt,1,fireworks
./dataset/tensors\fireworks_frame_02517.pt,1,fireworks
./dataset/tensors\fireworks_frame_02518.pt,1,fireworks
./dataset/tensors\fish_frame_02519.pt,1,fish
./dataset/tensors\fish_frame_02520.pt,1,fish
./dataset/tensors\fish_frame_02521.pt,1,fish
./dataset/tensors\fish_frame_02522.pt,1,fish
./dataset/tensors\fish_frame_02523.pt,1,fish
./dataset/tensors\fish_frame_02524.pt,1,fish
./dataset/tensors\fish_frame_02525.pt,1,fish
./dataset/tensors\fish_frame_02526.pt,1,fish
./dataset/tensors\fish_frame_02527.pt,1,fish
./dataset/tensors\fish_frame_02528.pt,1,fish
./dataset/tensors\fish_frame_02529.pt,1,fish
./dataset/tensors\fish_frame_02530.pt,1,fish
./dataset/tensors\food reviewer 2_frame_02531.pt,1,food reviewer 2
./dataset/tensors\food reviewer 2_frame_02532.pt,1,food reviewer 2
./dataset/tensors\food reviewer 2_frame_02533.pt,1,food reviewer 2
./dataset/tensors\food reviewer 2_frame_02534.pt,1,food reviewer 2
./dataset/tensors\food reviewer 2_frame_02535.pt,1,food reviewer 2
./dataset/tensors\food reviewer 2_frame_02536.pt,1,food reviewer 2
./dataset/tensors\food reviewer 2_frame_02537.pt,1,food reviewer 2
./dataset/tensors\food reviewer 2_frame_02538.pt,1,food reviewer 2
./dataset/tensors\food reviewer 2_frame_02539.pt,1,food reviewer 2
./dataset/tensors\food reviewer 2_frame_02540.pt,1,food reviewer 2
./dataset/tensors\food reviewer 2_frame_02541.pt,1,food reviewer 2
./dataset/tensors\food reviewer 2_frame_02542.pt,1,food reviewer 2
./dataset/tensors\food reviewer 2_frame_02543.pt,1,food reviewer 2
./dataset/tensors\food reviewer 2_frame_02544.pt,1,food reviewer 2
./dataset/tensors\food reviewer 2_frame_02545.pt,1,food reviewer 2
./dataset/tensors\food reviewer 2_frame_02546.pt,1,food reviewer 2
./dataset/tensors\food reviewer 2_frame_02547.pt,1,food reviewer 2
./dataset/tensors\food reviewer 2_frame_02548.pt,1,food reviewer 2
./dataset/tensors\food reviewer 2_frame_02549.pt,1,food reviewer 2
./dataset/tensors\food reviewer 2_frame_02550.pt,1,food reviewer 2
./dataset/tensors\food reviewer 2_frame_02551.pt,1,food reviewer 2
./dataset/tensors\food reviewer 2_frame_02552.pt,1,food reviewer 2
./dataset/tensors\food reviewer 2_frame_02553.pt,1,food reviewer 2
./dataset/tensors\food reviewer 2_frame_02554.pt,1,food reviewer 2
./dataset/tensors\food reviewer 2_frame_02555.pt,1,food reviewer 2
./dataset/tensors\food reviewer 2_frame_02556.pt,1,food reviewer 2
./dataset/tensors\food reviewer 2_frame_02557.pt,1,food reviewer 2
./dataset/tensors\food reviewer 2_frame_02558.pt,1,food reviewer 2
./dataset/tensors\food reviewer 2_frame_02559.pt,1,food reviewer 2
./dataset/tensors\food reviewer 2_frame_02560.pt,1,food reviewer 2
./dataset/tensors\food reviewer_frame_02561.pt,1,food reviewer
./dataset/tensors\food reviewer_frame_02562.pt,1,food reviewer
./dataset/tensors\food reviewer_frame_02563.pt,1,food reviewer
./dataset/tensors\food reviewer_frame_02564.pt,1,food reviewer
./dataset/tensors\food reviewer_frame_02565.pt,1,food reviewer
./dataset/tensors\food reviewer_frame_02566.pt,1,food reviewer
./dataset/tensors\food reviewer_frame_02567.pt,1,food reviewer
./dataset/tensors\food reviewer_frame_02568.pt,1,food reviewer
./dataset/tensors\food reviewer_frame_02569.pt,1,food reviewer
./dataset/tensors\food reviewer_frame_02570.pt,1,food reviewer
./dataset/tensors\food reviewer_frame_02571.pt,1,food reviewer
./dataset/tensors\food reviewer_frame_02572.pt,1,food reviewer
./dataset/tensors\food reviewer_frame_02573.pt,1,food reviewer
./dataset/tensors\food reviewer_frame_02574.pt,1,food reviewer
./dataset/tensors\food reviewer_frame_02575.pt,1,food reviewer
./dataset/tensors\food reviewer_frame_02576.pt,1,food reviewer
./dataset/tensors\food reviewer_frame_02577.pt,1,food reviewer
./dataset/tensors\food reviewer_frame_02578.pt,1,food reviewer
./dataset/tensors\food reviewer_frame_02579.pt,1,food reviewer
./dataset/tensors\food reviewer_frame_02580.pt,1,food reviewer
./dataset/tensors\food reviewer_frame_02581.pt,1,food reviewer
./dataset/tensors\food reviewer_frame_02582.pt,1,food reviewer
./dataset/tensors\food reviewer_frame_02583.pt,1,food reviewer
./dataset/tensors\food reviewer_frame_02584.pt,1,food reviewer
./dataset/tensors\food reviewer_frame_02585.pt,1,food reviewer
./dataset/tensors\food reviewer_frame_02586.pt,1,food reviewer
./dataset/tensors\food reviewer_frame_02587.pt,1,food reviewer
./dataset/tensors\food reviewer_frame_02588.pt,1,food reviewer
./dataset/tensors\food reviewer_frame_02589.pt,1,food reviewer
./dataset/tensors\food reviewer_frame_02590.pt,1,food reviewer
./dataset/tensors\food reviewer_frame_02591.pt,1,food reviewer
./dataset/tensors\food_frame_02592.pt,1,food
./dataset/tensors\food_frame_02593.pt,1,food
./dataset/tensors\food_frame_02594.pt,1,food
./dataset/tensors\food_frame_02595.pt,1,food
./dataset/tensors\food_frame_02596.pt,1,food
./dataset/tensors\food_frame_02597.pt,1,food
./dataset/tensors\food_frame_02598.pt,1,food
./dataset/tensors\food_frame_02599.pt,1,food
./dataset/tensors\food_frame_02600.pt,1,food
./dataset/tensors\food_frame_02601.pt,1,food
./dataset/tensors\food_frame_02602.pt,1,food
./dataset/tensors\hand washing_frame_02603.pt,1,hand washing
./dataset/tensors\hand washing_frame_02604.pt,1,hand washing
./dataset/tensors\hand washing_frame_02605.pt,1,hand washing
./dataset/tensors\hand washing_frame_02606.pt,1,hand washing
./dataset/tensors\hand washing_frame_02607.pt,1,hand washing
./dataset/tensors\hand washing_frame_02608.pt,1,hand washing
./dataset/tensors\hand washing_frame_02609.pt,1,hand washing
./dataset/tensors\hand washing_frame_02610.pt,1,hand washing
./dataset/tensors\hand washing_frame_02611.pt,1,hand washing
./dataset/tensors\hand washing_frame_02612.pt,1,hand washing
./dataset/tensors\hand washing_frame_02613.pt,1,hand washing
./dataset/tensors\hand washing_frame_02614.pt,1,hand washing
./dataset/tensors\hand washing_frame_02615.pt,1,hand washing
./dataset/tensors\helicopter_frame_02616.pt,1,helicopter
./dataset/tensors\helicopter_frame_02617.pt,1,helicopter
./dataset/tensors\helicopter_frame_02618.pt,1,helicopter
./dataset/tensors\helicopter_frame_02619.pt,1,helicopter
./dataset/tensors\helicopter_frame_02620.pt,1,helicopter
./dataset/tensors\helicopter_frame_02621.pt,1,helicopter
./dataset/tensors\helicopter_frame_02622.pt,1,helicopter
./dataset/tensors\helicopter_frame_02623.pt,1,helicopter
./dataset/tensors\helicopter_frame_02624.pt,1,helicopter
./dataset/tensors\helicopter_frame_02625.pt,1,helicopter
./dataset/tensors\helicopter_frame_02626.pt,1,helicopter
./dataset/tensors\hJ1MRt3ojwyvyQax_frame_02627.pt,1,hJ1MRt3ojwyvyQax
./dataset/tensors\hJ1MRt3ojwyvyQax_frame_02628.pt,1,hJ1MRt3ojwyvyQax
./dataset/tensors\hJ1MRt3ojwyvyQax_frame_02629.pt,1,hJ1MRt3ojwyvyQax
./dataset/tensors\hJ1MRt3ojwyvyQax_frame_02630.pt,1,hJ1MRt3ojwyvyQax
./dataset/tensors\hJ1MRt3ojwyvyQax_frame_02631.pt,1,hJ1MRt3ojwyvyQax
./dataset/tensors\hJ1MRt3ojwyvyQax_frame_02632.pt,1,hJ1MRt3ojwyvyQax
./dataset/tensors\hJ1MRt3ojwyvyQax_frame_02633.pt,1,hJ1MRt3ojwyvyQax
./dataset/tensors\hJ1MRt3ojwyvyQax_frame_02634.pt,1,hJ1MRt3ojwyvyQax
./dataset/tensors\hJ1MRt3ojwyvyQax_frame_02635.pt,1,hJ1MRt3ojwyvyQax
./dataset/tensors\hJ1MRt3ojwyvyQax_frame_02636.pt,1,hJ1MRt3ojwyvyQax
./dataset/tensors\hJ1MRt3ojwyvyQax_frame_02637.pt,1,hJ1MRt3ojwyvyQax
./dataset/tensors\hJ1MRt3ojwyvyQax_frame_02638.pt,1,hJ1MRt3ojwyvyQax
./dataset/tensors\hJ1MRt3ojwyvyQax_frame_02639.pt,1,hJ1MRt3ojwyvyQax
./dataset/tensors\hJ1MRt3ojwyvyQax_frame_02640.pt,1,hJ1MRt3ojwyvyQax
./dataset/tensors\hJ1MRt3ojwyvyQax_frame_02641.pt,1,hJ1MRt3ojwyvyQax
./dataset/tensors\hJ1MRt3ojwyvyQax_frame_02642.pt,1,hJ1MRt3ojwyvyQax
./dataset/tensors\hJ1MRt3ojwyvyQax_frame_02643.pt,1,hJ1MRt3ojwyvyQax
./dataset/tensors\hJ1MRt3ojwyvyQax_frame_02644.pt,1,hJ1MRt3ojwyvyQax
./dataset/tensors\hJ1MRt3ojwyvyQax_frame_02645.pt,1,hJ1MRt3ojwyvyQax
./dataset/tensors\hJ1MRt3ojwyvyQax_frame_02646.pt,1,hJ1MRt3ojwyvyQax
./dataset/tensors\hJ1MRt3ojwyvyQax_frame_02647.pt,1,hJ1MRt3ojwyvyQax
./dataset/tensors\hJ1MRt3ojwyvyQax_frame_02648.pt,1,hJ1MRt3ojwyvyQax
./dataset/tensors\hJ1MRt3ojwyvyQax_frame_02649.pt,1,hJ1MRt3ojwyvyQax
./dataset/tensors\hJ1MRt3ojwyvyQax_frame_02650.pt,1,hJ1MRt3ojwyvyQax
./dataset/tensors\hJ1MRt3ojwyvyQax_frame_02651.pt,1,hJ1MRt3ojwyvyQax
./dataset/tensors\hJ1MRt3ojwyvyQax_frame_02652.pt,1,hJ1MRt3ojwyvyQax
./dataset/tensors\hJ1MRt3ojwyvyQax_frame_02653.pt,1,hJ1MRt3ojwyvyQax
./dataset/tensors\hJ1MRt3ojwyvyQax_frame_02654.pt,1,hJ1MRt3ojwyvyQax
./dataset/tensors\hJ1MRt3ojwyvyQax_frame_02655.pt,1,hJ1MRt3ojwyvyQax
./dataset/tensors\hJ1MRt3ojwyvyQax_frame_02656.pt,1,hJ1MRt3ojwyvyQax
./dataset/tensors\hJ1MRt3ojwyvyQax_frame_02657.pt,1,hJ1MRt3ojwyvyQax
./dataset/tensors\hLk-kamala_frame_02658.pt,1,hLk-kamala
./dataset/tensors\hLk-kamala_frame_02659.pt,1,hLk-kamala
./dataset/tensors\hLk-kamala_frame_02660.pt,1,hLk-kamala
./dataset/tensors\hLk-kamala_frame_02661.pt,1,hLk-kamala
./dataset/tensors\hLk-kamala_frame_02662.pt,1,hLk-kamala
./dataset/tensors\hLk-kamala_frame_02663.pt,1,hLk-kamala
./dataset/tensors\hLk-kamala_frame_02664.pt,1,hLk-kamala
./dataset/tensors\hLk-kamala_frame_02665.pt,1,hLk-kamala
./dataset/tensors\hLk-kamala_frame_02666.pt,1,hLk-kamala
./dataset/tensors\hLk-kamala_frame_02667.pt,1,hLk-kamala
./dataset/tensors\hLk-kamala_frame_02668.pt,1,hLk-kamala
./dataset/tensors\hLk-kamala_frame_02669.pt,1,hLk-kamala
./dataset/tensors\hLk-kamala_frame_02670.pt,1,hLk-kamala
./dataset/tensors\hLk-kamala_frame_02671.pt,1,hLk-kamala
./dataset/tensors\hLk-kamala_frame_02672.pt,1,hLk-kamala
./dataset/tensors\hLk-kamala_frame_02673.pt,1,hLk-kamala
./dataset/tensors\hLk-kamala_frame_02674.pt,1,hLk-kamala
./dataset/tensors\hLk-kamala_frame_02675.pt,1,hLk-kamala
./dataset/tensors\hLk-kamala_frame_02676.pt,1,hLk-kamala
./dataset/tensors\hLk-kamala_frame_02677.pt,1,hLk-kamala
./dataset/tensors\hLk-kamala_frame_02678.pt,1,hLk-kamala
./dataset/tensors\hLk-kamala_frame_02679.pt,1,hLk-kamala
./dataset/tensors\hLk-kamala_frame_02680.pt,1,hLk-kamala
./dataset/tensors\hLk-kamala_frame_02681.pt,1,hLk-kamala
./dataset/tensors\hLk-kamala_frame_02682.pt,1,hLk-kamala
./dataset/tensors\hLk-kamala_frame_02683.pt,1,hLk-kamala
./dataset/tensors\hLk-kamala_frame_02684.pt,1,hLk-kamala
./dataset/tensors\hLk-kamala_frame_02685.pt,1,hLk-kamala
./dataset/tensors\hLk-kamala_frame_02686.pt,1,hLk-kamala
./dataset/tensors\hLk-kamala_frame_02687.pt,1,hLk-kamala
./dataset/tensors\hLk-kamala_frame_02688.pt,1,hLk-kamala
./dataset/tensors\hLk-kamala_frame_02689.pt,1,hLk-kamala
./dataset/tensors\hLk-kamala_frame_02690.pt,1,hLk-kamala
./dataset/tensors\hLk-kamala_frame_02691.pt,1,hLk-kamala
./dataset/tensors\hLk-kamala_frame_02692.pt,1,hLk-kamala
./dataset/tensors\hLk-kamala_frame_02693.pt,1,hLk-kamala
./dataset/tensors\hot air balloon_frame_02694.pt,1,hot air balloon
./dataset/tensors\hot air balloon_frame_02695.pt,1,hot air balloon
./dataset/tensors\hot air balloon_frame_02696.pt,1,hot air balloon
./dataset/tensors\hot air balloon_frame_02697.pt,1,hot air balloon
./dataset/tensors\hot air balloon_frame_02698.pt,1,hot air balloon
./dataset/tensors\hot air balloon_frame_02699.pt,1,hot air balloon
./dataset/tensors\hot air balloon_frame_02700.pt,1,hot air balloon
./dataset/tensors\hot air balloon_frame_02701.pt,1,hot air balloon
./dataset/tensors\hot air balloon_frame_02702.pt,1,hot air balloon
./dataset/tensors\hot air balloon_frame_02703.pt,1,hot air balloon
./dataset/tensors\hot air balloon_frame_02704.pt,1,hot air balloon
./dataset/tensors\hot air balloon_frame_02705.pt,1,hot air balloon
./dataset/tensors\hot air balloon_frame_02706.pt,1,hot air balloon
./dataset/tensors\hot air balloon_frame_02707.pt,1,hot air balloon
./dataset/tensors\lanterns_frame_02708.pt,1,lanterns
./dataset/tensors\lanterns_frame_02709.pt,1,lanterns
./dataset/tensors\lanterns_frame_02710.pt,1,lanterns
./dataset/tensors\lanterns_frame_02711.pt,1,lanterns
./dataset/tensors\lanterns_frame_02712.pt,1,lanterns
./dataset/tensors\lanterns_frame_02713.pt,1,lanterns
./dataset/tensors\lanterns_frame_02714.pt,1,lanterns
./dataset/tensors\lanterns_frame_02715.pt,1,lanterns
./dataset/tensors\lanterns_frame_02716.pt,1,lanterns
./dataset/tensors\lanterns_frame_02717.pt,1,lanterns
./dataset/tensors\lanterns_frame_02718.pt,1,lanterns
./dataset/tensors\lanterns_frame_02719.pt,1,lanterns
./dataset/tensors\mark zuckerberg_frame_02720.pt,1,mark zuckerberg
./dataset/tensors\mark zuckerberg_frame_02721.pt,1,mark zuckerberg
./dataset/tensors\mark zuckerberg_frame_02722.pt,1,mark zuckerberg
./dataset/tensors\mark zuckerberg_frame_02723.pt,1,mark zuckerberg
./dataset/tensors\mark zuckerberg_frame_02724.pt,1,mark zuckerberg
./dataset/tensors\mark zuckerberg_frame_02725.pt,1,mark zuckerberg
./dataset/tensors\mark zuckerberg_frame_02726.pt,1,mark zuckerberg
./dataset/tensors\mark zuckerberg_frame_02727.pt,1,mark zuckerberg
./dataset/tensors\mark zuckerberg_frame_02728.pt,1,mark zuckerberg
./dataset/tensors\mark zuckerberg_frame_02729.pt,1,mark zuckerberg
./dataset/tensors\mark zuckerberg_frame_02730.pt,1,mark zuckerberg
./dataset/tensors\mark zuckerberg_frame_02731.pt,1,mark zuckerberg
./dataset/tensors\mark zuckerberg_frame_02732.pt,1,mark zuckerberg
./dataset/tensors\mark zuckerberg_frame_02733.pt,1,mark zuckerberg
./dataset/tensors\mark zuckerberg_frame_02734.pt,1,mark zuckerberg
./dataset/tensors\mark zuckerberg_frame_02735.pt,1,mark zuckerberg
./dataset/tensors\mark zuckerberg_frame_02736.pt,1,mark zuckerberg
./dataset/tensors\mark zuckerberg_frame_02737.pt,1,mark zuckerberg
./dataset/tensors\mountain bike_frame_02738.pt,1,mountain bike
./dataset/tensors\mountain bike_frame_02739.pt,1,mountain bike
./dataset/tensors\mountain bike_frame_02740.pt,1,mountain bike
./dataset/tensors\mountain bike_frame_02741.pt,1,mountain bike
./dataset/tensors\mountain bike_frame_02742.pt,1,mountain bike
./dataset/tensors\mountain bike_frame_02743.pt,1,mountain bike
./dataset/tensors\mountain bike_frame_02744.pt,1,mountain bike
./dataset/tensors\mountain bike_frame_02745.pt,1,mountain bike
./dataset/tensors\mountain bike_frame_02746.pt,1,mountain bike
./dataset/tensors\mountain bike_frame_02747.pt,1,mountain bike
./dataset/tensors\mountain bike_frame_02748.pt,1,mountain bike
./dataset/tensors\mountain bike_frame_02749.pt,1,mountain bike
./dataset/tensors\mountain bike_frame_02750.pt,1,mountain bike
./dataset/tensors\mountain bike_frame_02751.pt,1,mountain bike
./dataset/tensors\mountain bike_frame_02752.pt,1,mountain bike
./dataset/tensors\mountain bike_frame_02753.pt,1,mountain bike
./dataset/tensors\mountain bike_frame_02754.pt,1,mountain bike
./dataset/tensors\movie esque scene_frame_02755.pt,1,movie esque scene
./dataset/tensors\movie esque scene_frame_02756.pt,1,movie esque scene
./dataset/tensors\movie esque scene_frame_02757.pt,1,movie esque scene
./dataset/tensors\movie esque scene_frame_02758.pt,1,movie esque scene
./dataset/tensors\movie esque scene_frame_02759.pt,1,movie esque scene
./dataset/tensors\movie esque scene_frame_02760.pt,1,movie esque scene
./dataset/tensors\movie esque scene_frame_02761.pt,1,movie esque scene
./dataset/tensors\movie esque scene_frame_02762.pt,1,movie esque scene
./dataset/tensors\movie esque scene_frame_02763.pt,1,movie esque scene
./dataset/tensors\movie esque scene_frame_02764.pt,1,movie esque scene
./dataset/tensors\movie esque scene_frame_02765.pt,1,movie esque scene
./dataset/tensors\movie esque scene_frame_02766.pt,1,movie esque scene
./dataset/tensors\movie esque scene_frame_02767.pt,1,movie esque scene
./dataset/tensors\movie esque scene_frame_02768.pt,1,movie esque scene
./dataset/tensors\movie esque scene_frame_02769.pt,1,movie esque scene
./dataset/tensors\movie esque scene_frame_02770.pt,1,movie esque scene
./dataset/tensors\movie esque scene_frame_02771.pt,1,movie esque scene
./dataset/tensors\movie esque scene_frame_02772.pt,1,movie esque scene
./dataset/tensors\movie esque scene_frame_02773.pt,1,movie esque scene
./dataset/tensors\movie esque scene_frame_02774.pt,1,movie esque scene
./dataset/tensors\movie esque scene_frame_02775.pt,1,movie esque scene
./dataset/tensors\movie esque scene_frame_02776.pt,1,movie esque scene
./dataset/tensors\movie esque scene_frame_02777.pt,1,movie esque scene
./dataset/tensors\movie esque scene_frame_02778.pt,1,movie esque scene
./dataset/tensors\movie esque scene_frame_02779.pt,1,movie esque scene
./dataset/tensors\movie esque scene_frame_02780.pt,1,movie esque scene
./dataset/tensors\movie esque scene_frame_02781.pt,1,movie esque scene
./dataset/tensors\movie esque scene_frame_02782.pt,1,movie esque scene
./dataset/tensors\movie esque scene_frame_02783.pt,1,movie esque scene
./dataset/tensors\movie esque scene_frame_02784.pt,1,movie esque scene
./dataset/tensors\movie esque scene_frame_02785.pt,1,movie esque scene
./dataset/tensors\nyp4e6bKVPpTcBh5_frame_02786.pt,1,nyp4e6bKVPpTcBh5
./dataset/tensors\nyp4e6bKVPpTcBh5_frame_02787.pt,1,nyp4e6bKVPpTcBh5
./dataset/tensors\nyp4e6bKVPpTcBh5_frame_02788.pt,1,nyp4e6bKVPpTcBh5
./dataset/tensors\nyp4e6bKVPpTcBh5_frame_02789.pt,1,nyp4e6bKVPpTcBh5
./dataset/tensors\nyp4e6bKVPpTcBh5_frame_02790.pt,1,nyp4e6bKVPpTcBh5
./dataset/tensors\nyp4e6bKVPpTcBh5_frame_02791.pt,1,nyp4e6bKVPpTcBh5
./dataset/tensors\nyp4e6bKVPpTcBh5_frame_02792.pt,1,nyp4e6bKVPpTcBh5
./dataset/tensors\nyp4e6bKVPpTcBh5_frame_02793.pt,1,nyp4e6bKVPpTcBh5
./dataset/tensors\nyp4e6bKVPpTcBh5_frame_02794.pt,1,nyp4e6bKVPpTcBh5
./dataset/tensors\nyp4e6bKVPpTcBh5_frame_02795.pt,1,nyp4e6bKVPpTcBh5
./dataset/tensors\nyp4e6bKVPpTcBh5_frame_02796.pt,1,nyp4e6bKVPpTcBh5
./dataset/tensors\nyp4e6bKVPpTcBh5_frame_02797.pt,1,nyp4e6bKVPpTcBh5
./dataset/tensors\nyp4e6bKVPpTcBh5_frame_02798.pt,1,nyp4e6bKVPpTcBh5
./dataset/tensors\nyp4e6bKVPpTcBh5_frame_02799.pt,1,nyp4e6bKVPpTcBh5
./dataset/tensors\nyp4e6bKVPpTcBh5_frame_02800.pt,1,nyp4e6bKVPpTcBh5
./dataset/tensors\nyp4e6bKVPpTcBh5_frame_02801.pt,1,nyp4e6bKVPpTcBh5
./dataset/tensors\nyp4e6bKVPpTcBh5_frame_02802.pt,1,nyp4e6bKVPpTcBh5
./dataset/tensors\nyp4e6bKVPpTcBh5_frame_02803.pt,1,nyp4e6bKVPpTcBh5
./dataset/tensors\nyp4e6bKVPpTcBh5_frame_02804.pt,1,nyp4e6bKVPpTcBh5
./dataset/tensors\nyp4e6bKVPpTcBh5_frame_02805.pt,1,nyp4e6bKVPpTcBh5
./dataset/tensors\nyp4e6bKVPpTcBh5_frame_02806.pt,1,nyp4e6bKVPpTcBh5
./dataset/tensors\nyp4e6bKVPpTcBh5_frame_02807.pt,1,nyp4e6bKVPpTcBh5
./dataset/tensors\nyp4e6bKVPpTcBh5_frame_02808.pt,1,nyp4e6bKVPpTcBh5
./dataset/tensors\nyp4e6bKVPpTcBh5_frame_02809.pt,1,nyp4e6bKVPpTcBh5
./dataset/tensors\nyp4e6bKVPpTcBh5_frame_02810.pt,1,nyp4e6bKVPpTcBh5
./dataset/tensors\nyp4e6bKVPpTcBh5_frame_02811.pt,1,nyp4e6bKVPpTcBh5
./dataset/tensors\nyp4e6bKVPpTcBh5_frame_02812.pt,1,nyp4e6bKVPpTcBh5
./dataset/tensors\nyp4e6bKVPpTcBh5_frame_02813.pt,1,nyp4e6bKVPpTcBh5
./dataset/tensors\nyp4e6bKVPpTcBh5_frame_02814.pt,1,nyp4e6bKVPpTcBh5
./dataset/tensors\nyp4e6bKVPpTcBh5_frame_02815.pt,1,nyp4e6bKVPpTcBh5
./dataset/tensors\nyp4e6bKVPpTcBh5_frame_02816.pt,1,nyp4e6bKVPpTcBh5
./dataset/tensors\nyp4e6bKVPpTcBh5_frame_02817.pt,1,nyp4e6bKVPpTcBh5
./dataset/tensors\nyp4e6bKVPpTcBh5_frame_02818.pt,1,nyp4e6bKVPpTcBh5
./dataset/tensors\nyp4e6bKVPpTcBh5_frame_02819.pt,1,nyp4e6bKVPpTcBh5
./dataset/tensors\nyp4e6bKVPpTcBh5_frame_02820.pt,1,nyp4e6bKVPpTcBh5
./dataset/tensors\nyp4e6bKVPpTcBh5_frame_02821.pt,1,nyp4e6bKVPpTcBh5
./dataset/tensors\nyp4e6bKVPpTcBh5_frame_02822.pt,1,nyp4e6bKVPpTcBh5
./dataset/tensors\nyp4e6bKVPpTcBh5_frame_02823.pt,1,nyp4e6bKVPpTcBh5
./dataset/tensors\nyp4e6bKVPpTcBh5_frame_02824.pt,1,nyp4e6bKVPpTcBh5
./dataset/tensors\nyp4e6bKVPpTcBh5_frame_02825.pt,1,nyp4e6bKVPpTcBh5
./dataset/tensors\nyp4e6bKVPpTcBh5_frame_02826.pt,1,nyp4e6bKVPpTcBh5
./dataset/tensors\nyp4e6bKVPpTcBh5_frame_02827.pt,1,nyp4e6bKVPpTcBh5
./dataset/tensors\nyp4e6bKVPpTcBh5_frame_02828.pt,1,nyp4e6bKVPpTcBh5
./dataset/tensors\nyp4e6bKVPpTcBh5_frame_02829.pt,1,nyp4e6bKVPpTcBh5
./dataset/tensors\nyp4e6bKVPpTcBh5_frame_02830.pt,1,nyp4e6bKVPpTcBh5
./dataset/tensors\nyp4e6bKVPpTcBh5_frame_02831.pt,1,nyp4e6bKVPpTcBh5
./dataset/tensors\nyp4e6bKVPpTcBh5_frame_02832.pt,1,nyp4e6bKVPpTcBh5
./dataset/tensors\nyp4e6bKVPpTcBh5_frame_02833.pt,1,nyp4e6bKVPpTcBh5
./dataset/tensors\nyp4e6bKVPpTcBh5_frame_02834.pt,1,nyp4e6bKVPpTcBh5
./dataset/tensors\nyp4e6bKVPpTcBh5_frame_02835.pt,1,nyp4e6bKVPpTcBh5
./dataset/tensors\nyp4e6bKVPpTcBh5_frame_02836.pt,1,nyp4e6bKVPpTcBh5
./dataset/tensors\nyp4e6bKVPpTcBh5_frame_02837.pt,1,nyp4e6bKVPpTcBh5
./dataset/tensors\nyp4e6bKVPpTcBh5_frame_02838.pt,1,nyp4e6bKVPpTcBh5
./dataset/tensors\nyp4e6bKVPpTcBh5_frame_02839.pt,1,nyp4e6bKVPpTcBh5
./dataset/tensors\nyp4e6bKVPpTcBh5_frame_02840.pt,1,nyp4e6bKVPpTcBh5
./dataset/tensors\nyp4e6bKVPpTcBh5_frame_02841.pt,1,nyp4e6bKVPpTcBh5
./dataset/tensors\nyp4e6bKVPpTcBh5_frame_02842.pt,1,nyp4e6bKVPpTcBh5
./dataset/tensors\nyp4e6bKVPpTcBh5_frame_02843.pt,1,nyp4e6bKVPpTcBh5
./dataset/tensors\nyp4e6bKVPpTcBh5_frame_02844.pt,1,nyp4e6bKVPpTcBh5
./dataset/tensors\nyp4e6bKVPpTcBh5_frame_02845.pt,1,nyp4e6bKVPpTcBh5
./dataset/tensors\nyp4e6bKVPpTcBh5_frame_02846.pt,1,nyp4e6bKVPpTcBh5
./dataset/tensors\nyp4e6bKVPpTcBh5_frame_02847.pt,1,nyp4e6bKVPpTcBh5
./dataset/tensors\nyp4e6bKVPpTcBh5_frame_02848.pt,1,nyp4e6bKVPpTcBh5
./dataset/tensors\nyp4e6bKVPpTcBh5_frame_02849.pt,1,nyp4e6bKVPpTcBh5
./dataset/tensors\nyp4e6bKVPpTcBh5_frame_02850.pt,1,nyp4e6bKVPpTcBh5
./dataset/tensors\nyp4e6bKVPpTcBh5_frame_02851.pt,1,nyp4e6bKVPpTcBh5
./dataset/tensors\nyp4e6bKVPpTcBh5_frame_02852.pt,1,nyp4e6bKVPpTcBh5
./dataset/tensors\nyp4e6bKVPpTcBh5_frame_02853.pt,1,nyp4e6bKVPpTcBh5
./dataset/tensors\nyp4e6bKVPpTcBh5_frame_02854.pt,1,nyp4e6bKVPpTcBh5
./dataset/tensors\nyp4e6bKVPpTcBh5_frame_02855.pt,1,nyp4e6bKVPpTcBh5
./dataset/tensors\nyp4e6bKVPpTcBh5_frame_02856.pt,1,nyp4e6bKVPpTcBh5
./dataset/tensors\nyp4e6bKVPpTcBh5_frame_02857.pt,1,nyp4e6bKVPpTcBh5
./dataset/tensors\nyp4e6bKVPpTcBh5_frame_02858.pt,1,nyp4e6bKVPpTcBh5
./dataset/tensors\nyp4e6bKVPpTcBh5_frame_02859.pt,1,nyp4e6bKVPpTcBh5
./dataset/tensors\nyp4e6bKVPpTcBh5_frame_02860.pt,1,nyp4e6bKVPpTcBh5
./dataset/tensors\nyp4e6bKVPpTcBh5_frame_02861.pt,1,nyp4e6bKVPpTcBh5
./dataset/tensors\nyp4e6bKVPpTcBh5_frame_02862.pt,1,nyp4e6bKVPpTcBh5
./dataset/tensors\nyp4e6bKVPpTcBh5_frame_02863.pt,1,nyp4e6bKVPpTcBh5
./dataset/tensors\nyp4e6bKVPpTcBh5_frame_02864.pt,1,nyp4e6bKVPpTcBh5
./dataset/tensors\nyp4e6bKVPpTcBh5_frame_02865.pt,1,nyp4e6bKVPpTcBh5
./dataset/tensors\nyp4e6bKVPpTcBh5_frame_02866.pt,1,nyp4e6bKVPpTcBh5
./dataset/tensors\nyp4e6bKVPpTcBh5_frame_02867.pt,1,nyp4e6bKVPpTcBh5
./dataset/tensors\nyp4e6bKVPpTcBh5_frame_02868.pt,1,nyp4e6bKVPpTcBh5
./dataset/tensors\nyp4e6bKVPpTcBh5_frame_02869.pt,1,nyp4e6bKVPpTcBh5
./dataset/tensors\nyp4e6bKVPpTcBh5_frame_02870.pt,1,nyp4e6bKVPpTcBh5
./dataset/tensors\nyp4e6bKVPpTcBh5_frame_02871.pt,1,nyp4e6bKVPpTcBh5
./dataset/tensors\nyp4e6bKVPpTcBh5_frame_02872.pt,1,nyp4e6bKVPpTcBh5
./dataset/tensors\nyp4e6bKVPpTcBh5_frame_02873.pt,1,nyp4e6bKVPpTcBh5
./dataset/tensors\nyp4e6bKVPpTcBh5_frame_02874.pt,1,nyp4e6bKVPpTcBh5
./dataset/tensors\nyp4e6bKVPpTcBh5_frame_02875.pt,1,nyp4e6bKVPpTcBh5
./dataset/tensors\nyp4e6bKVPpTcBh5_frame_02876.pt,1,nyp4e6bKVPpTcBh5
./dataset/tensors\nyp4e6bKVPpTcBh5_frame_02877.pt,1,nyp4e6bKVPpTcBh5
./dataset/tensors\nyp4e6bKVPpTcBh5_frame_02878.pt,1,nyp4e6bKVPpTcBh5
./dataset/tensors\nyp4e6bKVPpTcBh5_frame_02879.pt,1,nyp4e6bKVPpTcBh5
./dataset/tensors\nyp4e6bKVPpTcBh5_frame_02880.pt,1,nyp4e6bKVPpTcBh5
./dataset/tensors\nyp4e6bKVPpTcBh5_frame_02881.pt,1,nyp4e6bKVPpTcBh5
./dataset/tensors\nyp4e6bKVPpTcBh5_frame_02882.pt,1,nyp4e6bKVPpTcBh5
./dataset/tensors\nyp4e6bKVPpTcBh5_frame_02883.pt,1,nyp4e6bKVPpTcBh5
./dataset/tensors\nyp4e6bKVPpTcBh5_frame_02884.pt,1,nyp4e6bKVPpTcBh5
./dataset/tensors\nyp4e6bKVPpTcBh5_frame_02885.pt,1,nyp4e6bKVPpTcBh5
./dataset/tensors\nyp4e6bKVPpTcBh5_frame_02886.pt,1,nyp4e6bKVPpTcBh5
./dataset/tensors\nyp4e6bKVPpTcBh5_frame_02887.pt,1,nyp4e6bKVPpTcBh5
./dataset/tensors\nyp4e6bKVPpTcBh5_frame_02888.pt,1,nyp4e6bKVPpTcBh5
./dataset/tensors\nyp4e6bKVPpTcBh5_frame_02889.pt,1,nyp4e6bKVPpTcBh5
./dataset/tensors\nyp4e6bKVPpTcBh5_frame_02890.pt,1,nyp4e6bKVPpTcBh5
./dataset/tensors\nyp4e6bKVPpTcBh5_frame_02891.pt,1,nyp4e6bKVPpTcBh5
./dataset/tensors\nyp4e6bKVPpTcBh5_frame_02892.pt,1,nyp4e6bKVPpTcBh5
./dataset/tensors\nyp4e6bKVPpTcBh5_frame_02893.pt,1,nyp4e6bKVPpTcBh5
./dataset/tensors\nyp4e6bKVPpTcBh5_frame_02894.pt,1,nyp4e6bKVPpTcBh5
./dataset/tensors\nyp4e6bKVPpTcBh5_frame_02895.pt,1,nyp4e6bKVPpTcBh5
./dataset/tensors\nyp4e6bKVPpTcBh5_frame_02896.pt,1,nyp4e6bKVPpTcBh5
./dataset/tensors\nyp4e6bKVPpTcBh5_frame_02897.pt,1,nyp4e6bKVPpTcBh5
./dataset/tensors\nyp4e6bKVPpTcBh5_frame_02898.pt,1,nyp4e6bKVPpTcBh5
./dataset/tensors\nyp4e6bKVPpTcBh5_frame_02899.pt,1,nyp4e6bKVPpTcBh5
./dataset/tensors\nyp4e6bKVPpTcBh5_frame_02900.pt,1,nyp4e6bKVPpTcBh5
./dataset/tensors\nyp4e6bKVPpTcBh5_frame_02901.pt,1,nyp4e6bKVPpTcBh5
./dataset/tensors\nyp4e6bKVPpTcBh5_frame_02902.pt,1,nyp4e6bKVPpTcBh5
./dataset/tensors\nyp4e6bKVPpTcBh5_frame_02903.pt,1,nyp4e6bKVPpTcBh5
./dataset/tensors\nyp4e6bKVPpTcBh5_frame_02904.pt,1,nyp4e6bKVPpTcBh5
./dataset/tensors\nyp4e6bKVPpTcBh5_frame_02905.pt,1,nyp4e6bKVPpTcBh5
./dataset/tensors\nyp4e6bKVPpTcBh5_frame_02906.pt,1,nyp4e6bKVPpTcBh5
./dataset/tensors\P7cT17xj924LS8uP_frame_02907.pt,1,P7cT17xj924LS8uP
./dataset/tensors\P7cT17xj924LS8uP_frame_02908.pt,1,P7cT17xj924LS8uP
./dataset/tensors\P7cT17xj924LS8uP_frame_02909.pt,1,P7cT17xj924LS8uP
./dataset/tensors\P7cT17xj924LS8uP_frame_02910.pt,1,P7cT17xj924LS8uP
./dataset/tensors\P7cT17xj924LS8uP_frame_02911.pt,1,P7cT17xj924LS8uP
./dataset/tensors\P7cT17xj924LS8uP_frame_02912.pt,1,P7cT17xj924LS8uP
./dataset/tensors\P7cT17xj924LS8uP_frame_02913.pt,1,P7cT17xj924LS8uP
./dataset/tensors\P7cT17xj924LS8uP_frame_02914.pt,1,P7cT17xj924LS8uP
./dataset/tensors\P7cT17xj924LS8uP_frame_02915.pt,1,P7cT17xj924LS8uP
./dataset/tensors\P7cT17xj924LS8uP_frame_02916.pt,1,P7cT17xj924LS8uP
./dataset/tensors\P7cT17xj924LS8uP_frame_02917.pt,1,P7cT17xj924LS8uP
./dataset/tensors\P7cT17xj924LS8uP_frame_02918.pt,1,P7cT17xj924LS8uP
./dataset/tensors\P7cT17xj924LS8uP_frame_02919.pt,1,P7cT17xj924LS8uP
./dataset/tensors\P7cT17xj924LS8uP_frame_02920.pt,1,P7cT17xj924LS8uP
./dataset/tensors\P7cT17xj924LS8uP_frame_02921.pt,1,P7cT17xj924LS8uP
./dataset/tensors\P7cT17xj924LS8uP_frame_02922.pt,1,P7cT17xj924LS8uP
./dataset/tensors\P7cT17xj924LS8uP_frame_02923.pt,1,P7cT17xj924LS8uP
./dataset/tensors\P7cT17xj924LS8uP_frame_02924.pt,1,P7cT17xj924LS8uP
./dataset/tensors\P7cT17xj924LS8uP_frame_02925.pt,1,P7cT17xj924LS8uP
./dataset/tensors\P7cT17xj924LS8uP_frame_02926.pt,1,P7cT17xj924LS8uP
./dataset/tensors\P7cT17xj924LS8uP_frame_02927.pt,1,P7cT17xj924LS8uP
./dataset/tensors\P7cT17xj924LS8uP_frame_02928.pt,1,P7cT17xj924LS8uP
./dataset/tensors\P7cT17xj924LS8uP_frame_02929.pt,1,P7cT17xj924LS8uP
./dataset/tensors\P7cT17xj924LS8uP_frame_02930.pt,1,P7cT17xj924LS8uP
./dataset/tensors\P7cT17xj924LS8uP_frame_02931.pt,1,P7cT17xj924LS8uP
./dataset/tensors\P7cT17xj924LS8uP_frame_02932.pt,1,P7cT17xj924LS8uP
./dataset/tensors\P7cT17xj924LS8uP_frame_02933.pt,1,P7cT17xj924LS8uP
./dataset/tensors\P7cT17xj924LS8uP_frame_02934.pt,1,P7cT17xj924LS8uP
./dataset/tensors\P7cT17xj924LS8uP_frame_02935.pt,1,P7cT17xj924LS8uP
./dataset/tensors\P7cT17xj924LS8uP_frame_02936.pt,1,P7cT17xj924LS8uP
./dataset/tensors\P7cT17xj924LS8uP_frame_02937.pt,1,P7cT17xj924LS8uP
./dataset/tensors\pD2-taylor_frame_02938.pt,1,pD2-taylor
./dataset/tensors\pD2-taylor_frame_02939.pt,1,pD2-taylor
./dataset/tensors\pD2-taylor_frame_02940.pt,1,pD2-taylor
./dataset/tensors\pD2-taylor_frame_02941.pt,1,pD2-taylor
./dataset/tensors\pD2-taylor_frame_02942.pt,1,pD2-taylor
./dataset/tensors\pD2-taylor_frame_02943.pt,1,pD2-taylor
./dataset/tensors\pD2-taylor_frame_02944.pt,1,pD2-taylor
./dataset/tensors\pD2-taylor_frame_02945.pt,1,pD2-taylor
./dataset/tensors\pD2-taylor_frame_02946.pt,1,pD2-taylor
./dataset/tensors\pD2-taylor_frame_02947.pt,1,pD2-taylor
./dataset/tensors\pD2-taylor_frame_02948.pt,1,pD2-taylor
./dataset/tensors\pD2-taylor_frame_02949.pt,1,pD2-taylor
./dataset/tensors\pD2-taylor_frame_02950.pt,1,pD2-taylor
./dataset/tensors\pD2-taylor_frame_02951.pt,1,pD2-taylor
./dataset/tensors\pD2-taylor_frame_02952.pt,1,pD2-taylor
./dataset/tensors\pD2-taylor_frame_02953.pt,1,pD2-taylor
./dataset/tensors\pD2-taylor_frame_02954.pt,1,pD2-taylor
./dataset/tensors\pD2-taylor_frame_02955.pt,1,pD2-taylor
./dataset/tensors\pD2-taylor_frame_02956.pt,1,pD2-taylor
./dataset/tensors\pD2-taylor_frame_02957.pt,1,pD2-taylor
./dataset/tensors\pD2-taylor_frame_02958.pt,1,pD2-taylor
./dataset/tensors\pD2-taylor_frame_02959.pt,1,pD2-taylor
./dataset/tensors\pD2-taylor_frame_02960.pt,1,pD2-taylor
./dataset/tensors\pD2-taylor_frame_02961.pt,1,pD2-taylor
./dataset/tensors\pD2-taylor_frame_02962.pt,1,pD2-taylor
./dataset/tensors\pD2-taylor_frame_02963.pt,1,pD2-taylor
./dataset/tensors\pD2-taylor_frame_02964.pt,1,pD2-taylor
./dataset/tensors\pD2-taylor_frame_02965.pt,1,pD2-taylor
./dataset/tensors\pD2-taylor_frame_02966.pt,1,pD2-taylor
./dataset/tensors\pD2-taylor_frame_02967.pt,1,pD2-taylor
./dataset/tensors\pD2-taylor_frame_02968.pt,1,pD2-taylor
./dataset/tensors\pD2-taylor_frame_02969.pt,1,pD2-taylor
./dataset/tensors\pD2-taylor_frame_02970.pt,1,pD2-taylor
./dataset/tensors\pD2-taylor_frame_02971.pt,1,pD2-taylor
./dataset/tensors\pD2-taylor_frame_02972.pt,1,pD2-taylor
./dataset/tensors\pD2-taylor_frame_02973.pt,1,pD2-taylor
./dataset/tensors\pD2-taylor_frame_02974.pt,1,pD2-taylor
./dataset/tensors\pD2-taylor_frame_02975.pt,1,pD2-taylor
./dataset/tensors\pD2-taylor_frame_02976.pt,1,pD2-taylor
./dataset/tensors\pD2-taylor_frame_02977.pt,1,pD2-taylor
./dataset/tensors\pD2-taylor_frame_02978.pt,1,pD2-taylor
./dataset/tensors\people driving_frame_02979.pt,1,people driving
./dataset/tensors\people driving_frame_02980.pt,1,people driving
./dataset/tensors\people driving_frame_02981.pt,1,people driving
./dataset/tensors\people driving_frame_02982.pt,1,people driving
./dataset/tensors\people driving_frame_02983.pt,1,people driving
./dataset/tensors\people driving_frame_02984.pt,1,people driving
./dataset/tensors\people driving_frame_02985.pt,1,people driving
./dataset/tensors\people driving_frame_02986.pt,1,people driving
./dataset/tensors\people driving_frame_02987.pt,1,people driving
./dataset/tensors\people driving_frame_02988.pt,1,people driving
./dataset/tensors\people driving_frame_02989.pt,1,people driving
./dataset/tensors\people driving_frame_02990.pt,1,people driving
./dataset/tensors\people driving_frame_02991.pt,1,people driving
./dataset/tensors\people driving_frame_02992.pt,1,people driving
./dataset/tensors\people driving_frame_02993.pt,1,people driving
./dataset/tensors\person chilling_frame_02994.pt,1,person chilling
./dataset/tensors\person chilling_frame_02995.pt,1,person chilling
./dataset/tensors\person chilling_frame_02996.pt,1,person chilling
./dataset/tensors\person chilling_frame_02997.pt,1,person chilling
./dataset/tensors\person chilling_frame_02998.pt,1,person chilling
./dataset/tensors\person chilling_frame_02999.pt,1,person chilling
./dataset/tensors\person chilling_frame_03000.pt,1,person chilling
./dataset/tensors\person chilling_frame_03001.pt,1,person chilling
./dataset/tensors\person chilling_frame_03002.pt,1,person chilling
./dataset/tensors\person chilling_frame_03003.pt,1,person chilling
./dataset/tensors\person chilling_frame_03004.pt,1,person chilling
./dataset/tensors\person chilling_frame_03005.pt,1,person chilling
./dataset/tensors\person chilling_frame_03006.pt,1,person chilling
./dataset/tensors\person speaking_frame_03007.pt,1,person speaking
./dataset/tensors\person speaking_frame_03008.pt,1,person speaking
./dataset/tensors\person speaking_frame_03009.pt,1,person speaking
./dataset/tensors\person speaking_frame_03010.pt,1,person speaking
./dataset/tensors\person speaking_frame_03011.pt,1,person speaking
./dataset/tensors\person speaking_frame_03012.pt,1,person speaking
./dataset/tensors\person speaking_frame_03013.pt,1,person speaking
./dataset/tensors\person speaking_frame_03014.pt,1,person speaking
./dataset/tensors\person speaking_frame_03015.pt,1,person speaking
./dataset/tensors\person speaking_frame_03016.pt,1,person speaking
./dataset/tensors\person speaking_frame_03017.pt,1,person speaking
./dataset/tensors\person speaking_frame_03018.pt,1,person speaking
./dataset/tensors\person speaking_frame_03019.pt,1,person speaking
./dataset/tensors\person speaking_frame_03020.pt,1,person speaking
./dataset/tensors\qj1-9T1x-_oankZ__frame_03021.pt,1,qj1-9T1x-_oankZ_
./dataset/tensors\qj1-9T1x-_oankZ__frame_03022.pt,1,qj1-9T1x-_oankZ_
./dataset/tensors\qj1-9T1x-_oankZ__frame_03023.pt,1,qj1-9T1x-_oankZ_
./dataset/tensors\qj1-9T1x-_oankZ__frame_03024.pt,1,qj1-9T1x-_oankZ_
./dataset/tensors\qj1-9T1x-_oankZ__frame_03025.pt,1,qj1-9T1x-_oankZ_
./dataset/tensors\qj1-9T1x-_oankZ__frame_03026.pt,1,qj1-9T1x-_oankZ_
./dataset/tensors\qj1-9T1x-_oankZ__frame_03027.pt,1,qj1-9T1x-_oankZ_
./dataset/tensors\qj1-9T1x-_oankZ__frame_03028.pt,1,qj1-9T1x-_oankZ_
./dataset/tensors\qj1-9T1x-_oankZ__frame_03029.pt,1,qj1-9T1x-_oankZ_
./dataset/tensors\qj1-9T1x-_oankZ__frame_03030.pt,1,qj1-9T1x-_oankZ_
./dataset/tensors\qj1-9T1x-_oankZ__frame_03031.pt,1,qj1-9T1x-_oankZ_
./dataset/tensors\qj1-9T1x-_oankZ__frame_03032.pt,1,qj1-9T1x-_oankZ_
./dataset/tensors\qj1-9T1x-_oankZ__frame_03033.pt,1,qj1-9T1x-_oankZ_
./dataset/tensors\qj1-9T1x-_oankZ__frame_03034.pt,1,qj1-9T1x-_oankZ_
./dataset/tensors\qj1-9T1x-_oankZ__frame_03035.pt,1,qj1-9T1x-_oankZ_
./dataset/tensors\qj1-9T1x-_oankZ__frame_03036.pt,1,qj1-9T1x-_oankZ_
./dataset/tensors\qj1-9T1x-_oankZ__frame_03037.pt,1,qj1-9T1x-_oankZ_
./dataset/tensors\qj1-9T1x-_oankZ__frame_03038.pt,1,qj1-9T1x-_oankZ_
./dataset/tensors\qj1-9T1x-_oankZ__frame_03039.pt,1,qj1-9T1x-_oankZ_
./dataset/tensors\qj1-9T1x-_oankZ__frame_03040.pt,1,qj1-9T1x-_oankZ_
./dataset/tensors\qj1-9T1x-_oankZ__frame_03041.pt,1,qj1-9T1x-_oankZ_
./dataset/tensors\qj1-9T1x-_oankZ__frame_03042.pt,1,qj1-9T1x-_oankZ_
./dataset/tensors\qj1-9T1x-_oankZ__frame_03043.pt,1,qj1-9T1x-_oankZ_
./dataset/tensors\qj1-9T1x-_oankZ__frame_03044.pt,1,qj1-9T1x-_oankZ_
./dataset/tensors\qj1-9T1x-_oankZ__frame_03045.pt,1,qj1-9T1x-_oankZ_
./dataset/tensors\qj1-9T1x-_oankZ__frame_03046.pt,1,qj1-9T1x-_oankZ_
./dataset/tensors\qj1-9T1x-_oankZ__frame_03047.pt,1,qj1-9T1x-_oankZ_
./dataset/tensors\qj1-9T1x-_oankZ__frame_03048.pt,1,qj1-9T1x-_oankZ_
./dataset/tensors\qj1-9T1x-_oankZ__frame_03049.pt,1,qj1-9T1x-_oankZ_
./dataset/tensors\qj1-9T1x-_oankZ__frame_03050.pt,1,qj1-9T1x-_oankZ_
./dataset/tensors\qj1-9T1x-_oankZ__frame_03051.pt,1,qj1-9T1x-_oankZ_
./dataset/tensors\qRfDF6TVNGzh2vwc_frame_03052.pt,1,qRfDF6TVNGzh2vwc
./dataset/tensors\qRfDF6TVNGzh2vwc_frame_03053.pt,1,qRfDF6TVNGzh2vwc
./dataset/tensors\qRfDF6TVNGzh2vwc_frame_03054.pt,1,qRfDF6TVNGzh2vwc
./dataset/tensors\qRfDF6TVNGzh2vwc_frame_03055.pt,1,qRfDF6TVNGzh2vwc
./dataset/tensors\qRfDF6TVNGzh2vwc_frame_03056.pt,1,qRfDF6TVNGzh2vwc
./dataset/tensors\qRfDF6TVNGzh2vwc_frame_03057.pt,1,qRfDF6TVNGzh2vwc
./dataset/tensors\qRfDF6TVNGzh2vwc_frame_03058.pt,1,qRfDF6TVNGzh2vwc
./dataset/tensors\qRfDF6TVNGzh2vwc_frame_03059.pt,1,qRfDF6TVNGzh2vwc
./dataset/tensors\qRfDF6TVNGzh2vwc_frame_03060.pt,1,qRfDF6TVNGzh2vwc
./dataset/tensors\qRfDF6TVNGzh2vwc_frame_03061.pt,1,qRfDF6TVNGzh2vwc
./dataset/tensors\qRfDF6TVNGzh2vwc_frame_03062.pt,1,qRfDF6TVNGzh2vwc
./dataset/tensors\qRfDF6TVNGzh2vwc_frame_03063.pt,1,qRfDF6TVNGzh2vwc
./dataset/tensors\qRfDF6TVNGzh2vwc_frame_03064.pt,1,qRfDF6TVNGzh2vwc
./dataset/tensors\qRfDF6TVNGzh2vwc_frame_03065.pt,1,qRfDF6TVNGzh2vwc
./dataset/tensors\qRfDF6TVNGzh2vwc_frame_03066.pt,1,qRfDF6TVNGzh2vwc
./dataset/tensors\qRfDF6TVNGzh2vwc_frame_03067.pt,1,qRfDF6TVNGzh2vwc
./dataset/tensors\qRfDF6TVNGzh2vwc_frame_03068.pt,1,qRfDF6TVNGzh2vwc
./dataset/tensors\qRfDF6TVNGzh2vwc_frame_03069.pt,1,qRfDF6TVNGzh2vwc
./dataset/tensors\qRfDF6TVNGzh2vwc_frame_03070.pt,1,qRfDF6TVNGzh2vwc
./dataset/tensors\qRfDF6TVNGzh2vwc_frame_03071.pt,1,qRfDF6TVNGzh2vwc
./dataset/tensors\qRfDF6TVNGzh2vwc_frame_03072.pt,1,qRfDF6TVNGzh2vwc
./dataset/tensors\qRfDF6TVNGzh2vwc_frame_03073.pt,1,qRfDF6TVNGzh2vwc
./dataset/tensors\qRfDF6TVNGzh2vwc_frame_03074.pt,1,qRfDF6TVNGzh2vwc
./dataset/tensors\qRfDF6TVNGzh2vwc_frame_03075.pt,1,qRfDF6TVNGzh2vwc
./dataset/tensors\qRfDF6TVNGzh2vwc_frame_03076.pt,1,qRfDF6TVNGzh2vwc
./dataset/tensors\qRfDF6TVNGzh2vwc_frame_03077.pt,1,qRfDF6TVNGzh2vwc
./dataset/tensors\qRfDF6TVNGzh2vwc_frame_03078.pt,1,qRfDF6TVNGzh2vwc
./dataset/tensors\qRfDF6TVNGzh2vwc_frame_03079.pt,1,qRfDF6TVNGzh2vwc
./dataset/tensors\qRfDF6TVNGzh2vwc_frame_03080.pt,1,qRfDF6TVNGzh2vwc
./dataset/tensors\qRfDF6TVNGzh2vwc_frame_03081.pt,1,qRfDF6TVNGzh2vwc
./dataset/tensors\qRfDF6TVNGzh2vwc_frame_03082.pt,1,qRfDF6TVNGzh2vwc
./dataset/tensors\rpm meter_frame_03083.pt,1,rpm meter
./dataset/tensors\rpm meter_frame_03084.pt,1,rpm meter
./dataset/tensors\rpm meter_frame_03085.pt,1,rpm meter
./dataset/tensors\rpm meter_frame_03086.pt,1,rpm meter
./dataset/tensors\rpm meter_frame_03087.pt,1,rpm meter
./dataset/tensors\rpm meter_frame_03088.pt,1,rpm meter
./dataset/tensors\rpm meter_frame_03089.pt,1,rpm meter
./dataset/tensors\rpm meter_frame_03090.pt,1,rpm meter
./dataset/tensors\rpm meter_frame_03091.pt,1,rpm meter
./dataset/tensors\rpm meter_frame_03092.pt,1,rpm meter
./dataset/tensors\rpm meter_frame_03093.pt,1,rpm meter
./dataset/tensors\rpm meter_frame_03094.pt,1,rpm meter
./dataset/tensors\rpm meter_frame_03095.pt,1,rpm meter
./dataset/tensors\rpm meter_frame_03096.pt,1,rpm meter
./dataset/tensors\S0_mt-EmooPacSlm_frame_03097.pt,1,S0_mt-EmooPacSlm
./dataset/tensors\S0_mt-EmooPacSlm_frame_03098.pt,1,S0_mt-EmooPacSlm
./dataset/tensors\S0_mt-EmooPacSlm_frame_03099.pt,1,S0_mt-EmooPacSlm
./dataset/tensors\S0_mt-EmooPacSlm_frame_03100.pt,1,S0_mt-EmooPacSlm
./dataset/tensors\S0_mt-EmooPacSlm_frame_03101.pt,1,S0_mt-EmooPacSlm
./dataset/tensors\S0_mt-EmooPacSlm_frame_03102.pt,1,S0_mt-EmooPacSlm
./dataset/tensors\S0_mt-EmooPacSlm_frame_03103.pt,1,S0_mt-EmooPacSlm
./dataset/tensors\S0_mt-EmooPacSlm_frame_03104.pt,1,S0_mt-EmooPacSlm
./dataset/tensors\S0_mt-EmooPacSlm_frame_03105.pt,1,S0_mt-EmooPacSlm
./dataset/tensors\S0_mt-EmooPacSlm_frame_03106.pt,1,S0_mt-EmooPacSlm
./dataset/tensors\S0_mt-EmooPacSlm_frame_03107.pt,1,S0_mt-EmooPacSlm
./dataset/tensors\S0_mt-EmooPacSlm_frame_03108.pt,1,S0_mt-EmooPacSlm
./dataset/tensors\S0_mt-EmooPacSlm_frame_03109.pt,1,S0_mt-EmooPacSlm
./dataset/tensors\S0_mt-EmooPacSlm_frame_03110.pt,1,S0_mt-EmooPacSlm
./dataset/tensors\S0_mt-EmooPacSlm_frame_03111.pt,1,S0_mt-EmooPacSlm
./dataset/tensors\S0_mt-EmooPacSlm_frame_03112.pt,1,S0_mt-EmooPacSlm
./dataset/tensors\S0_mt-EmooPacSlm_frame_03113.pt,1,S0_mt-EmooPacSlm
./dataset/tensors\S0_mt-EmooPacSlm_frame_03114.pt,1,S0_mt-EmooPacSlm
./dataset/tensors\S0_mt-EmooPacSlm_frame_03115.pt,1,S0_mt-EmooPacSlm
./dataset/tensors\S0_mt-EmooPacSlm_frame_03116.pt,1,S0_mt-EmooPacSlm
./dataset/tensors\S0_mt-EmooPacSlm_frame_03117.pt,1,S0_mt-EmooPacSlm
./dataset/tensors\S0_mt-EmooPacSlm_frame_03118.pt,1,S0_mt-EmooPacSlm
./dataset/tensors\S0_mt-EmooPacSlm_frame_03119.pt,1,S0_mt-EmooPacSlm
./dataset/tensors\S0_mt-EmooPacSlm_frame_03120.pt,1,S0_mt-EmooPacSlm
./dataset/tensors\S0_mt-EmooPacSlm_frame_03121.pt,1,S0_mt-EmooPacSlm
./dataset/tensors\S0_mt-EmooPacSlm_frame_03122.pt,1,S0_mt-EmooPacSlm
./dataset/tensors\S0_mt-EmooPacSlm_frame_03123.pt,1,S0_mt-EmooPacSlm
./dataset/tensors\S0_mt-EmooPacSlm_frame_03124.pt,1,S0_mt-EmooPacSlm
./dataset/tensors\S0_mt-EmooPacSlm_frame_03125.pt,1,S0_mt-EmooPacSlm
./dataset/tensors\S0_mt-EmooPacSlm_frame_03126.pt,1,S0_mt-EmooPacSlm
./dataset/tensors\S0_mt-EmooPacSlm_frame_03127.pt,1,S0_mt-EmooPacSlm
./dataset/tensors\snow mobile_frame_03128.pt,1,snow mobile
./dataset/tensors\snow mobile_frame_03129.pt,1,snow mobile
./dataset/tensors\snow mobile_frame_03130.pt,1,snow mobile
./dataset/tensors\snow mobile_frame_03131.pt,1,snow mobile
./dataset/tensors\snow mobile_frame_03132.pt,1,snow mobile
./dataset/tensors\snow mobile_frame_03133.pt,1,snow mobile
./dataset/tensors\snow mobile_frame_03134.pt,1,snow mobile
./dataset/tensors\snow mobile_frame_03135.pt,1,snow mobile
./dataset/tensors\snow mobile_frame_03136.pt,1,snow mobile
./dataset/tensors\snow mobile_frame_03137.pt,1,snow mobile
./dataset/tensors\snow mobile_frame_03138.pt,1,snow mobile
./dataset/tensors\snow mobile_frame_03139.pt,1,snow mobile
./dataset/tensors\snow mobile_frame_03140.pt,1,snow mobile
./dataset/tensors\snow mobile_frame_03141.pt,1,snow mobile
./dataset/tensors\snow mobile_frame_03142.pt,1,snow mobile
./dataset/tensors\snow mobile_frame_03143.pt,1,snow mobile
./dataset/tensors\snow mobile_frame_03144.pt,1,snow mobile
./dataset/tensors\snow mobile_frame_03145.pt,1,snow mobile
./dataset/tensors\snow mobile_frame_03146.pt,1,snow mobile
./dataset/tensors\snow mobile_frame_03147.pt,1,snow mobile
./dataset/tensors\snow mobile_frame_03148.pt,1,snow mobile
./dataset/tensors\snow mobile_frame_03149.pt,1,snow mobile
./dataset/tensors\snow mobile_frame_03150.pt,1,snow mobile
./dataset/tensors\snow mobile_frame_03151.pt,1,snow mobile
./dataset/tensors\snow mobile_frame_03152.pt,1,snow mobile
./dataset/tensors\snow mobile_frame_03153.pt,1,snow mobile
./dataset/tensors\snow mobile_frame_03154.pt,1,snow mobile
./dataset/tensors\snow mobile_frame_03155.pt,1,snow mobile
./dataset/tensors\snow mobile_frame_03156.pt,1,snow mobile
./dataset/tensors\snow mobile_frame_03157.pt,1,snow mobile
./dataset/tensors\snow mobile_frame_03158.pt,1,snow mobile
./dataset/tensors\snowboarder_frame_03159.pt,1,snowboarder
./dataset/tensors\snowboarder_frame_03160.pt,1,snowboarder
./dataset/tensors\snowboarder_frame_03161.pt,1,snowboarder
./dataset/tensors\snowboarder_frame_03162.pt,1,snowboarder
./dataset/tensors\snowboarder_frame_03163.pt,1,snowboarder
./dataset/tensors\snowboarder_frame_03164.pt,1,snowboarder
./dataset/tensors\snowboarder_frame_03165.pt,1,snowboarder
./dataset/tensors\snowboarder_frame_03166.pt,1,snowboarder
./dataset/tensors\snowboarder_frame_03167.pt,1,snowboarder
./dataset/tensors\snowboarder_frame_03168.pt,1,snowboarder
./dataset/tensors\snowboarder_frame_03169.pt,1,snowboarder
./dataset/tensors\snowboarder_frame_03170.pt,1,snowboarder
./dataset/tensors\snowboarder_frame_03171.pt,1,snowboarder
./dataset/tensors\snowboarder_frame_03172.pt,1,snowboarder
./dataset/tensors\snowboarder_frame_03173.pt,1,snowboarder
./dataset/tensors\snowboarder_frame_03174.pt,1,snowboarder
./dataset/tensors\snowboarder_frame_03175.pt,1,snowboarder
./dataset/tensors\snowboarder_frame_03176.pt,1,snowboarder
./dataset/tensors\snowboarder_frame_03177.pt,1,snowboarder
./dataset/tensors\snowboarder_frame_03178.pt,1,snowboarder
./dataset/tensors\snowboarder_frame_03179.pt,1,snowboarder
./dataset/tensors\snowboarder_frame_03180.pt,1,snowboarder
./dataset/tensors\snowboarder_frame_03181.pt,1,snowboarder
./dataset/tensors\snowboarder_frame_03182.pt,1,snowboarder
./dataset/tensors\snowboarder_frame_03183.pt,1,snowboarder
./dataset/tensors\snowboarder_frame_03184.pt,1,snowboarder
./dataset/tensors\snowboarder_frame_03185.pt,1,snowboarder
./dataset/tensors\snowboarder_frame_03186.pt,1,snowboarder
./dataset/tensors\snowboarder_frame_03187.pt,1,snowboarder
./dataset/tensors\snowboarder_frame_03188.pt,1,snowboarder
./dataset/tensors\snowboarder_frame_03189.pt,1,snowboarder
./dataset/tensors\spinning recorder_frame_03190.pt,1,spinning recorder
./dataset/tensors\spinning recorder_frame_03191.pt,1,spinning recorder
./dataset/tensors\spinning recorder_frame_03192.pt,1,spinning recorder
./dataset/tensors\spinning recorder_frame_03193.pt,1,spinning recorder
./dataset/tensors\spinning recorder_frame_03194.pt,1,spinning recorder
./dataset/tensors\spinning recorder_frame_03195.pt,1,spinning recorder
./dataset/tensors\spinning recorder_frame_03196.pt,1,spinning recorder
./dataset/tensors\spinning recorder_frame_03197.pt,1,spinning recorder
./dataset/tensors\spinning recorder_frame_03198.pt,1,spinning recorder
./dataset/tensors\spinning recorder_frame_03199.pt,1,spinning recorder
./dataset/tensors\spinning recorder_frame_03200.pt,1,spinning recorder
./dataset/tensors\spinning recorder_frame_03201.pt,1,spinning recorder
./dataset/tensors\spinning recorder_frame_03202.pt,1,spinning recorder
./dataset/tensors\spinning recorder_frame_03203.pt,1,spinning recorder
./dataset/tensors\spinning recorder_frame_03204.pt,1,spinning recorder
./dataset/tensors\spinning recorder_frame_03205.pt,1,spinning recorder
./dataset/tensors\steak sauce_frame_03206.pt,1,steak sauce
./dataset/tensors\steak sauce_frame_03207.pt,1,steak sauce
./dataset/tensors\steak sauce_frame_03208.pt,1,steak sauce
./dataset/tensors\steak sauce_frame_03209.pt,1,steak sauce
./dataset/tensors\steak sauce_frame_03210.pt,1,steak sauce
./dataset/tensors\steak sauce_frame_03211.pt,1,steak sauce
./dataset/tensors\steak sauce_frame_03212.pt,1,steak sauce
./dataset/tensors\steak sauce_frame_03213.pt,1,steak sauce
./dataset/tensors\steak sauce_frame_03214.pt,1,steak sauce
./dataset/tensors\steak sauce_frame_03215.pt,1,steak sauce
./dataset/tensors\steak sauce_frame_03216.pt,1,steak sauce
./dataset/tensors\supercar_frame_03217.pt,1,supercar
./dataset/tensors\supercar_frame_03218.pt,1,supercar
./dataset/tensors\supercar_frame_03219.pt,1,supercar
./dataset/tensors\supercar_frame_03220.pt,1,supercar
./dataset/tensors\supercar_frame_03221.pt,1,supercar
./dataset/tensors\supercar_frame_03222.pt,1,supercar
./dataset/tensors\supercar_frame_03223.pt,1,supercar
./dataset/tensors\supercar_frame_03224.pt,1,supercar
./dataset/tensors\supercar_frame_03225.pt,1,supercar
./dataset/tensors\supercar_frame_03226.pt,1,supercar
./dataset/tensors\supercar_frame_03227.pt,1,supercar
./dataset/tensors\supercar_frame_03228.pt,1,supercar
./dataset/tensors\supercar_frame_03229.pt,1,supercar
./dataset/tensors\supercar_frame_03230.pt,1,supercar
./dataset/tensors\supercar_frame_03231.pt,1,supercar
./dataset/tensors\supercar_frame_03232.pt,1,supercar
./dataset/tensors\supercar_frame_03233.pt,1,supercar
./dataset/tensors\supercar_frame_03234.pt,1,supercar
./dataset/tensors\supercar_frame_03235.pt,1,supercar
./dataset/tensors\supercar_frame_03236.pt,1,supercar
./dataset/tensors\supercar_frame_03237.pt,1,supercar
./dataset/tensors\SY-8xMGV5IEQ6MFa_frame_03238.pt,1,SY-8xMGV5IEQ6MFa
./dataset/tensors\SY-8xMGV5IEQ6MFa_frame_03239.pt,1,SY-8xMGV5IEQ6MFa
./dataset/tensors\SY-8xMGV5IEQ6MFa_frame_03240.pt,1,SY-8xMGV5IEQ6MFa
./dataset/tensors\SY-8xMGV5IEQ6MFa_frame_03241.pt,1,SY-8xMGV5IEQ6MFa
./dataset/tensors\SY-8xMGV5IEQ6MFa_frame_03242.pt,1,SY-8xMGV5IEQ6MFa
./dataset/tensors\SY-8xMGV5IEQ6MFa_frame_03243.pt,1,SY-8xMGV5IEQ6MFa
./dataset/tensors\SY-8xMGV5IEQ6MFa_frame_03244.pt,1,SY-8xMGV5IEQ6MFa
./dataset/tensors\SY-8xMGV5IEQ6MFa_frame_03245.pt,1,SY-8xMGV5IEQ6MFa
./dataset/tensors\SY-8xMGV5IEQ6MFa_frame_03246.pt,1,SY-8xMGV5IEQ6MFa
./dataset/tensors\SY-8xMGV5IEQ6MFa_frame_03247.pt,1,SY-8xMGV5IEQ6MFa
./dataset/tensors\SY-8xMGV5IEQ6MFa_frame_03248.pt,1,SY-8xMGV5IEQ6MFa
./dataset/tensors\SY-8xMGV5IEQ6MFa_frame_03249.pt,1,SY-8xMGV5IEQ6MFa
./dataset/tensors\SY-8xMGV5IEQ6MFa_frame_03250.pt,1,SY-8xMGV5IEQ6MFa
./dataset/tensors\SY-8xMGV5IEQ6MFa_frame_03251.pt,1,SY-8xMGV5IEQ6MFa
./dataset/tensors\SY-8xMGV5IEQ6MFa_frame_03252.pt,1,SY-8xMGV5IEQ6MFa
./dataset/tensors\SY-8xMGV5IEQ6MFa_frame_03253.pt,1,SY-8xMGV5IEQ6MFa
./dataset/tensors\SY-8xMGV5IEQ6MFa_frame_03254.pt,1,SY-8xMGV5IEQ6MFa
./dataset/tensors\SY-8xMGV5IEQ6MFa_frame_03255.pt,1,SY-8xMGV5IEQ6MFa
./dataset/tensors\SY-8xMGV5IEQ6MFa_frame_03256.pt,1,SY-8xMGV5IEQ6MFa
./dataset/tensors\SY-8xMGV5IEQ6MFa_frame_03257.pt,1,SY-8xMGV5IEQ6MFa
./dataset/tensors\SY-8xMGV5IEQ6MFa_frame_03258.pt,1,SY-8xMGV5IEQ6MFa
./dataset/tensors\SY-8xMGV5IEQ6MFa_frame_03259.pt,1,SY-8xMGV5IEQ6MFa
./dataset/tensors\SY-8xMGV5IEQ6MFa_frame_03260.pt,1,SY-8xMGV5IEQ6MFa
./dataset/tensors\SY-8xMGV5IEQ6MFa_frame_03261.pt,1,SY-8xMGV5IEQ6MFa
./dataset/tensors\SY-8xMGV5IEQ6MFa_frame_03262.pt,1,SY-8xMGV5IEQ6MFa
./dataset/tensors\SY-8xMGV5IEQ6MFa_frame_03263.pt,1,SY-8xMGV5IEQ6MFa
./dataset/tensors\SY-8xMGV5IEQ6MFa_frame_03264.pt,1,SY-8xMGV5IEQ6MFa
./dataset/tensors\SY-8xMGV5IEQ6MFa_frame_03265.pt,1,SY-8xMGV5IEQ6MFa
./dataset/tensors\SY-8xMGV5IEQ6MFa_frame_03266.pt,1,SY-8xMGV5IEQ6MFa
./dataset/tensors\SY-8xMGV5IEQ6MFa_frame_03267.pt,1,SY-8xMGV5IEQ6MFa
./dataset/tensors\SY-8xMGV5IEQ6MFa_frame_03268.pt,1,SY-8xMGV5IEQ6MFa
./dataset/tensors\time stop_frame_03269.pt,1,time stop
./dataset/tensors\time stop_frame_03270.pt,1,time stop
./dataset/tensors\time stop_frame_03271.pt,1,time stop
./dataset/tensors\time stop_frame_03272.pt,1,time stop
./dataset/tensors\time stop_frame_03273.pt,1,time stop
./dataset/tensors\time stop_frame_03274.pt,1,time stop
./dataset/tensors\time stop_frame_03275.pt,1,time stop
./dataset/tensors\time stop_frame_03276.pt,1,time stop
./dataset/tensors\time stop_frame_03277.pt,1,time stop
./dataset/tensors\time stop_frame_03278.pt,1,time stop
./dataset/tensors\time stop_frame_03279.pt,1,time stop
./dataset/tensors\time stop_frame_03280.pt,1,time stop
./dataset/tensors\time stop_frame_03281.pt,1,time stop
./dataset/tensors\time stop_frame_03282.pt,1,time stop
./dataset/tensors\time stop_frame_03283.pt,1,time stop
./dataset/tensors\time stop_frame_03284.pt,1,time stop
./dataset/tensors\time stop_frame_03285.pt,1,time stop
./dataset/tensors\time stop_frame_03286.pt,1,time stop
./dataset/tensors\time stop_frame_03287.pt,1,time stop
./dataset/tensors\time stop_frame_03288.pt,1,time stop
./dataset/tensors\time stop_frame_03289.pt,1,time stop
./dataset/tensors\time stop_frame_03290.pt,1,time stop
./dataset/tensors\time stop_frame_03291.pt,1,time stop
./dataset/tensors\time stop_frame_03292.pt,1,time stop
./dataset/tensors\time stop_frame_03293.pt,1,time stop
./dataset/tensors\time stop_frame_03294.pt,1,time stop
./dataset/tensors\time stop_frame_03295.pt,1,time stop
./dataset/tensors\time stop_frame_03296.pt,1,time stop
./dataset/tensors\time stop_frame_03297.pt,1,time stop
./dataset/tensors\time stop_frame_03298.pt,1,time stop
./dataset/tensors\time stop_frame_03299.pt,1,time stop
./dataset/tensors\tom cruise_frame_03300.pt,1,tom cruise
./dataset/tensors\tom cruise_frame_03301.pt,1,tom cruise
./dataset/tensors\tom cruise_frame_03302.pt,1,tom cruise
./dataset/tensors\tom cruise_frame_03303.pt,1,tom cruise
./dataset/tensors\tom cruise_frame_03304.pt,1,tom cruise
./dataset/tensors\tom cruise_frame_03305.pt,1,tom cruise
./dataset/tensors\tom cruise_frame_03306.pt,1,tom cruise
./dataset/tensors\tom cruise_frame_03307.pt,1,tom cruise
./dataset/tensors\tom cruise_frame_03308.pt,1,tom cruise
./dataset/tensors\tom cruise_frame_03309.pt,1,tom cruise
./dataset/tensors\tom cruise_frame_03310.pt,1,tom cruise
./dataset/tensors\tom cruise_frame_03311.pt,1,tom cruise
./dataset/tensors\tom cruise_frame_03312.pt,1,tom cruise
./dataset/tensors\tom cruise_frame_03313.pt,1,tom cruise
./dataset/tensors\tom cruise_frame_03314.pt,1,tom cruise
./dataset/tensors\tom cruise_frame_03315.pt,1,tom cruise
./dataset/tensors\tom cruise_frame_03316.pt,1,tom cruise
./dataset/tensors\tom cruise_frame_03317.pt,1,tom cruise
./dataset/tensors\tom cruise_frame_03318.pt,1,tom cruise
./dataset/tensors\tom cruise_frame_03319.pt,1,tom cruise
./dataset/tensors\tom cruise_frame_03320.pt,1,tom cruise
./dataset/tensors\tom cruise_frame_03321.pt,1,tom cruise
./dataset/tensors\truck driving_frame_03322.pt,1,truck driving
./dataset/tensors\truck driving_frame_03323.pt,1,truck driving
./dataset/tensors\truck driving_frame_03324.pt,1,truck driving
./dataset/tensors\truck driving_frame_03325.pt,1,truck driving
./dataset/tensors\truck driving_frame_03326.pt,1,truck driving
./dataset/tensors\truck driving_frame_03327.pt,1,truck driving
./dataset/tensors\truck driving_frame_03328.pt,1,truck driving
./dataset/tensors\truck driving_frame_03329.pt,1,truck driving
./dataset/tensors\truck driving_frame_03330.pt,1,truck driving
./dataset/tensors\truck driving_frame_03331.pt,1,truck driving
./dataset/tensors\truck driving_frame_03332.pt,1,truck driving
./dataset/tensors\truck driving_frame_03333.pt,1,truck driving
./dataset/tensors\truck driving_frame_03334.pt,1,truck driving
./dataset/tensors\typewriter_frame_03335.pt,1,typewriter
./dataset/tensors\typewriter_frame_03336.pt,1,typewriter
./dataset/tensors\typewriter_frame_03337.pt,1,typewriter
./dataset/tensors\typewriter_frame_03338.pt,1,typewriter
./dataset/tensors\typewriter_frame_03339.pt,1,typewriter
./dataset/tensors\typewriter_frame_03340.pt,1,typewriter
./dataset/tensors\typewriter_frame_03341.pt,1,typewriter
./dataset/tensors\typewriter_frame_03342.pt,1,typewriter
./dataset/tensors\typewriter_frame_03343.pt,1,typewriter
./dataset/tensors\typewriter_frame_03344.pt,1,typewriter
./dataset/tensors\typewriter_frame_03345.pt,1,typewriter
./dataset/tensors\typewriter_frame_03346.pt,1,typewriter
./dataset/tensors\typewriter_frame_03347.pt,1,typewriter
./dataset/tensors\typewriter_frame_03348.pt,1,typewriter
./dataset/tensors\typewriter_frame_03349.pt,1,typewriter
./dataset/tensors\underwater ship_frame_03350.pt,1,underwater ship
./dataset/tensors\underwater ship_frame_03351.pt,1,underwater ship
./dataset/tensors\underwater ship_frame_03352.pt,1,underwater ship
./dataset/tensors\underwater ship_frame_03353.pt,1,underwater ship
./dataset/tensors\underwater ship_frame_03354.pt,1,underwater ship
./dataset/tensors\underwater ship_frame_03355.pt,1,underwater ship
./dataset/tensors\underwater ship_frame_03356.pt,1,underwater ship
./dataset/tensors\underwater ship_frame_03357.pt,1,underwater ship
./dataset/tensors\underwater ship_frame_03358.pt,1,underwater ship
./dataset/tensors\underwater ship_frame_03359.pt,1,underwater ship
./dataset/tensors\underwater ship_frame_03360.pt,1,underwater ship
./dataset/tensors\underwater ship_frame_03361.pt,1,underwater ship
./dataset/tensors\underwater ship_frame_03362.pt,1,underwater ship
./dataset/tensors\underwater ship_frame_03363.pt,1,underwater ship
./dataset/tensors\underwater ship_frame_03364.pt,1,underwater ship
./dataset/tensors\underwater ship_frame_03365.pt,1,underwater ship
./dataset/tensors\UR0Y_BupFTh3fKp__frame_03366.pt,1,UR0Y_BupFTh3fKp_
./dataset/tensors\UR0Y_BupFTh3fKp__frame_03367.pt,1,UR0Y_BupFTh3fKp_
./dataset/tensors\UR0Y_BupFTh3fKp__frame_03368.pt,1,UR0Y_BupFTh3fKp_
./dataset/tensors\UR0Y_BupFTh3fKp__frame_03369.pt,1,UR0Y_BupFTh3fKp_
./dataset/tensors\UR0Y_BupFTh3fKp__frame_03370.pt,1,UR0Y_BupFTh3fKp_
./dataset/tensors\UR0Y_BupFTh3fKp__frame_03371.pt,1,UR0Y_BupFTh3fKp_
./dataset/tensors\UR0Y_BupFTh3fKp__frame_03372.pt,1,UR0Y_BupFTh3fKp_
./dataset/tensors\UR0Y_BupFTh3fKp__frame_03373.pt,1,UR0Y_BupFTh3fKp_
./dataset/tensors\UR0Y_BupFTh3fKp__frame_03374.pt,1,UR0Y_BupFTh3fKp_
./dataset/tensors\UR0Y_BupFTh3fKp__frame_03375.pt,1,UR0Y_BupFTh3fKp_
./dataset/tensors\UR0Y_BupFTh3fKp__frame_03376.pt,1,UR0Y_BupFTh3fKp_
./dataset/tensors\UR0Y_BupFTh3fKp__frame_03377.pt,1,UR0Y_BupFTh3fKp_
./dataset/tensors\UR0Y_BupFTh3fKp__frame_03378.pt,1,UR0Y_BupFTh3fKp_
./dataset/tensors\UR0Y_BupFTh3fKp__frame_03379.pt,1,UR0Y_BupFTh3fKp_
./dataset/tensors\UR0Y_BupFTh3fKp__frame_03380.pt,1,UR0Y_BupFTh3fKp_
./dataset/tensors\X0KNf56DDNjCPOh6_frame_03381.pt,1,X0KNf56DDNjCPOh6
./dataset/tensors\X0KNf56DDNjCPOh6_frame_03382.pt,1,X0KNf56DDNjCPOh6
./dataset/tensors\X0KNf56DDNjCPOh6_frame_03383.pt,1,X0KNf56DDNjCPOh6
./dataset/tensors\X0KNf56DDNjCPOh6_frame_03384.pt,1,X0KNf56DDNjCPOh6
./dataset/tensors\X0KNf56DDNjCPOh6_frame_03385.pt,1,X0KNf56DDNjCPOh6
./dataset/tensors\X0KNf56DDNjCPOh6_frame_03386.pt,1,X0KNf56DDNjCPOh6
./dataset/tensors\X0KNf56DDNjCPOh6_frame_03387.pt,1,X0KNf56DDNjCPOh6
./dataset/tensors\X0KNf56DDNjCPOh6_frame_03388.pt,1,X0KNf56DDNjCPOh6
./dataset/tensors\X0KNf56DDNjCPOh6_frame_03389.pt,1,X0KNf56DDNjCPOh6
./dataset/tensors\X0KNf56DDNjCPOh6_frame_03390.pt,1,X0KNf56DDNjCPOh6
./dataset/tensors\X0KNf56DDNjCPOh6_frame_03391.pt,1,X0KNf56DDNjCPOh6
./dataset/tensors\X0KNf56DDNjCPOh6_frame_03392.pt,1,X0KNf56DDNjCPOh6
./dataset/tensors\X0KNf56DDNjCPOh6_frame_03393.pt,1,X0KNf56DDNjCPOh6
./dataset/tensors\X0KNf56DDNjCPOh6_frame_03394.pt,1,X0KNf56DDNjCPOh6
./dataset/tensors\X0KNf56DDNjCPOh6_frame_03395.pt,1,X0KNf56DDNjCPOh6
./dataset/tensors\X0KNf56DDNjCPOh6_frame_03396.pt,1,X0KNf56DDNjCPOh6
./dataset/tensors\X0KNf56DDNjCPOh6_frame_03397.pt,1,X0KNf56DDNjCPOh6
./dataset/tensors\X0KNf56DDNjCPOh6_frame_03398.pt,1,X0KNf56DDNjCPOh6
./dataset/tensors\X0KNf56DDNjCPOh6_frame_03399.pt,1,X0KNf56DDNjCPOh6
./dataset/tensors\X0KNf56DDNjCPOh6_frame_03400.pt,1,X0KNf56DDNjCPOh6
./dataset/tensors\X0KNf56DDNjCPOh6_frame_03401.pt,1,X0KNf56DDNjCPOh6
./dataset/tensors\X0KNf56DDNjCPOh6_frame_03402.pt,1,X0KNf56DDNjCPOh6
./dataset/tensors\X0KNf56DDNjCPOh6_frame_03403.pt,1,X0KNf56DDNjCPOh6
./dataset/tensors\X0KNf56DDNjCPOh6_frame_03404.pt,1,X0KNf56DDNjCPOh6
./dataset/tensors\X0KNf56DDNjCPOh6_frame_03405.pt,1,X0KNf56DDNjCPOh6
./dataset/tensors\X0KNf56DDNjCPOh6_frame_03406.pt,1,X0KNf56DDNjCPOh6
./dataset/tensors\X0KNf56DDNjCPOh6_frame_03407.pt,1,X0KNf56DDNjCPOh6
./dataset/tensors\X0KNf56DDNjCPOh6_frame_03408.pt,1,X0KNf56DDNjCPOh6
./dataset/tensors\X0KNf56DDNjCPOh6_frame_03409.pt,1,X0KNf56DDNjCPOh6
./dataset/tensors\X0KNf56DDNjCPOh6_frame_03410.pt,1,X0KNf56DDNjCPOh6
./dataset/tensors\X0KNf56DDNjCPOh6_frame_03411.pt,1,X0KNf56DDNjCPOh6
./dataset/tensors\Yg2-biden_frame_03412.pt,1,Yg2-biden
./dataset/tensors\Yg2-biden_frame_03413.pt,1,Yg2-biden
./dataset/tensors\Yg2-biden_frame_03414.pt,1,Yg2-biden
./dataset/tensors\Yg2-biden_frame_03415.pt,1,Yg2-biden
./dataset/tensors\Yg2-biden_frame_03416.pt,1,Yg2-biden
./dataset/tensors\Yg2-biden_frame_03417.pt,1,Yg2-biden
./dataset/tensors\Yg2-biden_frame_03418.pt,1,Yg2-biden
./dataset/tensors\Yg2-biden_frame_03419.pt,1,Yg2-biden
./dataset/tensors\Yg2-biden_frame_03420.pt,1,Yg2-biden
./dataset/tensors\Yg2-biden_frame_03421.pt,1,Yg2-biden
./dataset/tensors\Yg2-biden_frame_03422.pt,1,Yg2-biden
./dataset/tensors\Yg2-biden_frame_03423.pt,1,Yg2-biden
./dataset/tensors\Yg2-biden_frame_03424.pt,1,Yg2-biden
./dataset/tensors\Yg2-biden_frame_03425.pt,1,Yg2-biden
./dataset/tensors\Yg2-biden_frame_03426.pt,1,Yg2-biden
./dataset/tensors\Yg2-biden_frame_03427.pt,1,Yg2-biden
./dataset/tensors\Yg2-biden_frame_03428.pt,1,Yg2-biden
./dataset/tensors\Yg2-biden_frame_03429.pt,1,Yg2-biden
./dataset/tensors\Yg2-biden_frame_03430.pt,1,Yg2-biden
./dataset/tensors\Yg2-biden_frame_03431.pt,1,Yg2-biden
./dataset/tensors\Yg2-biden_frame_03432.pt,1,Yg2-biden
./dataset/tensors\Yg2-biden_frame_03433.pt,1,Yg2-biden
./dataset/tensors\Yg2-biden_frame_03434.pt,1,Yg2-biden
